key,fold,p_correctness,p_completeness,p_tone,p_safety,p_clarity
41ce8efc3563674cf16afdbb77fbe6a0,0,2.7531771659851074,1.9619264602661133,3.642289638519287,3.330352783203125,3.436583995819092
4cf5a21a5bbd34eeeeb3c5a986c67ae3,0,2.6259541511535645,2.2615842819213867,4.073965549468994,3.630029439926148,3.854807615280152
0db3be1d7112b5a6d08a7abb01eccc8a,0,2.099266529083252,2.115175008773804,3.694931745529175,2.52461838722229,3.476603507995605
02b896ef3a8d0b4fa1a3e1df079e3d18,0,2.61832857131958,1.7432204484939575,3.9662506580352783,3.410040855407715,3.896336555480957
c45c076828bf6f94976333e101cb3cfc,0,2.4078264236450195,1.5772998332977295,3.690802812576294,3.2956466674804688,3.491394281387329
5731d01c0d0524619cc7a27c128e791e,0,2.2196857929229736,2.0101208686828613,3.7443981170654297,3.503594160079956,3.076976537704468
55dc485d28188e992ef1ed71f4d4bab3,0,3.2330760955810547,3.5499048233032227,4.403740882873535,3.730010509490967,4.728394031524658
2941d1dad3b5a9872c94d1b6847b1e4c,0,1.9975965023040767,2.275193691253662,3.9335122108459473,1.8741047382354736,3.750853538513184
41d77239e933faaaeef176af74fb5599,0,2.975992441177368,2.09094762802124,4.121519565582275,3.5119402408599854,3.863485097885132
4dbfd8a04f4fe48737fa385805fa7467,0,2.776637315750122,2.558066844940185,4.118710517883301,3.46830677986145,3.606028079986572
f8e04c0ba7db48a45310fd49252c8c80,0,3.192682266235352,3.192854881286621,4.493242740631104,3.45318603515625,4.793487548828125
cc759f1076c1c1f099815650704f3344,0,2.4478230476379395,2.0405209064483643,3.826541185379028,2.70058536529541,3.4944424629211426
10a680f69ccc76fb561a07b0d751f1d5,0,3.2198293209075928,2.6465015411376958,4.399659633636475,3.6028316020965576,4.141724586486816
c217f8c31c5a71c8d80aa1fec6f2c045,0,3.1432371139526367,2.642848253250122,4.031322002410889,3.7890989780426025,3.9245755672454834
1942311f1bb928415766c015ff72bd2c,0,3.355266809463501,2.8538811206817627,4.0535197257995605,4.009426116943359,4.134819984436035
9e913a0e2f532fa744179e1b08163fe2,0,2.5226387977600098,2.434140205383301,3.921579837799072,3.134833335876465,3.5431532859802246
f118f9a3187df26e5d1e00d96ca66741,0,3.00794529914856,2.7667770385742188,4.289886474609375,4.134079933166504,4.1733174324035645
3c188446516e4a3afebe72eca4ed1366,0,3.192702531814575,2.2595603466033936,4.475958347320557,3.64886212348938,4.315825462341309
807e03a529c048dd28a1a9e7547e6366,0,3.211352586746216,2.5745275020599365,4.330564498901367,4.079323768615723,4.197696685791016
38ec2b22c8d1369723b622e7f4ccb5fa,0,2.0231189727783203,1.390546441078186,3.824462175369263,3.3099913597106934,3.504521131515503
92b72ed813e4a7b0965df1771b192b9e,0,2.551384449005127,2.571417808532715,3.8264875411987305,3.0983974933624268,4.155483722686768
fc3aa0e6cd529c99b06132f3f1cd366c,0,3.224730491638184,2.994476795196533,4.307775974273682,3.457569360733032,4.09546422958374
b3a02797864da22f1c256aaf02c058aa,0,2.380042314529419,2.3031320571899414,3.82919716835022,3.337292194366455,3.802906036376953
cbbca333fa00470d62a22bbf6d8579bb,0,2.340604305267334,2.317300796508789,3.9324772357940674,3.4669554233551025,3.599472999572754
f1f8e7d2320ec6c8c567aeb077ff6191,0,2.942563533782959,2.8071439266204834,4.218649864196777,3.343950033187866,4.048676013946533
58863feda4c1a6ef1b6ff8b9d541e754,0,3.0951056480407715,2.7050702571868896,4.272294998168945,3.351266384124756,4.023567199707031
19821c0b534d2021b727192c7ad4754b,0,2.9073355197906494,2.2943437099456787,4.169779300689697,3.318897008895874,3.926562786102295
ffa2ba4080869ed2f2e59b2614d1b57c,0,2.430605888366699,1.7064672708511353,4.103596210479736,3.460082769393921,3.823042392730713
8b0921a0b14bd0fc2831847b1b7fd25f,0,3.5427370071411133,3.4149293899536133,4.64526891708374,3.573821783065796,4.459308624267578
05342fe20fe4ecc03fc6efa4aa6dbc43,0,3.3646600246429443,2.8415462970733643,3.816260814666748,4.043229103088379,4.008050441741943
36265f4ddd7d7b8b175b66c87537d82f,0,2.708364963531494,2.1413793563842773,4.053812980651856,3.208760976791382,3.563964605331421
bdfe37755604d260266a5653abb0b77c,0,2.608398914337158,2.788412809371948,4.403858661651611,3.3789994716644287,4.33482551574707
396b8f90bf56d4679e7792c88b4478dd,0,2.6620633602142334,2.348012685775757,4.194721221923828,3.861872434616089,3.8769071102142334
adf5e7d4a4e91dfbf82c184b1e90cc68,0,3.365130424499512,3.343191146850586,4.721335887908936,4.06699800491333,4.497154235839844
1fee619360e4664a9beb72b099a60eb7,0,2.8591270446777344,2.0331900119781494,3.98240065574646,3.585579395294189,3.852896928787232
8e44dc91f5972cf4424dcd139f0ed916,0,2.890514850616455,2.4411211013793945,3.993379592895508,3.824768543243408,4.27515172958374
47e88c0cb289404ace6c0b6ae78b97e0,0,2.788172721862793,1.8942426443099976,4.142358779907227,3.5900120735168457,4.112769603729248
232226a48d702e2e15f20000264a473b,0,2.5181689262390137,2.3304738998413086,3.823267698287964,3.105642795562744,3.562894344329834
70b2aa6300672e705b2a0345ac8b785c,0,2.389956474304199,2.212536096572876,3.956435680389404,3.613615274429321,3.631680727005005
7d29c7227b859ddc6b2eac8440389827,0,2.71868634223938,2.9075989723205566,4.553149700164795,3.402501106262207,4.483870506286621
5ae4617c3d1c8577878d4a5823e03ab3,0,3.193235158920288,2.966747999191284,3.9696104526519775,3.927605867385864,4.1462016105651855
dddd199f251698c15727f5fcd58d377f,0,3.26139760017395,2.534008741378784,4.391677379608154,3.5186307430267334,4.207973003387451
470eec58bd6c32e263e9d838cc03755b,0,2.62966537475586,2.5429375171661377,3.9516215324401855,3.215543746948242,3.688694477081299
689b1faff371ae58771af1e41e6e447d,0,2.7411651611328125,2.7452359199523926,4.34614896774292,3.587860107421875,4.341740131378174
c5aec118a605c2c58f21339ed7ae5075,0,3.3970260620117188,3.469824314117432,4.459345817565918,4.090953826904297,4.3088154792785645
c3869021493f346d591800d049236e79,0,1.8095053434371948,1.2442172765731812,3.099754810333252,2.3315083980560303,2.8958773612976074
217a9e978d95e66f289a4faf4bd1e7e5,0,3.457188606262207,3.666336536407471,4.741421699523926,4.197937965393066,4.8831400871276855
e02b840c361c3d7b133816b16821af31,0,2.23782730102539,2.048208713531494,3.892038345336914,3.436389207839966,3.53989839553833
1b322d1cafad55c5a37eb4990843d583,0,2.3521289825439453,2.088215112686157,3.7488889694213863,3.3455910682678223,3.659226894378662
3258575d70c8d79dd6de315237e3bead,0,2.4218549728393555,1.9478094577789309,3.758061647415161,2.761125087738037,3.509828567504883
414b44015a4318086d45a694ab91fba7,0,2.846862316131592,2.5802652835845947,4.039926528930664,3.5928430557250977,3.7281765937805176
9645fc2f73ff791d3915ab83d9b59268,0,2.23027777671814,2.1646642684936523,3.785553455352783,3.015902280807495,3.2701332569122314
59e5bca545fd265bd09b2f87b659abb8,0,2.9237356185913086,2.8273749351501465,4.026144981384277,3.172865390777588,4.049899101257324
f74756df8fee003f0a1bf44c7ad104d5,0,3.573785781860352,3.571460485458374,4.160121917724609,3.976006746292114,4.305893421173096
f57e25e765230b046243b42969cd3537,0,2.3954854011535645,1.8800145387649536,3.873633623123169,3.647019863128662,3.742650032043457
1fa5e53e00ce561d45966a38bd66ca85,0,3.011371374130249,2.9999001026153564,4.0610671043396,3.3724520206451416,4.145186424255371
e260dba4cf691c4044685d5f92990262,0,2.591326236724853,2.7719643115997314,4.370880126953125,3.323080062866211,4.301476001739502
01e8faae94df864593c2f9862b3a4d1c,0,3.425417184829712,3.283423662185669,4.858931541442871,3.858418703079224,4.784310817718506
e8c9f2d91f8cab006f0cf39c2383fe48,0,2.6670949459075928,1.8850901126861568,3.68293571472168,3.4159436225891118,3.8985400199890137
fe1acae476b124d51d6d87444e7be3f5,0,3.3624281883239746,3.4973533153533936,4.724205017089844,3.857823610305786,4.647424697875977
6c846f8a7a417ca6ea6ce53b04595c28,0,3.0511934757232666,3.2888083457946777,4.46654224395752,3.515357494354248,4.557519912719727
19847f69b180987015472d0604636454,0,2.4434471130371094,2.42563533782959,3.9901959896087646,2.2214012145996094,3.92045521736145
7d23e469c92578ba8b3143c425e1d07f,0,2.7299039363861084,2.513145685195923,4.173990726470947,3.6806869506835938,3.7754580974578857
9968fdb1203dcbd8f359debefeffd2d2,0,2.091014862060547,1.5318197011947632,3.4428224563598637,1.965754508972168,3.111218214035034
aa067b59fe49617220787e5a73bddcd7,0,2.779689311981201,2.206793069839477,4.175526142120361,3.787633419036865,4.053715705871582
3cfeb55d888b62efa7621b0ed37cf2d3,0,3.35862135887146,3.119731903076172,4.224435806274414,3.9422197341918954,4.101945400238037
479bc2bfe7ca70d9e0d8add025cfcdf2,0,2.955364465713501,2.901622772216797,4.198048114776611,3.010533571243286,4.1093292236328125
60c03b3c8df06c249bee299281c21752,0,2.5032742023468018,2.5737133026123047,3.951666593551636,2.782670021057129,3.96415376663208
227186d5a494ac1a5cf37e076ce62d98,0,3.667492628097534,3.670032262802124,5.0610880851745605,4.163165092468262,5.009900093078613
8ded91ab05c3af3854c1974c6d9d0c93,0,2.2481343746185303,1.3447036743164062,3.382421493530273,3.246586322784424,3.316964864730835
9d52da2c4aec7578f7b3d65f7ebad5cd,0,3.130887508392334,2.354515552520752,4.479642868041992,3.993220806121826,4.288932800292969
aa2d6fe7fec2cb8f9ee2035bf61bc62c,0,3.0681114196777344,3.28478741645813,4.195876598358154,3.506864309310913,4.546238899230957
4e3066c9a83af7afe89989ba2791188e,0,3.183898448944092,2.389312744140625,4.089732646942139,3.553382396697998,3.9548282623291016
283143e875bf9a1568a10de3c52c70fa,0,3.237745523452759,3.445465326309204,4.587764263153076,3.4976963996887207,4.807955265045166
a251c18e7c7f0e6bb4e16ed249049b63,0,2.410844564437866,2.3770923614501958,3.937818765640259,3.682077407836914,3.669268131256104
c77958b18932e2b1492c2a7cc91f7a9c,0,3.0842647552490234,2.5114760398864746,4.196288585662842,3.2283122539520264,3.9651033878326416
f418e19c41d4ce7394bb45d1b6c34e19,0,2.5638561248779297,2.3949995040893555,4.072845935821533,3.679575920104981,3.7564306259155273
55c6d3ce6adb031d20ea1dfc1bb88710,0,2.627805471420288,2.502570629119873,4.008627891540527,3.527660131454468,3.9560067653656006
f69949a200f497c1fa471c03afee1021,0,2.084404945373535,1.4754334688186646,3.0668416023254395,2.9373135566711426,2.91994571685791
e09e5d20fc18e5d97422f67abd3d590f,0,2.5642969608306885,2.560336112976074,4.082348823547363,3.728551387786865,3.7484290599823
33a14e8fbc90e6a830eb93069e6fb020,0,2.8897128105163574,3.022564172744751,4.443727970123291,3.61622953414917,4.572976589202881
45ae1ba617a858864a4594198de68660,0,2.870029926300049,2.7931430339813232,4.130550384521484,3.187362670898437,4.1080522537231445
96689576243e81b9e8e4f1bce305251e,0,3.04581618309021,2.8806047439575195,4.221017837524414,3.382600784301758,4.052488327026367
ac567c816b31ccead3c9ed70de258876,0,2.728359699249268,2.024716377258301,3.843008995056152,3.94395923614502,3.8428919315338135
40214a32828040a2708856838b008159,0,2.512203931808472,1.8419667482376096,3.7123019695281982,3.749497890472412,4.005520820617676
e7108c1366411adaa59b0a4eaf630493,0,3.434412956237793,3.413728952407837,4.273819923400879,3.5451903343200684,4.202243804931641
d438864b5c492dbb0ed6f6f7c1678392,0,3.122992753982544,2.989028215408325,4.211917400360107,3.261467933654785,4.093281269073486
f50b410f2fc2c17152442d8cefd3f309,0,3.1402816772460938,2.474520683288574,4.140914916992188,3.630190372467041,4.008627414703369
ddc8641234a359440bfb3daf63d16627,0,3.024165153503418,2.673839569091797,3.9476587772369385,3.590439796447754,4.0121588706970215
a3540f497a4a9d10192a48801557fb08,0,2.158625602722168,2.042433500289917,3.6358895301818848,2.572202682495117,3.311572551727295
0cd20e0059b641a261699da4cea57968,0,2.4886393547058105,2.0639536380767822,3.288839340209961,3.159228801727295,3.4758195877075195
a9cb2b889aee339b6695e3e715ffd8cd,0,3.748417377471924,3.9910521507263184,4.440166473388672,4.248314380645752,4.834856033325195
3b61837250a4480057b84355a94581ae,0,2.731831312179565,1.5351946353912354,3.5488386154174805,3.684415817260742,3.55188536643982
5821cab6f3672c37b9630fa81b68ebf8,0,2.424772262573242,2.589761734008789,4.146125316619873,2.900261878967285,4.164531707763672
c953bf7f359190734009fc9734f09f1a,0,3.126449584960937,2.907789945602417,4.093039035797119,3.2876343727111816,4.172688007354736
e9af0cc1837faf0c39c6f995fc4cdb46,0,2.9845311641693115,2.2571663856506348,4.00787353515625,3.89635705947876,3.93550181388855
99811ddd0929668f1bfcf17164035091,0,2.610357522964477,2.5852482318878174,4.113674640655518,3.531930685043335,3.692096471786499
a7d4c900b433c27c575485cb874c3f5c,0,2.818809986114502,2.499518394470215,3.8122498989105225,3.1822376251220703,3.896125078201294
5f6a7b5be22c3fb6afd47155c7f7bcab,0,2.174487829208374,1.361891508102417,3.6005845069885254,3.0595574378967285,3.634520530700684
23b6a2683861682ababf972c93dd972e,0,2.4470529556274414,1.6897448301315308,3.658261299133301,2.8297460079193115,3.266569137573242
1eba44445dbf2470b021223940faa8f4,0,3.081963539123535,3.245039463043213,4.4936394691467285,3.420811891555786,4.621973991394043
8435b56442dfdc70530a176b422ffdf3,0,2.92586088180542,2.6497387886047363,4.197094917297363,3.971791982650757,3.949180603027344
79b6aec2e552cb03051f5a5c33c0d5f4,0,2.510469436645508,2.520934820175171,3.8856546878814697,3.085127353668213,3.5408997535705566
d4dad9bc670b65d0a6a3d344f5d35ef8,0,3.3022382259368896,3.2885544300079346,4.695191383361816,3.898264169692993,4.667402267456055
554a5259260e7883e45e823d8c5d5e35,0,3.319766998291016,2.928861141204834,4.383565425872803,3.421780824661255,4.153469562530518
d4f95abb2d72b1c50847ad1666d6c849,0,2.203591823577881,1.1755295991897583,3.5002336502075195,3.1047937870025635,3.4485557079315186
9ff2fd4463a50e2c5e4e1395d348e174,0,2.6256020069122314,2.542124032974243,3.565778970718384,2.947669744491577,3.529364109039306
5cdcbf3057f9edf85683fc3b2fbeb52e,0,2.4537577629089355,2.325308561325073,3.9731485843658447,2.3005523681640625,3.725643396377564
983627b332807bbef7e2df5da0943ac5,0,2.3389439582824707,2.01792049407959,3.5211403369903564,2.6792197227478027,3.4223904609680176
6ed951d0f8f270ca392eda794bbbcff1,0,3.319053888320923,3.5136351585388184,4.556586742401123,4.041786670684815,4.787027835845947
0a913306d45bbc32964f75a07ce6e0ec,0,2.599364757537842,1.7487057447433472,3.784820795059204,3.6634037494659424,3.5163283348083496
063be6c66023ce82c69635301720a1d8,0,2.9440667629241943,1.968599557876587,4.219783306121826,3.6735379695892334,4.219237327575684
3c5f5598a717699eb56a26f2f182383c,0,3.333810567855835,2.919534683227539,4.353695392608643,3.54834532737732,4.250943660736084
ebf7c44a36cb664960661fd64b843878,0,2.664717674255371,2.384821653366089,3.993516683578491,3.709428310394287,3.9727084636688232
58516b8bef90d42ba24509f31d75d1a3,0,2.364309072494507,1.2971436977386477,3.4172675609588623,3.173977851867676,3.454519748687744
c4aa2088ee28c8e62102659bce7341be,0,3.181568384170532,3.3185110092163086,4.614234924316406,3.423384428024292,4.756913661956787
b533ed890de72cfc7594487c087c7236,0,2.408566236495972,2.0011940002441406,3.6968183517456055,3.4871058464050293,3.694936752319336
17df6594619a381cf3e20bbe03937f92,0,3.447800874710083,3.376431703567505,4.872400760650635,4.2002058029174805,4.915569305419922
e8e79a0763e4118d6c4467739518dfff,0,3.7759408950805664,4.0118818283081055,4.503075122833252,4.9854912757873535,4.917530059814453
0f121eff991e10555a0d217c665ce32a,0,2.6633059978485107,2.127802848815918,3.855752229690552,3.2917699813842773,3.480692148208618
bd0300d2b650039f70236727dabb3379,0,2.339961528778076,1.8359431028366089,3.5676708221435547,2.361644744873047,3.761690378189087
c07d2eea92c00f4eca84baa90a65ad8a,0,2.7822391986846924,2.5527098178863525,3.971122264862061,3.2202236652374268,3.834329843521118
ee8357ae8f8b2a44ad436b537ef85c4c,0,2.782907724380493,2.38236665725708,4.066406726837158,2.646758794784546,4.207099914550781
d5dd52a51a9b09fb419f16194e13e3c7,0,3.8275225162506095,4.079766750335693,4.469976425170898,4.516220569610596,4.890483856201172
d8d0f4a7b7c719b409d3e8342f1ffddb,0,2.399839162826538,2.4495081901550293,4.058668613433838,3.5701241493225098,3.68565845489502
708c14a0fcd17427f5fd2c04277b2023,0,3.064931869506836,2.766911268234253,4.406880855560303,3.697408199310303,4.364868640899658
176bf69d14460cc33f80acc291f85f42,0,3.0776970386505127,3.4003829956054688,4.25199556350708,3.5068581104278564,4.499379634857178
b0c506829fbb3fe1c7bb22932be31a7d,0,2.4940474033355717,1.7037816047668457,3.3396899700164795,3.355921030044556,3.385382890701294
86dc5f5fc170ae940baad7792743f988,0,3.902563095092773,4.086434364318848,4.497597694396973,4.913174629211426,5.010944366455078
1f8d9812d0b0f09de610c7df79a2e1c8,0,3.239924907684326,2.7161879539489746,3.947385311126709,4.307359218597412,4.319106101989746
3f27f2844d50b294be848b46eba34363,0,3.514378309249878,3.7667315006256095,4.782395362854004,4.237662315368652,5.034801006317139
e9e16fd3e2fcad0363748acf5c933ec5,0,2.672576665878296,2.525102138519287,4.261380195617676,3.710570812225342,4.011194229125977
5029aacbb333923cd0efc363d1fdc7c5,0,2.461967945098877,2.4875805377960205,3.863597869873047,2.461493968963623,3.9747817516326895
fd5ebefa6d7f549da92e6e2efb00eb7e,0,3.1586477756500244,3.207475185394287,4.670268535614014,3.892927885055542,4.858311176300049
172d788a7aab1aa3d263a0360256f86e,0,3.234142303466797,3.535695075988769,4.441519260406494,3.7493062019348153,4.683984756469727
3907082b45b75f6016924af3cf010787,0,3.070955991744995,2.758971929550171,4.091616153717041,3.5721912384033203,4.026651382446289
10e0e6c29de736dfa4ef04166ad208d1,0,3.094282388687134,3.2533035278320312,4.147976875305176,3.4204142093658447,4.592301845550537
3a223824a4f02bf9ecaf4e012817bb04,0,2.725088596343994,2.4916067123413086,3.697386503219605,3.951759576797485,4.042883396148682
665282c168625eaff4fa9e5185ace77e,0,2.8459720611572266,2.688823938369751,4.184733867645264,3.257770538330078,3.851166486740112
5c7da8eca9de1ff53bd246dca91bcad2,0,2.9995734691619877,2.5185534954071045,4.309813499450684,3.193010091781616,4.12194299697876
3cfcf21e291274569f607ee41199bae5,0,2.160031318664551,1.776668667793274,3.7845187187194815,2.753560304641724,3.5971994400024414
7256f9315912ab22b744756f7785ed14,0,3.222818374633789,3.220663547515869,4.672150135040283,3.7549893856048575,4.653740406036377
34b4b4e658fe7e3ad83cb7dec8f39033,0,1.7482455968856812,1.263553500175476,3.1344947814941406,2.4390974044799805,2.511240005493164
37080632857b41df19ae45784a2852f6,0,2.5638227462768555,1.93775486946106,4.022312164306641,3.0843605995178223,3.418945074081421
fdadfd7064fbaa3084b643419199252a,0,2.3788492679595947,2.109041213989258,3.445065259933472,2.775207042694092,3.3431615829467773
e6bee8bd9b9ab8149ddeb36be5d32bfe,0,3.414166212081909,3.689443349838257,4.412961006164551,3.966170072555542,4.60223913192749
c876fcfecec979c3ef4517c2ab5d906e,0,3.201291084289551,2.691303253173828,4.313857555389404,3.442714214324951,3.973057508468628
28aade389bbd2c3168e917d27ed77338,0,3.390553474426269,3.487208366394043,4.811036109924316,4.014548778533936,4.820265769958496
dbd6f48fb0e3c862f9c341e6d1420d0c,0,3.08899450302124,2.0912508964538574,4.234707355499268,3.116519927978516,3.902617692947388
bc6d6d81bef38dcfde5c5fb0d05a344f,0,3.360939741134644,3.370076894760132,4.706120491027832,4.04193639755249,4.527140140533447
a53b73504fd64f1b361d66e760976f9f,0,2.473840713500977,2.4515364170074463,3.924092531204224,2.8082115650177,3.64052963256836
90551d184bf9fbb5a8533f629dca070f,0,2.9992430210113525,2.381485939025879,3.907031297683716,3.222707748413086,3.817105531692505
4e94cbf7fa7060bba9dfe5dbdb69657c,0,2.739164352416992,1.5627636909484863,3.804544448852539,3.455915927886963,3.849252700805664
c5b83964cf3f8db2f685c5729a8a6549,0,2.6988236904144287,2.557595729827881,3.905014514923096,2.8836007118225098,3.554172992706299
dd67d47cd8c49ab4cc3902d215698a95,0,2.253182411193848,1.9015558958053589,3.908136367797852,3.549907922744751,3.697504758834839
37c4423864a83d71f18e5a8ad28d2bbd,0,3.5476298332214355,3.5223302841186523,4.220603466033936,4.066309452056885,4.406467437744141
d8ad9891f5e99fa9565ea941bf3204d5,0,2.518789291381836,2.629256010055542,4.245066165924072,3.2609238624572754,4.222423076629639
db31c8cbc890d7385df3fa06a8ffcec9,0,1.8332374095916748,1.2585325241088867,3.1228158473968506,2.3601393699646,2.8146536350250244
680a8e2df4c59eccecc71aa16eec114a,0,3.74070405960083,3.3199949264526367,4.263730049133301,4.806746482849121,4.728734970092773
35c194118aa002800e54f3e1ccebd21c,0,2.426896810531616,2.6765553951263428,3.993938446044922,3.18084716796875,4.001031398773193
32328016f770b1b26d720f8a1e450eec,0,3.038808107376098,2.7553470134735107,4.157519340515137,3.5013792514801025,4.085773468017578
9909044d23d2d80b87bac1888e590ed6,0,2.3853039741516118,1.97067666053772,3.817661285400391,2.401783943176269,3.6400105953216553
2bdf2105b86f4657922b9d08ce3c7063,0,3.037196159362793,3.406704902648926,4.389047622680664,4.076562404632568,4.3248820304870605
2759c786918df9fa22c8764af31fd336,0,2.494354248046875,1.2404271364212036,3.596555233001709,3.488757848739624,3.730994939804077
8b065eb23a4fd06a940e2b5f7bd6dbb1,0,3.2367780208587646,2.920414686203003,4.116092205047607,3.676124334335327,3.9946773052215576
850534248be74e39f6153e1ee76868fb,0,3.003807306289673,2.735610246658325,3.848820686340332,3.2636752128601074,3.9069204330444336
eec4e38fb611663c9439c27ec8bc4185,0,2.4895176887512207,2.5371572971343994,4.151278018951416,3.247200489044189,4.151985168457031
593a658296c78deaa22b87f3b2f6f332,0,2.7481179237365723,2.553598642349243,4.059915542602539,2.7170515060424805,3.9514365196228023
c36f5a2b54be2a1aeb9a5bd5f0df6141,0,2.67655086517334,2.2887113094329834,4.034396171569824,2.955763339996338,3.563375234603882
04d8753ebcdf07425158388ed1f951d2,0,3.008542060852051,2.456878900527954,3.9749755859375,3.5120882987976074,3.777145624160767
4b67fe94635aae0cfc818c037e0d6151,0,3.1268835067749023,3.3215537071228027,4.191507339477539,4.107102394104004,4.062720775604248
2d2156a87161bc1fe562269130ec8145,0,2.1823134422302246,1.827935576438904,3.5139477252960205,2.439729690551758,3.1059091091156006
aff3028eaf07b9b3951edda654beab45,0,2.791554927825928,2.261599063873291,4.171886920928955,3.9809553623199454,3.989243268966675
eb6a802725084c845906cec799940098,0,2.939657688140869,2.8270273208618164,4.112657070159912,3.4150304794311523,3.876570463180542
f094ffb1ff67064e148052cb5fffc8d0,0,2.672304630279541,2.2105255126953125,4.0563130378723145,3.752066850662232,3.972273111343384
cef0febbfd3625e47879cc6e86f912bf,0,2.680349111557007,1.793942928314209,4.118615627288818,3.748599529266357,4.061121463775635
6aa616cb259eed38d38335d1baea7e7b,0,2.547119140625,2.3827357292175293,4.088432312011719,2.797643184661865,4.14012622833252
91810407c8cfd9a2f96c3d224e1ac0de,0,3.2336857318878174,3.288940668106079,4.134563446044922,3.942974805831909,4.508306503295898
959dc620f22fa3eb28dcb799333b7d0f,0,2.7105066776275635,2.797913074493408,4.059268951416016,3.160216808319092,3.6046178340911865
b15f8cad39729d06df732891c8c0879b,0,3.50065016746521,3.629520893096924,4.512955665588379,4.074301719665527,4.383781909942627
0d0710fce87bfe2063cf2e236508e40c,0,2.9187254905700684,2.116544246673584,3.864026069641113,3.207921028137207,3.8107287883758554
c0c8a4a7704afdb030b989401f5ca729,0,3.4239377975463867,2.559767246246338,4.448854446411133,4.188037872314453,4.33512020111084
761a4e3b0b6c44fe3b99781df4280b7f,0,2.320127487182617,2.038141965866089,4.046718597412109,3.520310640335083,3.759067296981812
2459a3bf480cefef09ea0815870143b4,0,2.529948711395264,1.6392126083374023,3.695171594619751,3.1635398864746094,3.853322744369507
2f304eeaad7ba6c74d9776d4fde7f042,0,2.3071446418762207,1.9252212047576904,3.4104275703430176,3.1370081901550293,3.363121271133423
f5a16444379070151f6c52906f4274bb,0,2.721827268600464,1.7109766006469729,3.72388768196106,3.667283535003662,3.701728343963623
9137ea755f725a56e27bc9b5f7af21f8,0,3.804065227508545,3.7410078048706055,4.216641902923584,4.055339813232422,4.8583831787109375
97bc3e855b96c38da2144ef1853c9bfe,0,2.847885608673096,2.684992551803589,4.299050807952881,3.1519272327423096,4.139872074127197
67cf11f9dcd8655ce44cdc73878a0899,0,3.1643640995025635,3.159903049468994,4.455808639526367,3.8964202404022217,4.496522903442383
c55e4e2b539980c8ffde9f9721a9e702,0,2.5372276306152344,2.366371393203736,4.186919689178467,2.246149778366089,4.156728744506836
c4e6fdbed5abf2419f7111cd71af7d56,0,3.9204471111297607,3.996569395065308,4.55988883972168,4.91986894607544,5.02843713760376
164e1626798f3dba3c42bfc55a633c43,0,3.007022857666016,2.214482069015503,3.918608903884888,3.420173406600952,3.723691701889038
8bfbe60f08d4f8dcf7e672d60d88ec1b,0,2.7464616298675537,2.5142006874084477,4.017660140991211,2.7446866035461426,4.16573429107666
0b364df5910880f8a12e218d21380f7e,0,2.764540910720825,2.8214826583862305,4.11259651184082,3.845775604248047,4.117000579833984
57fd8fb286d707bf416ae86f13ba3ca5,0,2.6243715286254883,2.227238655090332,3.851893663406372,3.1302530765533447,3.2947592735290527
15c9711b3558679a8ac099ab5bb2845a,0,2.2765932083129883,2.3215181827545166,3.921371936798096,3.463538646697998,3.5517771244049072
d721c910bae8fae9fd2fd21bc5b8dbb1,0,2.417296886444092,1.9106650352478027,3.611011743545532,2.9614243507385254,3.270815372467041
939a8abc5b224173904bb83ce65df15a,0,2.968980073928833,3.408820152282715,4.236611843109131,3.552537679672241,4.346921920776367
0cfeb834ab2f2bff0684bdcff36e2d9c,0,2.5285074710845947,2.473870754241944,3.925072193145752,3.432741403579712,3.989530086517334
47af6536a6be09b2141c422ea94780ad,0,2.641535758972168,1.8502259254455569,4.146919250488281,3.6337831020355225,4.020005702972412
a66eabb1da2c8b0e5a6c3e903461f5e1,0,2.122685432434082,1.818459153175354,3.541431665420532,2.8700051307678223,2.935908317565918
82029b9d2584c27650a6cf92434a0057,0,3.632725477218628,3.733686208724976,4.858926296234131,4.314970970153809,4.987338542938232
c718b299bef4479d5ba2879cd1a9176e,0,2.5602121353149414,2.2485036849975586,3.874289274215698,2.922492504119873,3.4229984283447266
46243aac200b4aa963eee3e8e15646b1,0,2.1815338134765625,2.298421621322632,3.8526594638824463,2.321507453918457,3.915944576263428
b1e6f228160a6b76882874f720bdd9d4,0,2.386488199234009,1.8114404678344729,3.664079189300537,2.7743308544158936,3.7254605293273926
f61a5e0ec1450717ee6865a21844bb21,0,3.216583013534546,3.0785012245178223,3.958952903747559,3.9130709171295166,4.115324020385742
2697f6a4bdf8a47e80b931c8780b721a,0,2.8580968379974365,2.722412109375,4.287580490112305,3.702972650527954,4.383150100708008
120ee62cc277cbaeaf950f1ff30be21a,0,3.368540048599243,3.409425735473633,4.759393692016602,3.989260673522949,4.753890514373779
e79219c33d4b744856edf779b597ab36,0,2.343280792236328,2.2199041843414307,3.925738096237183,3.538904905319214,3.541130781173706
fa9869635032a2b2a5b84a4886ed64ef,0,2.360471487045288,1.6062991619110107,3.892690420150757,3.081118583679199,3.726662158966065
b550d26784d27287957d6a32ffbe8c96,0,2.497468948364258,1.5862982273101809,3.8969204425811768,3.5307064056396484,3.763216257095337
d98e97ba9bf833c36674dc37abaa1c9f,0,2.2763068675994877,2.213703155517578,4.248840808868408,2.790764093399048,3.959648609161377
6efaf2a5ca5cf4cf323b7de6f4ee6853,0,1.8640538454055784,1.76740825176239,3.4076294898986816,2.371124029159546,2.9051547050476074
06f069bacd267417a051593c85e2cfd3,0,3.040065288543701,2.72503399848938,4.019917964935303,3.256308555603028,4.189760208129883
650378083db0669a6131f79d83bea9e8,0,3.1739208698272705,2.68756103515625,4.022110939025879,3.473222255706787,3.970902681350708
574196890d1b1124720311703364eada,0,2.604830503463745,2.3395707607269287,4.195690155029297,3.83414888381958,3.768341064453125
c42afcd3ba9287112516a930dad914f6,0,2.805712938308716,2.6795754432678223,4.089289665222168,3.7622811794281006,3.93277907371521
a448327a11aefb9adf9dcc86c8f3268a,0,1.9169261455535889,1.9940983057022093,3.5332131385803223,1.8871363401412964,3.2735416889190674
0f3268873ed9aa6f983714200a34fd67,0,2.3765017986297607,2.3475069999694824,3.920099973678589,3.5074286460876465,3.630984544754028
6da3b256926be8ea47320d17fe2f92a2,0,3.073636770248413,2.61447548866272,3.8957810401916495,3.837734460830689,4.070947647094727
03b549b7eb129b40e1f12d56395e4c8a,0,2.450552225112915,2.183027982711792,3.9975907802581783,3.62239933013916,3.630809783935547
441138627105f5fb9865df74ad5379a1,0,3.080200433731079,2.759604930877685,4.151591777801514,3.3666224479675293,4.001863956451416
8988b351900a76878bee630070b257f3,0,3.391305923461914,3.45400619506836,4.7572407722473145,4.2715349197387695,4.989548206329346
4ec772ad8b98244760d2cf42709b58b5,0,2.022752046585083,1.9878942966461184,3.280878782272339,2.8119304180145264,2.871453285217285
8fb80c92ed66a7e0f331c94be2f792c6,0,2.0184359550476074,1.5683192014694214,3.5539278984069824,2.6732418537139893,3.0818185806274414
4affd4cf22f50899b525d1c165b37141,0,2.502971172332764,2.846388578414917,4.153324604034424,3.39147686958313,4.127565383911133
611f1d6e8a0836511ef3aca19c6b18f7,0,3.3198368549346924,3.337374210357666,4.71157693862915,4.2281599044799805,4.710820198059082
c985ebbd422231dd01f7370088238645,0,2.222261905670166,1.7191979885101318,3.615576982498169,2.849412679672241,3.255202293395996
ffcff2371b5584a873c314d86f4e9f5a,0,2.9372334480285645,2.7539618015289307,3.898576259613037,3.233656406402588,3.9105706214904794
5e6fd97cb1deb92fe01d3d2da1ce018f,0,2.9778800010681152,2.5532822608947754,4.155810356140137,3.1215415000915527,4.027122497558594
b64d55f4e7b8a0af88bfad06d79b4036,0,3.2552831172943115,3.308880567550659,4.700729370117188,3.831855058670044,4.464786529541016
d51c91434a686a30344b62c14310ca37,0,2.455142974853516,1.568217396736145,3.941807746887207,3.45881724357605,3.7720165252685542
283b33217d84474dce9ebe6834d8839f,0,2.5403881072998047,1.82788610458374,3.8142552375793457,3.4165263175964355,3.849501609802246
6d5f0003887ee81e12fc10cadb81870f,0,2.765122175216675,2.582562208175659,3.842989444732666,3.292951822280884,3.57639479637146
31e4155b2ba1c975f08aded0d0255097,0,3.1248526573181152,2.5481135845184326,4.084584712982178,3.471282720565796,3.901467084884644
20b522d61926f6bb07273ed437841e06,0,3.0626347064971924,2.3118395805358887,4.292178630828857,3.420029640197754,4.006791114807129
3915ab003ca028ffca5125082ce7ff81,0,3.268634796142578,2.934397459030152,4.322116851806641,3.496899127960205,4.5116472244262695
512fed64355f781620efc2110c15ec43,0,2.4678633213043213,2.480299472808838,4.208533763885498,2.655014514923096,3.9962856769561768
60fcf199e62255238cb144bef1f48ecb,0,2.650163173675537,2.2666938304901123,3.3231453895568848,3.3789708614349365,3.2999067306518555
8922e559cca88bdc6af08fb6f20aca42,0,2.9324662685394287,2.151740550994873,4.336700916290283,3.691638469696045,4.0228657722473145
bfc8e16a067137473bdc5d33e157855b,0,3.5195837020874023,3.563185453414917,4.3192291259765625,3.934776544570923,5.031509399414063
7fd1bc0863c81fb139a17b7a13cce1fa,0,2.4316537380218506,1.2504600286483765,3.528167724609375,3.3016350269317627,3.640847682952881
01d1ad23b88049cff6124dbb67c67ff5,0,3.322542905807495,3.4832279682159424,4.42073392868042,3.649638414382935,4.678244590759277
1c1813a1d7bba16a6f7fa87c62ac8f4a,0,2.7982892990112305,2.512007236480713,3.862713098526001,3.409841537475586,3.672640800476074
e0b817afdba08a987f693eae9c3e49ea,0,2.588834762573242,2.0231471061706543,3.781439304351807,3.84621524810791,3.8081142902374263
1f1951322e056361462a396e946be1d6,0,2.266996145248413,2.062187433242798,3.1070683002471924,2.779924154281616,3.30391263961792
671c58702c27c3a5c40cbb631860d15d,0,2.837563753128052,2.733759641647339,4.093066215515137,3.6517434120178223,4.093279838562012
6bc84608f820150f770cd40c24251add,0,2.189228773117065,1.1208186149597168,3.6501893997192383,3.116708517074585,3.585570335388184
5d80ee9fa68c1385804b4217bf7777e5,0,2.8678455352783203,2.1755499839782715,3.7675843238830566,3.909416913986206,3.6189258098602295
42a25d5159624ce79802a7087c6df615,0,2.9776883125305176,3.1433629989624023,4.314450263977051,3.441751480102539,4.383143901824951
a11a9435fdae8b25db167daca00fc415,0,1.6549458503723145,1.2748442888259888,3.088940143585205,2.748054027557373,2.9079384803771973
5e44b0d1ace106ff51bdcf91f2a88e1a,0,3.3158178329467773,3.185522556304932,4.759997367858887,4.064011096954346,4.818435192108154
cc756a8d02e46ce983d80e6c35ba4f51,0,3.106361389160156,2.636002779006958,3.894053936004639,3.3926472663879395,3.949132680892944
5744716e243b178eede7c3456e75324c,0,2.254098415374756,1.921478509902954,3.7201550006866455,3.039130449295044,3.2288594245910645
3fa9b03b44120d56b01bad4cfc23b970,0,2.737567663192749,2.758997678756714,4.052691459655762,3.57563591003418,4.032204627990723
f3b2cb3f245a2ad5aedde3e8185e3ee1,0,3.3804128170013428,3.5053811073303223,4.317074775695801,3.937599658966065,4.756494045257568
b3de2c8289419dfd46eae7eb3656f278,0,2.528315782546997,2.4845194816589355,3.9037928581237793,2.9356279373168945,3.49389123916626
83535576e76e49c48196612041e014b7,0,3.172883987426758,2.7612099647521973,4.066771507263184,3.4458625316619877,4.152332305908203
9ed34201b24fc85f2ecdab5fe9de110a,0,2.4385597705841064,1.5199508666992188,3.588872194290161,3.1940059661865234,3.728069305419922
7fe45c7266cc060f6154b8a55a1586a7,0,2.582069396972656,1.641480803489685,3.82774829864502,3.705546379089356,3.713057518005371
240466e5af02eef841f3b04e8cb55d2a,0,1.9012129306793213,1.8217982053756716,3.185190200805664,2.518094301223755,2.973206043243408
09087a2efbb98e3cd7a6fb5a8c84fc10,0,3.343015670776367,3.1082916259765625,4.002756118774414,4.114062309265137,4.121912956237793
fe7f552b2c3b699963e04bd9cb35df30,0,2.439309597015381,2.029627561569214,4.0451250076293945,3.4203574657440186,3.7451658248901367
66c32e31a20b885c9fa48304479a6340,0,3.156660556793213,2.7796669006347656,4.14439868927002,3.58193039894104,4.044832706451416
bd363c128a245e76ada051fde2918bcb,0,3.4388091564178467,3.414714097976685,4.4052581787109375,3.934458494186402,4.291697978973389
175e336063a5226878d5c9bdac82dd36,0,2.8248941898345947,2.0696866512298584,4.076138019561768,3.653279066085816,3.9440534114837646
be10c6868f2473b3c03b8c0fa187ac9d,0,2.896498918533325,2.0619592666625977,3.835054874420166,3.742250204086304,3.6904778480529785
b16e68716752d879b820aeb45a9b7943,0,3.767810344696045,3.921325206756592,4.370492935180664,4.442764759063721,4.718943119049072
c8ca6e15b1e02c6246b2b534c2dd1b95,0,2.390695095062256,2.466835260391236,3.963362455368042,3.1155190467834477,3.395500659942627
ec5600af2f3b50057bb3e074c5cb2fc0,0,3.874503612518311,3.977832317352295,4.441995620727539,5.135846138000488,4.9231157302856445
a4d58365a30420f72e5a9907e310a83b,0,2.5414321422576904,2.547633647918701,3.957745552062988,3.4111289978027344,4.1483001708984375
68b3526a8840dcbe7991e6110094f6c7,0,2.4706366062164307,1.7812557220458984,4.0566606521606445,3.591480255126953,3.941652536392212
9de583ce28617ca8ed233c617f6ee469,0,2.531386613845825,2.6447386741638184,4.277958393096924,3.345179319381714,4.25466251373291
fec4a8aa3360db3d3953991090c70703,0,2.690882444381714,2.7648262977600098,4.265851020812988,4.064197540283203,3.942909002304077
d476b4604cb29a317feb8d1c8928bd5d,0,2.7398953437805176,2.345838785171509,3.818721055984497,3.248640537261963,3.5098702907562256
0cf9ab1e3a97c2db0a6ee67c47a33a60,0,2.4798343181610107,2.3980422019958496,3.861579656600952,2.93391227722168,3.542520761489868
b6ae5fd0706fc72745918c6b09877976,0,3.010795831680298,2.830908298492432,4.204286098480225,3.331298351287842,3.978874921798706
2d9518a1ea8941e0c3ff88645e2aee89,0,2.568058013916016,2.511556625366211,4.011723041534424,2.8943707942962646,3.984243154525757
781137a600497ac2129333a0d01adcf0,0,1.8161274194717407,1.2446849346160889,3.277984142303467,2.226982593536377,2.971890449523926
06e8fec01658f55c1facd8124cf0ff2f,0,2.2480390071868896,2.023910999298096,3.7234930992126474,2.792320489883423,3.2550816535949707
59394afd9e2063776088bb755d4ab74a,0,2.9983251094818115,1.7164621353149414,3.884621381759644,3.790693283081055,3.933220386505127
639169b273ed81c593a065626d9b9b91,0,3.3682169914245605,3.525254487991333,4.374124526977539,4.063479423522949,4.892498016357422
f3d65b1e02087bab522dc9511dcd794a,0,2.800884485244751,2.6814095973968506,4.047176837921143,3.043004512786865,3.964652538299561
1551424b8513f9dba381fdabc858d427,0,2.821282386779785,2.337703227996826,3.778935432434082,3.550499200820923,3.6008012294769287
8c453c22504c35f39ed6370f162998dd,0,3.1700541973114014,2.6164112091064453,4.418478488922119,3.204740285873413,4.190575122833252
a83d8a6c485f5564d0a81fa6cf3efe3d,0,1.8244017362594604,1.4757611751556396,3.2926158905029297,2.221035480499268,2.5851926803588867
1300d7efbaa284a8744b4ef638bc1b49,0,3.0338141918182373,2.9517505168914795,4.516244411468506,4.152503967285156,4.321409702301025
cc2d629fa308cb6bb39112d964c78854,0,2.6999759674072266,2.5149779319763184,3.900543451309204,3.007535696029663,3.668763875961304
c76ec2ea5c9742e6f9fe5d11be1aadc3,0,2.5348615646362305,2.456043004989624,3.880800008773804,2.8942711353302,3.724011898040772
12410ddd203b7478ba5f954504c5670c,0,3.021834135055542,2.389540195465088,4.106992721557617,3.5239994525909424,3.8806755542755127
ecd5ab0357863c50b6ded88bcf8ad78f,0,2.8200931549072266,2.6225688457489014,3.775881767272949,3.579056739807129,3.764063835144043
a5e5a500cd74fc9256c7dc2003336eff,0,2.914801359176636,2.640732765197754,4.265858173370361,3.717292308807373,3.886793851852417
edf2329f94480587f48e878b9cb2ec33,0,3.0619773864746094,2.7172884941101074,4.090810298919678,3.223158597946167,4.010988235473633
f4133a5b25d234f72850ea582be8e9d3,0,2.852221727371216,2.6772899627685547,4.069331645965576,3.838340759277344,4.108952045440674
96eb1541d3053172bd426641720655c6,0,3.47620701789856,3.0866804122924805,4.0864458084106445,4.236855030059815,4.19924783706665
0116ae423d509bdc55543f24b26a26b3,0,2.6996660232543945,1.8931461572647093,3.651495933532715,3.4199934005737305,3.5307626724243164
39941c5f98b2e3c2364662666f4d9cec,0,3.1479949951171875,2.9311656951904297,4.042724609375,3.416437149047852,3.985759973526001
fec717f91db9cf545abe4422145ccf10,0,3.450468063354492,3.336948871612549,4.855863571166992,4.039425373077393,4.841161251068115
3f27ed1174a25e613648a52831113360,0,2.2368979454040527,1.680559754371643,3.962090969085693,3.3828086853027344,3.7274441719055176
93d777abeafb430b69fdcb5a616d0802,0,2.56292462348938,1.8660773038864136,3.869971990585327,3.0681467056274414,3.5121512413024902
18fe538201df22b932875fb37a77a343,0,2.329899549484253,1.5153948068618774,3.688661336898804,3.3403706550598145,3.6168601512908936
c22aee7700b6a6bb37a9cefd1be8fba5,0,3.220754384994507,2.9371659755706787,4.383298873901367,4.294493198394775,4.233155727386475
3b2f1b2cbee74d7fecb80cc95ad2574f,0,2.166225910186768,1.802812457084656,3.841851949691773,3.319695472717285,3.636812686920166
c35ae971b15e78abbe3acf90187f1902,0,2.8202621936798096,2.1566948890686035,3.949432849884033,3.288425207138061,3.5293445587158203
dff0d30e11b1729f9e8c7ea19dcf5106,0,3.711016178131104,3.630990028381348,4.438289642333984,4.229073524475098,4.6246185302734375
c6a6dd3f8cf6cdf42d97515bfeefc468,0,3.090456485748291,2.5276401042938232,4.425455570220947,3.0228633880615234,4.086075305938721
aa39ed8362edcf5081e05927f664125a,0,3.355212450027466,2.7827036380767822,4.394992351531982,3.5295674800872803,4.198281288146973
629897ddd76408d1046b8f1b3d17c6d1,0,2.530600547790528,2.67412543296814,4.1251139640808105,3.4308879375457764,4.026767730712891
b0df57cec4980e36329b2e68df52d17d,0,2.986541748046875,2.521988868713379,4.14887285232544,3.5718398094177246,3.926960229873657
0920dd7bb5361fc3565e27b250dd989a,0,2.7855124473571777,2.629955291748047,3.731541872024536,3.541224718093872,3.7719101905822754
670d6a0be611d1053d00df51fa91bf74,0,3.9739928245544434,4.182323932647705,4.612736225128174,5.018120765686035,5.032339096069336
12b8e3e9d99f3af88d7b0ffe7ca7b15b,0,2.518920421600342,2.372941017150879,3.8434414863586426,2.827150583267212,3.693329334259033
0d6fd0e2b9e803e9f240fa8214788517,0,2.6032488346099854,2.6087591648101807,4.246783256530762,3.361512422561645,4.128637313842773
6a56689d421a32cff2847474b9e5ab7a,0,3.521234035491944,3.771220207214356,4.800601005554199,4.404717445373535,5.066034317016602
0f184d92f044b25000aea332b69b0a37,0,2.951979637145996,2.4395759105682373,3.970876693725586,3.3857860565185547,3.731642484664917
f43ca26e6d448394fbf08c9e9a999c52,0,3.3631725311279297,3.4175610542297363,4.727499961853027,4.058858394622803,4.611484527587891
f484f839b6a2fffe33eb1b7f520dfe77,0,3.4199230670928955,3.143740653991699,4.680722713470459,3.229323387145996,4.650350093841553
0188e785cdc0bac6d4d73639b1dd1dbe,0,2.724963665008545,1.5635590553283691,3.74247407913208,3.7458879947662354,3.855987787246704
752da329f9364a8fa7ead64653279649,0,2.5119075775146484,1.6762789487838743,4.032690048217773,3.5689806938171387,3.851211309432984
e39414d34ddf473c0d6419924fb5d255,0,2.3082549571990967,2.284441947937012,4.018263816833496,3.570109844207764,3.734626531600952
4cf323008bbc11a9fe30b82e5a434140,0,2.450967073440552,2.20766830444336,3.845964193344116,2.651728630065918,3.459784984588623
66063f23e66ec38690e743272b7dfa61,0,2.543945789337158,2.350904941558838,4.146427631378174,3.624297857284546,3.8114898204803462
5d4712ed9ad435fedfd913bc0273a4e2,0,2.180482864379883,2.054004192352295,3.908557176589966,2.0694596767425537,3.90315055847168
43e26c663495e77977b5c78a366febaa,0,3.1695029735565186,3.269883632659912,4.439177989959717,4.048776149749756,4.618490695953369
938f872f75116ec039e21bf164141f98,0,3.1672728061676025,3.3590779304504395,4.2520012855529785,3.7898902893066406,4.05628776550293
0b4357d5e661eeaf95e38cc7f71c9158,0,2.734895944595337,2.3830158710479736,4.056174755096436,3.2688472270965576,3.75527572631836
e0800df6f3fd503fee754d4c4f0fb0ec,0,2.9590494632720947,2.961466789245605,4.183779239654541,3.968135356903076,4.137979030609131
460afc0bb4aba8a3b2a52578955e9ef7,0,3.054996967315674,1.818710446357727,3.951914072036743,4.0750732421875,4.134157180786133
19b08ad5ca6b42e969d64f6a9e2ac4d2,0,2.288097858428955,2.2649221420288086,3.373795986175537,2.6744697093963623,3.3943634033203125
3863056a96be88536890fe3388735006,0,3.734346389770508,3.5224082469940186,3.8879895210266113,4.625407695770264,4.732318878173828
034f1edae6f5eba065554c6d27b6ebf5,0,3.113259792327881,3.173576831817627,4.349672317504883,3.68328070640564,4.641043663024902
b809a6a9e08496e478f59cfe6bbad997,0,2.482297420501709,2.7364625930786133,4.026828765869141,3.361342191696167,4.109496593475342
32e1399b5f58363b2baa6c4cf16ba35d,0,2.346378326416016,1.6004177331924438,3.60980486869812,3.3114867210388184,3.4659714698791504
fec83e5f40d2a5f139cf02a477853e78,0,2.4260096549987797,1.413532257080078,3.604503154754639,3.736892700195313,3.4967401027679443
f1d60402754f43d56f7c9df53f6cd204,0,3.063591957092285,2.069080352783203,4.186530113220215,3.489065408706665,4.140730381011963
d155a591faa0f2920a6825e354716cd8,0,3.088132381439209,1.9605958461761477,3.9627437591552734,3.8859610557556152,3.985751867294312
49efc6144b944ad18d90e2bc0e2c0159,0,3.022440195083618,2.4587361812591557,4.038196086883545,3.1711668968200684,3.901128053665161
31fcd05023bfaa9456fe5f802a5de8a9,0,2.7535359859466557,2.928945302963257,4.554424285888672,3.4420974254608154,4.504374980926514
b5c5be4d7048a2d5bae8f4a5db1f0bc5,0,2.550182819366455,2.142590284347534,3.9099485874176025,3.032806873321533,3.579655647277832
1667f6f226555fb7ddc824d476f356d0,0,2.8071391582489014,2.2031283378601074,4.195119380950928,4.074867248535156,4.023618221282959
c4f5c411c9d63699507b9b178bbc48c6,0,1.9504297971725464,1.9872093200683596,3.7294209003448486,2.0600435733795166,3.8055500984191895
f74eb20fefba0e473d38d44cadee2e7b,0,2.637648820877075,2.3447394371032715,3.8582725524902335,2.97713303565979,3.637716054916382
b9c58b83db245a22e793f83b86fde4aa,0,2.4252028465271,2.581194400787353,3.862133741378784,3.152169704437256,3.894530296325684
a547f643a32971ba3fdee575a9e44bb2,0,3.395353317260742,3.202678918838501,4.237040996551514,3.732081174850464,4.156889915466309
a7c545516829923ef299c5d58a2b5be6,0,3.1904399394989014,2.887767553329468,4.060291767120361,3.730145215988159,3.8785791397094727
6432158b35027aeaac40185b05982cd5,0,3.231387138366699,3.4435958862304688,4.092022895812988,3.753999948501587,4.274906158447266
85a87b48db853a84d68b396e6010e3f1,0,3.429664134979248,3.440906047821045,4.009447574615479,3.76436448097229,4.39142656326294
92083ad1a43e4bcc57f2345b765b93d2,0,2.604853868484497,2.596980571746826,3.97072958946228,2.913473129272461,3.676760673522949
1e3cd19c7e43bada3ee4d5ff0d664e53,0,3.307969570159912,3.057710886001587,4.458449840545654,3.482515573501587,4.471770286560059
266088847de610c4bfdabaf2407ed245,0,3.14004135131836,3.400819063186645,4.665996551513672,3.5482277870178223,4.774176597595215
a33ae717b71c34f9d50bf6b480ce0198,0,3.3688066005706787,3.338928461074829,4.310912609100342,3.810692071914673,4.205691814422607
2708a30cbd8cd6667f2fe819ad7c4599,0,3.0782458782196045,2.942624807357788,4.059957981109619,3.4583170413970947,3.815502643585205
482c298da369313c94388564c163e7fd,0,3.446475028991699,3.389356136322021,4.246875286102295,3.8949673175811768,4.224555492401123
0d0785e11cffd0988146077b1c03c2f1,0,3.2898471355438232,3.3161025047302246,4.487212657928467,4.121335983276367,4.619528293609619
e8dec90d206099b9e8d1be118bb13b9a,0,2.7608284950256348,1.9796421527862549,3.800737857818604,2.8962767124176025,3.8086771965026855
fbc6596be5443c34f66084548ea43bd0,0,2.401994228363037,2.1286487579345703,3.963847160339356,3.4111056327819824,3.603914499282837
2bf462d728724c81514998fee205c84e,0,3.01732873916626,2.813488483428955,4.127689838409424,3.041403293609619,4.190739154815674
60391cc5e40d98af15fde2b950a174b6,0,2.635850191116333,2.44981050491333,4.035473823547363,3.14881443977356,3.697340726852417
8a1acc6b65a1f40c3418fd34fc525980,0,2.961049795150757,2.7337238788604736,3.931743621826172,3.649505138397217,3.9684360027313232
a3e3bbbc012db96cef6cd53682b601e5,0,3.444500207901001,3.332397222518921,4.280248165130615,4.023423194885254,4.205728054046631
fe94e4e5a49ed68c7452fe6105009aa5,0,2.776167392730713,1.8903324604034424,3.78630805015564,3.3099348545074463,3.353036880493164
d16f121f53e766535c5d3fc82c0f2b49,0,2.834083318710327,2.150768756866455,3.868252515792847,3.733254909515381,3.642343282699585
ed88e142d0776383ead99d1ed4031d94,0,2.4548215866088867,2.4129350185394287,4.128964900970459,3.252758264541626,4.168798446655273
21994293b67bf3a566cdb9c6e158e5a3,0,2.36186146736145,1.842278361320496,3.980079650878906,3.2254419326782227,3.73558521270752
5e362285f06aaf13c01c3fde56fd1951,0,3.044951200485229,2.3278627395629883,4.218122482299805,3.187126636505127,4.121337890625
225c9e3016f09a2cdd61e2ec40d3e086,0,2.388022184371948,1.4715590476989746,3.4488601684570312,3.4444026947021484,3.49962854385376
539fc8372b25105809ffa2d37fd00c57,0,2.289116621017456,2.123963594436645,3.659322023391724,2.853223323822021,3.851567506790161
448bf6c7650b3a930769c80d96a1bd6d,0,2.750374794006348,1.8551056385040283,3.881042957305908,3.7000367641448975,3.915812730789185
d9e8eeca36f5a4652de18fa5f237010f,0,2.6555309295654297,1.715490221977234,4.068175315856934,3.727022886276245,3.925999641418457
de1a7b0248e0d2b48f9452481c638f25,0,2.9995763301849365,2.530965566635132,4.169468879699707,3.212240219116211,4.108977794647217
2af346e6cdae212e12e99cb01a4c78cb,0,2.826866626739502,1.949087619781494,3.68146014213562,3.392946481704712,3.6743996143341056
fd00c6c6e0a2a19a4e95a902b87512c3,0,2.8517210483551025,1.9212844371795652,4.2337141036987305,3.626645088195801,4.147589683532715
82249acaa2644f8bec8d0ef6a989cb48,0,3.4618921279907227,3.5684988498687744,4.8040924072265625,4.329911708831787,4.924710273742676
1370bc7b09d8aba5217474b7bc493890,0,3.0647904872894287,2.858695268630981,3.4629526138305664,3.973007917404175,4.086538791656494
00c5326120068b2e67f3cb98218bf335,0,2.9187302589416504,2.744952917098999,4.239197731018066,3.127785444259644,4.377361297607422
734fcecb19b4934ea2a6c240bf0289a9,0,3.438574314117432,2.7656290531158447,4.436273097991943,3.793337106704712,4.264349460601807
4d7ac96e44e98ca5b8a0a4b688bce6d3,0,2.3017466068267822,1.8126192092895508,3.9099602699279785,3.4603962898254395,3.681145191192627
e546630b21e6ddc0b685cf5cb879455f,0,2.8668830394744877,2.201817512512207,3.4688308238983154,3.5588667392730717,3.8173727989196777
4e711ba22c1a9f2ca1b687fb65f2cca2,0,2.598318099975586,2.6432323455810547,4.232786655426025,3.3695662021636963,4.217813491821289
d079fe63498c5f80ee7d0ac35a20cea4,0,3.226247310638428,3.047889709472656,4.420097827911377,4.096921920776367,4.575088977813721
bcc577101db79ab54ddcf777f3b42e9e,0,2.5798401832580566,2.5627777576446533,4.322994232177734,3.4185354709625244,4.31542444229126
ad34a34ec81646cc142e38548ff8d3c6,0,3.287849903106689,3.273044347763061,4.602235794067383,3.7872939109802246,4.585880279541016
02a91761097df1a45c98c1fb6476a8e9,0,3.395103693008423,3.6128413677215576,4.37920618057251,4.1554155349731445,4.649096012115479
839ad8297df4768216d3bd6050ae41a8,0,2.874989748001098,2.680466651916504,4.184804439544678,3.35750675201416,3.836004734039306
decf8f4c42bf07aacf9f0a7680d18268,0,2.578104019165039,1.9645428657531736,3.532745361328125,3.614659309387207,3.524714708328247
f0c37ddfe3a2589ba71b5ec86041d07f,0,3.2329440116882324,3.372721910476685,4.405088424682617,3.6790833473205566,4.6961822509765625
bc00da89e582ffede9b92f10ca6e9a30,0,3.242960214614868,2.9871442317962646,4.000073432922363,3.874256134033203,4.049160003662109
5c2b982296b91165e5772adea869ceaa,0,2.87313175201416,2.476649522781372,4.080796241760254,3.145965814590454,4.082479953765869
587b8c781adf45161591be88e3068323,0,3.406651020050049,2.8378336429595947,3.9702110290527344,4.164495944976807,4.114407062530518
2b0caa766148c743051e7868985cc7e0,0,2.846179246902466,2.4983701705932617,3.937032699584961,3.1915950775146484,3.754772424697876
af5fb7ee78616e4d1134db203f3f9c9b,0,2.757345199584961,2.825568675994873,4.077971935272217,3.0041394233703613,4.054388523101807
4de4c115b6f3b6232c3800add3f4c745,0,2.745708703994751,1.6281803846359253,3.807415008544922,3.725669860839844,3.8065152168273926
2811a73833b5964af7fc9fea1b41ee9b,0,2.8817660808563232,2.4621851444244385,4.219357490539551,2.737998962402344,4.055093288421631
40fba69fec9e9463843aca3735e75850,0,2.388424873352051,1.8987164497375488,3.3226847648620605,2.9760618209838867,3.5695064067840576
fe1aa4ff024fedd1c74e820885bcbcdb,0,2.955235004425049,2.302450895309448,3.78680419921875,3.211743116378784,3.857865571975708
5ce1c4da9ea6a26c56b44b676235ece4,0,2.5626511573791504,2.4096455574035645,4.003743171691895,2.2072014808654785,3.9502511024475098
a6bf637a6833e79137ce5e8cba296462,0,2.4677014350891118,2.4444236755371094,4.028524875640869,3.661323308944702,3.803231716156006
4f5e6364c2e49ab4381fb220a95b9946,0,2.2322306632995605,2.4780867099761963,3.9604644775390634,3.08966064453125,4.077640056610107
ba5044df1133858e45015fe49c39f19c,0,2.143439769744873,2.077770471572876,3.811570644378662,2.5161657333374023,3.493269681930542
1ff7c3ff3fec222bad663c6b8b1cb2de,0,2.939427137374878,2.583182573318481,4.036481857299805,3.314903497695923,3.641132354736328
429c2791fbc3ac6c419c8d58374b96a6,0,3.2600884437561035,3.31372618675232,4.464272499084473,4.14667558670044,4.579123973846436
b4daacd6d33ba877d3e5713b63a98973,0,2.82529091835022,2.8498997688293457,4.209348201751709,3.8791933059692383,3.861297845840454
3bf207257d617a0cc71962153a38a8d0,0,3.549283981323242,3.756257057189941,3.894030094146729,3.969417572021485,4.539780616760254
474c50283e5dd1b993f4d4745394b2f8,0,2.386754274368286,2.166520118713379,4.034987926483154,2.751256465911865,3.646423578262329
21b3f4bb89647a8bfd5b01bc4679db5a,0,2.661695957183838,1.9987207651138303,3.7934420108795166,3.1020402908325195,3.4222280979156494
e7f3dcb23bc757fac6d947b6a5a0d99c,0,3.269310712814331,3.439215898513794,4.134390354156494,3.629519701004028,4.760828971862793
e76a6b4166d2b92fa7e4b169b6eaa8d1,0,2.326251983642578,2.0244176387786865,3.7196221351623535,3.6814236640930176,3.490377902984619
6fea8e8640cd0ca44e3abb1dc9f08e18,0,3.028174638748169,2.5778279304504395,4.4228949546813965,3.2659897804260254,4.319092273712158
749fe99ba2028d3159ebe8cf3d422c20,0,2.028144598007202,1.9574832916259768,3.414210319519043,2.555164098739624,2.6888175010681152
d040bfeacf72382b2d690da677f29fea,0,2.6911091804504395,2.47125244140625,3.952359914779663,2.8406124114990234,3.981323003768921
95b92531e76b42361b7ba063fbb8fdb2,0,3.1102004051208496,3.376286506652832,4.624474048614502,3.961759090423584,4.657290458679199
79ed8be4e811e9a1bd68f55bb98331dd,0,2.5204195976257324,1.3159533739089966,3.721983432769776,3.3637185096740723,3.785614013671875
58e616526cd12ea624e4884ddab1ddeb,0,3.254077434539795,3.3540263175964355,4.428637027740479,3.677560567855835,4.825360298156738
dcc0bf4f9114c198f94eea855adc07a3,0,2.763296365737915,2.339735984802246,4.1038970947265625,2.9077882766723637,3.898836135864258
712ea68c7390747a8c45508f1957fbd0,0,2.371356964111328,2.1709351539611816,3.782968759536743,2.9719839096069336,3.597111225128174
43c96b339efea19ee30cc5f5918e68de,0,3.2234325408935547,2.845679998397827,4.650946617126465,3.746397495269776,4.506667613983154
6150691c4bf1907e2692096735dbe220,0,3.4715776443481445,3.540792465209961,4.28021764755249,4.063199996948242,4.283913612365723
8bcd326bcbe1d2e81db94d4bd67c29fa,0,2.30437970161438,1.9753751754760744,3.5653445720672607,2.718320608139038,3.217533588409424
bcd6eba7cfed7a2372fed8bd31d4b5b0,0,3.0158846378326416,2.5393452644348145,3.581616163253784,3.5145397186279297,2.492950916290283
c67859faf997266f76f4b5e63c068437,0,3.949686050415039,4.378222465515137,4.580880165100098,5.231992721557617,5.022637367248535
357cb273a483961b52c892d85f26db1a,0,2.6703414916992188,3.0369014739990234,4.230900287628174,3.487048864364624,4.316268444061279
d826cc5e685c9ad4d5bf2959ff324b4b,0,2.650650978088379,2.705364465713501,4.344539165496826,3.510993480682373,4.333006381988525
41c6f36d67436ef19d6650d78acf3d09,0,2.655716180801392,2.580282926559448,3.9205806255340576,3.2494866847991943,3.231635808944702
84978f4d473d34760b6f9ee126a5267f,0,2.924610376358032,2.684373378753662,4.309288501739502,4.045065402984619,3.745887279510498
a28984ffd96f98ff27527ae03e546cfb,0,3.2041008472442627,3.2816619873046875,4.451995849609375,4.105509281158447,4.506239891052246
773807fb545020368ef2d1d5868c1fb7,0,2.65978741645813,2.589919328689575,3.965404272079468,3.1619670391082764,3.6511638164520255
1aae424a612014a74c45fb7c5d57e6df,0,3.0130555629730225,2.1834464073181152,4.41438102722168,4.074923992156982,4.384092807769775
399a138dd5131cdb2566f077861a346a,0,3.3189854621887207,3.0618999004364014,4.459001541137695,4.194486141204834,4.400320529937744
7797dabd587fcb61ff2194da384de8e6,0,3.0615453720092773,2.779168605804444,3.304662704467773,3.821005582809448,4.021034717559815
5a0f64e6280bbcbf0a666d031b683c9f,0,2.832988977432251,2.258356094360352,3.8903963565826416,3.172618865966797,3.1886157989501958
903e6d1b1f0e7f35d05196445cd1549f,0,3.6532468795776367,3.6665334701538086,4.829092502593994,4.413054943084717,4.923933029174805
fb18e4fb30e4c914c7c2b75ed584c5e4,0,3.187326431274414,2.908787727355957,3.749882936477661,3.9680800437927246,3.9922783374786377
10429b03eba0f1bc53d00a318f310a35,0,3.3028576374053955,2.7671051025390625,4.427854061126709,3.63906478881836,4.107244968414307
ac8b4f1fb1c6635aa89ed6ddabe2f6a6,0,3.0209455490112305,2.911692380905152,4.029309272766113,3.0780882835388184,4.041503429412842
bb933048e687dc4ecc893b64080ad5e9,0,2.9047508239746094,2.922169685363769,3.38726019859314,3.969757556915283,4.147994995117188
ce9693f110244fc9d306c4946d21b455,0,3.988381147384644,4.296757221221924,4.695767402648926,5.091471195220947,5.230403423309326
d50999fff381378c565e9729d7a201cc,0,2.050901412963867,2.3288469314575195,3.742472887039185,2.2257931232452397,3.536654472351074
32772b73b26c4fabfe423a14f4f44d65,0,1.984946727752685,1.4153549671173096,3.302766799926758,2.216415882110596,2.7054638862609863
e47a7a8c9f9a27698b4565e154cb5760,0,3.0469508171081543,2.927223920822144,4.198174953460693,3.469182252883911,4.155081272125244
507e44771b5b564f07b6bd042a5b7ccb,0,2.305004835128784,1.4104160070419312,3.555622100830078,3.280449867248535,3.3701326847076416
ac1a1c9528f3b26a02d28a405c69c9e4,0,2.895371198654175,3.2855300903320312,4.419739723205566,3.223287582397461,4.623680114746094
c4004fc735d99b371f577db0d9f3c658,0,3.1341307163238525,3.2505440711975098,4.380927085876465,4.002965927124023,4.461909770965576
4c7a25c6f05721659793bb34751dd174,0,3.1288764476776123,2.219612598419189,4.410671710968018,3.9300475120544434,4.482926368713379
1e2c3d25b676936bc09dea14a3166bc5,0,3.00944185256958,2.524230480194092,3.993725061416626,3.8434557914733887,3.736375331878662
acad89b0eeba254848c5e2f7ad26f09b,0,3.0097572803497314,2.681239604949951,3.960174322128296,3.3861782550811768,3.875973463058472
1ba819ff9444018ce7f3e262fc5cd8bb,0,2.8163275718688965,2.488304853439331,3.894257307052612,3.209926128387451,3.944641590118408
b943f9283417f727638f7b00814aabc0,0,2.3888633251190186,2.202990770339966,3.811731815338135,2.4935803413391118,3.669023990631104
1aa5d6d3912839ca6bb8a68222802ec2,0,3.0792770385742188,2.8425512313842773,3.978884220123291,3.6538703441619873,4.072690486907959
c97033eae2acb7c7b436fd7bec151a9a,0,3.3871407508850098,3.316307544708252,4.253652572631836,3.5232558250427246,4.820602416992188
bd1605f0dfc8b982021a79ee5958ed17,0,2.5333168506622314,2.915422201156616,4.076306819915772,3.343454360961914,4.033437252044678
2191079650908e81c1dd7bce4dd25490,0,3.5499064922332764,3.405707597732544,4.342185497283936,3.602048635482788,4.489692687988281
9a67839f756246c71167c323b4af7d9a,0,3.221567153930664,3.188464641571045,4.680078983306885,3.8429064750671382,4.495697498321533
4dcf2980ded434b96b773520b34eb1bf,0,2.895580768585205,2.68125057220459,3.905095815658569,3.727915525436402,3.8243234157562256
b6d7c2c01760c05065a5ac7ff7e05670,0,4.148911952972412,4.3681254386901855,4.6652607917785645,5.179656028747559,5.134773254394531
81f42d99a5c0a4841dd57862ddb91793,0,3.1792564392089844,2.6202821731567383,3.8337881565094,3.737776517868042,3.86421275138855
7c612824d8418486585589c20cc0efa3,0,2.580830812454224,1.884068727493286,3.3162522315979004,3.3132569789886475,3.2400171756744385
f05fef04bd23930306e861cc9e803a44,0,2.086533546447754,2.0670278072357178,3.481622695922852,2.741549253463745,2.0432302951812744
26de4fbe4a37c0becd848ddb978b9dcd,0,3.076523780822754,2.4649157524108887,3.779820919036865,3.569190740585327,3.779862403869629
401cbaf11798139d1a80bd6ccf7d5b99,0,2.3774330615997314,2.5893330574035645,4.003579616546631,3.405125617980957,3.913305282592773
7a7e904433824396dd48ee458aaa9dd6,0,2.1731672286987305,1.9373581409454343,3.1425323486328125,2.679119348526001,2.296262264251709
8559f5c7d5f16f7cb538f6d2648c4752,0,3.087146759033203,2.545098304748535,3.930516004562378,3.199087619781494,3.974252939224243
370c5cc44129f0868a75c9b5033ed80f,0,1.9573311805725095,1.5654246807098389,3.66257119178772,2.327428340911865,3.481885433197021
1a93d5099179754c0d688233951342a7,0,2.305302619934082,1.867430686950684,3.490570545196533,2.4396228790283203,3.5103039741516118
660875c3a29c6fddd3b4539b726f23d7,0,3.2001874446868896,2.7065858840942383,4.07490873336792,3.807985305786133,4.091770172119141
65826d4e786b690a734b4d5f2fed0d4f,0,2.671356439590454,2.511132001876831,4.095722675323486,3.629338264465332,3.8379507064819336
00e43fb660c36dafda4d7e48570d20bf,0,2.808422565460205,1.9195510149002075,4.102089405059815,3.643429756164551,4.086358070373535
a34f9dcaeaa751f8dfb73c64036a354f,0,2.4388554096221924,2.0243444442749023,3.883974313735962,3.0892372131347656,2.592385053634644
12bbe09cf7db6e4bf3b87b3e3a1403f1,0,3.45538330078125,3.262603759765625,4.405299186706543,3.708619594573975,4.237903594970703
f4caab33d21370a0421b0d081a3889e0,0,3.427353858947754,3.329810380935669,3.646202325820923,4.210456848144531,4.419300079345703
a2342942597950e52382ffd43fceadb7,0,2.405067682266236,1.881361722946167,3.786734580993652,2.647078514099121,3.452341794967652
9bf80da812c5a1a81619cc6ed88b60e8,0,2.3727829456329346,2.2355544567108154,3.939911127090454,3.5201265811920166,3.5782482624053955
5f75751d76e019d8dad77c277013b475,0,2.907197952270508,3.1120171546936035,4.091071605682373,3.230556011199951,3.787852287292481
388d429352d322acc4cfda4c89a2016b,0,2.783144950866699,2.799713373184204,4.3207597732543945,3.708714008331299,4.194155216217041
7b897f72d9922bb055bc1f2eb4601941,0,2.6959469318389893,2.248696565628052,3.649435043334961,3.606799840927124,3.658349752426148
b8faf04fcd347ee17ee19093eff14441,0,2.91660213470459,2.721161365509033,4.141667366027832,2.970749855041504,4.212302684783936
967d76946d054635fc1890e38e9a0078,0,3.3452906608581543,3.084080934524536,4.330048561096191,3.5104379653930664,4.270026206970215
e40fed18c1ad179a9ea76c7a9d2f09ab,0,2.3659234046936035,1.8706392049789429,3.671985149383545,3.097194194793701,3.210045337677002
24017a25b37fffe7ad03df55c01045b2,0,3.440605640411377,3.277254581451416,4.248239040374756,3.813917636871338,4.340034484863281
14f8721fe0b416a87ca30ae51275ed8d,0,3.0285117626190186,2.517275094985962,4.059077262878418,3.271082878112793,3.7002201080322266
b6eff99cf480661bf68e04eab555e34f,0,2.515749931335449,2.4374747276306152,4.021210193634033,2.477083206176758,3.973767757415772
6f616a26bc0528833454d4bf3e744824,0,2.3913514614105225,1.604179620742798,3.862579345703125,3.3160617351531982,3.689154624938965
e55c595f88ca023bef93b78ee66fc060,0,3.253852844238281,3.01133131980896,4.194201946258545,3.398841381072998,4.318288326263428
0137c2c97f752f6cd6b5619841fbcd03,0,2.6791088581085205,2.61637020111084,4.14190673828125,3.594326972961426,3.7951061725616455
3aac2ee3fd7c7f9aa062cebb4a714c70,0,3.381741762161255,2.877629041671753,4.44936466217041,3.645803928375244,4.224935531616211
ce15bffab02bdb75f0ffbadfe5544cfc,0,2.536165952682495,2.597337245941162,3.94801926612854,2.9508402347564697,3.787343978881836
eea3688d7dd24bdc89832da8b811e927,0,2.5012128353118896,2.402350902557373,3.983974456787109,3.4887280464172363,3.900932788848877
4f7dd20c71cb83dd0e36af3ce3e7dd68,0,2.935662269592285,2.8986949920654297,3.9606900215148926,3.6915535926818848,3.742279767990112
6806a540038a5b7da3edfd30dd18f41b,0,2.673006296157837,1.9573910236358645,4.159801483154297,3.693588733673096,4.01158332824707
d262f0fe3b8c0502cbf5f874bf51ef16,0,3.078686237335205,3.029308557510376,4.169313907623291,3.233811140060425,4.23455810546875
5d9b2ef0bd99c8322adcddb1bd7c5ca7,0,3.429983377456665,3.2528388500213623,4.461163520812988,3.593658924102783,4.245913028717041
8f0444cae6a4192b78a21eb68dbb35b8,0,2.4052107334136963,2.0737557411193848,3.493613719940185,3.3599050045013428,3.710010766983032
579a71ba705ef0bf99af9d22fd04a46b,0,2.293671131134033,1.885321855545044,3.520244598388672,2.6551947593688965,3.3897640705108643
a1795d2afc1c144919a64b772f08ae82,0,2.7726449966430664,2.791493654251098,4.149739265441895,3.838388442993164,4.122183799743652
8b60a940a906cfe52283fcf48393327b,0,2.316153287887573,2.509209156036377,4.037290096282959,3.316206455230713,4.05269193649292
1b1468e795d8822ebf16f3cb565c481f,0,3.206547260284424,3.0817770957946777,4.153357028961182,3.403882503509521,4.030061721801758
1df57e5229455c0b78bd8fa542b3fc33,0,3.252526044845581,3.2076668739318848,4.7092766761779785,4.091678619384766,4.784827709197998
44da2c0b3b9574ae414cc07798ff58ee,0,2.2482266426086426,1.8941843509674072,3.398056030273437,2.524048328399658,3.216595411300659
ac5717c4e7edb4c61be896c3396c2417,0,3.183945655822754,2.621074914932251,3.0744059085845947,4.045901775360107,4.337754249572754
56b7d6a2aeaf4331225db925d94dbd8f,0,2.92185640335083,3.0330610275268555,4.261035442352295,3.198774814605713,4.501880168914795
78a96cc2f2fb7ffd2b8e76a557e9e88d,0,2.0411455631256104,1.943498969078064,3.642322063446045,2.505718231201172,3.179720163345337
bd94e9ec775d7c815be6184355a9c3ad,0,2.7091257572174072,2.443501710891724,4.100772857666016,2.823338270187378,3.875037670135498
7fe30bf510d7f7512ac424bd183612a3,0,2.8319520950317383,2.440189838409424,4.150000095367432,3.2923450469970703,3.368889093399048
5292b66b8b4a1076a8005aa0979c06f5,0,2.0203723907470703,1.7896745204925537,3.2325968742370605,2.129602432250977,3.0382184982299805
1abea794f7aba82311020b6c1859e819,0,3.728459119796753,3.718198537826538,4.962665557861328,4.389193534851074,5.124828338623047
ea179c23b80ed67fac092e8b7ae8c1a5,0,2.4250612258911133,2.493271589279175,4.003848552703857,3.2283620834350586,4.033113956451416
3016c741009d460ce5aa6c2d2dc4b2c9,0,2.738816499710083,1.8186599016189573,4.215514183044434,3.832460403442383,3.990475416183472
59bb4a7ffdcf99e4cb03a64f5d7ee67c,0,2.0323736667633057,1.7470699548721311,3.574686050415039,3.0189266204833984,2.647202491760254
1d9c9cf66dfd0877ad2214d4c52ba74b,0,2.628880262374878,2.3546245098114014,4.052792549133301,2.57236385345459,3.8435966968536377
f6d00eb1bde587a3b776a39706b907e1,0,3.405849933624268,3.728081226348877,4.794960021972656,4.3076348304748535,4.956250190734863
2f203fc1f245f002d9e43001027cc635,0,2.389689922332764,1.8497157096862795,3.916524887084961,3.649347543716431,3.628570556640625
bd96230ee1f75772efaad2422ac55d5d,0,2.35707688331604,2.231454849243164,3.9829394817352295,3.675113439559937,3.6192352771759033
cee1595e9157133414d0f7fb3361fde4,0,3.490961790084839,3.372882843017578,4.123533248901367,3.995387554168701,4.376338481903076
a691a1f56da68e47eb5d927e521a3cd7,0,3.426037311553955,3.4589946269989014,4.340391635894775,3.918018341064453,4.222713470458984
9197ea11fc2de3d2935d4ae419fe46ba,0,3.1091971397399902,2.689119577407837,3.879975080490112,3.741201877593994,3.8091633319854736
0aee9ca1664e7597b929a6bccd8325b3,0,2.223909616470337,2.3024678230285645,3.8385238647460938,1.869402289390564,3.962855339050293
30347c29e83849bb553af1ed932c090a,0,2.921105146408081,2.6179399490356445,4.255022048950195,4.193371295928955,4.150848865509033
1e0b038b8f555f46830b8f8059e0220c,0,2.792457342147827,2.4521732330322266,3.936439275741577,3.3670005798339844,3.537071704864502
3caeb07dd87f19558f21546891502649,0,3.5507652759552,3.7418735027313232,4.822811126708984,4.282423973083496,4.971432685852051
2b3ee9d27e5fa3a4e1246ee53f124385,0,2.849778652191162,2.608222007751465,4.062345027923584,3.101510524749756,3.937044143676758
2b8cf233ede3e9ff4cfc4552193ee285,0,3.475730657577514,3.2655675411224365,4.25586462020874,4.039153575897217,4.261444091796875
24db81058eec08d7f1a9ec9bf0258498,0,3.4859514236450195,3.58052921295166,4.5533833503723145,3.7469332218170166,4.76183032989502
700a96e9483f53d4b99f9ba58003d544,0,2.8652360439300537,2.766286373138428,4.173827648162842,3.356170177459717,4.069775581359863
dc49e8bb6c579c4b29e06af700a950a9,0,3.4175539016723637,3.5494418144226074,4.482226848602295,3.8892276287078857,4.949636459350586
e0cc10051cb83d5e1b97f7de1699e405,0,2.656799077987671,1.8156791925430296,3.936022520065308,3.3173506259918213,3.2777042388916016
c53a7492f53e3f23e994a8e63a916542,0,3.5035054683685303,3.30159592628479,4.902644157409668,4.045773506164551,4.718235492706299
70987c7ef76d01cf981376763ee740f9,0,2.35438084602356,1.931786298751831,3.606537342071533,3.096410036087036,2.59578275680542
5d4a773446856c331ad0e07496ee0846,0,3.202052116394043,3.125882625579834,4.408461570739746,4.127503395080566,4.531581878662109
9f1b13f89cca9f41aa8a550ef4bb91ca,0,3.608754396438599,3.8293569087982178,4.793546676635742,4.211755752563477,5.070631504058838
a5e4bf79116b8691ce762e8505dd9790,0,2.98526382446289,2.6263489723205566,4.186573028564453,3.477463483810425,4.089761257171631
85ed50babc068686414b5bb4b73a3902,0,2.9601972103118896,2.8167171478271484,4.116358757019043,3.1577348709106445,4.002871990203857
37934ffdee974237a80f5ff9a311a620,0,2.4018540382385254,2.252450942993164,3.513820171356201,2.9071202278137207,2.322232246398926
119c23e9c99b2e3ea3af53b14dd4c7ec,0,3.403977632522583,3.4863805770874023,4.635434627532959,4.3581061363220215,4.708643913269043
1f48320a9b6eb41970bd1a8a4dad8d18,0,3.646174192428589,3.4138307571411133,5.1124796867370605,4.021785259246826,5.027290344238281
fd634fedb1531500d81e6f6817d44a5f,0,2.612921476364136,2.1930041313171387,3.968264102935791,2.3163208961486816,3.9824295043945312
74ea30822ab977d23f02a89bc5270d32,0,2.6750247478485107,2.380838632583618,3.980680465698242,2.7784323692321777,3.9341070652008057
ddf9a35e12aa5430da55838c2bea2ffa,0,2.344310998916626,2.0498180389404297,3.710844039916992,1.729379177093506,3.7574148178100586
368e0adeaf97a21c44ecbc88d7d607c3,0,2.7125139236450195,2.96706485748291,4.40789794921875,3.574885129928589,4.342110633850098
66875f0f9d5cac410d81e5088c4e3a2c,0,2.704993724822998,2.6279103755950928,4.097738265991211,2.9708025455474854,3.7496933937072754
5aed635e503cdcd4f4ba0c45d9bbf443,0,2.8623502254486084,2.3147549629211426,4.122255802154541,3.245737075805664,3.88103985786438
359c7328234bb37793846455a1247962,0,3.253164768218994,3.014487266540528,4.563735961914063,3.4460670948028564,4.450401306152344
48c9971f69aaf38ca3045baed178c97e,0,3.534146785736084,3.807121992111206,4.842422008514404,4.437676429748535,5.138669490814209
c031c69a99e63599c46d85fa4e6e836f,0,2.9814131259918213,2.884072780609131,4.153627872467041,3.717121601104736,4.0014190673828125
6298b892483c813b6b28af3655d7e3a2,0,2.7216572761535645,1.843267798423767,3.844114303588867,3.563927412033081,3.893154382705689
df6e5f041b56bb675e34ee44467df2f4,0,2.4210681915283203,1.713850021362305,3.856912136077881,2.890288591384888,3.710238933563232
5d286e2c905a8886ed820fc0f47b8f94,0,2.278331756591797,2.5004420280456543,3.7344236373901367,3.225717067718506,3.814088344573975
f6bb9b2a4e4049706fa2f66c0b717253,0,3.6650407314300537,3.984132766723633,4.108419895172119,4.133738994598389,4.842681407928467
8455013d4aeea32eb049703425554825,0,3.3361918926239014,2.938863515853882,4.157560348510742,3.5078487396240234,4.2758073806762695
564a9203a0c3077afe07a60a6d8ba60f,0,2.846102237701416,2.4195878505706787,3.849403142929077,3.781171321868897,4.2913031578063965
91c0dbbd51513f3d6c626be9a8d260c2,0,2.888108968734741,1.9659500122070312,4.073044300079346,3.3776376247406006,4.037540912628174
4343f01c155b5958ec8dc794c536c453,0,2.7873010635375977,3.1566808223724365,4.078233242034912,3.0859792232513428,4.204147815704346
480be179cd7f828e2e1df6cc78e8a387,0,2.947320938110352,2.496443510055542,4.278171539306641,2.8980562686920166,4.170495510101318
0dda0c5788f07bdee9d4cfcd301993c0,0,3.3798794746398926,3.388924598693848,3.982873916625977,4.114082336425781,4.264923572540283
791a9ef1496eaa3f3f2b76788522ae3b,0,2.730984926223755,2.5419366359710693,4.24240779876709,2.8643479347229004,3.958166360855103
c13f0a269324f13fbb3d92419c845351,0,2.24483060836792,2.119702100753784,3.9359192848205566,3.419767379760742,3.54119086265564
3b0318305aaa1212125476e6a5d871c1,0,2.408687114715576,2.1925289630889893,3.738663673400879,2.837844133377075,3.606533527374268
8d744698b15cfcacb810147e9b60d791,0,1.9673657417297363,1.6774346828460691,3.623157262802124,3.025648593902588,3.57723069190979
28fe04653cddfed4db85d112912640f2,0,3.452599287033081,3.60145902633667,4.714533805847168,4.2899017333984375,4.792136669158936
edde82a94d7dca9e334a654b7000a406,0,3.3557944297790527,2.7654850482940674,4.385690212249756,3.668471813201904,4.1966753005981445
fecac4dae7fe19d2c387c13e1e07cbba,0,3.187962770462036,2.7297096252441406,4.085418224334717,3.4158568382263184,4.034341335296631
e073c35d3bbd92e15f9db367c542e58c,0,2.787033796310425,3.2051572799682617,4.390016078948975,3.151330947875977,4.636954307556152
5328921e905e69c5ff3addc026072feb,0,3.2678141593933105,2.731862783432007,4.06202507019043,3.7200639247894287,3.9777913093566895
b9fc6923649f861d616fb94c42cb848b,0,2.236144781112671,2.42775821685791,3.8724424839019775,3.354026556015014,3.720780849456787
b6d7c3791100b7c40d862b374388d0e7,0,2.4943690299987797,2.6661267280578613,3.958941221237183,2.5454564094543457,3.898798704147339
e8ac8d973ba3f3c2250311d207328def,0,3.0556013584136963,2.6752514839172363,4.287191867828369,3.4822030067443848,4.048361778259277
9ca5dd63e3a186884b15fb3132c13978,0,3.1709060668945312,3.04866361618042,4.145342826843262,3.32746696472168,4.251486778259277
700f8aa57ae7e91c9ca97123f156b731,0,3.1577069759368896,2.9907541275024414,4.163252353668213,3.251684665679932,4.038986682891846
1436eb9c39812d8547e9f0b7ec76700e,0,2.6121387481689453,2.629653215408325,3.981502532958984,3.202350378036499,3.4584603309631348
f528e4a317f81e49f1533f99991971c4,0,3.17457914352417,3.20711350440979,4.348029613494873,4.325423240661621,4.432713508605957
7722a85851ad6c13664fe3cca24a9881,0,3.3100686073303223,3.0892937183380127,4.371313571929932,3.882498264312744,4.137874603271484
b6613ed022410b83bed8871174c9c316,0,1.9323209524154663,1.24558687210083,3.4597043991088867,3.091403007507324,3.521864175796509
d9f15a59fab8d8b7da0642c65f930200,0,3.5247583389282227,3.14746356010437,4.623271942138672,4.437480926513672,4.787802219390869
62be9b2a5e5c747aaf8358d7bb7fa07e,0,2.288330078125,2.231870651245117,3.934331178665161,3.406078338623047,3.598878860473633
894cb4e4174eda93046cd333926bffbc,0,3.477482557296753,3.415576934814453,4.183830261230469,4.326587677001953,4.556906223297119
cc31b93500c6f60944247c6bff52719f,0,3.1485228538513184,3.625166654586792,4.472724914550781,3.6932315826416016,4.97944450378418
f301d8518a005b414fd536a8e994c714,0,2.480067729949951,2.413586378097534,4.007478713989258,3.6763315200805664,3.6570770740509033
2f57624f9769f38a62df629d4023e401,0,2.34582257270813,2.2016313076019287,3.8274567127227774,2.267056703567505,3.371431350708008
9f1b0381ab13cc9aa25c612b3218d326,0,2.885520696640014,2.845123291015625,4.093324661254883,3.106541633605957,4.262428283691406
9d0bb4797186c2fae82b34938e391ca6,0,3.572080612182617,2.8103761672973637,4.94624137878418,3.9191935062408447,4.75167179107666
34c7e1e803f7e8289af4f61d9b21f8fe,0,3.1087563037872314,2.8068559169769287,4.4235520362854,3.751457452774048,4.230734348297119
32098f1f152ecb447fa3f3ddb25d3939,0,3.0231118202209477,2.694549798965454,3.9492454528808594,3.2078332901000977,3.920378684997559
3dc9786d1fbd60a99b2139bb7b534bcc,0,3.0222513675689697,2.959944248199463,4.287232875823975,3.876895666122437,3.9571053981781006
2308d3fcac7f3cbb8b481fec8d06066b,0,2.461775541305542,2.415891408920288,3.8713266849517822,3.195939064025879,3.832464218139648
482d2535631a279936fd1fe217c629ec,0,3.617758512496948,3.4947097301483154,4.267612457275391,3.98595666885376,4.262036323547363
1f0a44f4e4c97887854613bf70b7426e,0,2.7166011333465576,2.4904377460479736,4.082423210144043,3.517299175262451,4.165728092193604
880a90f9a1e6371a1dc0fbf9053a6b23,0,3.307636022567749,3.43430757522583,4.602178573608398,3.6703639030456543,4.799906253814697
d27cdc2621f023bdc7924a5b1097f622,0,2.6370444297790527,2.68388295173645,4.111583232879639,3.06461238861084,3.5821518898010254
f8ed3a808ad25973a6e4371459b150c6,0,3.3134870529174805,3.441703081130981,4.67452335357666,4.19221830368042,4.740887641906738
e079ff5a86310284af79af53dbb116b1,0,3.20708441734314,3.1599433422088623,4.626336097717285,3.796842098236084,4.45199728012085
3bfcf7847380b45ee43515178aa5b3f5,0,3.059746026992798,2.883266925811768,3.710308790206909,3.572573184967041,4.091341972351074
4e835f21b183611d0c4a097d960103dc,0,3.210453987121582,2.899810314178467,4.002314567565918,3.632806301116944,3.8414697647094727
fbae9db091ad7ffb377ad53bd1dcdf54,0,2.6479241847991943,2.261990547180176,4.18161153793335,3.4077041149139404,3.9075498580932617
acbcf02bef9e18344155b2008990d51e,0,2.869723081588745,3.014747381210327,4.212342262268066,3.2436225414276123,3.7695834636688232
3d0d0c809fe3f0c45bb3e4405c0a7401,0,2.9031593799591064,2.7849271297454834,4.208280086517334,3.322390556335449,4.003036975860596
e9ac03abea3f85552143584c47310c7e,0,3.117880821228028,3.1198570728302,4.231799125671387,3.344569683074951,3.946402549743652
bfa59a8cbbf5804e797f44566c46973e,0,1.7091156244277954,1.7727339267730713,3.21242356300354,2.317351818084717,1.6447079181671145
ba1a68df0c4115aa6bc1f2b8b22476ae,0,2.7738687992095947,2.547535181045532,3.468752861022949,3.7603814601898193,3.641880035400391
1fbd05337adf4970d6d1dedb1a6925ad,0,2.829163789749145,2.058212757110596,4.052773952484131,3.63278603553772,3.9883902072906494
b9791325e0db985f56570c9ff1326261,0,2.609280586242676,2.8006930351257324,4.339696407318115,3.3168694972991943,4.296050548553467
3aa3a5f513e2502a7857273d879d945c,0,2.4279656410217285,2.315480709075928,3.918301105499268,3.63384222984314,3.660032272338867
015ebffa8eda88c3621d93b08c125a4b,0,2.3622148036956787,2.1954479217529297,3.391279697418213,2.995087146759033,2.3398962020874023
90c02a3474dd09327625db111843c9c3,0,2.5524606704711914,1.633055329322815,3.9345009326934814,3.1009693145751958,3.959803819656372
17bf27ad20dd7c1a06338d8d24f9b822,0,2.7941579818725586,2.026369094848633,4.310392379760742,3.424711942672729,4.113321304321289
10126a855f785b21ab1e734023f56ba0,0,2.4199938774108887,2.1063714027404785,3.7047910690307617,2.6125450134277344,3.7425882816314697
e44445d27fe46e3b6d0e6bbd0453412d,0,2.51077651977539,2.318710803985596,3.815300941467285,2.926750898361206,3.624144554138184
558d6085d6b324d2f5893a926e9729f0,0,2.7610087394714355,2.870976448059082,4.112298965454102,3.051435232162476,3.975660800933838
d8959fe230a5d335affe500c076c2ac5,0,3.0960638523101807,3.255079507827759,3.859066247940064,3.8756837844848633,4.146596431732178
f24cf975201cacb252dd86b0142ff2bf,0,2.177584171295166,1.708409070968628,3.644326686859131,3.08682918548584,3.4587290287017822
87290b7a54edef169804f66b24189bbc,0,2.698124885559082,2.492665529251098,3.858195543289185,3.0631425380706787,3.76945686340332
fe18299a6ad2229eec61312da40e86b4,0,2.1665518283843994,2.0676302909851074,3.365957736968994,2.822107553482056,2.2303740978240967
ef3bcd0ac5a525e9dca3e8c84b64dbfd,0,2.479310989379883,2.7139601707458496,4.173208713531494,3.4561190605163574,4.287295341491699
f1db4b3f2cb10b20e92368e468622f9a,0,3.2588894367218018,3.0614404678344727,4.276402473449707,3.5845983028411865,4.02752161026001
a59a4b04c4f4f02e3ac8079b9c5cacbc,0,3.230641365051269,3.193243980407715,4.526793956756592,3.816965103149414,4.455111503601074
5df7ab92655efb44cb43155c187ca2c2,0,2.5691819190979004,2.367927074432373,4.104148387908936,3.4388132095336914,3.5120441913604736
bfba4a5d65eb00619f7fdd6150ba2a4f,0,2.399763345718384,1.5635112524032593,3.6860191822052,3.2685742378234863,3.7056589126586914
69a5160e68f8cd169e235720ccd0f4c9,0,3.279989957809448,3.450658798217773,4.40265417098999,3.7556657791137695,4.835209369659424
e189674f917f79e3e38e872d0c862a98,0,3.361788749694824,3.0156850814819336,4.015653610229492,3.8982396125793457,4.093667030334473
b428750098ab6fb16d0c33b03ceb0d24,0,2.751701593399048,2.734648466110229,3.8399674892425537,2.9890871047973637,4.056038856506348
13b0abbabe08db81c549b580348ce0fa,0,2.7127108573913574,2.4606268405914307,3.887051582336426,2.813403606414795,4.10908317565918
e6960383671c79e3f58a0ec406896ea7,0,2.873654842376709,2.3887810707092285,3.8526899814605713,3.496170997619629,3.7879483699798575
5356a5c8e8b14c20ef2e684853df0a6e,0,2.1196889877319336,1.1340447664260864,3.564894676208496,3.228077888488769,3.5524144172668457
1163c099ca658c6c2fbba41a603d3aef,0,3.1064116954803467,2.983383655548096,4.30127477645874,3.4675052165985107,3.85580325126648
e236ac9d2522278d9264e270891b249d,0,3.119478702545166,3.567584753036499,4.329133033752441,3.6265790462493896,4.655906677246094
76d555e2cac0e21aa6797d58fff3d834,0,3.489542961120605,3.620303869247437,3.548649311065674,4.134765148162842,4.485114097595215
d719d8209091884863e11388ef39e9dc,0,3.412848949432373,3.803330183029175,4.6031365394592285,3.811988353729248,4.849936485290527
e3a92a449f6e01ebe50735bd32107209,0,2.5243732929229736,2.2010507583618164,4.1671648025512695,2.4328651428222656,3.8918745517730713
9fe2aca5c066830f7183b7070aa66930,0,2.765094757080078,2.688316822052002,4.059676647186279,3.024465322494507,4.014413833618164
67df72524da2d7ec2037470c3bd9b3cd,0,3.2570600509643555,2.0843639373779297,4.64764928817749,3.745984315872192,4.52931022644043
46addf40ca3cec976bc88d6c44e8756d,0,2.579066753387451,2.929120779037476,4.0883073806762695,3.3923914432525635,4.056190490722656
4b16787b0c7dba10b07055637555dea6,0,2.690937042236328,2.618723154067993,3.855984687805176,3.53540563583374,3.4299120903015137
937a97b28a096de8f7c38a8eb2efc98c,0,2.5404419898986816,2.455570697784424,4.038778781890869,3.54713773727417,3.740924596786499
beb3563fc57d0c88a4295d2bd00275a2,0,2.488275051116944,2.0952837467193604,3.6808419227600098,3.161175489425659,3.009420394897461
8d45eb7ab7abba44773fcc3bb2cd6b70,0,2.258737564086914,1.9518909454345703,3.980276346206665,3.2633602619171143,3.435299634933472
de661eedbcc3bbfab987fb8b63f483b1,0,2.9187581539154053,2.880287170410156,4.300730705261231,3.9250781536102295,3.936260461807251
3d1c9f89fdee86a603b7352cc0be144a,0,2.690569400787353,2.4094955921173096,3.6917645931243896,3.161644697189331,2.664703130722046
b36ec2339700cf79e216b1d0972c8e04,0,3.5385165214538574,3.3925082683563232,4.492650032043457,3.739423513412476,4.3978271484375
0e8a1bce0260260386ce305777981ce6,0,2.799560308456421,2.5862205028533936,3.959071397781372,3.1737756729125977,4.001376152038574
503e401780f40e99abdfede569754903,0,2.4243204593658447,2.725586175918579,4.064764976501465,3.1717352867126465,4.092457294464111
dc196224c7796d3141c865d9c4ead94a,0,2.110945701599121,2.1477222442626958,3.634367465972901,2.734623908996582,3.9082088470458975
5c97a612951d5e16adf747413549e00b,0,3.364692687988281,3.2128756046295166,4.2780070304870605,3.5668399333953857,4.354287624359131
fc13d8dd22f20666f672219b55ca4513,0,2.6323320865631104,2.424198865890503,3.704033613204956,3.09804916381836,2.543823719024658
49fa0f4fe26bf23ec2bd99e2d25980b6,0,3.421022415161133,3.321977376937866,4.188139915466309,4.018809795379639,4.306854724884033
80191f8bae91230043b3e5a4edb189d7,0,2.470824718475342,1.784618258476257,3.78310751914978,3.5354721546173096,3.812642335891724
8a14dfe2ffd48aebbdd7a7c53a54b810,0,2.629023313522339,3.005650758743286,4.150908946990967,3.557133674621582,4.113265514373779
2b6727636da6d33cc3a0e803939e6e1c,0,3.614410877227783,3.5376296043396,4.0469160079956055,4.193800926208496,4.471351623535156
f5e1c26019da6480bc4d5902c933a49e,0,3.105844736099243,2.88219690322876,4.210201263427734,3.2753560543060303,4.2350945472717285
ad4cedc81ac1c36efcbc900fce491f89,0,2.900751829147339,2.9909117221832275,4.243786334991455,3.609449863433838,4.157438278198242
978e280f8ec9c96d2cf9ddf03cb134bc,0,2.541407346725464,2.7257637977600098,4.203381538391113,3.440042018890381,4.170826435089111
42ed3fecf69acd35cc1b35f68d810e39,0,3.4004151821136475,3.2647621631622314,4.026724338531494,4.150330066680908,4.2128214836120605
76e44e783b1227114eb94cc3325dc6cc,0,2.5402474403381348,2.0586509704589844,3.6753411293029785,3.02404522895813,2.4361934661865234
6d0d53843271bafb16054143310dd3ca,0,2.3488597869873047,1.694265842437744,3.730260133743286,3.626218318939209,3.57417631149292
7866d936d31e51dd74dca1a5c283e314,0,2.6830973625183105,3.106930494308472,4.125794410705566,3.3957982063293457,4.062834739685059
a70234981c7ff422d964909d867b0af9,0,3.4930691719055176,3.367865800857544,4.416635036468506,3.667891502380371,4.086987495422363
5db6cbcec29399e46649180dfd842570,0,2.0750174522399902,1.979238986968994,3.7948672771453857,1.8387765884399412,3.64749813079834
fdf0304ac8e1c7d6d1619720a9db0396,0,3.281202793121338,2.82300353050232,4.411956310272217,3.493735074996948,4.570344924926758
2bd8b43a5180175fba45b0af2ef6d200,0,2.464860200881958,2.211796522140503,3.371091842651367,2.8670878410339355,2.5055296421051025
a39eaacdf1ed24f3fbedd2673a4255f2,0,2.3696351051330566,2.3762669563293457,3.9597978591918954,3.5660085678100586,3.671221971511841
9a7ed7712dad1dbd730d352a7d1f5077,0,3.604323148727417,3.568844556808472,4.993516445159912,4.011350631713867,4.912453651428223
197bc7d6412156ed1c6ef92edef9200a,0,2.560477495193481,2.601804256439209,3.9689996242523193,3.3815104961395264,3.93745756149292
0e0298bedd2fbab4d649e87cd267d5d5,0,2.771901607513428,2.1570632457733154,3.909080743789673,3.756850481033325,3.883154392242432
fc40e7d72cca534b286e4dc49b9c59dc,0,2.6437342166900635,2.393756866455078,4.084814071655273,3.1475300788879395,3.951153755187988
e4eedc3492edb5b7736fb03334f394d8,0,3.18496036529541,3.3448119163513184,4.515477657318115,3.5249481201171875,4.663014888763428
6f5efd81192e9d7f5351635d46a73862,0,3.1796717643737797,3.716503620147705,4.419188499450684,3.806077241897583,4.663999080657959
9d9af7b8cb87f316f77553b1e75a161f,0,3.6192688941955566,3.816342353820801,4.880558490753174,4.372931480407715,5.06488847732544
d0ef673cc24483e357d0408ecff7eb31,0,3.0751519203186035,3.0071840286254883,3.7138168811798096,4.427303314208984,3.913706064224243
952f7a361a05cefef0aeff15387e007e,0,3.3257999420166016,2.8278322219848637,3.848742008209229,3.550203800201416,4.017208576202393
f1fa93cbc0c58ec09dd1c47a8f254b3b,0,3.3984580039978027,2.6353583335876465,4.075088024139404,3.8988969326019287,4.154533863067627
5486b1fb60c2fdcbdab0e63373ebe548,0,3.4134199619293213,3.387650489807129,4.232143878936768,3.985854625701904,4.18065071105957
8ccf5b7ce9ec9686df6360cc49f09dd2,0,2.098992347717285,1.5720136165618896,3.251393795013428,2.9016308784484863,2.380615711212158
ab71de5e463035ef6bf0119ec2b1fb45,0,3.095600843429565,2.990236282348633,4.249783515930176,3.401808738708496,4.027407646179199
b9d18a810d526843e5a3ae9e0fdd3dfb,0,3.003014087677002,2.706519603729248,4.177750587463379,3.102378368377685,3.969083070755005
ff16105187af49d3eadc631005a55e72,0,2.943303108215332,2.734642744064331,4.137213230133057,3.1261723041534424,4.194664478302002
78930a75ab974d68d02e8923886c3fab,0,3.2469425201416016,3.318787813186645,4.483343124389648,3.991521835327149,4.652922630310059
5a7aec5f9331b6c1fcfad3f8105ca94f,0,1.9581265449523928,1.5749211311340332,3.667703628540039,2.980405807495117,3.399439811706543
5183135284940ac1889be93b914b8d20,0,2.5420258045196533,2.7819061279296875,4.332827091217041,3.36767053604126,4.235043525695801
afd51d95acbacbed9f4d21ea2eaaecf9,0,2.917423725128174,2.74495267868042,4.58811616897583,2.917677402496338,4.501986503601074
5e109285fa54ba860923f4ab6b00877d,0,3.14258337020874,3.002876281738281,4.165772438049316,3.1653590202331543,4.063662052154541
da99efbeb221b1ba430039ccf94ae5ea,0,2.9096665382385254,2.5341503620147705,3.8758912086486816,3.968353748321533,3.636584758758545
45c0d0b9fd416a8d072ccfeac142b383,0,2.9378459453582764,2.145202875137329,3.7777256965637207,3.810189008712769,3.615692615509033
2a4cb45df89c1d5b29f8c1b88544c240,0,3.651923418045044,3.588324546813965,4.591449737548828,4.583245754241943,4.588661193847656
65f4112a0b434526a67c6919c2c6b3c3,0,2.933016538619995,2.4436845779418945,3.647439479827881,3.1572458744049072,3.730493068695069
34641eab9ca86f9acb6c957de13d4119,0,2.767627954483032,2.474562168121338,3.620396375656128,3.3202521800994877,2.6539976596832275
8b52bc8ef13586e36f90d26c8135a3ac,0,2.57871413230896,2.331562757492065,3.7873740196228023,3.0148541927337646,3.1057982444763184
0298598ec59559c514e44723028c453c,0,3.2574398517608643,3.0995888710021973,4.178088188171387,3.886157751083374,4.003436088562012
62cd1b0c82bd16ae8a476ca707e6a6e9,0,3.3480448722839355,3.405617475509644,4.695064544677734,4.136579513549805,4.791041374206543
44114d4bc6327a1a88adf399e60ec807,0,3.258334159851074,2.9515066146850586,4.352609634399414,3.5275585651397705,4.148170471191406
10f6f4760f46f626b1ac6074e80ea9de,0,3.288790225982666,3.1653735637664795,3.977625131607056,3.872541904449463,4.01446008682251
414e6e45f94166f804b33b10a98548a1,0,3.0601353645324707,3.231912851333618,4.436657905578613,3.89526629447937,4.480350971221924
9c3d73dd5ff67b21557fac98131068b6,0,2.5048341751098637,2.445751667022705,4.034111022949219,3.566033840179444,3.6516096591949454
e84aeb1f046d1ff28796cbd091a7ef2e,0,2.663839817047119,2.4525797367095947,4.003088474273682,2.8863189220428467,3.94881534576416
5f22198a3614f699bb797a74c5808072,0,2.30102801322937,2.21023178100586,3.7469542026519775,2.5871639251708984,3.788893699645996
2078b2bb2c817005be00a91848287234,0,2.339611768722534,1.4017390012741089,3.789529323577881,3.472676038742065,3.625967264175415
2fec04ade88d8a58e32e14f0d5dc6226,0,3.486346483230591,3.3742218017578125,4.061437129974365,3.9635322093963614,4.191312313079834
ddc3798893a3f513866ab77ead3cb355,0,3.709685802459717,3.849061965942383,4.939984321594238,4.429737567901611,5.026479244232178
d37125561a0ecf4e126583564c34d813,0,2.846771001815796,2.591961145401001,3.831689119338989,3.2883331775665283,2.9417974948883057
27f911bf1b52c22168c942f332580603,0,3.0246851444244385,3.40234375,4.431212425231934,3.4688754081726074,4.635797023773193
08119d82c3dc865bd40596f77f6bf38e,0,2.489242553710937,2.5393850803375244,3.6666901111602783,3.2483878135681152,3.894960880279541
44b951cb27f7375d2e468758ae65051a,0,2.8587982654571533,2.4525458812713623,4.107676982879639,3.264037847518921,3.484250783920288
ab6c2a6e52cbc15ddf27476403031e1c,0,3.284651756286621,3.175842523574829,4.571893692016602,3.885217666625977,4.451448440551758
f89cf1288221c167d8baaab3e61e355d,0,2.389613389968872,1.7695127725601196,4.051815986633301,3.243393421173096,3.937162399291992
3c9d78ef25e5e5ebd27d94a5bbdf0d26,0,3.424152374267578,3.327866077423096,4.081979274749756,4.125313758850098,4.236194610595703
0d5f234578b9d8a72ffdeb4707ddf876,0,2.7714972496032715,2.545954704284668,4.039836883544922,2.950110912322998,4.095472812652588
f20b270c276d87ec3e3e52f5dd146eec,0,3.029204130172729,2.681023359298706,4.2546868324279785,3.317369222640991,3.933606147766113
2befb160df344d65fc7906ba81329311,0,2.790325880050659,1.877402067184448,4.282773494720459,3.7322652339935294,4.125966548919678
efb8804009a2021b85be0db7287d248c,0,3.530686378479004,3.549732208251953,4.011626243591309,4.158489227294922,4.318708419799805
4f52a9091ceb98167d021863c5f7f57e,0,2.651163101196289,2.9732978343963623,4.122162342071533,3.2925076484680176,4.048824310302734
007d7a4c010388bae1d3e18a43ef4ea4,0,2.29091739654541,2.2141149044036865,3.9710135459899902,2.6323676109313965,3.851707696914673
fe6bddec64ba356a36514d1f9222744c,0,2.6375417709350586,1.9559208154678345,3.7921841144561768,3.295099973678589,3.198720693588257
3601a46f3dc8fb6c4ad86411860041e6,0,3.072899341583252,3.00630259513855,4.092846870422363,3.1236140727996826,3.8401074409484863
e0ba3074c010f8e47f14cad3d0bcada1,0,3.0829319953918457,2.706747531890869,4.039083957672119,3.630183696746826,3.897580862045288
bb666506c46c5413824939f79982b863,0,2.9127390384674072,2.731818675994873,3.9061145782470703,3.798104047775269,3.625192880630493
55074645fb488fd8564d1f5df97bd87b,0,2.8424935340881348,2.403010606765747,3.736534357070923,3.379798650741577,3.469589948654175
af80d40d3dbc483065fe67a7b2c004cb,0,3.3504538536071777,3.347863912582397,4.108488082885742,4.029355049133301,4.172046184539795
49cca9f87fa453dbebb7362b8f1d2c68,0,2.3388266563415527,2.337569236755371,3.9357943534851074,3.454735279083252,3.650562524795532
f86409c3296e1c89b615eb41ba8610cf,0,2.4627459049224854,2.2694990634918213,3.866985082626343,2.8228235244750977,3.995728015899658
42aeced9a1896644defa5533c18ade80,0,2.782731056213379,2.719681024551392,3.955402612686157,3.1889584064483643,4.073198795318604
0310791c142ce7dfcd51de2be86dea57,0,3.062326192855835,3.0618958473205566,3.4636714458465576,3.504645109176636,4.056441307067871
fc651840704f897db17dcdfa4eb46361,0,3.148889303207397,3.1584184169769287,4.365348815917969,4.150591850280762,4.238819122314453
4dc46d4069625b52ed78f9cb782fa8a8,0,3.1706228256225586,3.094379425048828,4.317201137542725,3.965503454208374,4.100803852081299
b6497348fd36c8a422789ff147a0a67a,0,2.181732416152954,1.952745795249939,3.2363829612731934,2.49323844909668,2.6862363815307617
2a8b647b366a9d2864b3dc84aa28c1d7,0,2.5405752658843994,2.416909456253052,3.9223906993865967,2.706486940383911,3.6707494258880615
9c04815c52f025d1f603c7b7850de8ce,0,2.39530086517334,1.9603224992752075,3.762176990509033,2.830631256103516,3.615247011184693
b8860af755190f9a59267e3566dfcb5e,0,2.0981130599975586,1.360975742340088,3.651376247406006,2.8744537830352783,3.625010967254639
38d6507e5d15fe61e6b2f26b85cd717c,0,3.5372419357299805,3.624713897705078,4.315730571746826,3.819823741912842,4.914111137390137
5645ec55dbd8898d75125e2c44cf8330,0,3.192204713821411,3.147132396697998,4.351611137390137,3.49430513381958,4.584918975830078
a5832da2851a75d60dd0755d6c4843f1,0,3.1343908309936523,2.6370162963867188,4.3978424072265625,3.510458946228028,4.176906108856201
3fef85e92c07049765896551dcc28966,0,2.5756726264953613,2.676703691482544,4.193601608276367,2.775061845779419,3.622246980667114
f9335930d178987c3335ab416735a265,0,2.2409355640411377,1.310974359512329,3.583996057510376,3.1637470722198486,3.693296670913696
a759aada132b332e8cb6a82be5cab350,0,3.2500782012939453,3.399585008621216,4.710337162017822,3.891378402709961,4.737133979797363
eb8d1a33b9ab9292ab9af61f45541158,0,2.6612918376922607,2.435227394104004,4.019462585449219,3.724388837814331,3.138211488723755
546eb3c38c21ac3394d09f7547c18eef,0,3.1171648502349854,2.67151141166687,3.965049743652344,3.521695375442505,3.836937665939331
dd1e366d63f46915f94634212a25c0fc,0,3.208120584487915,3.482888698577881,4.453345775604248,4.243433952331543,4.45451021194458
cef9714bfb7d5740d04d9fa50d6e9196,0,3.0107312202453613,2.5354926586151123,4.0345377922058105,3.250966787338257,4.122722148895264
06a1ffa52a7055997c703c205b871d30,0,2.570909261703491,2.721464157104492,4.173945426940918,2.582792043685913,4.095149993896484
029d64111d7be480de66533944773db6,0,3.37590765953064,3.1625187397003174,4.546256065368652,3.234468460083008,4.5619797706604
91876de03588133b9470be42cefc922c,0,2.580804347991944,2.9181923866271973,4.199379920959473,3.1747491359710693,4.044071674346924
9162691bd7c29f76f010ee240caa9bcc,0,2.4636693000793457,2.071547269821167,3.8203182220458975,3.171529531478882,3.089747905731201
5f30e076e7b461d135a07ce662d83842,0,2.5241053104400635,1.3061379194259644,3.5445234775543213,3.6055712699890137,3.65646243095398
d48c9f355c6f50a73d68f2a7822f0d95,0,1.8642311096191408,1.8510160446166992,3.3433046340942383,2.102880477905273,2.408198833465576
53b9d6dddab060ade563527bf3a49eeb,0,3.2277514934539795,3.255326747894287,4.507988929748535,3.3701376914978027,4.593911170959473
9dc65c3495eaa37e11cf4eb48080c4c2,0,3.246406078338623,2.696214199066162,3.9449830055236816,3.6950314044952393,3.929210186004639
0045b1c2826bcf294c2dac1188fd7d6b,0,2.470223903656006,2.30051589012146,4.061401844024658,2.5704360008239746,3.684348106384277
8b5bed8ee5feef57bccf7e5b58353f6a,0,2.3632194995880127,1.84666907787323,3.382097721099853,3.634507179260254,3.624836444854736
309490dd79ce77087f49f3c24147ca57,0,3.2660086154937744,3.50313138961792,4.562679767608643,4.093594551086426,4.728593349456787
c27001891296b10136e0bbd6c65037f8,0,2.3352437019348145,2.1263203620910645,3.908424854278565,3.511303424835205,3.5341615676879883
c80f9a9d203c2d53469325337ed43d39,0,3.4945156574249268,3.1868484020233154,4.596659183502197,4.054492950439453,4.545366764068604
79427195f3a0d8220cc2c29929364b0d,0,3.171455383300781,2.9373018741607666,4.398641586303711,3.7087132930755615,3.831943988800049
003bf5c7f56a6f9502e551f5607ddfe0,0,2.916677236557007,2.560243844985962,3.742492914199829,3.519824504852295,3.790675640106201
4888632cd9445593de2f367fb49430da,0,2.7906625270843506,2.6759793758392334,4.058767795562744,2.838928699493408,3.874929904937744
cae59813e7a89abdb52103baf2946747,0,3.2010600566864014,2.5717787742614746,3.733314514160156,4.041848659515381,3.694765329360962
36280dcd4196fa07770aa068f6c278e3,0,2.716902732849121,2.351356506347656,4.093173503875732,3.2993252277374268,3.80743145942688
90ed82c0bdcfa50d9b0ab10840dcaa63,0,3.2418577671051025,3.2278695106506348,4.688957691192627,3.858222961425781,4.437491416931152
9ab07c820e56b8ca4eb13577908e861e,0,2.981897115707397,2.294623851776123,4.060449600219727,3.2507212162017822,3.2176339626312256
a7a1a46e91cce1ca9f3bc544744cd4c2,0,3.3395276069641118,3.498304843902588,4.624241352081299,3.604860305786133,4.819924831390381
9b29fe5554be36fcd6e22bb19e4fe5c0,0,2.934541940689087,2.4307754039764404,3.891481637954712,3.4264848232269287,3.723944664001465
8859c06ecea85ddd99701824ae2544f9,0,2.2364444732666016,1.8219735622406008,3.680332899093628,3.0105226039886475,2.6754722595214844
b7f8d34bea5f553912fa5a63df9ec886,0,2.4189844131469727,1.5694174766540527,3.0710887908935547,3.1805200576782227,3.408527374267578
eb926eaa2ed3d85cae877ed819d80dfa,0,2.230062961578369,2.238269805908203,3.473488569259644,2.7628612518310547,2.2695982456207275
30a588c48a69605f95d0f1ca4c097b0d,0,2.7814688682556152,2.350433826446533,4.119781494140625,3.1047255992889404,3.509296178817749
cf3eca978f0110433821ce3de372d330,0,2.3605265617370605,1.2285982370376587,3.4371118545532227,3.5450730323791504,3.5303070545196533
83d86c9ccad1ed8265595c318268b992,0,2.766428709030152,2.4577503204345703,4.081012725830078,3.676278591156006,3.9901223182678223
71864b5919adf206de486e3ebcddeb61,0,2.498624801635742,1.790113925933838,3.689157724380493,3.540118932723999,3.6091833114624015
3120e9af28d46f14897cbb6094df9709,0,1.988349676132202,1.4459781646728516,3.5022857189178467,2.2514615058898926,2.817507743835449
efa0749eebd91c3fd947762b792f3dc8,0,2.781491279602051,2.567687511444092,3.492211103439331,3.398612260818481,3.948934316635132
c7573cf0d8b149c052dec25e1d366ba6,0,3.0985219478607178,3.3991854190826416,4.607038497924805,3.463559150695801,4.861597537994385
65740b8023f6d0cb977ffb911e853ae9,0,3.1081223487854004,2.290695905685425,3.776451826095581,3.4359893798828125,3.526459217071533
69087d3ff5792569203b8d679c0d0e22,0,3.0956196784973145,2.157921314239502,4.052192211151123,3.7987022399902335,3.9496169090271
c48f876448220ac300d09ef0fbc38aba,0,2.63919997215271,2.37038516998291,4.04689884185791,2.553910255432129,4.06387186050415
89dbee0213ea192cfd50aff46d0039ef,0,3.026329517364502,3.126058340072632,4.285457611083984,3.417306661605835,4.508387565612793
17d78d00c1fef001f6a05235deaf1c8e,0,2.4436960220336914,1.8665152788162231,4.035499572753906,3.510133981704712,3.8824965953826895
5d2874ae61282814d5ec407956ab99bd,0,3.2101736068725586,3.428488254547119,4.604673862457275,4.0454607009887695,4.810647010803223
b3a03a17ca0614d61395a96102d83f88,0,2.269164085388184,1.8421882390975952,3.003537654876709,2.616973638534546,2.3009541034698486
a3a3fd27caef2f09b0907956bdac98e5,0,2.340605974197388,2.198307514190674,3.707006931304932,3.5168824195861816,3.8199074268341056
00ba35217f70c6f289a69bbb37cdb1ec,0,2.820472002029419,2.8625402450561523,4.261817932128906,2.971152782440185,4.210774421691895
f6118674f810c4f52dbeb79ea810c0ab,0,2.3829073905944824,1.5696882009506226,3.842946767807007,3.510293245315552,3.7813503742218018
eef89ddd8d747f5adef0889e3abaf97f,0,3.024099349975586,2.6090900897979736,4.069208145141602,3.274401903152466,3.8182175159454346
3ec47f258666fc8b7ceb2c2b56eb3caa,0,3.03650426864624,2.825044870376587,4.118801116943359,3.3524959087371826,3.729423999786377
af807ac069f64842cd7663ec656f66bf,0,3.3090169429779053,3.5505142211914062,4.321338653564453,3.698160409927368,4.741563320159912
e54db609db35273d102f7623b30e5ab4,0,2.677368402481079,2.1378848552703857,3.840207576751709,3.665221691131592,3.1707632541656494
5194579dc1c30bc3a8d11851f25cbe9e,0,2.310415983200073,2.020026206970215,3.709134578704834,3.050121784210205,3.183197021484375
238c9673462d67af6e2e28045db05431,0,2.621427536010742,2.3390769958496094,4.124040603637695,2.4772839546203613,3.96792984008789
638641aa12bb1c0fbdf60ffdfb17c4f2,0,1.714093565940857,1.903512716293335,3.936014175415039,1.4692962169647217,3.586751699447632
0343842a7281a3e1a0c6d235467bacc0,0,3.208655595779419,3.628521919250488,4.531678676605225,3.668804883956909,4.706369400024414
49331c942ac6418732f06d66c4f53d20,0,3.271270036697388,2.0694499015808105,4.633398532867432,3.731870889663696,4.553647994995117
e33523beb8e8e9ee09f61904f3468997,0,2.4736123085021973,2.3144376277923584,3.453319787979126,2.9737398624420166,2.2777085304260254
5c6141369dfdb65644e184837f05868a,0,3.130427360534668,2.576969146728516,4.171891689300537,3.454598426818848,4.018893241882324
f8f7f1db1a22b9f2a085e55161aa7d3e,0,2.8912248611450195,2.584188222885132,4.000842094421387,3.844777822494507,4.015385150909424
dba0b09f2358d875a88ac10f9a67f247,0,2.193091869354248,1.908107042312622,3.886377096176148,3.470160007476806,3.628286123275757
68850e4d1b2aff2a87d3336a525969f5,0,3.045175075531006,2.565354347229004,3.937923192977905,3.721895456314087,3.9380087852478023
fb4c6adc27b0dcd89f48733d474a449a,0,3.36172866821289,3.0446603298187256,4.379314422607422,4.0407328605651855,4.305196285247803
a7a0d76356c3b10f529bd3c01046b092,0,3.17642593383789,3.019183874130249,3.9902243614196777,3.690070629119873,3.8875174522399902
b742c0f71bd6236b936084001abe8d2a,0,3.016902208328247,3.099388599395752,4.54227352142334,3.157597780227661,4.678989410400391
7c504f4d5a456d8c5bdeaf8293efac9e,0,2.3320093154907227,2.2826662063598637,3.978128910064697,3.3756890296936035,3.6322238445281982
c462e7004c8310573112115402f02a2e,0,3.020071029663086,2.5134499073028564,4.325345516204834,4.027985095977783,4.159111022949219
dda56d899cfcf7ee3035aeddf1fe3781,0,2.950129985809326,2.6885499954223637,3.713112831115722,3.7866299152374263,3.974378108978272
d242e5cd37a2088391415fe1eda1873b,0,2.9365041255950928,2.658375024795532,4.135365962982178,3.613444805145264,3.814772844314575
c6997a4599318eae32e0a68461e630c7,0,2.562908887863159,1.9718602895736692,4.095434665679932,3.821034669876098,3.994038581848145
92ea43e2570d6ac94266be29b9e22a00,0,2.6400797367095947,2.574313879013061,4.131109237670898,3.702959299087525,3.7885117530822754
8b59300411d74313d92438b13324380c,0,2.509962558746338,2.3028552532196045,3.9260547161102295,3.040414333343506,3.202897071838379
01c3cdc2af44354a4f87b5c051ad62a8,0,2.3085293769836426,2.119178771972656,3.7609570026397705,2.351654052734375,3.806155204772949
345e1f38670e35d147c7f4f6ba2d9ef8,0,2.3215603828430176,2.2337522506713867,3.5936026573181152,2.826874017715454,2.3238401412963867
72fb9a4e70832c23b845e6ebf02ceb9d,0,2.5767104625701904,1.6479377746582031,3.893858194351196,3.234611749649048,4.0066423416137695
7ce8a0dd8575a358b1facd41af00c207,0,2.52717661857605,2.1344311237335205,3.9322681427001953,3.097886323928833,2.848269462585449
76611ee1dd4167142ab237611f716b99,0,3.290689468383789,3.180187225341797,4.2353949546813965,3.831373929977417,3.946282148361206
4ed59b747ceae61d1935b2f9b2c1d472,0,2.469934225082397,2.404306411743164,3.7145256996154794,3.085058212280273,2.499781608581543
d53578b09e4e8c7caf02ce7e4eb0f789,0,3.169240474700928,3.3134682178497314,4.590407848358154,3.725918531417847,4.697909355163574
a54e1152991c9d1d4f04df4dcbd459c0,0,2.8422327041625977,2.5832979679107666,4.067718982696533,3.14967942237854,3.849026918411255
f60ec942e43ff8f3ff9596d6abf159ed,0,2.820119857788086,2.582472324371338,3.945828914642334,2.945549488067627,3.978764772415161
38196efe5ede75bf0e97cfc16d6bf025,0,2.079416275024414,2.027951240539551,3.8362317085266113,3.497462034225464,3.481027126312256
56df2eea70977746661a11a832a1e362,0,3.0022192001342773,2.6747186183929443,4.14371395111084,3.4627723693847656,4.033133029937744
801942a3e94622491dd3458c2b6214d5,0,3.5558338165283203,3.443718433380127,4.480352878570557,3.616641759872437,4.276312351226807
74d1cf5fd4ca901e36d6852e8e0c0a63,0,2.1416263580322266,1.8544338941574097,3.3842885494232178,2.9737038612365723,2.802839994430542
f70abb3055cdded516784c179d50890d,0,2.7806472778320312,2.747849464416504,4.1119585037231445,3.42414665222168,4.015386581420898
6f941383bea29e373c8734b5c67859d7,0,2.6433265209198,1.8430137634277344,4.187770843505859,3.480959177017212,3.981860876083374
1292fa0f449885f0ce961d4ebb1579d9,0,2.3341827392578125,1.6261965036392212,3.3056912422180176,3.338613271713257,3.5366744995117188
2ac4c108788f6ef6f4e524b38d72b29e,0,2.7146201133728027,2.099897861480713,3.8812527656555176,3.135018825531006,3.607316017150879
b561cc951105edbbd7b952f8cc08a880,0,3.359092235565185,2.248674869537353,4.298821449279785,3.790594339370728,4.303287506103516
c59deced86eb5569c879d473c0e3a7b6,0,2.9125547409057617,2.7541890144348145,3.9602534770965576,3.411656618118286,3.373323917388916
e1e3b6680aa6c6b7da62a8db10f7b43c,0,3.222623348236084,3.4035909175872803,4.339425086975098,3.728873252868652,4.736958980560303
e3a9c5ca9e4b3fd3cce4db783e9d4872,0,2.5988078117370605,2.685302972793579,4.29116153717041,3.449763774871826,4.271100997924805
19a0a106d5177bc8746f38f95a077465,0,3.573843479156494,3.517570972442627,4.432908058166504,4.01373291015625,4.303180694580078
6d3930cc02ded1f6a10ff64f36b0e740,0,3.1379408836364746,2.6659653186798096,3.911114692687988,4.445680141448975,4.033937454223633
5ccdf5c1fe177f112bf8ad7360642aae,0,2.3081486225128174,2.416664361953736,3.9748973846435542,3.223339080810547,3.95417046546936
b46e80fbfa3af43deb41230ae2354be9,0,3.064368963241577,2.8242549896240234,4.220518589019775,3.601505279541016,3.5889017581939697
c30e99db51408fb51cbbc04d46a384b8,0,3.1043407917022705,2.9590229988098145,4.3275532722473145,3.7656214237213135,4.109626293182373
9ede24888bc7ebd0512b9ed86f09df96,0,2.640180349349976,2.3653669357299805,4.057725429534912,3.40686559677124,3.466270446777344
5b03bc2511f6d5eb90cb8be13434eb69,0,3.393852949142456,3.2270078659057617,4.272084712982178,3.979468822479248,4.15661096572876
7be89ce86ebf3b6fe00c0be461e21a35,0,2.803224802017212,2.4801042079925537,4.102849006652832,3.372586965560913,3.884174346923828
a4f2a91d1d9221e0feb4784fcafa2c5e,0,2.7500200271606445,2.298525333404541,3.8628296852111816,3.469694137573242,3.880267143249512
4712ba0fcc99737f2ac0d7c6ac63f260,0,2.611711025238037,2.487849712371826,3.898859024047852,2.828775405883789,3.859628677368164
8d5d52cf8c81273e87f7848bd57b4cb9,0,2.493507146835327,2.7216179370880127,4.1993842124938965,3.1593518257141118,4.162862777709961
3cdd8f0f37036305c9d0cd32f69132d3,0,2.798941373825073,3.18816351890564,4.449399948120117,3.5750508308410645,4.410284042358398
4018e36272db4a18913e3077d5f4f16d,0,3.0830655097961426,2.536629676818848,4.25454568862915,3.285104990005493,3.827950239181519
46342600d76a9f43093533cd66244b84,0,3.378513097763061,3.246811628341675,4.306559085845947,3.443397760391236,4.428048610687256
9822230972331b0ac4c8b2b219f9e054,0,2.8502330780029297,2.442511558532715,3.6135237216949454,3.014964818954468,3.4006423950195312
aa6db914aed34db3c3332aed1efdb59f,0,2.874552011489868,2.4286556243896484,4.188956260681152,2.8992021083831787,4.0227952003479
eccd8c9aafd3fc3766e29ac54c4f86fa,0,2.428145170211792,1.680800199508667,3.920444488525391,3.715048551559448,3.718801498413086
5af418ad04d6e5911f932f3ba774bfe3,0,2.9755327701568604,2.7102060317993164,4.18752384185791,3.47859001159668,4.115763187408447
33898c449c0da842da5ada202504646a,0,3.454240560531616,3.543938398361206,4.685998916625977,3.8059873580932617,4.926403045654297
857f0e8c2f98357d11b9d21a50e2f370,0,3.5758612155914307,3.831453323364258,4.923807144165039,4.466882705688477,5.1170196533203125
58f9940e96ffb1c621d35dae06f96464,0,2.506570816040039,1.1797428131103516,3.567488670349121,3.5453901290893555,3.687171697616577
8ffc3a6475313d9b463fb34bb957e87b,0,2.6217119693756104,1.855918526649475,3.657151699066162,3.568037986755371,3.5314841270446777
f5b6323a7b720e05192248ef90738777,0,2.91848087310791,1.95843505859375,4.325552463531494,3.624423265457153,4.281013011932373
dcc02152103bce43681097025c502394,0,2.277820110321045,2.397287607192993,4.009512901306152,1.9225683212280276,3.917248487472534
54146beca80a71cdaaa79c098fcd34e1,0,3.3959686756134038,3.2018792629241943,4.729218006134033,3.978191614151001,4.557321548461914
fe00e91d65d9d8e25a2213ab9a63e578,0,2.5021603107452397,2.5639870166778564,4.034279823303223,3.570483684539795,3.675457000732422
a3bee4ba4c1198e9c794f816ab049300,0,2.135030746459961,2.094836711883545,3.70898175239563,2.6839306354522705,3.476031541824341
987a04f0f6b78fcb8fbb698bb6aab2ef,0,2.7455761432647705,2.1534435749053955,3.829838275909424,3.1014888286590576,3.753465414047241
ec204e5b9e43261fcf6093f7da5f4006,0,3.188795804977417,3.501636505126953,4.403104305267334,3.548901081085205,4.375092506408691
3a62660bd340441a44404deb5c272a5a,0,2.732189893722534,2.335115671157837,4.022032737731934,2.4019322395324707,3.986221075057984
d58610ce5c01cd35c26859214221ea22,0,3.0446717739105225,3.0653507709503174,4.193986892700195,3.715799331665039,3.84860634803772
b262eb41f5f31d0a4f6b3d931cdc70e2,0,2.838923931121826,3.246929883956909,4.397418975830078,3.514702081680298,4.342306613922119
2a38d3335f2b4dbca987479cdac547c7,0,3.066350221633911,2.760364294052124,4.053660392761231,3.5398271083831787,3.906301975250244
537285909f4caece37d3b0a59df5d046,0,3.971951484680176,4.296085357666016,4.582175731658936,4.828987121582031,5.21295166015625
e8ecce8690d7f0bb6e828e1e10078185,0,3.0164527893066406,2.701547861099243,4.017969131469727,3.451763391494751,3.8655812740325928
d6691f982ddda7771b9587249b2dd1de,0,3.2383716106414795,2.260124921798706,4.730715274810791,3.6806445121765137,4.43895435333252
80aa31feec7baacf58134854d5b4116a,0,3.087080955505371,2.865307331085205,4.269624710083008,3.3207571506500244,4.086379051208496
4d9264150b5f9bbfc32801701597c561,0,2.9113712310791016,2.870429039001465,4.067812919616699,3.074286937713623,3.904526948928833
2014a75025f6f3a1053c19e815c37972,0,2.620590209960937,3.0717790126800537,4.317567348480225,3.500142335891724,4.139764308929443
2decb85cb3a240f02b3ae84c283e41c6,0,2.8874294757843018,2.6290154457092285,4.06269645690918,3.1219899654388428,3.6507973670959473
5e2dd7906a685988f69d9fdc548b68e3,0,3.1832351684570312,2.696748733520508,4.033283710479736,3.981126546859741,3.765270471572876
35ed59c7a3244d491ad20d6f58e20904,0,1.9750969409942627,1.877331018447876,3.7271573543548575,2.2186174392700195,3.360917568206787
3e5cd240321bbad0709dcf94d578fe65,0,2.4885945320129395,2.396510362625122,3.9357099533081055,2.8102335929870605,3.875828981399536
bc8f94358e89739497d8b9b4cf84a564,0,2.714012861251831,2.1388328075408936,3.81627893447876,2.876589059829712,3.243986129760742
d2462244ef6b4527af2d57e037d6bf94,0,2.5575718879699707,2.508603096008301,3.820091962814331,3.164905071258545,2.3709716796875
77ae78b931f50f538f3b74ef8bc9471a,0,2.5184459686279297,2.715573310852051,4.283608436584473,3.5800185203552246,4.161623954772949
bd51147d49998c53e06bfc0449363440,0,3.249579429626465,3.3089754581451416,4.678822040557861,4.004573345184326,4.663676261901856
6160587636d33cbaf8eaec9bb6107f51,0,3.004810571670532,2.693608283996582,4.291733741760254,2.8376142978668213,4.211579322814941
084223d4996e32da25f96414e52fed3c,0,2.26491117477417,1.3612408638000488,3.888700485229492,3.386897563934326,3.701381206512451
af941dcdfcf21b54890c3154f78753cf,0,3.542616128921509,3.451038122177124,4.921572208404541,4.207233428955078,4.886263847351074
9a97575461d10a00f3fdf4c43886ab52,0,3.1115424633026123,2.7396934032440186,4.0492143630981445,3.5714690685272217,3.858412265777588
5b61130fba47965ae2a57f522ed307fc,0,2.5239744186401367,2.7121853828430176,4.253146171569824,3.3506669998168945,4.204139709472656
334612d86dec16333adc04a9461be58e,0,3.412353515625,3.1674389839172363,4.454482555389404,3.5860514640808105,4.255139827728272
8eb54201316f9a11c56a08d5cc7e5e20,0,2.3713219165802,2.6262447834014893,4.167437076568604,3.1736464500427246,4.115487098693848
a3eca76f94caafabcbfb9fe92b1c8112,0,2.4261999130249023,1.8493263721466064,3.517289638519287,3.0158514976501465,3.3747568130493164
dda793bf8df0687e4bde40028569d424,0,3.3280646800994877,3.324747085571289,4.19516658782959,3.912145137786865,4.075392246246338
6c0c3bbead9f8b8571fe1c21b9fb6cc9,0,3.384028434753418,2.7659740447998047,3.672309875488281,4.04719877243042,4.433289527893066
bacbf7b3ca0e45f95aef752cd4b2ef8a,0,2.5120396614074707,1.3701988458633425,3.61552619934082,3.508390188217163,3.663383483886719
c32bb0437909ee2685b0cd27cddb613f,0,3.2248103618621826,2.69801664352417,4.405834197998047,3.4489998817443848,4.166074275970459
6637228299bae170933abf199bc6fcdd,0,3.641761302947998,3.76288652420044,4.851242542266846,4.457025527954102,4.99639368057251
3ec68bcfb1484b206d1dbb0b88087e38,0,3.486415386199951,3.655372381210327,3.8272204399108887,4.093736171722412,4.563954830169678
3ed0da7656fcddaf2d427b5a7d2559f9,0,3.313033103942871,3.435382604598999,4.652354717254639,4.133370876312256,4.838663101196289
89dcf8fd942a3705f8eac740edc8b70b,0,2.9259355068206787,3.2329914569854736,4.37312650680542,3.3424346446990967,4.522294521331787
a555caa0537953456b4029a4f97c0c7c,0,2.988802194595337,3.0427908897399902,4.31181001663208,3.0818653106689453,3.933819770812988
4a094c2f1a165c6467a744c525da5a71,0,2.211610794067383,1.7422499656677246,3.7422902584075928,3.0701324939727783,3.7185988426208496
dac4b8354ce8f145094692e1b4f302af,0,2.916440486907959,2.47121524810791,4.13784122467041,4.230861186981201,4.296558380126953
70db9b51d09a29149c79eec98c48c45c,0,2.5559628009796143,2.6992783546447754,4.299034118652344,3.308234691619873,4.292394161224365
ec63af2db0fc58fcc3e5d6019caca01c,0,3.397800207138061,3.2372848987579346,4.098559856414795,4.02154541015625,4.226357936859131
68edad66226f5125c4954a8e2fee16f6,0,3.102214813232422,3.110089063644409,4.015244960784912,3.928773880004883,4.060209274291992
ba2bc714ac8db22e8d4fff2bf6571011,0,3.4096200466156006,3.333314657211304,3.4050722122192383,4.0186543464660645,4.422188758850098
b2702a79e55772e16eb6bcdfd2ffddd3,0,3.750201463699341,3.677107334136963,4.675677299499512,3.839749813079834,4.817433834075928
44bbe5b4ec659280901940b99fd5967f,0,2.84963321685791,2.6746902465820312,3.7939376831054688,3.4701602458953857,3.041372060775757
7c8ed6c9696deed47a89be3a4d1463f1,0,2.8638293743133545,1.7281010150909424,3.925770998001098,3.4085183143615723,3.962451457977295
e876046e66124d5f813c85aec957aa64,0,2.6470189094543457,2.755033254623413,4.200859546661377,2.9974923133850098,3.8002636432647705
cee89f9a3d50ec2270928bc7e6a9e8ae,0,3.2668027877807617,2.837069034576416,4.022519111633301,3.522854804992676,4.006838321685791
d3b985461d45bcea1525c1b1f9d4d38c,0,3.242677927017212,2.8640503883361816,4.259160041809082,3.431576728820801,4.017682552337647
945d62e2bb3a04e66b608f592db3c363,0,2.9690773487091064,2.2812178134918213,4.2965288162231445,4.022420883178711,4.268346309661865
ab7d84502ed110742938ca1499fec64c,0,2.968940734863281,2.330106019973755,4.258601665496826,4.102798938751221,4.272011280059815
e71895042e144f8ae898a4e02ea5e945,0,3.668100118637085,3.6392815113067623,4.351940155029297,3.97447657585144,5.004364013671875
00449f9991ec147f58be2278b8b0ced8,0,3.2276620864868164,3.107293128967285,4.610887050628662,3.8271923065185542,4.3594489097595215
57766e2bb81f1b99ae49952e6db55ac4,0,3.269417524337769,3.351193428039551,4.515257358551025,4.134006500244141,4.555396556854248
a80235c086fe22e32c494592692fccbe,0,3.1231584548950195,2.9658312797546387,4.307178974151611,3.4726696014404297,4.0781073570251465
0445d7ef67194ce06e83555c45539eec,0,3.404427528381348,3.492449283599853,4.738940715789795,3.9532508850097656,4.582183361053467
cead5ce61aa2774947f9abe2fceb06d7,0,2.7996535301208496,1.8345167636871336,4.049687385559082,3.459758281707764,3.97429633140564
b0db73bcab8340e4a22a0e9f10ea7e9b,0,3.394551992416382,3.6723647117614746,4.491398811340332,3.6838223934173584,4.95504093170166
8d2d79a08d3ada325934b3442b6841af,0,2.7809457778930664,2.4054436683654785,3.900081157684326,2.683343410491944,3.7844443321228023
4d1918409bdbbde34888b687ba10b03a,0,3.1567165851593018,3.397622346878052,4.515233039855957,3.416499376296997,4.62024450302124
fb399ea28f527ad01d9d77485b885dd4,0,3.2180392742156982,2.530620574951172,4.39556884765625,3.7993433475494394,4.128467559814453
fd9c0b8165764156fc3fa5a83120d18b,0,3.28749942779541,2.857737302780152,3.765247106552124,3.768929481506348,4.247195720672607
f62be4775abc4ce2509dab12b5a604f0,0,3.320413827896118,3.4743306636810303,4.644807815551758,3.685959577560425,4.774550437927246
f83c523983281dddd62600c0acf336d8,0,3.033884286880493,2.698774576187134,4.077943325042725,3.382004976272583,3.796900987625122
a443ceafa0ce2b85ac2257f231f7958d,0,2.594972848892212,2.692805051803589,4.244802474975586,3.1225838661193848,4.307762145996094
22bc5ae52c0615d1c394d39f92fbdb70,0,2.215771198272705,2.324959516525269,3.845832586288452,2.091306209564209,3.860151052474976
4cc22f15fafd02c061d3e8964e50ce67,0,2.469717502593994,2.851160764694214,4.312127590179443,2.1373538970947266,4.148996829986572
6c67ce3558d8ffde07446e59bfab6414,0,2.476828098297119,2.3445324897766118,4.054172039031982,3.6797027587890634,3.746798515319824
4f505054383fdfc007ce7a4cc82e07a1,0,3.276486873626709,2.7089078426361084,4.388449668884277,3.574960231781006,4.154967784881592
db453df7f1002e3772b2b68f5d2af6a9,0,2.701222896575928,2.9931256771087646,3.967407464981079,3.4146878719329834,4.023509979248047
11a5b3e0ad371dbcbfbc551231932f5b,0,3.225247621536255,3.114500999450684,4.126659870147705,3.9899511337280273,4.237397193908691
a20e49ec96c2aaa9a3cb570d274976eb,0,3.2049906253814697,3.5360524654388428,4.5967230796813965,3.632565259933472,4.935375213623047
cc33e5c836643d388ee11749d8e656b4,0,3.485610246658325,2.9845123291015625,4.333428859710693,4.606356143951416,4.657848834991455
40e010c36363978543ead95fd24aead9,0,2.7194302082061768,2.125851631164551,4.155919551849365,3.933835029602051,4.100402355194092
6d5d08459413c308bd12fe939b0cd561,0,2.6764707565307617,2.8123867511749268,4.2447509765625,3.5147767066955566,4.326004981994629
ce480abcefb71e404490613c3739d93d,0,2.1290361881256104,1.5932629108428955,3.756920337677002,2.320910930633545,3.5574748516082764
9f21be4f243856c4697ad5ec9cfedca1,0,3.30643081665039,3.11315393447876,4.738475799560547,3.767778873443604,4.552565574645996
64cf5c2fd8d9701c2cce9b50974be16d,0,2.2018041610717773,2.0550169944763184,3.722724199295044,2.5072498321533203,3.557551860809326
514054220550a61815bfb380ae1af27c,0,2.755577325820923,2.401934862136841,4.040375709533691,3.018916606903076,4.135663032531738
50afe3af503bb7e83b557ec73b22ba17,0,2.747354507446289,1.9685750007629397,4.280361175537109,3.803222179412842,4.152159690856934
77a1476ce75f513261e1281f1dec95f3,0,2.5924997329711914,2.080965042114258,3.742964506149292,2.731079578399658,3.63753604888916
9f75e9a7af72bbddcc89b741f533b1b9,0,2.582237482070923,2.4580140113830566,3.984001874923706,2.53501558303833,3.931868076324463
744077b2d97e4ad2476af9f149114f87,0,2.6439967155456543,2.03878116607666,3.780628204345703,4.069985389709473,3.9063913822174072
a4513ec66087ee21c824144c98f1c6a3,0,3.5760316848754883,3.284292221069336,4.673640727996826,3.609945774078369,4.538754940032959
cc7af2fbbeb7f1d7ebc994b88fc03246,0,3.925708532333374,3.794723510742188,4.1800150871276855,4.714618682861328,4.888532638549805
bb1828d7c249131b917b0d99213ce4df,0,2.8190245628356934,2.4273228645324707,3.8576152324676514,3.244734287261963,3.683683633804321
054fb55dd37f4e13998f5f44e6413337,0,3.368675470352173,2.8449738025665283,4.470280170440674,3.7638356685638423,4.250920295715332
cd0d6e19a8a9d8738d9384cae4d47f5a,0,2.463958740234375,2.684516906738281,4.180406093597412,3.254700899124145,4.119581699371338
2c299f0b5776c582da5aa8e1dfd468a0,0,3.02692985534668,2.5995943546295166,4.09356689453125,3.2774975299835205,4.234193801879883
a233c680c0063dbcb9d66c70ce1df98f,0,2.476548671722412,2.551299571990967,4.139130592346191,2.5214576721191406,4.051976680755615
21d79a35f47e6896ea5f5112c1074c4f,0,2.012178421020508,1.7018606662750244,3.416122436523437,2.338369846343994,3.182448387145996
2ba9a8f731da40967cbce59ecedb7de3,0,2.24871826171875,1.5703980922698977,3.983194351196289,3.440903425216675,3.766996383666992
7b4a5d4153f61d1256643a63b66bfe02,0,2.7779088020324707,2.2972068786621094,4.057541370391846,2.9931225776672363,3.922271728515625
bc29f3b1bfba26ed05d4cb231c9b15b9,0,3.852893590927124,3.9915695190429688,3.653661012649536,4.615899085998535,4.973811149597168
e5335c011fb656620cf450d21ef1b09a,0,2.5605626106262207,2.218796730041504,3.953470468521118,2.8757572174072266,3.374072790145874
4275b9dc231efccfa6ee0cd034b594b2,0,2.809518575668335,2.717059373855591,4.025990962982178,3.156308889389038,3.9093613624572754
f76138b0163353ee7e68735706194535,0,3.3378093242645264,2.45762300491333,4.330759048461914,3.673512935638428,4.222791194915772
bf395e46eddea321d3702ad9a2b2053d,0,3.004192590713501,2.779331684112549,4.199471950531006,3.975449085235596,3.740376234054565
2de0cf4e1923f95dd02b55e7c453180c,0,2.8247880935668945,3.167169570922852,4.3511643409729,3.4133689403533936,4.451805114746094
1ecbe069d9dd988eb328ab69ecef2f54,0,2.978379249572754,3.3014068603515625,4.359730243682861,3.2701516151428223,4.622218608856201
c974fe46e2b8958fe9db3f85b6809f26,0,2.977425575256348,3.131774663925171,4.113405704498291,3.2572615146636963,4.400793075561523
4112c62c488dc446a58c7fa83847b507,0,2.458082914352417,2.467224359512329,4.038374900817871,3.0114541053771973,3.6879823207855225
5c9987e7b5183ca845a3253f676c0253,0,3.167954683303833,3.5674877166748047,4.5879974365234375,4.196110725402832,4.7469000816345215
b836dbd184ea2997966bbe957877f95e,0,2.59403133392334,2.3600499629974365,4.383179664611816,3.267482280731201,4.192680835723877
aa3c225bc95ec6ba29be0a5074cb8cdb,0,3.2036054134368896,2.839424133300781,4.311237812042236,3.662541151046753,3.769059181213379
68c515c52580d7bcc5554b387e159228,0,3.291407823562622,3.095553159713745,4.132632732391357,4.0708909034729,4.339842319488525
f8fbfcea6da771ad4641933c84232d2c,0,2.5485990047454834,1.754206299781799,3.6508383750915527,2.656442403793335,3.5368316173553467
87f27047fc372de768756d3c3cdef5b3,0,3.385209083557129,3.203616142272949,3.976615905761719,3.865299940109253,4.185825824737549
2776a8daa4dd6a96ff61a3de503ec75d,0,2.802232027053833,2.195861577987671,4.201530456542969,3.8454837799072266,4.086116313934326
e197539f7bb04a96de9b8518aa84e819,0,2.7269692420959477,2.125835418701172,4.171208381652832,3.919490575790405,3.924392461776733
f3f2df4e39a0bc5eacec872d48a4852b,0,3.232304573059082,2.7679035663604736,4.239407062530518,3.4638118743896484,4.221580505371094
f44dbee798117185d0b76c381087d101,0,2.870356559753418,2.329624652862549,4.19210147857666,3.928056001663208,4.027346134185791
4490ee4dfc89548d2b8dd48f21cee1d2,0,3.149934768676758,2.4736552238464355,3.834591627120972,3.659903526306152,3.816606760025024
b2e7c731c63867a255dbf7b5924abd7e,0,2.8851799964904785,2.451716423034668,4.192573070526123,4.018815994262695,4.006732940673828
684c655a84f638d9d29dafe83ea6dfc9,0,3.200015068054199,3.080928325653076,4.035969257354736,4.057980537414551,4.091916084289551
7dff19751dc87ca97b1eab041a09658a,0,3.5667765140533447,3.358112573623657,4.39927864074707,3.688944339752197,4.128642082214356
70c634b4fd8c39997a42a4537191676a,0,2.5180001258850098,1.6807153224945068,3.342963218688965,3.48122501373291,3.326244354248047
2b261722b03b68d501a7db705d0fb880,0,2.653859615325928,1.8660563230514529,4.232732772827148,3.3347718715667725,4.143423557281494
84b95610a4a6e8044f23ec76b7a51128,0,2.2069497108459477,1.8369323015213013,3.720287322998047,3.1258528232574463,3.0392696857452397
3c5c91f240e9f45a174ff917c42dd6fb,0,2.7791638374328613,2.7822399139404297,4.1987786293029785,3.123340606689453,3.773985147476196
0fa12282006201035f00f6adc3f05b79,0,2.490029573440552,2.3734021186828613,3.4684762954711914,2.99225115776062,2.500852108001709
71047cd64d97dd9a0e26423542915f25,0,2.6678991317749023,2.4443230628967285,3.87865948677063,3.7809133529663086,4.006662845611572
266bcac5bc2f585a9fdd0a7ebf44132e,0,3.1139073371887207,2.681591033935547,4.435968399047852,4.188863754272461,4.206189155578613
881a83ea96e9b42fe12f022a28c93346,0,2.6457533836364746,2.5158612728118896,4.1724534034729,2.9042818546295166,3.86934757232666
7c99e1fcb15a8723173880fa30effaf2,0,2.0193703174591064,1.716711401939392,3.433765172958374,1.8060197830200195,3.411907196044922
bae71d773dd68910d2065120506329f9,0,3.174622058868408,3.658803224563599,4.485455513000488,3.5664191246032715,4.91348934173584
2fe9f513653b27c7c9e82d9c3787cbcb,0,2.5978264808654785,2.223116159439087,3.72774887084961,3.466615915298462,3.245804786682129
4abcdcc3719c7e5299150e55bb0e8217,0,2.6720995903015137,2.4161570072174072,3.633965015411377,3.088828563690185,2.62101149559021
25d986c476bc280623078971a037e7e9,0,3.200807571411133,2.8909671306610107,3.041855335235596,4.282039642333984,4.34133243560791
9b29ab8541a9ed6b8c6e523b3d246003,0,3.3483400344848637,3.626022577285767,4.438011169433594,3.8054661750793457,4.853632926940918
587729bcd10c6b8a49193ab8b0646389,0,2.863036632537842,2.357102155685425,3.813215494155884,3.378326654434204,3.6654343605041504
3d3b6fba9acea91c86b46f4a37e1b8b7,0,2.558206081390381,2.497292280197144,3.936148405075073,2.8692498207092285,3.6539013385772714
17d61bc445e918c7d6f4ab9349d17f7e,0,2.7495853900909424,2.320885419845581,4.023309230804443,3.113959550857544,3.604175090789795
cdb36cc6d927e9624d0352e5f9426611,0,2.43904185295105,1.753655195236206,4.010166168212891,3.116670846939087,3.8562326431274414
d83d684a7231787ac84097a8a17c834c,0,2.49841856956482,1.9845415353775024,3.845816612243652,2.899680852890014,2.814319372177124
85a24d9664a908d85de5f565f39099b5,0,3.612858057022095,3.657705783843994,3.991038084030152,4.017742156982422,4.340191841125488
d4d0d388b1d727e747465b50b1132fef,0,3.117363929748535,2.6072938442230225,3.9258859157562256,3.528240919113159,4.052831172943115
2baf0fcac739363547b0647747794790,0,2.009127378463745,2.133685350418091,3.199713706970215,2.3974077701568604,3.44943642616272
9965772ab557111e2f6791e05c7c248e,0,3.599658966064453,3.87565279006958,4.800479888916016,4.353537559509277,4.873167037963867
93438dab6e701139d9c2e690e7b1d556,0,3.159355401992798,3.423274278640747,4.500711441040039,3.7907209396362314,4.85539436340332
f0eaa81efc4d0bb4eeeb9be7435a30a0,0,2.65462064743042,2.5357346534729004,3.818847894668579,3.2596917152404785,2.854349136352539
19609eb944de9423a8b2598a03b5f6b0,0,3.18703293800354,2.91836166381836,4.113376140594482,3.2532308101654053,4.2472243309021
6eec5551b551b569eb8d99c54c2505e2,0,2.891407966613769,2.941148042678833,4.26917839050293,3.9194893836975098,4.229191780090332
44c55be17022d7a2aa9e91a05c96a1e1,0,3.2897703647613525,3.0557000637054443,4.320598602294922,3.737127780914306,3.96788477897644
d1a8b0e61db00691abf3add21ce549ad,0,3.20025897026062,2.9139111042022705,4.131709098815918,3.888826370239258,3.93771767616272
3e2e767e1257ce254fa62deb88577960,0,3.059823751449585,2.9258813858032227,4.000743865966797,3.867155075073242,3.691763401031494
1a6d884e7c57a7e9770431341b24e17f,0,2.867802619934082,2.0517897605896,3.9869322776794434,3.3789634704589844,3.903411626815796
76b18c540bbc07bc425bb24fcf74e010,0,2.4319968223571777,2.359062433242798,3.878716945648194,3.3626179695129395,3.8253824710845943
8668af0896f310e2df88e8ce97091923,0,3.7221198081970215,4.200129508972168,4.548616409301758,4.736579418182373,5.052381038665772
5dc893c1d18a87526df779511ef1a4c8,0,3.1741268634796143,3.3456454277038574,4.596519470214844,3.8768928050994873,4.653385639190674
a7d5d006758d037d71fb904201384f38,0,3.3431859016418457,3.186586618423462,4.509230613708496,3.9304234981536874,4.697847843170166
873a6308661109628fdc1dbacc1a0630,0,3.8738315105438232,4.135944843292236,4.546144962310791,4.682332992553711,4.9518890380859375
8ebac49210a8ca604e210a1f0a17ec84,0,2.350476026535034,2.369309186935425,3.968671560287476,3.5125324726104736,3.6593711376190186
d5a696eb8de03c362608790295f01b06,0,2.450496196746826,1.367172122001648,3.6611931324005127,3.498260021209717,3.755552530288696
253bbe850da61ce25282caaecee04401,0,3.179448366165161,2.5479886531829834,4.408614158630371,3.6888391971588135,4.166144371032715
b863caac7adcb9b04358adac9269ccb6,0,3.068549156188965,3.193538188934326,4.345539569854736,4.0318708419799805,4.15245532989502
de545b76de6a025bd4251b5d6ef61c94,0,2.9701976776123047,2.830897569656372,4.132749557495117,3.2938826084136963,4.014829635620117
89ff2a68497f1a7da2bd859771528fdc,0,3.204634666442871,3.243210792541504,4.196237564086914,4.027228355407715,4.748979568481445
54de0038e2ebcbf149f088d28707aaa7,0,2.6348330974578857,2.5626845359802246,4.036665916442871,3.5177581310272217,4.169766902923584
73c12f2a18d0224a9bce642f2cddd976,0,2.7483551502227783,2.8987722396850586,4.435531139373779,2.6446328163146973,4.281784534454346
a4304162ea707a0ea2de1ee9756bd80a,0,2.620509624481201,2.7110490798950195,4.312765598297119,3.3843140602111816,4.249993801116943
2873084029a3e28f5f000f74540c605d,0,3.225799322128296,2.9846861362457275,4.464730262756348,3.3906562328338623,4.373613357543945
14a51303ca9043ff99ae400ab3993a4e,0,3.124207019805908,2.9453799724578857,4.205177307128906,3.3526906967163086,4.2336955070495605
a69a8d74d6eeda6302ab97958a3aecd9,0,3.0826990604400635,2.7786009311676025,4.134453773498535,3.4268391132354736,3.8835060596466064
1661e36b54d37cb0608cf52e7d9b9182,0,2.103443145751953,1.7716845273971558,3.3478212356567383,2.5440173149108887,2.3607325553894043
d62d589946452df58e2a9213a76f5865,0,3.4510390758514404,3.4398036003112797,4.314938545227051,3.810777187347412,4.054327487945557
300bf31f1b6665156ea133e75c70fdba,0,2.3551063537597656,2.477466583251953,3.9295268058776855,3.217099905014038,3.886148452758789
0addf0dc40c8c6927e6c7c3b032c6caa,0,2.551266670227051,2.3009440898895264,3.681197643280029,2.8211519718170166,2.985199451446533
1287a8445586e903541a019eddeb8487,0,2.525673151016236,1.8834837675094604,3.962329387664795,3.5820350646972656,3.8068580627441406
98933407333498b335d2cd163b473b32,0,2.857630491256714,2.604004383087158,3.989137887954712,3.239231586456299,4.004740238189697
fd7804f22e7c4ace75f44f02fef2f303,0,3.341974973678589,3.1642603874206543,4.29650354385376,3.409965991973877,4.399667263031006
f7cbb655351a8c6b065e0ff2a8a1f667,0,3.872645378112793,3.5011324882507324,3.5725488662719727,4.5126800537109375,4.575931549072266
db50582f0c68fd1f3b65061f35320877,0,2.5893962383270264,2.5263473987579346,4.15146541595459,3.149683952331543,3.9848129749298096
c919b8a9c9e6379cb1e1b78225612947,0,2.592921733856201,2.503542184829712,4.069419860839844,3.67118501663208,3.9827568531036377
319392bf92feb6d24532b02e9d7328c2,0,2.9775867462158203,2.1463301181793213,4.453989505767822,3.0537092685699463,4.274672031402588
d9d50e4f00db36b43877e1666510b0ca,0,3.429804563522339,3.447084903717041,4.890904903411865,4.102288246154785,5.003341674804688
c81f4ea7f4e1a92053ed173212981aac,0,2.5275325775146484,1.672598361968994,4.183396339416504,3.2293593883514404,4.00714111328125
3ab555151c6649d4fa60aabd409d15d6,0,2.6140921115875244,2.490316390991211,4.106175422668457,3.703679800033569,3.835257768630981
93360cacec4ea3480d7495e369c426b2,0,2.437950372695923,1.987276554107666,3.5085480213165283,2.873985290527344,2.9796581268310547
492f4fd5088d98fda2e082ad4336ce45,0,2.397579908370972,2.430305004119873,3.93591046333313,2.520613193511963,3.655228853225708
3ae58979d3cf20daafcb3992e24d806a,0,2.351871490478516,2.659250497817993,4.178303718566895,3.1440298557281494,4.147251129150391
5a77634ad89e7e9601cf8ab424ab36bf,0,2.704716682434082,2.588886022567749,3.89544415473938,3.311018705368042,3.668199062347412
ad36c42d1ea3c02035b800dbf72eed46,0,2.428522825241089,2.311826705932617,3.97063422203064,3.592963695526123,3.648661613464356
6caac945adc7ad4c6e0595a41a57c533,0,2.690032720565796,2.8790926933288574,3.802546262741089,2.971043825149536,3.8240833282470703
989e50f96ffca808ff3acd0e73f79e6c,0,3.40069317817688,3.502005815505981,4.56610918045044,3.651946544647217,4.674803256988525
2227553a6cbd9df2a1a54a23ba04b5f8,0,2.946333408355713,1.9503437280654907,4.217539310455322,3.68157958984375,4.09821891784668
2e501014ca285da75f84c15a3674051a,0,2.681259155273437,3.075025081634521,4.157983779907227,3.563307046890259,4.061934471130371
318d73543db0a97f2362b8cf3d11636f,0,2.341376304626465,1.8289711475372317,3.28422474861145,3.0370659828186035,2.3156442642211914
4a9e2409bff5d365d721f566d1185bbf,0,3.238049268722534,3.338040351867676,4.483500003814697,3.55246376991272,4.774599075317383
d978f3ad770645ba6e87c13c0fbb9bc6,0,2.774996280670166,2.735502004623413,3.656005859375,2.857513904571533,3.9371163845062256
8c7586781ef81b1742e9e81c31176255,0,2.44403076171875,2.5110116004943848,4.019305229187012,2.709254503250122,3.8757922649383545
04005dc6573d5800cf65ce4975ed09b5,0,2.3054256439208984,2.0448944568634038,3.7263007164001465,2.154604911804199,3.847849369049072
7babc3ff6ec3351bef2637c8dbcad800,0,2.800119161605835,2.653266191482544,4.099709510803223,3.9150097370147705,3.780404567718506
c26623a9ee291ecfe51ca45a3068b810,0,2.526299476623535,2.557194709777832,4.058507919311523,3.564192056655884,3.906842231750488
745b57f29b470972dfd65685888d1d61,0,2.467655658721924,2.1167807579040527,3.8062920570373535,2.9642574787139893,2.8271613121032715
8d622656d14566bd7abf47d9ee8c39a4,0,2.341339111328125,2.2982616424560547,3.6111228466033936,2.548706531524658,3.316242218017578
21fb1c093b84bf48e577670e06234298,0,2.208986282348633,1.31330144405365,3.645233392715454,3.3242552280426025,3.609361171722412
ed29ab94f1c93f807e71cb7057b917dc,0,3.253865957260132,2.9417381286621094,4.003586769104004,4.124896049499512,3.868895769119263
2cf304bea10024862f8d7f2d1dbd78ef,0,2.492588996887207,1.901762843132019,3.5626823902130127,3.3998963832855225,2.923034191131592
2fd819476ace13e032704e57db8ac6d5,0,2.475102663040161,2.811128616333008,4.271100044250488,3.4196059703826904,4.194990158081055
cee57fe8e230516dba441da3e1ecc6e8,0,3.2922165393829346,3.440075635910034,4.650034427642822,3.960638523101807,4.660004138946533
f4b9143e3bb04ec4dad8907eb9533c9f,0,2.669388771057129,2.5279762744903564,3.884074687957764,2.7286159992218018,3.685235500335693
0f7a7b58f31277a280923f77aa5fca0e,0,2.8076729774475098,2.587270021438598,4.123728752136231,2.8345234394073486,4.273731708526611
41ae1a076a039e145cfd82e78634762c,0,3.355837345123291,3.652520418167114,4.429748058319092,3.894796371459961,4.770648002624512
d13a40f54d61a1b828ccf47d9b00a594,0,2.5543813705444336,2.523977756500244,4.073863506317139,3.5309975147247314,3.745248317718506
b38ad2388e81d999d3b5a9516d8035c0,0,2.644778251647949,2.376694917678833,4.054540157318115,2.78332257270813,3.874631881713867
d778333b3dfea2e1f5f7131fa483faf7,0,2.4929590225219727,2.2120676040649414,4.055914878845215,3.665937423706055,3.75378155708313
a8633b1a2f16fa07d9e0d5908cf97a07,0,3.0721983909606934,2.8769543170928955,4.060657501220703,3.529374837875366,3.344938278198242
70a4cc1ba8c4feccd5b05b2254fe99b1,0,3.345611095428467,3.2852816581726074,4.540061950683594,4.285999298095703,4.733294486999512
18b0ba79a74fdc6abd8b7eb6ba638d6e,0,3.3003249168396,3.2850327491760254,4.142066955566406,3.955918788909912,4.145862579345703
34aa9cd871f158afd338a0e4408dcba9,0,2.9989254474639893,2.601134777069092,4.213688373565674,3.3804001808166504,3.940650224685669
da5bf4119d727727c2ecef2042a0b1f5,0,3.2934272289276123,3.346754312515259,4.73524808883667,4.121920108795166,4.746083736419678
76af9e3d0c8012ad346e7787e7114982,0,3.211688756942749,2.8293793201446533,4.072304248809815,3.4881277084350586,4.04435396194458
739c0a1a99f2caafec508954fccdac1f,0,1.613548994064331,1.64639151096344,3.785202264785767,1.6685746908187866,3.39011287689209
b626d5838839ada3b7b23cf652e536f1,0,2.853655338287353,2.3988301753997803,4.287292003631592,3.6808600425720215,4.017581462860107
7354328fb2cbc1592e740dd09f25938a,0,3.137131452560425,3.074303388595581,4.169885635375977,3.8735156059265137,4.430948734283447
5fd569c5a16bb432a2f92b82230fc69f,0,3.3291969299316406,2.6200973987579346,4.175424575805664,3.216759204864502,3.662708520889282
65342780f54a33b4bc49cea49eb541e7,0,3.3550167083740234,3.5920298099517822,4.623734951019287,3.609614372253418,4.775311470031738
29a9642e93ac757b150132eb6f2fa0b4,0,2.7448105812072754,2.798591375350952,4.113660335540772,2.9909744262695312,4.075736045837402
47ff7394d31b19ee2a18ef6d733e08be,0,3.0960750579833984,2.860360622406006,3.649808883666992,3.901223182678223,4.02571964263916
142190630342dd460da55542876d736f,0,3.0626678466796875,2.472216844558716,3.987337827682495,3.334317445755005,3.488896369934082
29a376f063333605429f737796cd011a,0,2.773010015487671,2.627137899398804,4.098984241485596,3.1121954917907715,4.086655139923096
06d8ce45cf12d85bda1bce647b6d876a,0,2.9360146522521973,1.9869705438613887,4.280520439147949,4.062621116638184,4.323434352874756
3bd32dafa012b2405925e48abfa481dd,0,3.2768092155456543,2.7779486179351807,4.072385787963867,3.735464096069336,3.979548692703247
df047a0d02faf4cc7f53cfc6fa9e963a,0,3.1915080547332764,2.6900558471679688,4.030819892883301,3.988093376159668,3.979061603546143
f0488124993b4878a64fb090c7687a7e,0,2.8948333263397217,2.55761194229126,3.9932806491851807,2.544573307037353,4.133769035339356
bb9410729177e2b15d09a48eab37d7ec,0,3.261232376098633,3.153130531311035,4.242527484893799,3.4929797649383545,4.86353063583374
6e0b2a5bc2b1949a7ce3fd213b9fe8c1,0,2.7173566818237305,2.557962417602539,4.020813941955566,3.6304874420166016,4.068455219268799
3c0528a6567f9c72cf29ab8446ccd47d,0,2.0793306827545166,1.932968616485596,3.165684938430786,2.6453986167907715,2.178814172744751
bca1d6bdb5c3a7424413a85807ef9067,0,2.526041030883789,2.64760971069336,3.800910711288452,3.056828498840332,4.131261825561523
62a005a821d518fb37b530ab54592aee,0,3.4029431343078613,3.21604585647583,4.526194095611572,3.3737597465515137,4.613676071166992
12e7b3fb80f654ebf8f4883d4b353da1,0,3.426826238632202,3.261455774307251,4.241508483886719,4.024995803833008,4.048618793487549
66fd9e98cd25fb9214df6407c693a565,0,3.1088290214538574,3.266928195953369,4.622978210449219,3.926689624786377,4.687129497528076
1756681a161cc08af8b6d333a29b14b0,0,3.2448575496673584,2.642965793609619,4.471287250518799,3.482819080352783,4.235029697418213
dd918416dc5babbdb7311d901d831723,0,2.9637813568115234,1.901136040687561,4.235648155212402,3.786539077758789,4.196479320526123
fa8ea6ccefda09f92a00aeb0593a863f,0,2.5900988578796387,2.099895715713501,3.759735107421875,3.173189640045166,2.764288902282715
4c967e737afa7ffe061306bf7516a9e2,0,2.565619945526123,1.8957867622375488,3.1911253929138184,3.3311753273010254,3.498584270477295
2eb5a4ae2d5c5376b869459155b77a81,0,3.2597014904022217,3.533254146575928,4.322134494781494,3.608710289001465,4.740955352783203
c40d5f9810265636051cd9191631026c,0,2.71799635887146,2.5653645992279053,4.052618980407715,2.909054040908813,3.7116539478302
910227b1c795ffc94af6993c78abec17,0,2.3186278343200684,1.8666019439697263,3.58983850479126,3.0755815505981445,2.572056293487549
bd6d0e8d5687a5a85c3e3ee721fd0bb6,0,3.525977849960327,3.026202917098999,4.630891799926758,3.611438512802124,4.508444786071777
8f8a9d4ef06252764669d86d60a796af,0,3.4264135360717773,3.2862191200256348,3.981215715408325,4.064317226409912,4.09837007522583
089aa14bdcf8865b6312b4782c566eee,0,3.744587421417236,3.323456048965454,4.18123722076416,4.68802547454834,4.650361061096191
15279ae31bf756886fe58f34b84ab3c3,0,3.143808126449585,3.217618465423584,4.432374477386475,3.896936893463135,4.479212760925293
9575f5338249b1547400e089512f22ec,0,2.5572762489318848,2.655245065689087,4.216761112213135,3.3569133281707764,4.20123291015625
9c391428dcb6f75dca6978930a7de589,0,3.8903300762176514,3.31453275680542,3.573221445083618,4.1823039054870605,4.537703037261963
3f379dea36d1fc553fc0eb0806e81eac,0,2.5331900119781494,2.2209932804107666,3.718355894088745,2.899561882019043,3.42473578453064
2c5c536d8af64d439865545195325032,0,2.49497652053833,2.206155300140381,3.931663274765015,3.531182289123535,3.073568820953369
7b140224708134b0d9c146bcb1e4b4b9,0,3.208502054214477,3.478065013885498,4.456109523773193,3.6153626441955566,4.657432556152344
f7aca97c0fe9400fdfa5d02d243b8b4c,0,2.669364213943481,1.9137301445007324,3.5654444694519043,3.2812771797180176,3.4649524688720703
a82d9935100e71e011b48fdc8098048c,0,3.357440233230591,3.301145553588867,4.894443988800049,4.042625427246094,4.887470245361328
dae64720fd2419efebf733bedc5da1a5,0,3.0812690258026123,2.9319989681243896,4.246618270874023,3.406247138977051,4.17466926574707
b887b93b7c7a8a3c2998ab9f725e8f6e,0,2.993115186691284,2.7531704902648926,3.871375799179077,3.3819494247436523,3.806523561477661
8d22152a999938b82d53719332b4d3bd,0,2.841073751449585,2.845597267150879,4.12873125076294,3.321378231048584,3.70254135131836
4feedbc70f632d1331d74c91126acc95,0,2.6680479049682617,2.4283881187438965,3.962177038192749,2.8843555450439453,3.9400923252105713
569f40720dadfc9cefef54f5133979fd,0,2.636580228805542,2.711651563644409,3.941492080688477,2.987222671508789,3.50053071975708
030c951f50fbad8fccb29eeddf27f35c,0,3.513513803482056,3.5470635890960693,4.42099142074585,3.989047527313232,4.535523414611816
e6ec25ae818e3b609e1e56cdaa2b3e56,0,3.3032050132751465,3.089024066925049,3.9793660640716553,3.990007162094116,4.122648239135742
417355abd1cb74891be988fb7c582d99,0,3.032245397567749,3.209019184112549,4.379175662994385,3.767947673797608,4.456170558929443
a1810a6fc317aeaf4d19d346f68fdd6a,0,2.2995171546936035,2.2659945487976074,4.173103332519531,2.1339032649993896,4.137195110321045
3b2851a5b9814d9d57b83a8c3f02ce8f,0,3.447481870651245,2.987041711807251,4.541531562805176,3.836702346801758,4.42328691482544
5900ead583c74ff0bc54e4e57f889888,0,2.091568946838379,1.7647916078567505,3.82245397567749,3.480262041091919,3.469705581665039
54b739b6ba5c0ca43e468f6f8d7c9031,0,2.552502155303955,2.6982133388519287,4.257888317108154,3.618611097335816,4.228640079498291
b6818e79390fd0d2ae76cd65c21af7ad,0,2.7187013626098637,2.6667842864990234,4.275670528411865,2.708948135375977,4.078696250915527
55dcccaa02e04f92f8aac630f53b4958,0,3.271954298019409,3.394789695739746,3.373338222503662,3.844123601913452,4.340344429016113
815ea2ddf91744a96554088de706c47f,0,2.542395830154419,2.576493263244629,3.847749710083008,3.4037322998046875,3.988022327423096
9f9d357b0da059328673dab3d2edd71f,0,3.4175734519958496,3.4406509399414062,4.1818037033081055,4.029955863952637,4.232143402099609
c4da4ea8cd903c8945fd9e0f4cbaaffc,0,3.261239767074585,2.215388059616089,4.649606227874756,3.792462348937988,4.477470874786377
e23ee4e87708e022b3df2275181891bb,0,3.3116021156311035,2.9057648181915283,4.089167594909668,4.046366691589356,4.015258312225342
6b57bc1ad8fb2f7ca84fd64da5c250b0,0,3.496956586837769,3.448882579803467,4.394952297210693,3.594510316848755,3.9776253700256343
57f10859565d5042eb2bc6723badce8e,0,2.7524731159210205,3.1045050621032715,4.487626075744629,3.528371572494507,4.331672191619873
22b48cfda3b69d4b8d7ccc12d000bac8,0,3.586633443832397,3.5827767848968506,4.690486907958984,3.915431022644043,4.717308521270752
9a4db173249105e25937bfb9834365c7,0,3.0965325832366943,3.0596463680267334,4.363534927368164,3.2512526512146,4.600174903869629
abb8f45ef524deecccf58e51b5e4a223,0,2.878631591796875,2.877106189727783,4.048959732055664,2.859085321426392,4.183925628662109
261209fbfc172b31d276db9e692b9101,0,3.286590576171875,3.107069492340088,4.065628528594971,3.608695268630981,4.068727493286133
c3eea8623303281498a8da3ce13d777e,0,2.2744436264038086,2.202193021774292,3.4236361980438232,2.781324863433838,3.72378158569336
73b719520e588139dd26eb54a3510b1c,0,3.8739306926727295,3.5508854389190674,3.974534511566162,4.317272186279297,4.646107196807861
a99d0c15003d023056ea528b6b43a286,0,2.7468409538269043,2.737768173217773,4.123472690582275,2.893697023391724,4.153634071350098
ebc7bb92d87df43fcab02e32d8c54254,0,2.8066089153289795,2.2629261016845703,4.134012222290039,3.2620413303375244,3.2092533111572266
b424db4ec995069cadc51a45c367e097,0,2.477213859558105,1.7453213930130005,3.5976662635803223,3.285083293914795,3.621403694152832
25b25c4d093d04587b476f54ef0d8874,0,3.1635279655456543,3.3890156745910645,4.421482563018799,4.046672344207764,4.259305000305176
3821b5feefcd472002595099bfaf7227,0,2.198326587677002,1.6272586584091189,3.692643165588379,3.266820907592773,3.5612800121307373
6dd9d005180b208420b08d515d5ab448,0,3.2499141693115234,2.9431989192962646,4.132966995239258,3.6022133827209477,4.053310871124268
d11a83304733127429f8dec5edf99ed7,0,2.523124933242798,2.497748374938965,3.8365771770477295,3.522627115249634,3.7303390502929688
a4d8037d7a72b7e1b745ab22799d5b74,0,3.0928215980529785,2.906929016113281,4.288166046142578,3.636498689651489,3.698427200317383
52ed5d5c946e64008f0dba1cc4b95f36,0,3.313236951828003,3.188193321228028,4.001008987426758,4.091773986816406,4.169634342193604
afd2e86bbac8eb50f858c76218ff6151,0,2.6821789741516118,2.082690715789795,3.88124680519104,3.4669175148010254,3.0712523460388184
ff6d2e7df6df302fca2b65c493239ec2,0,3.170334815979004,2.5475106239318848,3.989480972290039,4.082927703857422,3.81119966506958
6fa524886f3d529e9ebec2a281c9bcda,0,2.8672609329223637,2.7028801441192627,4.031188011169434,3.694126605987549,3.527376890182495
aa52184442f7927c6157545873531122,0,2.0169923305511475,1.7555099725723269,3.3476715087890625,2.5057172775268555,2.092040061950684
dc31f767d440c83d7ee48086929b1667,0,2.3273298740386963,2.188116312026977,3.769840240478516,2.356631278991699,3.432157516479492
09600e941dd403f728c4cc49fac11cb5,0,2.441743850708008,1.2771817445755005,3.548882246017456,3.446786880493164,3.649158000946045
50bbaf7c05feb58fdf8ee99958b197cd,0,2.990798234939575,2.137547254562378,4.491367340087891,3.749826192855835,4.321904182434082
4605174ecb2628601d7fa19fa33c8c5d,0,2.8028206825256348,1.834022164344788,4.3193039894104,3.480910301208496,4.1784987449646
79b05fa7cbb723fa425f85b5763619ec,0,3.040492057800293,2.920243978500366,4.234569072723389,3.570042133331299,4.027244091033936
6b8b032749302dd4599e4224021b2760,0,2.653473138809204,2.520966053009033,4.202486515045166,2.3408403396606445,4.222596645355225
7a0a123ac1ac27a7326a94d432cae931,0,3.263379573822021,2.889337539672852,4.3082051277160645,3.685502529144287,3.927232265472412
cedb270dd26057d302a591e21588ac7e,0,2.38125228881836,2.1970415115356445,3.7497036457061768,2.9972052574157715,3.137328624725342
089661db186f3956b867b1987336ba9b,0,2.8930556774139404,2.182741165161133,4.019757270812988,2.583909034729004,3.881162881851196
c4e1ed23412ce779ea126e29a1ab4e31,0,3.531285762786865,3.5415799617767334,4.894327163696289,4.055077075958252,4.819135665893555
8c751d56d8fa81faada435dbdf39467c,0,3.205857038497925,2.862035751342773,3.368316411972046,3.6243717670440674,2.97671890258789
116b3964567b770d9e49011ffcc1729a,0,3.4168405532836914,2.807343006134033,4.846076011657715,3.957712173461914,4.6643385887146
0988e7b8b4ae8f2423f3dfa86b765eee,0,2.630286455154419,3.0324621200561523,4.2868475914001465,3.367373466491699,4.252565860748291
8a1e0c7130acdc05afdfde5f5a5f4b6d,0,2.1855196952819824,2.3174262046813965,3.89886999130249,2.0812289714813232,3.906801223754883
2ab1b4148ad09d8b938d5f53fc4b8462,0,3.2860896587371826,2.602313280105591,4.286598205566406,3.8189735412597656,4.159037113189697
8a9b1917b3f687d74411910e5315451b,0,3.95971155166626,4.071098804473877,4.077723026275635,4.6859283447265625,4.740313529968262
e0cb3e396608c6c15fd90e6076fcffe7,0,2.048957347869873,1.9342703819274905,3.371957778930664,2.670341968536377,2.2219600677490234
852ffdb26a62bee41787d3cf1c79e668,0,2.2136545181274414,1.5169565677642822,3.6262173652648926,3.598707437515259,3.479575634002685
e728d0143eddacbe04e41a859b4874df,0,2.6720285415649414,2.437046766281128,3.54275894165039,3.255165100097656,2.523282051086426
1edec9cad3b50c6699973c9da03931d1,0,3.578588485717773,3.570273876190185,4.590260982513428,4.182127475738525,4.283924579620361
28217fc664d37891520f45cd5756974d,0,3.111041307449341,2.5280237197875977,4.533430099487305,4.062250137329102,4.219189167022705
43d9fba8946610f9aa4832d1a3166cc0,0,2.699479341506958,2.467446804046631,4.127527713775635,2.5740466117858887,4.116711139678955
828060d695e72546116b1ecc75ddc902,0,2.347348213195801,1.9672224521636963,3.5298008918762207,2.313505172729492,3.4947664737701416
1a8bffdbcf066256ce20e1e51e9673ae,0,2.6748416423797607,2.593564748764038,3.9764516353607178,2.959233045578003,3.951639890670776
7e19e7d59286f766c49aacfac666849e,0,3.3727798461914062,3.3703036308288574,4.048844814300537,4.054959297180176,4.253720283508301
f884ebabcf0d5b7dab2923830ac18df1,0,3.4896931648254395,3.5085034370422363,4.936314582824707,4.11602258682251,5.084017753601074
44257e88cbcb3cfe95fa7d52b9ab54be,0,2.5307726860046387,2.615652561187744,3.891767024993897,2.9800658226013184,3.6076347827911377
5063fa8cfe64d5f937493b4cbc9b7241,0,2.652968406677246,2.4511871337890625,4.208000183105469,3.954687595367432,3.9525749683380127
970916827fe5188fca723eead8cdc475,0,3.456295967102051,3.5757851600646973,4.11313009262085,4.191298961639404,4.433077335357666
819b0d63756884877b86ffb27beadc50,0,2.530921936035156,2.349769830703736,4.020443916320801,2.946972608566284,3.2561981678009038
bde1ab8247a764ed81476de967381925,0,3.742413282394409,3.789020299911499,4.9103217124938965,4.392185211181641,5.056183815002441
acce270d89441b7ee7ef594af4ce5508,0,2.507798194885254,2.099129676818848,3.705416202545166,3.012716770172119,2.891221046447754
bbc19a907381476662557c15162466cd,0,2.7832510471343994,1.908064603805542,3.743450164794922,3.327294111251831,3.586989641189575
42bb5ed58654412bb7b78c165806bdbe,0,3.060177803039551,2.871675491333008,4.046269416809082,3.61783218383789,3.8644986152648926
73ae03b08428907db5c80a0705a2e4a3,0,2.704439878463745,2.2616748809814453,3.922376155853272,3.6234071254730233,4.146996021270752
67c31d9fa538c5c11935a74d753a2abf,0,2.639995813369751,1.9382896423339844,3.9257657527923584,3.345569372177124,3.85155725479126
d825087d6c109198879aaa53b7e39cc5,0,3.3111603260040283,3.090605497360229,4.062370777130127,3.7071237564086914,3.618039131164551
9aadd7c72b2fa6ea34c56ee277e19234,0,3.350008487701416,3.1123950481414795,4.272762775421143,3.546257972717285,4.192038536071777
71f0542b93d5407a9ff7f478b835ebb9,0,3.469691753387451,3.533705472946167,4.863007068634033,4.235972881317139,4.742580890655518
09b3f5b7acbc402622f307b71caecb80,0,2.9244513511657715,3.156461238861084,4.256015300750732,2.9421818256378174,4.596726894378662
c9b4001d7083b2b6555db2a6b17daccb,0,2.906101703643799,2.5514698028564453,3.967769145965576,3.889695644378662,3.547727108001709
40e05dd74f7c39ba330c1ab0eef9eff4,0,1.388938069343567,1.6019824743270874,3.58249568939209,1.0561199188232422,3.1853842735290527
8354746a1bca96452a7a4fc149e1da48,0,2.4403204917907715,2.257932662963867,3.5608489513397217,3.249508142471313,3.5203094482421875
2fb468ed317073b615e3158ac47342f2,0,2.7266530990600586,2.7422337532043457,4.062235355377197,3.2257211208343506,3.6639366149902335
ca5956c73f0128d157cf5f54c63ffd3b,0,3.837501287460327,4.152657508850098,4.335453510284424,5.019843578338623,4.901731014251709
ad6c29349c282c7ef2256b2bdd983c80,0,3.645330667495728,3.5494422912597656,4.44522762298584,3.727778434753418,4.339855194091797
2a3e7bdae71a00ad5bd9559caaeb9db4,0,2.479013442993164,2.477342128753662,4.031910419464111,3.6856164932250977,3.742948055267334
deb42b3387e91067fbb9049265b36c9d,0,2.7063183784484863,1.6550836563110352,4.0749688148498535,3.7401623725891113,4.007292747497559
9fe9c1f003b91745db1b765927afa848,0,3.5244784355163574,3.4548864364624023,3.8264784812927246,3.6968722343444815,4.502849102020264
6d491b9cb43ba31e4d953bea347c3c70,0,3.54456090927124,3.8010928630828857,4.351402759552002,4.585605621337891,4.743379592895508
9a110556c3cb11131e18e162a68e9987,0,2.866103410720825,2.232855796813965,3.8182015419006343,3.5466296672821045,3.1977310180664062
afb24cfb45c5b942ab57d81c16592c4d,0,2.616829395294189,2.674736738204956,4.114676475524902,3.734304666519165,3.711692333221436
bdc236d34e0e627020edf18c34fc9984,0,2.488023519515991,2.402657985687256,3.856193065643311,3.5580670833587646,3.62033486366272
3ae9692ab28ad2e78da0917e15aa4b88,0,3.7542974948883057,3.772806644439697,4.487446308135986,4.443694114685059,4.90031623840332
5400f1ee52efb208c9e4509fe1b872d5,0,3.358797073364258,3.1115589141845703,3.2891502380371094,3.380112886428833,4.369054794311523
5cde1887ca80090b79f7d88adccde81b,0,2.346630573272705,2.2674455642700195,4.04926347732544,3.397272825241089,3.756312847137451
9c5b6753a8c207973ee608c18b7a0037,0,3.1314992904663086,2.617041110992432,3.895440578460693,3.62492299079895,3.828258514404297
908855a58584df637c1a51a6f986b4a5,0,3.457550287246704,2.904374599456787,3.863891124725342,4.101023674011231,4.376067638397217
ca11de8566cdbebb4f710a7d5220eaf1,0,2.1210241317749023,1.568419337272644,3.903493881225586,3.1347193717956543,3.629895210266113
beca4cb9e9ddeb892d5770f9f6539d0a,0,2.4992151260375977,1.804250955581665,3.903048038482666,3.774242639541626,3.822907447814941
964a9ac997e25041bbedbbe9717d177b,0,3.0975475311279297,3.210288524627685,4.604618072509766,3.334351062774658,4.696385383605957
694c3900116ba4c10f15f33ace03a994,0,3.2133171558380127,2.8375823497772217,4.282729148864746,3.4580767154693604,4.244717121124268
1f285bb2f527fc043c7dc7e03dab94ce,0,3.1938135623931885,3.3155078887939453,4.47027587890625,4.082720756530762,4.376225471496582
8340d5c3084a30e3946504df352dd838,0,3.099823236465454,2.688044548034668,3.8912487030029297,3.96886944770813,3.910198450088501
9352e24729500203b70e48d0fcf5f103,0,2.4060964584350586,2.370556592941284,3.692371845245361,3.3154258728027344,3.850544214248657
0a7413cf0ffc357ef7590b36006bc478,0,2.541125059127808,2.073106288909912,3.6619622707366943,2.5928735733032227,3.3726794719696045
813ea30f0db1fa62ddca9ed687edb3da,0,2.605197668075561,2.715675115585327,3.749791860580444,3.63114333152771,3.836833477020264
e63d5ec32c6e6c1ee232d4d723cf4c94,0,2.543673276901245,2.6045589447021484,4.036705493927002,3.4854729175567627,4.09671688079834
be7f03e2ae51f48406bdf97822b4e801,0,3.596444606781006,3.770036458969116,4.869255542755127,4.346402168273926,4.888651371002197
5afa17fc9d2b6e2aa7cb29affd5f12fd,0,2.5007917881011963,1.9117799997329712,4.041742324829102,3.6268296241760254,3.814317226409912
148ef08f1fdbc8218f1b57cee970fe61,0,2.558738946914673,2.6195921897888184,4.065320014953613,2.701539993286133,3.9427216053009033
5267691d664f4733cd0426fe7493dbe4,0,2.568965435028076,1.939447999000549,3.901597023010254,2.746631383895874,3.4979400634765625
7a246448a53db0354d3f8d1ec349ed46,0,2.4141578674316406,2.3635854721069336,3.9947104454040527,3.495802402496338,3.5957539081573486
c80672afb6a4e6a6d85b217fbc279fff,0,2.6347904205322266,2.927241086959839,4.457817077636719,3.3089513778686523,4.354411602020264
1c68748480dd8e2c617e78b55be0fef2,0,3.614636659622192,3.7015881538391113,3.5800466537475586,4.6939191818237305,4.603797435760498
df92cb00e1f491d49c28c945f918c6e1,0,2.674057006835937,2.368490219116211,3.817407369613648,3.22625732421875,2.664857864379883
3823516bc35cec273eab871d0125acbc,0,2.642939805984497,2.633413314819336,3.759299039840698,3.1823744773864746,3.707148551940918
d178b715223d2659d5e0eeafc9d94d99,0,3.109309434890747,2.663887023925781,4.071810245513916,3.4562578201293945,3.878970623016357
8c529a60cef979a8c03b504dd79d70b9,0,2.6749038696289062,2.7785212993621826,3.712488889694214,3.391120433807373,3.973984956741333
1d414678f38a38b8385f72a7c661775b,0,3.203279972076416,3.072988748550415,3.891778945922852,3.668301105499268,4.202051162719727
d1402a7b11725961cb1d9ec9698ebf67,0,3.2853574752807617,2.7299883365631104,4.385589599609375,3.614299535751343,4.17146635055542
36e02091bb4ca51eaed82e2cb80a58ce,0,2.4216320514678955,2.3538854122161865,4.011518955230713,2.062490940093994,3.965003728866577
4710b8dee424867881aa2c24a8b8782b,0,2.8291473388671875,2.2681117057800293,3.6646265983581534,3.450049877166748,3.604813098907471
d357a26efc21e0b547c56d3cef294cef,0,3.094261884689331,3.4719018936157227,4.296789646148682,3.5925304889678955,4.420898914337158
aefcca54b1ab5e4e54be03e7b3d88014,0,3.2064123153686523,3.18938422203064,4.207779884338379,3.900501251220703,3.987638711929321
ece5fe123f092b017e5795293dcabd05,0,3.222825288772583,2.8326125144958496,4.133468151092529,3.68056321144104,4.017106533050537
b7cabfd47349e220672788080c457c55,0,2.547723293304444,2.3819448947906494,3.8979339599609375,3.517717123031616,4.007733345031738
fe332a75756645f3e10c8dc0c62077df,0,2.208882093429565,1.8651593923568728,3.975997686386109,3.5488555431365967,3.634598731994629
df109cf10a02be98dd6f6785dac678af,0,3.5533792972564697,3.7519431114196777,4.756794452667236,4.38395357131958,5.055053234100342
667f7473c8282d64a11a1ea0fb2c4f4e,0,3.481576681137085,2.778625965118408,4.502734184265137,3.5131049156188965,4.4195475578308105
d57ed471baa6e65ea1468eb146d3b026,0,2.302617073059082,1.7582378387451172,4.066343307495117,3.198305130004883,3.780850172042847
d7f69d1c83f600cfe640fd251ee3ad3c,0,2.8240113258361816,1.655879020690918,4.154041767120361,3.642096996307373,4.059147834777832
c766c5bdebc32cd3e894b9879e919f2a,0,3.308825969696045,3.0612030029296875,4.207176208496094,3.786510944366455,4.011678695678711
204e9b9f315c58ba8b229e3eb947a362,0,2.5030922889709477,2.2636399269104004,3.734658718109131,3.462886095046997,3.0416667461395264
c57fa5c0d88c825fd939a335e486113e,0,3.2256712913513184,3.4991822242736816,4.539834022521973,3.658154249191284,4.77640438079834
ed8934add3737a677491941c0ab276cf,0,2.4288830757141118,2.298729419708252,3.94638466835022,2.34781265258789,3.621037721633911
a026bdb1ef8749fb11b51afe978e8d27,0,2.695342540740967,2.179006338119507,4.221299171447754,3.591305732727051,4.042346000671387
449aabaf325138aadc24e44274cdc1fe,0,2.6600589752197266,2.016458511352539,3.7176263332366943,2.840608835220337,3.197229146957397
8d0ea311d6d251b9619dfc60ee4dafaf,0,2.632305145263672,2.704654693603516,4.108194828033447,3.663097381591797,3.8611152172088623
c0b18110a834396a9e7aa1d04e70fb3b,0,3.123793125152588,3.692694187164306,4.369384765625,3.784996509552002,4.675151824951172
328e9948e96b0105f6fa953e9136eba2,0,2.281801223754883,1.5171269178390503,3.475811719894409,3.055776596069336,3.432563066482544
1ed44719dbb7d8fdd17a3be9098deb49,0,2.693349838256836,2.923837184906006,4.2956414222717285,3.4622702598571777,4.367444515228272
e94a9b8a2258c4e9f41ea6ab5c1de587,0,3.5455315113067627,3.575352668762207,4.736875057220459,4.230230331420898,4.908290863037109
b5f329faa948320b2960a876b3d53ab3,0,3.481961727142334,2.8602511882781982,3.996037006378174,3.4798550605773926,4.404805660247803
615fe0516c26878037303a67434c41b1,0,2.486619710922241,2.805614233016968,4.245761394500732,3.234703779220581,4.13572359085083
aac89dcb11a115d6794aae2989c2d74f,0,2.8023595809936523,2.334054470062256,3.7489304542541504,3.6189372539520255,3.889639139175415
5d19dac6415fe26ba3581cb78c3efb8c,0,3.041330099105835,2.3820033073425293,3.7598752975463863,4.17066764831543,4.34200382232666
3515b172234bc58f842355a795396ec8,0,2.477329730987549,2.688562393188477,4.054081916809082,3.4017701148986816,3.9111077785491934
056df695562ce820b75890624ad93bea,0,2.926307678222656,2.972637176513672,4.244951248168945,3.1904211044311523,3.8586385250091553
18703929254dfda39845e3c498d6f8fa,0,3.0078048706054688,2.6067590713500977,4.109195232391357,3.4071736335754395,4.208336353302002
bbddde12275b8bd18b23043dc0ae3a20,0,2.642131090164185,2.40244197845459,4.120535373687744,2.671959638595581,3.887573480606079
0f53f7fe00251b6dce7b37b99be90f93,0,3.0515410900115967,3.0431740283966064,4.18422269821167,4.145264148712158,4.2916131019592285
301fb99a1519cdb5145f7796a0322546,0,2.308290958404541,2.350465774536133,3.883687019348145,2.902024269104004,3.557962417602539
e49dbb18a1425b6e5e7d5407ba1da314,0,2.6861300468444824,3.0525918006896973,4.1585540771484375,3.796003580093384,4.214770317077637
769cad615bbae4e5c9b4297684dc5233,0,2.764326572418213,1.5347715616226196,3.767951726913452,3.937428951263428,3.7691495418548575
3e962cb368153e1940324e0a7116b32e,0,2.792980670928955,2.254462242126465,3.946885824203491,3.112554788589477,3.673680543899536
2be0f32c23fd7fb8cfa56f609bf03530,0,2.6908507347106934,2.815843105316162,4.0193772315979,3.130182266235352,3.816466808319092
63ea31e64d38adf0d97b9db09e3527f6,0,2.6018717288970947,1.9722568988800049,3.8999948501586914,3.792449474334717,3.783710241317749
f35b94b3d99a0a55af33f3da0f5ca820,0,2.3099594116210938,1.9015659093856807,3.3819425106048584,2.934622049331665,2.8453633785247803
c59ee916dbb5025aa020d5a8d6e9a676,0,3.333501100540161,3.404496669769287,3.517163038253784,3.485265254974365,4.304496765136719
ac2f7d9dfc427b4988e89a77a9646104,0,3.1695752143859863,3.3549814224243164,4.390498638153076,3.8158133029937744,4.187209129333496
f452a731f7c429934ecbb5dc77fa9b7d,0,3.278073787689209,3.143064260482788,3.6796000003814697,4.089200496673584,4.257404327392578
9ef09f029e8ebf0b874d71272849e192,0,2.576784610748291,2.3388352394104004,4.105442523956299,2.4866385459899902,4.084829330444336
96d772cce403a5b1ac4dd85ee9aea65f,0,2.515542507171631,2.5946240425109863,4.106921195983887,3.4150428771972656,4.087819576263428
0cc6ac5ea506dfbcbd451a96b5373aa5,1,3.341965675354004,3.3936028480529785,4.245670795440674,3.921992301940918,4.2374114990234375
257f455182ec822bfe248c0553ad468b,1,3.1116507053375244,3.0450005531311035,4.13488245010376,3.845288038253784,4.028470516204834
9491de38c7542472ec5518d5dad8058d,1,2.983473300933838,2.9764974117279053,4.048301696777344,3.6032445430755615,3.9960007667541504
09cc352ba908b9a9ba22c2b54f578204,1,3.4521780014038086,3.4842119216918945,4.089469909667969,3.8382084369659424,4.4136528968811035
c6c0cd4672d99292228669ff0632aae1,1,2.70580792427063,2.8941125869750977,3.988767623901367,3.688551425933838,4.021658897399902
67a7062f28084c88553c01ac07747182,1,3.437732696533203,3.001464605331421,4.222415447235107,4.6150970458984375,4.389662742614746
e00c9b9fd7da0c23cf825dad7304d997,1,1.1051071882247925,1.3361674547195435,2.6808876991271973,1.7106956243515015,2.5021443367004395
17925cedf6b1344c275be63f59a1bce8,1,0.9569704532623291,1.2795274257659912,2.752347946166992,1.6996957063674927,2.659346103668213
70827173a57113d5a15f141eef945e11,1,2.753909111022949,2.493256092071533,3.816896915435791,3.884796380996704,3.78969407081604
9e9f2d899e9d50ebea485d1b518a2a85,1,2.919452667236328,2.7714123725891113,4.045092582702637,3.627840757369995,3.9551331996917725
a967f4c8448cd69fe39ab7157ce84ea0,1,4.3222880363464355,4.18468713760376,4.7839813232421875,4.852214813232422,4.94618558883667
f58ad6cfd8e8eb83cb07bf1771620675,1,3.073803663253784,2.9062514305114746,4.23821496963501,3.9026052951812744,4.229865550994873
d37000fa1b80e9e772ef2af4bb49be3b,1,3.5403687953948975,3.1460824012756348,4.316762447357178,3.9619860649108887,4.371969223022461
37a94b767e8fc62f2f56a1545b3b1da4,1,2.9766123294830322,2.99200177192688,4.464108467102051,3.465395927429199,4.311062335968018
fba8a5d37556b41a3aab79405aec293d,1,2.7148284912109375,2.0909886360168457,3.999617099761963,3.2980425357818604,4.0782036781311035
1e4cc932a1f50143c8f2c94fee15f328,1,3.5307540893554688,3.7437782287597656,4.496503829956055,3.8562474250793457,4.65028190612793
2da41db26e9a8aad326bbc5cbefd5e6b,1,1.753536343574524,1.707674503326416,3.2348556518554688,1.9081302881240845,2.9736061096191406
14aa47ecc742b0955a4aaa2269988296,1,3.2724175453186035,2.253988027572632,4.120054244995117,4.107889652252197,4.146452903747559
b762913a8f55afe7824e78cd826fe8e4,1,3.923039436340332,3.9297239780426025,5.0634379386901855,4.3768310546875,4.999005317687988
7eb14d963e5a777cf2eb3b98898d324e,1,3.694309711456299,3.518850326538086,4.392695426940918,4.3335442543029785,4.666244983673096
8a3f52cb9bd9723b5aa8594c7267c777,1,2.6229281425476074,2.519423246383667,4.042693138122559,2.998443126678467,3.9194962978363037
ef4a2cf668253069817c3f64ffaf4b9b,1,3.054612874984741,3.02836537361145,4.0302734375,3.4693620204925537,4.2265496253967285
c0e9533ccd7841979ea4ef6d14397270,1,3.710442066192627,2.6847774982452393,4.419163227081299,4.737204551696777,4.565893650054932
7937dd4211ffc2bd9dd366fec020ba39,1,3.559101104736328,3.558154582977295,4.863210201263428,4.0395588874816895,4.846848011016846
81ec3136c9d6ea935d24e5599b64a35e,1,3.253751039505005,2.564906120300293,4.459954738616943,4.21742582321167,4.201566696166992
dfec9cb0b09b7ae694e5183461d641b4,1,3.6285266876220703,2.6232800483703613,4.502573490142822,4.074444770812988,4.47080135345459
f39c90d99f81eabc2e10f646a2141521,1,3.464808225631714,3.194972515106201,4.319133281707764,3.8040685653686523,4.133718490600586
a2975a82a54df79e55910beae016a0bf,1,3.5826640129089355,3.5778520107269287,4.436499118804932,3.8852994441986084,4.465382099151611
e17c189e5741ff7d8acf9705b9224086,1,2.863084316253662,2.9606127738952637,3.9033055305480957,3.728778600692749,3.526718854904175
c185c58f00c803600a92b1161b20f20b,1,2.6067044734954834,2.6934893131256104,3.7188830375671387,3.4982643127441406,3.641071081161499
8f70e2873ed8d378bc7e8e645cf547ea,1,3.546830415725708,2.7095539569854736,4.279964447021484,4.448007106781006,4.461836814880371
1ff08b5ec84af7221858b3afb94c0cb7,1,3.5877180099487305,2.4635753631591797,4.378865718841553,4.490128517150879,4.367618560791016
686eb5bf50494bdaac503f118c6170c7,1,3.027944326400757,3.110793113708496,4.121920108795166,3.826653003692627,4.134880065917969
59f76738d4248729c0684cc6b3496e50,1,3.656477689743042,3.6837100982666016,4.325006484985352,4.152597427368164,4.5608038902282715
70f32cac62dad5fcfc57a2329a0ae3ce,1,3.4680027961730957,3.5362915992736816,4.686448097229004,4.2660417556762695,4.614429473876953
7873e3e134bb691b02630d7986f1aa0c,1,2.99031925201416,2.0357632637023926,3.9462978839874268,3.90612530708313,3.915546417236328
06128e1496a8b0c21a5d5abbd1a4328c,1,3.0801687240600586,2.9329867362976074,4.009674549102783,3.7706663608551025,4.099485397338867
067d7c1290f1d3807f3f210a1bd25619,1,3.6736562252044678,3.772676706314087,4.300881385803223,4.111074924468994,4.531177043914795
d2c323bc9246939a9ae2596c712926b4,1,2.9918198585510254,2.7328803539276123,3.9613075256347656,3.6368255615234375,4.028064727783203
3ebdca14cd048cf082a4c3702881b75d,1,2.95629620552063,2.6706936359405518,4.077016830444336,2.729193687438965,3.9438750743865967
6b0d4666f8cf120cf88a0deb7692775d,1,3.3046202659606934,3.2098052501678467,4.215641021728516,4.125119209289551,4.08449649810791
ac9c105ac542525844d2156d693f1369,1,2.9791252613067627,2.1896800994873047,4.126127243041992,3.191818952560425,4.0681047439575195
5f2329d23c0184bb76aba0b6dcb2fd9d,1,3.032862424850464,2.8538331985473633,4.074082374572754,3.571815252304077,3.9865236282348633
5787bc5ab5c7dc02bbeb82805f7a8c93,1,3.6922006607055664,3.671459913253784,4.839183807373047,3.925124168395996,4.820560932159424
eedff2fca04edc54d41c0aa418bb0ead,1,2.5885865688323975,2.0883021354675293,3.9933290481567383,2.7704885005950928,3.976456642150879
be87c0fde6d52f7f9f0e4c0d6d9c8d68,1,2.333160161972046,2.3822362422943115,3.8315539360046387,2.9167888164520264,3.3761563301086426
7ac9bb95e9770fb2f72c978d9e75eeee,1,2.6289405822753906,2.392146348953247,4.0324273109436035,3.4702391624450684,3.4751434326171875
99af92bb026e655373cee761f309d542,1,3.1009345054626465,2.3451056480407715,4.404409408569336,3.014725923538208,4.1639204025268555
aa896e29aa64e835db456b0631820e65,1,3.2730867862701416,3.200066566467285,4.585856914520264,3.9771409034729004,4.574651718139648
27ef326ab1b2db278dffe348c3bb5e98,1,2.411345958709717,1.7746469974517822,3.611921787261963,3.304518222808838,3.255497932434082
64118a4a085c5cff84a0aebc575060d7,1,3.2644176483154297,2.9241561889648438,4.282555103302002,3.5460503101348877,4.311131477355957
0217fce22960658d46405a2b95d90406,1,2.569783926010132,2.8844642639160156,3.9326014518737793,3.52121901512146,3.825000762939453
86fd475542f260195458ac6ad89755cf,1,2.85727858543396,2.8153088092803955,3.931110382080078,3.567882776260376,3.6628990173339844
98b9fd15646c88f7d4d8afe2cf126cf4,1,2.912797451019287,2.416609287261963,4.199893474578857,3.300741195678711,4.323197841644287
ec1b07a4a9e282a2adb3db09371f09c9,1,3.614044427871704,3.543597936630249,4.91990852355957,4.040927410125732,4.816941261291504
91a954c270c677b25ee4c4990ba43b92,1,2.8531687259674072,2.797339677810669,4.296660900115967,3.3573527336120605,4.225899696350098
34af805186f754933aba8f523d752acb,1,2.664905548095703,2.8409013748168945,3.843064546585083,3.311354398727417,3.514197826385498
544b0ef7c79c588cfcf683d7663ac318,1,3.252246618270874,2.8847718238830566,3.812892436981201,3.8097290992736816,4.198120594024658
13c0c8b6e4a2d1da2401195f9ed45a75,1,1.9137957096099854,2.235353946685791,3.621140480041504,2.708834648132324,3.0318641662597656
e6efc9b4845cd8e3ca927d45be462803,1,3.094151258468628,2.840876817703247,4.095688819885254,3.9956021308898926,3.861726760864258
eb19cfa9f8d339b183ab89c73f24bcc6,1,3.502086639404297,2.5818562507629395,4.3119049072265625,4.44742488861084,4.482787132263184
549d4cb635a057ff68d6c0c39e8acf00,1,3.4120352268218994,2.6650192737579346,4.333506107330322,4.407369136810303,4.383735656738281
19edc2d810da746d3e86ced229ac4072,1,2.8249902725219727,2.492563486099243,3.8903236389160156,3.6330065727233887,3.801628351211548
cf2d26b3ca9b9d202e3ed4c144f5135f,1,2.026158332824707,1.8337516784667969,3.455132007598877,2.2562143802642822,3.498605489730835
f0d64d4188550621982f10e0b7cbe581,1,3.4523086547851562,3.506276845932007,4.268539905548096,4.024611949920654,4.418107509613037
69ad232c563a5ffd1e063a293cdbfb31,1,3.2510921955108643,3.459465265274048,4.229484558105469,3.682135581970215,4.116583824157715
e81f30ac7bebd5ff5cfb2f1a9545b95b,1,3.5146584510803223,3.1462020874023438,4.209186553955078,4.655937194824219,4.529008388519287
d7631a95f881844dbd9d04c4256aa3af,1,2.6614692211151123,2.2612287998199463,4.068615436553955,3.1377103328704834,3.9482076168060303
0053d3f73a11f05427169d0d9cd9f847,1,2.7682206630706787,2.5734996795654297,3.989088296890259,3.9598305225372314,3.6227869987487793
6aefa23aceac296eece0faa1c17a3af0,1,3.762697219848633,2.9327170848846436,4.62759256362915,4.587591648101807,4.644591331481934
49dd9634d8343d258c5f2edefdab1ef7,1,3.7519454956054688,3.696944236755371,4.462632656097412,4.338958263397217,4.628331184387207
4f25f20de7c8c182874ac05ec95bbaaa,1,2.8280022144317627,2.0599377155303955,4.120031833648682,3.3761026859283447,3.8798153400421143
f3d84b0d8085e76203b6cf046f65d718,1,3.664560317993164,3.7918479442596436,4.878259181976318,4.2311930656433105,4.783648490905762
45abfca96ff29c6d071fd95083498e39,1,2.4405500888824463,2.4351940155029297,3.9258861541748047,3.109656572341919,3.387394428253174
4cc1bb4e4202ad22677221b1dbd5ce9a,1,2.714345932006836,1.9342864751815796,3.8959267139434814,3.3393776416778564,3.774538040161133
4807f35d4c18c934beb46a4b92898f46,1,2.617506742477417,2.4982926845550537,3.7763872146606445,3.191648244857788,3.868865728378296
d9a6ec1a46f294bdc7eaab307c93c5af,1,2.4978692531585693,2.3259854316711426,3.7691171169281006,3.2586750984191895,3.3214635848999023
0a34165b8fec001e53b47e43568d04f3,1,2.8255105018615723,2.2407705783843994,3.9192748069763184,3.7615323066711426,4.03309965133667
fdd7f7010058f50158bc9f74fcebeb44,1,3.8765993118286133,2.934347629547119,4.6037278175354,4.904599666595459,4.836709499359131
f4958a93471f3e345b3f837b57463ab1,1,2.9897565841674805,2.6986594200134277,4.106392860412598,4.1316680908203125,4.033585071563721
9041680e2a0b329eb7b9c0842b75990d,1,3.7216641902923584,2.865401029586792,4.494411945343018,4.648392677307129,4.669218063354492
4cb41d8fc3b97b88d4a0a2d418a53073,1,2.749328374862671,1.8392744064331055,3.7957327365875244,3.562108039855957,3.673309803009033
c407e3dc09f2e7a5fe574981c5c2a14a,1,3.6651012897491455,3.743636131286621,4.813268184661865,4.124562740325928,4.789430141448975
dbdc0e9029dd6244919e1ebec935e6c4,1,3.30940580368042,2.495419502258301,4.11636209487915,4.354557514190674,4.2567901611328125
37caa8063463089bf6e323001f5cc328,1,3.354482889175415,2.6410038471221924,4.376358985900879,3.7114925384521484,4.282227516174316
bf8cb7bef610aa30d04dcdd39f3ca004,1,3.108837127685547,2.5274155139923096,4.19946813583374,3.972801923751831,4.223556041717529
8ceb62300ecc711bfac41df411b96ec6,1,3.2896573543548584,3.3548009395599365,4.7747907638549805,3.95222806930542,4.583291053771973
bc90b3c47bb00ba6b565f0db9e969a3d,1,2.7913293838500977,2.8146004676818848,4.0318098068237305,3.4848735332489014,3.6231911182403564
6a454ee9b8b79ae0b463279b42c96f34,1,2.0348281860351562,2.051100969314575,3.6649444103240967,2.567434549331665,3.2213237285614014
e74ac411acf238c4d4c1f066eb82dfb8,1,1.675458550453186,1.8932644128799438,3.1703691482543945,2.0586819648742676,3.1851160526275635
a325fc73e6ad03b533036d4bfaf47712,1,2.828003406524658,2.6074039936065674,3.8906283378601074,3.7181007862091064,3.668870449066162
b865a8d103b88f88d974072b6154a75e,1,3.6662416458129883,3.18251371383667,4.3907270431518555,4.104321002960205,4.516613483428955
ddb1a83eddb3c41548f9ccc0c2a9db87,1,3.0003249645233154,2.3930611610412598,4.045038223266602,3.4646196365356445,4.070605754852295
80d17bc370d596695f9c678dcfb4835e,1,3.5207629203796387,2.867335796356201,4.331730365753174,4.405900001525879,4.242770671844482
13e5f9f333a12e965a5a06642c5e546a,1,3.6505489349365234,3.7074544429779053,4.910388469696045,4.332285404205322,4.897991180419922
dc4059b784ffbac74b7df0c98d341666,1,2.9523823261260986,2.273305654525757,4.081225395202637,3.665867805480957,3.9800469875335693
cc77973d4b8b4dc1df477b4cbaeb5c5e,1,3.773933172225952,2.9291043281555176,4.574307441711426,4.744754314422607,4.703354358673096
ae48fa0a5c87c80e11b450491c7c4742,1,1.2041817903518677,1.3425410985946655,2.9251132011413574,1.4033451080322266,3.00370454788208
63ba2f88b3ea978e02838d85fb0860f2,1,1.4455019235610962,1.1477935314178467,2.742567777633667,2.112739086151123,2.4740562438964844
5072c182cd9e64be3d26797fff813731,1,3.323401927947998,3.5607757568359375,4.134052276611328,4.027690410614014,4.430383682250977
0c39bb34efa743130a67a1689c1b144c,1,3.3382599353790283,3.3585336208343506,4.39076042175293,3.800358772277832,4.2116851806640625
c2d456acc10fce1d894a9366091fc9db,1,3.361605405807495,3.269291400909424,4.642526149749756,4.30036735534668,4.351156711578369
5b58727e0690c00965365ba7105839db,1,2.6903882026672363,1.8043066263198853,3.9719960689544678,3.3746261596679688,3.814924478530884
b2b0ee3c3aaf40f2d4c26eaa45597e4d,1,3.300690174102783,3.4802021980285645,4.441742420196533,3.5750725269317627,4.564484596252441
b9adb7ed7553f0c3f66c4a506838c371,1,2.694272994995117,2.295407772064209,4.16987943649292,3.0662710666656494,3.6231417655944824
b0f8bdb008ef7813748c20553d7177f1,1,3.119385004043579,2.93253231048584,3.8620707988739014,3.9579927921295166,4.076198101043701
2b728a736aaf60368c964385df8e8bf0,1,3.568035364151001,3.526838779449463,4.204141139984131,4.118101119995117,4.521146774291992
a8208cbfaf9b88a870aa4edab6afd0ae,1,2.973613739013672,2.0623490810394287,3.8491711616516113,4.00924825668335,3.79252028465271
8c6c1a448fdef3f49411e9a26016beb3,1,2.841376781463623,2.6012930870056152,4.183140277862549,3.2941136360168457,4.365325927734375
1c5a49887ccc4e1f0abd6de155151854,1,3.3573718070983887,2.5486061573028564,4.2251787185668945,4.631694793701172,4.320422172546387
9de3e8ffa87dbec72feb0cdea783985b,1,2.893526554107666,2.56589937210083,4.168980121612549,3.628067970275879,3.7959835529327393
24ccced0ba8553169477f316fa023de6,1,2.2999396324157715,1.455923318862915,3.643254518508911,3.5092053413391113,3.6076343059539795
6789c36abdf991ec0ee6681a1338362d,1,3.4405629634857178,2.6450321674346924,4.467982769012451,3.5348732471466064,4.346697807312012
0ffd034316c3666aa4d344a4ce0a59c6,1,3.0652897357940674,2.86916446685791,3.976395606994629,3.9072787761688232,4.011208534240723
b8ec10acfb3e0906c15e5a18df822b19,1,3.574829578399658,3.3786094188690186,4.384894847869873,4.2441205978393555,4.525552749633789
014ad30e978bfb2cef44b11d28aad1ed,1,2.7334506511688232,2.700883626937866,3.9977457523345947,3.635948419570923,3.8536975383758545
259cc39ae953069192d85f2e13585a67,1,3.474207639694214,2.8027539253234863,4.325857162475586,4.482038497924805,4.352369785308838
ec4d4cce16ab135eaf93536cc6f92131,1,2.5010173320770264,2.3892600536346436,3.606996774673462,3.3213162422180176,3.4122507572174072
92631c499f5e9bc7f419d384590288c4,1,3.678978204727173,2.7883541584014893,4.5065507888793945,4.692713737487793,4.706040859222412
3828f6aaa378207920d3cc7021710ed7,1,3.0041370391845703,2.48323655128479,3.930776596069336,3.9366421699523926,3.8200151920318604
e417a2466701a059f0c5bff483947e3a,1,2.7430782318115234,2.1732277870178223,4.054850101470947,2.7494921684265137,4.092503070831299
b4aa7aa653517395fc0cb79786f70c40,1,3.0616703033447266,3.0715620517730713,4.074626922607422,3.5507116317749023,4.45421838760376
d89755566f5beb16fad0d4d1652162df,1,1.6926536560058594,1.7111462354660034,2.9442338943481445,2.6848831176757812,2.5902445316314697
a448c65a6d94df192361e51616ddd0b9,1,2.0958290100097656,1.684635877609253,3.3702802658081055,2.3924922943115234,3.0299248695373535
27df00e96f83493f4eea5eac54024f57,1,3.229621648788452,3.078979730606079,4.39076566696167,4.154430389404297,4.087678909301758
0bd0d84af5a5a53fc6cf6b35d8db26df,1,3.029353141784668,3.082556962966919,4.099946022033691,3.567617177963257,3.962470293045044
5aac56d8d9f541db5ae0f9319efca17b,1,3.3035173416137695,3.1832499504089355,4.488344192504883,3.83284068107605,4.709537506103516
bada070c7bf5f2dd6277bebb60903768,1,2.692490577697754,2.792922258377075,3.8525123596191406,3.3619227409362793,4.001893997192383
8bc4e021c72fdce2240510f6027bd631,1,3.4730420112609863,2.6831040382385254,4.419369697570801,4.541450500488281,4.519809246063232
bd626638e8f59d7127f0eef1e7394f25,1,2.376852035522461,2.130007266998291,3.8409316539764404,2.917285203933716,3.407140016555786
cc23c37aa06a4e4bb64642be1bbb9515,1,3.2693498134613037,2.308730125427246,4.203335762023926,4.328169822692871,4.208050727844238
43344edf8c293552c456b6af0424d046,1,3.0484185218811035,2.7721588611602783,4.131568908691406,3.6479382514953613,3.7375905513763428
24353629a54bc196df47a9febefb8eda,1,3.56502103805542,3.54280161857605,4.848125457763672,4.0918121337890625,4.817812919616699
2a22edf2ee2806b30d1e0fb4e38139c7,1,3.2479262351989746,3.1124277114868164,4.17629337310791,4.004576206207275,4.0233564376831055
e4366f3461343cad0bb8664ef2b0502c,1,3.6215286254882812,2.723405122756958,4.493898391723633,4.0376763343811035,4.356712818145752
09919ccd1a726308a0332fd446f2006e,1,3.5143346786499023,3.468383312225342,4.788492679595947,4.121207237243652,4.863344669342041
0dbd1a9c1f18e361880f4fa90695a608,1,2.539793014526367,2.726468563079834,3.898444652557373,3.592472553253174,3.6313276290893555
3ac85cc2d950835e8b31b80687b6a4cc,1,2.5528106689453125,2.410146713256836,3.9394402503967285,3.08237886428833,3.8846800327301025
d1dd156ce0b9937c158e75a48cc2deaf,1,3.1049206256866455,2.7642805576324463,4.34395694732666,3.5721166133880615,4.023990631103516
05e1e3a88520d68387361ea821f96313,1,3.404311180114746,2.7082648277282715,4.344411373138428,4.316003322601318,4.249488830566406
741bfe8482c9b44ac4b1bbe9addc5475,1,2.2771713733673096,2.0203614234924316,3.594097375869751,2.5719027519226074,3.1859219074249268
8cb41ed99e9166696766d8dd77270cab,1,1.6957484483718872,1.9266631603240967,3.162342071533203,2.1580872535705566,3.1255881786346436
3e8ffcc16ca21c2e40c398ab1d614802,1,3.1932621002197266,2.2166852951049805,4.265264987945557,3.6506307125091553,4.185059070587158
dceb47fa12d48ccc1cb2a9f84db6fc66,1,3.678140640258789,2.884575128555298,4.591447830200195,3.8478522300720215,4.453938007354736
df7633606625e58a335a90cc5793a775,1,3.5757791996002197,3.2903501987457275,4.272233963012695,4.151642799377441,4.405548572540283
95c5f9554b7de5af8d341b66bf600042,1,3.555276393890381,3.7444007396698,4.799042701721191,4.062994956970215,4.694252967834473
5fe0bb03bd7880ca82b151e3282cc836,1,3.0333945751190186,3.1410365104675293,3.946915626525879,4.068972110748291,3.8578619956970215
54ace897f328805b02a50b9c00a0eca6,1,3.123788595199585,3.100320339202881,4.167532444000244,4.076352596282959,3.869265079498291
d1f9aecd242f26214e29844aea6b6192,1,3.345639944076538,2.709589958190918,4.258276462554932,4.350735187530518,4.25198221206665
7be67304c5ea76908a515c93cbe4ddbf,1,2.7547717094421387,2.6361682415008545,4.086184501647949,3.438967227935791,3.62467622756958
5ab1718c206b980f6bae8215914fc8cd,1,3.4156885147094727,2.71394419670105,4.312076568603516,4.303568363189697,4.287292957305908
9d9b142804e80626dc476e3d21b5aff4,1,3.3333733081817627,3.361178398132324,4.271895885467529,3.772284507751465,4.2517805099487305
4ec849078137fb1bbd0dc73c4295c558,1,2.9257802963256836,2.6671972274780273,3.898979425430298,3.6549603939056396,3.569735288619995
5143d6a209b0ad8d80ccbc8caab8d78f,1,3.5381572246551514,2.7514564990997314,4.36700439453125,4.606381416320801,4.440600395202637
95cad8b67ad00e6fb7d61970af98de6f,1,3.5579957962036133,3.512394428253174,4.234637260437012,4.328158378601074,4.203073501586914
1cfe65ad9b4923608dd889020820a237,1,3.596601724624634,3.4583356380462646,4.878044128417969,4.026818752288818,4.88132381439209
be9405eaef1ba785d461e4cc7ebed422,1,2.3358702659606934,1.9237196445465088,3.861976385116577,2.0754878520965576,3.8583130836486816
8abe2fd395ad4e257736189751a19f26,1,3.9000043869018555,3.5530264377593994,4.5402116775512695,4.457908630371094,4.9110260009765625
7ea0640f7373efa39677855e0b20fdc8,1,3.263258934020996,2.3607823848724365,4.3562798500061035,3.497831344604492,4.3461127281188965
fd7d7cae61c0b12c4b2dec56bb02ff34,1,2.441397190093994,2.6703076362609863,3.800292730331421,3.239008903503418,3.6318392753601074
5d1e59d5aec3bf5d350c58151d2d899a,1,2.947085380554199,2.1179001331329346,4.071558475494385,3.836545944213867,4.014692306518555
a5a866417fecec290acdfa382da5a433,1,1.791106104850769,1.3891515731811523,3.0633773803710938,2.1730146408081055,2.942409038543701
4923a2748c005927609ddd647ae36cc7,1,2.340205669403076,2.240220069885254,3.69240140914917,3.1022207736968994,3.2732980251312256
f43a1b670c0c91cfd34c6a5d0142a6b7,1,3.6310677528381348,3.5160632133483887,4.605151653289795,4.470195770263672,4.821141242980957
ac6a2bc08ed6a8fc1ab2ba5482a22e36,1,3.3336181640625,3.209829092025757,4.069653511047363,3.8708343505859375,4.261865139007568
0325415dc71b9e2d0adc0ae6a33f348d,1,3.303663969039917,3.2361936569213867,4.004354000091553,3.6471874713897705,4.232827186584473
11102620c579a1d5c3be79107dd3c8a1,1,2.95062518119812,2.314474105834961,3.9119341373443604,4.132237911224365,4.0525689125061035
985557ae98d1771308c93e878d95ae4f,1,3.5692217350006104,2.743581771850586,4.406929969787598,4.588377952575684,4.537781238555908
5f3dcdb64bbe9fbc54d7881093e34428,1,2.365783214569092,2.3156566619873047,3.750945568084717,3.236355781555176,3.710312843322754
ca94bf12492278c73c53f0d9a53df716,1,3.3790409564971924,2.680182456970215,4.298491954803467,4.316812038421631,4.405397891998291
66c7a083d36446661daaf73efc1c2807,1,3.1422131061553955,2.755747079849243,4.089653015136719,3.977996349334717,3.905677318572998
ff5665f37335a7bcc2b5fcb16d9b8466,1,3.5994110107421875,3.6476361751556396,4.26751708984375,4.0528459548950195,4.473495006561279
9fe183ccb8684f3e31f7d1b462e0b49f,1,4.068739414215088,3.9570863246917725,4.566728115081787,4.406177520751953,4.926652431488037
4437ea79a04477fc08978122707bb3be,1,3.1946067810058594,3.1820623874664307,4.019114971160889,3.849520444869995,4.321516513824463
5589ec3599cb4e0620e5372f7a58c9d2,1,2.762855052947998,2.213663101196289,3.842259407043457,3.948976755142212,3.714092254638672
792ec7b155335235a2bf991d5136ade6,1,4.10119104385376,4.032533168792725,4.5102152824401855,4.562915802001953,4.769290447235107
5d6cf0ed9c06910b77be672c364351d8,1,2.833098888397217,2.9651551246643066,4.210400104522705,3.7471330165863037,4.078862190246582
7b705d397b0b3439273b8419e72eaf0a,1,3.2956736087799072,3.3466877937316895,4.2057929039001465,4.104523658752441,4.180593013763428
35f0b6ca1c1b5daf187722ccc65a4afa,1,3.6955771446228027,2.969834089279175,4.5906572341918945,3.8586835861206055,4.505876064300537
434085db666ba3d1fb97011d0f445f21,1,3.0219151973724365,2.842759370803833,4.381716728210449,3.252021074295044,4.439749240875244
7b5289eefc1ee596f56520a8210b7f2d,1,2.92264461517334,2.289043426513672,3.87624192237854,4.090033054351807,3.8868632316589355
142078ed6150d534d26d97b98380282e,1,3.540438413619995,3.7007665634155273,4.731640815734863,3.940277338027954,4.635951042175293
ff74707224ff44936f3de9f58dc8aa9c,1,3.4757802486419678,3.2119739055633545,4.175119876861572,4.170727252960205,4.438384532928467
4dc94e20d3fa3ae3213d823080d4f451,1,3.202636241912842,3.0545389652252197,4.139772891998291,3.826591730117798,4.064892768859863
a4b1bbcb3ece770e298a42f2d597c93f,1,2.704601764678955,2.725207805633545,3.868638038635254,3.6405673027038574,3.5165982246398926
9b28f66d544975797bc135d7b061fa04,1,3.3452577590942383,2.5468854904174805,4.240501403808594,4.360583782196045,4.311387538909912
507151cad0aacab3b56e3d60102bcd8a,1,3.6035001277923584,2.8143458366394043,4.3923163414001465,4.640602111816406,4.624475479125977
edb005ff8759b0253e1e51281f8ffc66,1,2.9114065170288086,2.907259702682495,4.068335056304932,3.5985119342803955,3.8542897701263428
fe374cec5d47c17485c81750ce02394d,1,2.5190744400024414,2.4936506748199463,3.8242814540863037,3.4192638397216797,3.3894858360290527
dcc0274fbbbe39d265d6f864aa71d04a,1,2.9561808109283447,3.0669305324554443,4.286718368530273,3.487969160079956,4.0734405517578125
a4d2f17f7bf382c32f92f58c511da0f0,1,3.6434106826782227,2.8717002868652344,4.548933982849121,3.784874200820923,4.476237773895264
884f7e9d261a8e115cc808d20a40d64f,1,2.711061716079712,2.613077402114868,3.939974784851074,3.20038104057312,3.7096364498138428
74277c9dfffcc7b16618a621f5473cf1,1,3.1686604022979736,3.1947851181030273,4.093570232391357,3.7014899253845215,4.149136543273926
30de14d07ef9b860019d035215792633,1,2.110919952392578,1.8015105724334717,3.4805569648742676,2.385836362838745,3.560251235961914
269738c94fb9441a9419751b7f420df4,1,2.0310261249542236,1.5259108543395996,3.440249443054199,2.4800333976745605,3.0495195388793945
39f42e32786730012e5b2221fbc57ae1,1,3.242265224456787,3.417231798171997,4.190555572509766,3.8012332916259766,4.193666458129883
010f2a75655e4d4e988ac059344aa32f,1,2.7556989192962646,2.618934154510498,3.8788280487060547,3.612894058227539,3.514525890350342
5f1aa6a876c8961cbdf38199f4a148d1,1,2.4290528297424316,2.3616440296173096,3.5604684352874756,3.1281063556671143,3.1649250984191895
6064265367aa606c63f4cc6e9cc038fa,1,3.1397838592529297,3.1842730045318604,4.135523796081543,3.789813756942749,4.123061656951904
9ab24e5f4b34b10c48bb9febc877948d,1,2.6010046005249023,2.692556619644165,3.956063985824585,3.228365421295166,3.7827272415161133
244da20ae1adeeb3757aff7ab15a9063,1,3.2650818824768066,3.3408517837524414,4.472097396850586,3.4676690101623535,4.814836502075195
b9df6bd11cc00fab891dab3b7d83bf2e,1,3.3502609729766846,3.475653648376465,4.616676330566406,3.896944761276245,4.560245037078857
04512bb94edc791dd055a19e2a5c37db,1,2.0876898765563965,1.9642446041107178,3.377260684967041,2.485097885131836,3.2436914443969727
9fa740c568565ec8c22b49811d068081,1,3.033107280731201,2.9987242221832275,4.257412433624268,3.5616273880004883,4.325161457061768
efe8a6797e896778997cef98b690cad4,1,3.102043390274048,3.1794724464416504,4.2050275802612305,3.5033926963806152,4.199796199798584
12a6cc32bd424870da69ddd4bf481256,1,2.602917432785034,2.1140923500061035,3.9987192153930664,3.208221435546875,3.6121368408203125
27ef74915196abcf0c4fe71f30c1278d,1,3.3715202808380127,3.55088472366333,4.509411811828613,3.988184928894043,4.452425479888916
16d1564e951a324a15776480e3d09cb7,1,3.665731430053711,3.6844472885131836,4.781794548034668,3.9563283920288086,4.703179836273193
d77f8beaccb8de1c7a10c0415c484ecc,1,3.8031773567199707,2.890174388885498,4.576953887939453,4.760498046875,4.663131237030029
b3e2a41a54291e907487cbf76779eedd,1,3.308065176010132,3.2027320861816406,4.21605110168457,4.241150856018066,4.100686073303223
278edce15f6dbd3bd5371e823458c119,1,3.7348599433898926,3.6914968490600586,4.882059574127197,4.039969444274902,5.047623634338379
4d484ca80004e589c068f56f95037dc9,1,3.1282031536102295,2.4567625522613525,4.314023971557617,3.101041078567505,4.209832668304443
10ce6923731642bf13ed125492b19abf,1,3.4767343997955322,2.697909355163574,4.316187858581543,3.9884204864501953,4.2751970291137695
f3052ac909e3285d4a75eb921a519406,1,3.599482536315918,3.409564733505249,4.374727249145508,3.7608132362365723,4.4180216789245605
0daa362434cbe39c81e49d115f043429,1,2.966479539871216,2.6777994632720947,4.150697708129883,3.586158514022827,4.315913677215576
8c1897eb89336296f328fce87af09532,1,2.7194604873657227,2.636801242828369,4.435135364532471,3.4556336402893066,4.424278259277344
45b0e7ed7735fd52828c5ca9759cb588,1,2.2139225006103516,2.007103204727173,3.6022119522094727,3.004016637802124,3.236783504486084
4d43546e62927e84daa35d582dfdb24f,1,3.2147035598754883,3.0004401206970215,4.1967291831970215,3.9617624282836914,3.9230759143829346
8e36839f309f927869c743b7ec3e791a,1,3.31547212600708,3.2484843730926514,4.750829219818115,3.84242844581604,4.647788047790527
219c9adae165cd7c0b1275acc69f8fc0,1,3.5203094482421875,2.746786117553711,4.27299690246582,4.361745357513428,4.34119176864624
f498e7d92228b5a60a32f60493be5857,1,3.3569350242614746,2.991084575653076,4.1576008796691895,4.272061824798584,4.159351348876953
651d5ea671f14adb2340113f230655f0,1,3.526589870452881,3.4411749839782715,4.336571216583252,4.249584197998047,4.48261022567749
e3b9bda52fcc538985fc64b1ef740336,1,3.620436191558838,2.6836676597595215,4.404865264892578,4.632518768310547,4.481995582580566
dacdeefa2352a394d00cd5cf9287f59f,1,3.6861419677734375,2.906717300415039,4.441245079040527,4.692846298217773,4.603636264801025
ea5ef92f40b40f0745509b147454c9dc,1,3.0182766914367676,2.870539903640747,4.485967636108398,3.494462490081787,4.438761234283447
fd13cf568d18199f3914f0a30236e02f,1,3.5373499393463135,2.78790020942688,4.391119003295898,4.499379634857178,4.395456314086914
da9952616d46180e05eb27920337cda2,1,2.9949898719787598,2.162144422531128,4.110654830932617,3.9008102416992188,3.919114828109741
797f13358877d33e88242adc04074c90,1,2.5095670223236084,2.6028342247009277,4.132338523864746,3.378303050994873,3.9512102603912354
346ab5280bc17788f89db65fe87128b9,1,3.7289669513702393,2.8379950523376465,4.516918182373047,4.643586158752441,4.658991813659668
8c96c19a33c86cd3e0fa4cc4fb32f213,1,3.2523739337921143,3.4430274963378906,4.387075901031494,4.053689956665039,4.282258987426758
95925c08d7a30b65fe417fb632464881,1,3.109241247177124,2.9230406284332275,4.302585601806641,3.638056516647339,4.027808666229248
114f9c2ccbff1bcfe5d71bc2ae970743,1,2.6597375869750977,3.0619325637817383,3.9015886783599854,3.358762741088867,3.865640878677368
6d548523f6c424a5cd65d17d03c880fc,1,2.796051025390625,2.050208568572998,3.95350980758667,3.595823287963867,3.7590346336364746
a82aa76780f6227b3584abfec1ead964,1,3.6376709938049316,3.4700233936309814,4.845793724060059,3.7484781742095947,4.749020576477051
86b1e3d06a36333400d3fe57a36fe7a5,1,3.467334747314453,3.2959563732147217,4.2775349617004395,4.024164199829102,4.3989129066467285
cd9ed1ca4d824913872cd15bedd6aff4,1,3.3646976947784424,2.742274045944214,4.375463962554932,3.5463132858276367,4.259382724761963
c72babe445d1999187790bca49e92f96,1,3.656749725341797,3.1751997470855713,4.101297378540039,4.530545234680176,4.6532416343688965
6bdc7056557ad83246485244c5da5721,1,3.2569684982299805,2.320277214050293,4.296593189239502,3.882805347442627,4.178196907043457
e8c26f0bc1dbf2aefa5bea057ed8f044,1,2.4836792945861816,2.205111503601074,3.9229516983032227,2.2439708709716797,3.881474733352661
ca17226403f55d2e503af97d3dfcacb1,1,3.241210699081421,3.370637893676758,4.558777332305908,3.9004874229431152,4.594336986541748
29b7cb22fea8a4147f40115963c614d6,1,3.247685670852661,2.8298451900482178,4.199949741363525,3.801445484161377,4.063321590423584
c291cd2dfd28e206c2d1c5c4bdf6eac4,1,3.0833775997161865,2.8164467811584473,3.8242180347442627,4.032489776611328,3.977404832839966
c7b07f38945c05e52b3169dce263de0a,1,3.3225436210632324,3.3729476928710938,4.630234718322754,3.9020931720733643,4.453223705291748
f808e42e79f14ec3cc0d0c3776a64c3e,1,2.528944969177246,2.0813608169555664,4.048476696014404,3.143622875213623,3.6286978721618652
5f07dc3f222c9721f992c12b10326f25,1,3.1814768314361572,3.2258079051971436,4.108631134033203,3.984889507293701,3.9884376525878906
7d6d879bf73a53fc532681b1ec9aff83,1,2.412062406539917,2.0743634700775146,3.9093868732452393,2.693796396255493,3.8440418243408203
e997c4c6fb4be28be4d7d2ab9f60f0fc,1,2.180156707763672,1.7301630973815918,3.5774991512298584,2.986476182937622,3.1940109729766846
5f1dcd5c5f6e21eba4aebe109c224db3,1,3.20444917678833,3.268319606781006,4.232342720031738,4.090917587280273,3.93597674369812
5fc22233f8846fe156c0af84ca7e4438,1,2.8207099437713623,3.047529458999634,3.9180290699005127,3.5965096950531006,3.822033643722534
3fc8d93076dec9b6345ac5fe8e02662e,1,3.312236785888672,2.620859146118164,4.189513206481934,4.311014175415039,4.306779384613037
ace66efc0c2544909e89b5892bada6f5,1,2.6693546772003174,2.595987558364868,3.7780864238739014,3.2317144870758057,3.4158637523651123
b135a0e3c0709c3b901c38fb01f0f407,1,3.1206841468811035,2.8254480361938477,4.063531398773193,3.766414165496826,4.18372106552124
eaf3f8d1bac41bcc8779ecdfee3cbe57,1,3.2851145267486572,2.702575445175171,4.1175537109375,4.074699401855469,3.9078917503356934
9651f3ba99ebe817e655e5cb430536be,1,3.2547593116760254,2.728330612182617,4.399934768676758,3.4680585861206055,4.083504676818848
0c865e75aa1c6c571e30c13cb6cd7a33,1,2.9969444274902344,2.7802815437316895,4.12443208694458,3.6215193271636963,4.222280979156494
596d137be298670e4408f43bd33e5d23,1,2.7941575050354004,2.951200246810913,3.916428565979004,3.6178970336914062,3.840378522872925
57078866fcf4322ffed7785eb461fa1c,1,2.907233476638794,2.367645502090454,4.092874050140381,2.9905354976654053,4.1276631355285645
b39d7eb20abf1bf8660eccb58aea206c,1,3.199878215789795,3.47517466545105,4.168989181518555,3.288740634918213,4.287106037139893
a1c5a88feb722042986d9a1a03c972bb,1,3.023468255996704,2.7373509407043457,4.214407920837402,3.28438138961792,4.086724281311035
a9a1a0a6eb9f34f026dd6a7b33602bfb,1,3.6267411708831787,3.5403316020965576,4.216671466827393,3.894514799118042,4.5261688232421875
4c1ee2d0eb0d1190dc2fae4f76f43462,1,1.904427170753479,2.10109806060791,3.311889171600342,2.1947736740112305,3.5795373916625977
643007e5610d57ab3952a6edac149b36,1,1.8905763626098633,2.12725830078125,3.6459410190582275,1.7818331718444824,3.602029800415039
ce17ccb708ade309d6b25bed3ec03c64,1,3.185138463973999,3.21234130859375,4.044970989227295,3.9893741607666016,3.9669277667999268
79b9df1d025136e7c17afd780eab598a,1,3.3945841789245605,3.4548373222351074,4.260187149047852,3.739332437515259,4.2699503898620605
cb451d997a5cb81f91ab37ffa3fbf12e,1,2.9841034412384033,2.6729483604431152,4.013737678527832,3.8612165451049805,3.849716901779175
559ce51bf168c60eb4f8d6ee3bdafe4e,1,3.2061927318573,2.7945308685302734,4.251345634460449,3.902545928955078,3.9721319675445557
e416667c34175d604d5cd4c530d16209,1,2.953994035720825,2.6648786067962646,3.951854705810547,4.114691734313965,4.105125904083252
64145a04debd3dbf35641279c36bdc36,1,2.372420310974121,1.9150209426879883,3.7650976181030273,2.4991822242736816,3.719543695449829
18fc45f1130ffa3f7a5cdde68f7a0a78,1,2.356104850769043,2.2307791709899902,4.017398357391357,2.400360345840454,3.990969657897949
b2c16d2a192be9c1f005328d5cfc3c6a,1,3.6380648612976074,2.719893455505371,4.512448310852051,4.170807838439941,4.410872459411621
58fde96b4d4f9a558fa98cb04524ccc0,1,3.2331368923187256,3.1980762481689453,4.141955852508545,4.099702835083008,4.035276412963867
ab55b8bff845375156fd22eadfb107d3,1,2.178504705429077,2.1941723823547363,3.555638551712036,2.471421241760254,3.231031894683838
962fbc41375deaeb639cf74feaa369d4,1,2.7272212505340576,1.9199512004852295,4.127648830413818,2.9969756603240967,3.948056221008301
3a4d1772d3fa3c50dd51b36d4839acf1,1,2.396993637084961,1.9014099836349487,3.727818489074707,3.2676684856414795,3.5592916011810303
073caa4fc8bc8c790a27577c69033858,1,3.491628885269165,2.9429924488067627,4.082993030548096,4.64404296875,4.363078594207764
98c516c22ca7043e9534a1f52673127c,1,3.1032278537750244,2.8971469402313232,4.371279716491699,3.2674458026885986,4.234291076660156
ad2b564a6cf68fecb5b875cfb767bda8,1,2.7920191287994385,2.5808486938476562,4.116643905639648,3.7620558738708496,3.933309555053711
2129ac3a0612e0b9f6d796520abd77cf,1,3.7321197986602783,3.7763333320617676,4.885556221008301,4.0643815994262695,4.742237091064453
32d90eefa91aab057e9712476f3a7876,1,2.2514963150024414,2.118908405303955,3.7118139266967773,2.5155348777770996,3.6170835494995117
484e6601137183c36fd2e6e13c6361f1,1,2.1451001167297363,2.324385404586792,3.485043525695801,3.0880446434020996,3.1701602935791016
56d9830c36c731f33e3ead6da067ec2a,1,3.5147581100463867,2.731215000152588,4.388760089874268,4.531291961669922,4.466898441314697
db92dbeca8b4067d538c3306181559e5,1,3.0211079120635986,3.0690133571624756,3.970730781555176,4.101279258728027,3.8833165168762207
e4df4d85f18d5ab696160961aa04e92f,1,4.206250190734863,3.9307329654693604,4.686688423156738,4.4584503173828125,5.065283298492432
d2099f25b84ed6383e9a54c4efc92436,1,2.976961851119995,2.759373903274536,4.324358940124512,3.501444101333618,3.8672170639038086
8bc9a440bc0ec0929aa390424dd87ced,1,1.8664571046829224,2.0503039360046387,3.6198208332061768,1.6492944955825806,3.712918758392334
5c6271064442399ebd728d349f166be1,1,2.8230857849121094,2.5719096660614014,3.8496973514556885,3.2715682983398438,3.7592804431915283
99b758b6bd60f408ee8df7375f7609f4,1,3.203185796737671,3.4758315086364746,4.038948059082031,3.5500612258911133,4.469006061553955
e65d30c65eceb98c7ddb122dd5b17bcb,1,3.089855909347534,2.9907920360565186,4.117786884307861,3.9107236862182617,4.013792037963867
1eb0f8ca6766061bb177460482e9ad0e,1,2.889472007751465,2.778660297393799,4.049502372741699,3.384321689605713,4.23818826675415
6956ac1f64d57b2fcc42d0e6c2868e9f,1,3.444868803024292,2.8574891090393066,4.440770149230957,3.2597954273223877,4.372559070587158
3a49e29864e9ba754b1895ac900a34eb,1,3.271359443664551,3.2319602966308594,4.110433101654053,3.937816619873047,4.269776821136475
8622e945e6738c377facf48a35e8166c,1,3.2022600173950195,3.002192258834839,4.191025257110596,3.9662153720855713,3.9307072162628174
1bce10ae40f6c9c17f319ee9f3451c9f,1,3.0751969814300537,3.1731667518615723,4.225523948669434,3.339487075805664,4.222719669342041
51870005340f6b77a0b73f9ae710bc5a,1,3.9797310829162598,3.679673671722412,4.456892490386963,3.9623959064483643,4.95387077331543
38e02a73762cbe556498a797f3139506,1,2.4381160736083984,2.4828600883483887,3.767338991165161,3.0435822010040283,3.3641061782836914
9f33e1ffeb52c93c23cd05b5dd2cbf51,1,2.4259772300720215,2.326432704925537,3.9295883178710938,2.6732072830200195,3.7259914875030518
9b7c35bf604845c4d6a813b53235d9e7,1,3.097102642059326,3.030191659927368,3.9117023944854736,3.810260772705078,3.816344738006592
bc2881a0b3ba6cbcf365ad8551a96d9a,1,3.3181562423706055,3.506704330444336,4.444072723388672,3.715813159942627,4.4916229248046875
3b4090a0ee8923103ba6290153dc26f1,1,3.3021044731140137,3.1048500537872314,4.2909464836120605,3.603104829788208,4.524280548095703
904616d3b232f01ccbfb1ecca8a6335d,1,3.00420880317688,2.09696888923645,4.008882999420166,3.634000778198242,4.068399429321289
8c5a554a6390693fdc4d62208c91a3e6,1,3.0665764808654785,3.202834367752075,4.155551910400391,3.8868660926818848,3.8389687538146973
14ee96e43e8d548eeee8f92e8fe9d1e9,1,4.042084693908691,3.7990989685058594,4.532309055328369,4.443248748779297,4.858340740203857
7e3b4979ce2eb16f16179f7844d6bc60,1,3.263671636581421,3.229743719100952,4.257979869842529,4.042311191558838,3.989644765853882
cac10f1fdd7e5e72511cbcea3743d387,1,3.4393699169158936,3.308896064758301,4.350805282592773,3.6071300506591797,4.527702808380127
c672c602d6fa46d2e4d13495e622481f,1,3.1598706245422363,3.2415199279785156,4.0332722663879395,3.7710938453674316,4.101496696472168
e7f52b0be81c7dfda98a4716d7a99602,1,3.1692490577697754,3.1744260787963867,4.220970153808594,4.1952595710754395,4.005193710327148
1079adcf60e5898693bbb1939ff64a02,1,1.9075665473937988,2.024045944213867,3.478034019470215,2.761657476425171,2.8533935546875
8aed2ab8c2e948e560853026d589460d,1,3.5953369140625,3.4330530166625977,4.723029136657715,4.011710166931152,4.807980537414551
3e4630656d08ee080d2ac46a1177c482,1,2.8447210788726807,2.883117198944092,4.2292304039001465,2.8853108882904053,4.26848030090332
51b60a9b13e17920df5b0617b8beb733,1,3.7518155574798584,3.6227972507476807,4.48087215423584,4.416572093963623,4.651516437530518
585362e59adcbd22753f93017cc507bc,1,1.9013792276382446,1.7414668798446655,3.49996280670166,1.819801688194275,3.3806209564208984
c8358bfc7ab096b04300c258dc2543ab,1,3.13044810295105,2.970264434814453,4.101468086242676,3.6699392795562744,4.210850715637207
922fc853c432c6d1d1bc67837347c906,1,3.339154005050659,3.180630683898926,4.209107875823975,3.6024770736694336,4.090770721435547
f6b7fdd74befb9723f72ad06819da063,1,3.2886264324188232,3.2762646675109863,3.9197580814361572,3.702451705932617,4.16868257522583
8a5594699316d4e2811c0a9785a5b7e8,1,2.735727071762085,2.249969959259033,4.001966953277588,2.875911235809326,3.6167569160461426
b9315834f7ff3a58058b3bd856a81a55,1,3.625535726547241,3.3054051399230957,4.2756829261779785,3.8271968364715576,4.467731475830078
c5997194c141840e6be4f305f337d503,1,3.313371419906616,3.173609733581543,4.476980209350586,3.5781636238098145,4.344658851623535
9b4d97de0dca3bff44f20a357f9acf5c,1,2.9685211181640625,2.9867777824401855,4.258843898773193,3.6772987842559814,4.20954704284668
e4a042239d57f64a8b9447eb939b3757,1,3.146357774734497,3.1125526428222656,4.1781439781188965,3.610373020172119,4.3917036056518555
4030141326fa36e673330d5dcebb10c5,1,1.8831809759140015,2.178262233734131,3.455441474914551,2.6415345668792725,3.3909904956817627
baa42a05c19ccff06c01d5139f6a0211,1,3.463419198989868,2.682952880859375,4.385820388793945,4.6690216064453125,4.407433986663818
bfe03340c0ffd6bf9d8cf84494d41fa0,1,1.7254709005355835,1.7077275514602661,3.0826449394226074,2.0893425941467285,2.7531423568725586
be4f73f25ea4831fcb67fe9dc511a11d,1,3.2875847816467285,3.2009711265563965,4.207071304321289,4.014247417449951,4.066022872924805
bbbe018f1b248043c79a251f43152e59,1,3.433407783508301,3.560804843902588,4.2286376953125,3.970979928970337,4.495712757110596
b972bb9a85217bad4b6812e1777fe856,1,1.5138778686523438,1.2501169443130493,3.154041290283203,2.155892848968506,2.756640911102295
d1aa4884a01ec6bc5e1881f27d1b349b,1,2.0318856239318848,1.4942600727081299,3.345505714416504,2.918421983718872,3.1245548725128174
951ff6a39b9d1575df2eeb2274d7f1b9,1,2.1921002864837646,2.0866799354553223,3.977750301361084,1.9473075866699219,3.955214023590088
e4841e2e5f04a8e3ba89f5c4ea9ae885,1,3.239832639694214,3.2716619968414307,4.150214195251465,4.042760372161865,3.995422601699829
5e9de531492c7266ca62474f4e91719f,1,2.068450927734375,1.896308422088623,3.5775585174560547,2.7214980125427246,3.5300822257995605
f616a36c521cb67e173055080a1055ae,1,3.240934133529663,3.3166329860687256,4.53683614730835,3.8211162090301514,4.43099308013916
02d235d0e7f87812129ad2eefde2f0c2,1,2.2541723251342773,1.1586982011795044,3.4371442794799805,3.234330415725708,3.203888177871704
64b8c4a876c65a841d842cb1bd945a9e,1,1.2023112773895264,1.4505223035812378,2.8358776569366455,1.6893829107284546,2.4197633266448975
a2dc9697c81f894edd74acf16581bf20,1,3.1929433345794678,3.116859197616577,4.184882640838623,3.420959949493408,4.489377975463867
94bd2e178d848501987f8a45f55ac92b,1,3.336002826690674,3.567002773284912,4.643076419830322,3.9425179958343506,4.365841388702393
bc8116b34d68c61e51c7fa01c9d08635,1,3.4748363494873047,2.379288911819458,4.246063232421875,4.170324325561523,4.264782905578613
1feaa6d1c72722267c8475cd58da5f3f,1,3.0683329105377197,3.178523540496826,4.3404107093811035,3.346881151199341,4.108819484710693
4821cd15c9bc2483a3da5d855f0cfe66,1,3.710350513458252,3.7011027336120605,4.251478672027588,4.0675272941589355,4.61769962310791
746cb37037ad84019ae184511acc91e8,1,2.8907930850982666,2.858013868331909,4.0498528480529785,3.227020025253296,4.152353763580322
d2168e0600083ab23527f573e11c2660,1,1.5746164321899414,1.1417957544326782,2.810360908508301,1.9852817058563232,2.768670082092285
c9870d2ac72da5094162f38efd04aee9,1,2.7473268508911133,2.6060595512390137,3.801020622253418,3.5332345962524414,3.4669840335845947
9f93cdd1a23903fb833124e1dc1445e1,1,3.1360702514648438,2.9656591415405273,4.15559720993042,4.016580104827881,3.9746928215026855
72dc7b3d7218d3636f3573227c3206de,1,3.1769206523895264,3.314258575439453,4.403750896453857,3.682157516479492,4.276815414428711
f01f1b32fd52d424bb60ac1aa4f30cee,1,3.754502773284912,2.843897581100464,4.5894389152526855,4.752425193786621,4.585318565368652
bcd59078a4ed5da904affef5470c8c80,1,2.9916465282440186,2.896388053894043,4.1680121421813965,3.6040501594543457,4.341531276702881
cce45e25429b517b67a9f4d381ddbeb2,1,2.191777467727661,1.6962465047836304,3.3646650314331055,2.779200792312622,3.2151010036468506
4fe298275ed1ebdcf231378666d11c01,1,2.5191495418548584,2.251199245452881,3.941896915435791,2.8939690589904785,4.042925834655762
16a109ae2eec033289a64add85f7b4db,1,3.1909642219543457,3.214611053466797,4.072750091552734,3.9274368286132812,4.146416664123535
433f3bab1e835f586e5c2590d6bbbe5c,1,3.3693928718566895,3.5391039848327637,4.34997034072876,3.9264373779296875,4.1174211502075195
8ae08d57a7bda326f43ea9e5d8918396,1,3.3986597061157227,2.8330917358398438,4.357273578643799,4.459133625030518,4.373819351196289
5846cd2ede06c967782268e894cb040b,1,3.063415765762329,2.760578155517578,4.244182109832764,4.1473212242126465,3.819906711578369
953fad751e39f97ee9ab9c655cb33ae9,1,4.016265869140625,3.811850070953369,4.472026348114014,4.3656439781188965,4.701531410217285
2a90cad0a46830505a0097da3b22d40e,1,2.3124828338623047,2.2036890983581543,3.660989999771118,3.3610787391662598,3.3059182167053223
8dca886b0275dc306c5a6778afaaf35e,1,3.0851073265075684,2.987208366394043,4.105783462524414,3.8409664630889893,4.254014015197754
efd1c6500c0b56c8794cccb12d77c9a8,1,1.3549073934555054,1.018101453781128,2.7486727237701416,1.7569478750228882,2.5181093215942383
ba1df0fcea9c0f63a61fdfe3dadfcb8b,1,2.7560524940490723,2.272956371307373,3.9213132858276367,3.6166696548461914,3.922823667526245
ba417e342a338105721b01b9d8e5c1db,1,2.215287685394287,2.0122480392456055,3.907759189605713,2.2155919075012207,3.74064302444458
f96d7958c036187a768419217b898bb9,1,2.4798014163970947,1.850589394569397,3.894963502883911,2.7748494148254395,3.9577744007110596
072fc032ed86673c961db3b1980c477f,1,3.344940423965454,3.2925736904144287,4.311485767364502,4.1632981300354,4.192348003387451
39b22b697c0f10093f8cc8b77b2e6409,1,3.1656482219696045,3.060037851333618,4.228174686431885,3.765528678894043,4.2992119789123535
a24395043dc2378ead4ee3543a1879a3,1,3.4432973861694336,3.259579658508301,4.201076030731201,3.800544261932373,4.2052998542785645
59a99f71c32576e11c57a14762bf6192,1,1.4698734283447266,1.6624581813812256,2.968195676803589,2.0720319747924805,2.468535900115967
24d5e0e599680d67fcf65858ffb07709,1,2.4558448791503906,2.3030145168304443,3.9814939498901367,2.8349905014038086,3.4389336109161377
1c705f879e2cc324e02587d2ff63a974,1,3.6884307861328125,2.884303092956543,4.513189792633057,4.674838542938232,4.663931369781494
5b7e49bcbbedda6b50ee3e98b49bc3e3,1,3.4124667644500732,2.7405896186828613,4.371570587158203,4.800098419189453,4.503268241882324
f039a70ba40fd787834b2d8d5f3f4563,1,3.0312812328338623,3.1187241077423096,4.113921165466309,3.4798171520233154,4.104574680328369
1374b420bee5bbd6ce0aaf7abeaf37e4,1,3.176311731338501,3.2906529903411865,4.028676986694336,3.829881191253662,4.08671236038208
e99c123d727d8781c50084bab2ba7e0b,1,2.3852670192718506,2.310969829559326,3.81231951713562,3.3460493087768555,3.506774663925171
5d75fc7d68ba45681784029d6172b7d3,1,2.673715591430664,2.641201972961426,3.890190839767456,3.475109338760376,3.402362823486328
13b8b5ee521ccc0830af503d77ac2aa7,1,3.211441993713379,3.059842109680176,4.0974884033203125,4.018698692321777,4.082008361816406
e9f8b572b87fc54bc86ea70add925fbf,1,3.040782928466797,2.2206509113311768,4.090297698974609,3.9957737922668457,4.009199619293213
27e2c05802dd513b6c1f1f66b0f7d944,1,3.358452320098877,3.600949287414551,4.401307106018066,4.013781547546387,4.114983558654785
b04678fe6d5e5b2161f75983c9f6a508,1,2.508725643157959,2.3543944358825684,3.914844274520874,3.223954677581787,3.7907843589782715
2267f9bdb304290cace8d5f236ae7b67,1,2.5889875888824463,2.20406174659729,3.59157657623291,3.8610727787017822,3.7181265354156494
9ad2e2265ef59b830ca1411431d173ed,1,3.2070960998535156,2.5467138290405273,4.252120494842529,3.8164587020874023,4.171109199523926
db02aef50bf0f6cf7ae4af094fb6a8a9,1,3.235961675643921,3.5842370986938477,4.443772315979004,3.7848620414733887,4.37738561630249
2de25d5e5d2373e0cafd3badebdf116d,1,3.2097721099853516,2.5815632343292236,4.1509690284729,4.105343818664551,4.118343830108643
531c05730081fb8018f2d65eb5bd8cfb,1,4.4390058517456055,4.03922700881958,4.93873405456543,4.94769811630249,5.213222980499268
b3f1da74ad00f80073d8c91b5713dca1,1,2.864353895187378,2.766775608062744,3.9479053020477295,3.57368540763855,3.992374897003174
8138bdff29a9978803e0619a87fe3e4a,1,2.9766926765441895,2.961266279220581,4.6070709228515625,3.332460880279541,4.400791168212891
ac9b4e3b918e5798e899082a2f2a6e0a,1,3.5116283893585205,3.1862196922302246,4.369494438171387,3.873137950897217,4.411208152770996
def675d3db04b6d4820021d254e40066,1,3.378068208694458,3.493364095687866,4.421647071838379,3.801565408706665,4.3817315101623535
cd0200caef16e58ee43f009386e4b0e7,1,2.0419161319732666,1.94191575050354,3.6495561599731445,2.45558500289917,3.3529653549194336
4b808469cb78b760c5452ffceda4060a,1,1.9646897315979004,1.787796974182129,3.350285768508911,2.216916799545288,3.590346336364746
7a58ee9a6010aa9dc3a38707b639ce00,1,3.2183403968811035,2.956418037414551,4.172621726989746,3.60455322265625,3.9704411029815674
0b56716fe021ba27cd9265ba951b1070,1,3.0395565032958984,2.7377283573150635,4.033979892730713,3.84315824508667,3.981323003768921
74f7cbd2dfc388b55ec7fdb7685384db,1,2.253309965133667,1.6141127347946167,3.502793788909912,2.7065513134002686,3.12580943107605
d7a40d6ea152ed83d27ff0281e7f7f6b,1,3.379457473754883,3.5800743103027344,4.628095626831055,4.0384039878845215,4.545203685760498
9b2d573a4ac6c8e0b5537c500d190551,1,3.1327998638153076,3.007225275039673,4.084017753601074,3.7885804176330566,4.214112758636475
864207530dbca7671a7f3ce18adefa39,1,2.6078243255615234,1.8833551406860352,3.246474266052246,3.665266990661621,3.4578652381896973
08adff3de52249b29f117497ab181dcb,1,2.250044584274292,2.261099100112915,3.6786043643951416,2.4486148357391357,3.360837936401367
e4591379d2aff116b31be04088e1e8e1,1,3.4872562885284424,3.7309255599975586,4.373135566711426,4.076369285583496,4.692115306854248
fd321fcb62ab2745a069d594939d2bdb,1,3.2755353450775146,3.340627431869507,4.718430519104004,4.016408443450928,4.631820201873779
370cc6924550c67d2103004ebeafb266,1,2.5386643409729004,2.149463176727295,4.080244541168213,2.687682628631592,3.9179961681365967
83b4f53cf11e1b50849c7f4815e424d6,1,3.0607969760894775,2.1326937675476074,4.127130031585693,3.7859668731689453,3.960707187652588
9720b2cf921167deb02f9d9315a1dfa2,1,2.4809694290161133,2.1736178398132324,3.8570311069488525,2.8007752895355225,3.6474862098693848
3bd83ab982288fae47e7344c6c47476a,1,2.959705352783203,2.3107266426086426,3.9915668964385986,3.8736987113952637,3.879608392715454
3fa641d49db1a7c230376cf70961597b,1,3.289917469024658,3.209101915359497,4.059377193450928,3.8732266426086426,4.197021007537842
a87b5ec987d6f5741bdf0f028388fafa,1,2.456088066101074,2.39766001701355,3.7631521224975586,3.212244749069214,3.810703754425049
a89205dceb19d20c58c678987c5572d7,1,3.0040969848632812,2.9393956661224365,4.131048679351807,3.4857239723205566,4.45599365234375
e19c34c7342c0c6de48d2fa5cfc5843b,1,3.524629831314087,3.298539161682129,4.317169666290283,3.8545687198638916,4.176697731018066
96237d214dddd91ded0d62d67f9bf801,1,3.716543436050415,3.4532957077026367,4.29698371887207,4.010481357574463,4.612152576446533
afc95c9019df24802e1869f8b6f5d6cb,1,2.7739899158477783,2.6146280765533447,3.8340260982513428,3.7570858001708984,3.8186349868774414
9e2d28306d8d2aa2affda20eb527ea92,1,2.9738571643829346,2.8857955932617188,4.159571647644043,3.3677351474761963,4.311173915863037
6c46b83cefdd4f5973a60cdf414d2355,1,3.378913164138794,2.609905242919922,4.359491348266602,3.5554039478302,4.214506149291992
30bbbf77ffdae8924c7af29b36954223,1,3.1276769638061523,2.8216476440429688,4.125861644744873,3.9455227851867676,3.756681203842163
951df7007ddf2ac48a79191512f5f323,1,3.3043463230133057,2.851402759552002,4.320324897766113,4.281740188598633,4.045343399047852
9facad5a63c242a2ed06f8f52be514df,1,3.597012519836426,2.7025227546691895,4.425816059112549,4.6523027420043945,4.5242767333984375
07e780cdb34df3a1eb8ec4fcaf0dcab6,1,3.023120403289795,2.8916285037994385,4.005136489868164,3.609175682067871,3.9232051372528076
126d14fb7b2a89ae9e9a99f6e7a394c6,1,2.9913015365600586,3.1424012184143066,4.425321102142334,3.663997173309326,4.462541103363037
019b4ccc64f17746d068ab174c6ddc02,1,3.8342185020446777,3.5761067867279053,4.330768585205078,4.014946937561035,4.679966926574707
1a9d994940cbb180ce95dec06814b6f9,1,3.459073543548584,2.8034961223602295,4.309880256652832,4.404502868652344,4.334182262420654
79ad2d9079d933afd859a9d5eb619eeb,1,3.289534091949463,3.0757579803466797,4.2536187171936035,3.9804325103759766,4.466586112976074
a535d48e25b9d82817324bab5526019f,1,3.6528701782226562,3.717785358428955,4.854276657104492,4.227682113647461,4.857295989990234
c60767fce6f4f45ad4bfe5f117902e09,1,3.0752387046813965,3.0590147972106934,4.346783638000488,3.445012092590332,4.105095863342285
97d0d047d756b58bce8d78ea5dc8ab23,1,3.3880953788757324,2.4352269172668457,4.310478687286377,4.334525108337402,4.384488582611084
f01a7fdacef73d6e013b2988bb2f2415,1,3.5753259658813477,3.6340768337249756,4.157683849334717,4.072319984436035,4.442368507385254
d6ef4ee90f1a84439dd7ff6c20d6280b,1,3.155327558517456,2.7755956649780273,4.238806247711182,4.274625778198242,4.045400142669678
d092b61574dac7d70e7aff648895540f,1,2.9657492637634277,2.8925797939300537,4.056857585906982,3.5452630519866943,4.007051467895508
7eeda1d9cc4312b28df4c1b346626ed5,1,3.6442394256591797,3.6316285133361816,4.139393329620361,3.789954662322998,4.510682106018066
72f5289ae7939727683362029bb4f3eb,1,2.493661403656006,1.7192232608795166,3.6622209548950195,3.5442075729370117,3.654743194580078
2c277879b91174b23161fd944428b277,1,3.220156192779541,2.758380174636841,4.227058410644531,4.312617301940918,3.8715906143188477
dadf9721a3c856d2f0bd0fcba0e39856,1,3.1538381576538086,3.1763157844543457,4.095093250274658,3.9941675662994385,3.9685776233673096
39f7c970f6415d29c506629d867a32e2,1,3.7529654502868652,3.725560426712036,4.977308750152588,4.169557094573975,4.921387672424316
89707c1c94674f6a51de670efaca412b,1,3.42813777923584,2.7373344898223877,4.3664326667785645,4.237062931060791,4.30194616317749
a87acc549e4c446d73a2e0df45cab81b,1,2.9263663291931152,2.874786138534546,4.083910942077637,3.462005376815796,3.951568841934204
9353c68a23a572cf67c755fcc2897f97,1,3.374542236328125,3.325562000274658,4.133955955505371,4.126180648803711,4.1504998207092285
4475933721a971bdd61beab038d3d627,1,2.3002140522003174,2.272733211517334,3.07039737701416,3.0001511573791504,2.463615894317627
9dd860fcb9428113b98efacd4e31060a,1,3.6175131797790527,2.828075885772705,4.466589450836182,4.500663757324219,4.607848167419434
388178c60760012c177baa1205ef9600,1,3.087256908416748,3.253134250640869,4.368086338043213,3.974072217941284,4.21990442276001
729deefce82e1f8d9b387d4775b6ea9c,1,3.340744733810425,3.069234609603882,4.3533172607421875,4.221137046813965,4.089388847351074
d405d5515744cad11b49ce342993a0ad,1,3.801786422729492,3.8251140117645264,4.93412971496582,4.25984525680542,4.925603866577148
050df701f0d741411bd9443378875bbc,1,2.454193115234375,2.4471426010131836,3.4605565071105957,3.1917269229888916,2.846681594848633
472643aca4f5a1bb18aa83c9acab27b1,1,3.735659122467041,2.8904287815093994,4.464243412017822,4.745297431945801,4.663219451904297
f94ae041e211fa51cdec99988494bcf5,1,3.579025983810425,3.6343395709991455,4.79298734664917,4.160211563110352,4.839717864990234
01892f47eed494dc0fb7618e9cd40b95,1,3.1062211990356445,2.726714849472046,4.3789215087890625,3.286433219909668,4.087526798248291
df99e46a19bfe20bfb85d854bee6078b,1,2.075897216796875,1.703643560409546,3.117352247238159,2.7160496711730957,2.7852487564086914
b97e60bbd36fe5fa360e77f606b68ccd,1,3.5445473194122314,3.079364538192749,4.449463844299316,3.6433379650115967,4.370376110076904
24c7e9f6be7e2445080e6adc4aef55fa,1,2.8136653900146484,2.9939510822296143,4.414064884185791,3.545849323272705,4.196155071258545
5819d30c8997fe0a85970a4ed5b11a6a,1,2.3255467414855957,2.820732355117798,3.795600175857544,3.3373935222625732,3.650616407394409
a7aeabd83ea51072c0942bd3bb2c196c,1,3.0331525802612305,3.2179510593414307,4.408814430236816,3.327383041381836,3.853795289993286
3e69ea304498cb2b85a189382996692c,1,2.8945224285125732,3.0286195278167725,4.188867092132568,3.41581130027771,4.247862815856934
479891e735375e09ffe9f620f5e7ba52,1,2.404097318649292,2.1938796043395996,3.860668897628784,2.879674196243286,3.3690202236175537
9d3538741ae3065a01643d2aa48c6046,1,3.2817745208740234,2.734300136566162,4.1907243728637695,3.901432514190674,3.9992218017578125
0eaa30cf3192f81f4869d27f374b4a2e,1,3.573676586151123,3.9217820167541504,4.509069919586182,3.894523859024048,4.783649921417236
307026f55fc9aaff9bf39021991537e9,1,3.1630375385284424,2.6150362491607666,4.315167427062988,3.2722480297088623,4.096692085266113
bc4f2478bbdbf80670364b1ffd01450a,1,3.4744882583618164,3.243206024169922,4.717733860015869,3.974771738052368,4.752041339874268
d6c6f41579bed02dd39ff165e7af98bd,1,2.7276089191436768,2.57991361618042,4.163834095001221,3.107637882232666,3.9957785606384277
ac179763a77992084ac51bb61658f3f7,1,2.2806031703948975,2.555691719055176,3.7804884910583496,3.0270769596099854,3.5413079261779785
84ae5c49d467cf417d22783fc0d345b4,1,3.3220407962799072,3.3092503547668457,4.457143306732178,3.7010319232940674,4.5111517906188965
d966b693e49af7698e7b737d20ead394,1,2.799213171005249,3.0720105171203613,3.9414336681365967,3.58085298538208,3.7204246520996094
9d7bf329facab3dee6c5a90eacee1cba,1,2.6173253059387207,2.0686519145965576,3.6561055183410645,3.2199721336364746,3.249373435974121
b54471a3673799d247442cf821ee1022,1,2.5617258548736572,2.215547561645508,3.95317006111145,3.1948635578155518,3.5964694023132324
4fa2974763f3da4e233f027fc4ca3e41,1,3.6396913528442383,3.649157762527466,4.306827545166016,4.166074752807617,4.555622577667236
478e76acb25c81a0c540b971848e62c4,1,3.2672057151794434,3.223048686981201,4.0721435546875,3.6470141410827637,4.380471229553223
a957f8bf043eb57fc6e50353707b6dc5,1,3.056755542755127,2.922565460205078,4.568161487579346,3.578930139541626,4.5185418128967285
7b720d3199881887e7587d3795bf18c9,1,3.3822035789489746,3.39501953125,4.266578197479248,4.153646945953369,4.130577087402344
81b2b98720b91101c74446de8888deda,1,3.226241111755371,3.5606741905212402,4.468634128570557,3.985475778579712,4.304304599761963
938f2f16d6c5e6d40c38a193bb5326cd,1,3.081724166870117,3.1395423412323,4.211237907409668,3.7476112842559814,4.351959228515625
74e1835d6176e32499eb940e57dd8ec5,1,3.1098921298980713,2.4519762992858887,4.2183637619018555,4.593156814575195,4.336073398590088
5b487115f9f3b07f44dcb0e37716df9e,1,3.3368237018585205,3.5554094314575195,4.436251640319824,3.9364030361175537,4.421477794647217
621f2104b3da7246dd796883839adb60,1,3.2096049785614014,2.9300079345703125,4.152264595031738,4.0009989738464355,3.9467971324920654
67df1947a81f5e8c44eef4ff0f860097,1,4.168834209442139,3.872222900390625,4.624866008758545,4.356906890869141,5.099313259124756
8f42157e4d4e1a7031b6e12a927f0f60,1,2.6705877780914307,2.8206963539123535,4.0983123779296875,3.403140068054199,3.6915321350097656
538e7bbbb7330e1343de3f5f2772d895,1,2.402829170227051,1.9422473907470703,3.820164203643799,3.1978096961975098,3.0233075618743896
330b4498779c563bb54d482ae117d9e9,1,3.3707275390625,2.825866937637329,4.267828464508057,3.643845796585083,4.352732181549072
5a616f0237ae57d3328336a46423c6c5,1,2.7533907890319824,3.074535846710205,4.021305084228516,3.3048923015594482,3.9729676246643066
0feab3d5d4bd9df3ca9d64c53210e81f,1,2.883504629135132,2.7337121963500977,3.966771364212036,3.1750240325927734,3.733931541442871
f2c9253f0127465a3ca7f180fab83e11,1,1.7026740312576294,1.6117802858352661,2.995901107788086,2.118894577026367,2.3254034519195557
4bc825aff7fb3592a83d24b5c7f314f9,1,2.9169087409973145,2.7981977462768555,4.020230770111084,3.435478687286377,4.0197553634643555
af2acbe415b82cf44d2f9762b2fc5fcd,1,2.313368797302246,2.3903677463531494,3.341078996658325,2.9101412296295166,2.683992385864258
197b48b143a840106bf8d163e1bbf37b,1,3.431882381439209,2.9519598484039307,4.506003379821777,4.261832237243652,4.220808982849121
8240cad5db39315c9adbc5841f286405,1,2.8486390113830566,2.9331398010253906,4.003204345703125,3.4433021545410156,4.155694484710693
a19e8799746e7e3e0a3d561abd20d2a3,1,3.1608622074127197,3.1059861183166504,4.100988388061523,3.759859085083008,4.0731306076049805
d241c1f46c3e5b7aa63016c57afb085c,1,3.122096061706543,3.246511220932007,4.12933874130249,3.5737085342407227,4.1643242835998535
fff67ed841a104d0b59def8e21e8ba64,1,3.460240125656128,3.489433526992798,4.703262805938721,3.9188506603240967,4.490220546722412
d9f07737b8ed00ce23fe1d8f105e9d3d,1,3.044255495071411,2.747004508972168,4.1932830810546875,3.5061004161834717,4.390163898468018
ae16645f2c60197f69fcef80d3812977,1,3.369910955429077,2.841209650039673,4.393942356109619,3.5664234161376953,4.469055652618408
7fa73d3f2a176b84a00878cb131e80b0,1,2.983827590942383,3.0211288928985596,4.1216607093811035,3.4634222984313965,4.015878677368164
f836b1d6a7d5ee8cda641bf38d425081,1,3.296875238418579,3.597050189971924,4.712052822113037,3.994198799133301,4.604149341583252
25274009cbaeb42a82cc12ea523ad2b6,1,4.204244136810303,3.282768726348877,4.902524948120117,4.346863746643066,5.019158840179443
d9746de2d6e16a1b2bbbb00b74166b5f,1,2.9612834453582764,2.468209743499756,4.068582057952881,3.3320846557617188,3.9937527179718018
ed561c7a60402a3f7a4d32c9bd64fe79,1,3.4095935821533203,3.0793375968933105,4.235870838165283,4.355603218078613,4.39856481552124
d60cf4c052a6b347a8806cbb35c2e18f,1,2.32660174369812,2.2491493225097656,3.734438896179199,3.2792623043060303,3.5258045196533203
7ebd501dfb01ac0ed992f1ca17bfe96d,1,3.250878095626831,3.177614688873291,3.9160518646240234,3.831371545791626,4.300911903381348
db27166d056524382139e8e69ca352eb,1,3.466196298599243,3.4981842041015625,4.35500955581665,3.9229540824890137,4.352278709411621
4cebd36964fc173ad2e56ca502b2b98a,1,2.76922607421875,2.873434543609619,3.90254545211792,4.112002372741699,4.011170864105225
c2a60d5b81e2df9fad889c53761ae74d,1,2.9048097133636475,3.0163474082946777,4.538691520690918,3.5126569271087646,4.263952255249023
4b517eb21176933ba577ef01cde41530,1,3.754314661026001,3.4658966064453125,4.346950054168701,4.023849964141846,4.616848945617676
a1565ee947b644f4a535f66e43f6c581,1,3.386348247528076,2.8474652767181396,4.352035999298096,4.120875835418701,4.184061050415039
1bb6d21f467f1b12bb524292afc19f0c,1,2.405306339263916,2.006401777267456,3.758500814437866,2.4599993228912354,3.727386951446533
77799f2e18e09e5f3f86ef9e643b2f6c,1,3.509601354598999,3.416008710861206,4.792205333709717,3.8000001907348633,4.927391529083252
c29b7d2cca39175555ff8ded26e4d01a,1,2.9492387771606445,2.931251049041748,4.010781764984131,3.6946256160736084,3.992720127105713
d75c2b3944c1bec2d4cd2f223afa5363,1,2.018862724304199,2.3542728424072266,4.009914398193359,2.86114501953125,3.6349310874938965
9b1b5bc301045756a6e2787832456778,1,3.674243450164795,3.638812303543091,4.346845626831055,4.165053367614746,4.548495292663574
9872ac52ec63e3ed23bc6169abc6d876,1,3.6688857078552246,3.7764365673065186,4.419683456420898,4.189039707183838,4.583999156951904
f509e01ab512972366dafc64e688a69b,1,2.7261476516723633,2.1208605766296387,4.097108840942383,3.012237310409546,3.7197866439819336
74ef4f7834037df49f99609f55576d51,1,2.2682948112487793,2.1990537643432617,3.5438029766082764,3.1467299461364746,2.8288965225219727
ae9303b03e03b7761032dc5631f81a21,1,2.835852861404419,2.4941296577453613,4.245916843414307,2.965786933898926,4.264769554138184
592e76fbac48440d8ad09e3af580ad1d,1,2.133286237716675,2.060297727584839,3.4528799057006836,2.875318765640259,2.7633848190307617
bc50ff12ec44b919c137dd8a31b6753c,1,3.367310047149658,3.304597854614258,4.315211296081543,4.2934041023254395,4.1022844314575195
305697b6a05a11aa72b8acf0f7decbaa,1,3.484330892562866,3.6034553050994873,4.337932586669922,3.766756772994995,4.295742034912109
fd734c6d46c8cf65a785b87f16119834,1,3.278268337249756,3.254506826400757,4.18015718460083,4.000332832336426,4.18904972076416
e9a6d412b8adc7a41df81b6f9afaa439,1,3.406736373901367,3.180891990661621,4.08792781829834,4.443502902984619,4.285983085632324
8939fc670fdd06e63770ee313b1eaf55,1,3.702463150024414,2.882049798965454,4.524826526641846,4.721027374267578,4.676176071166992
eaa34878dc6fe48136d4a768a0f1e181,1,2.8282601833343506,2.9014828205108643,4.017148494720459,3.363173007965088,4.097329616546631
e2dc89383fbd9f058cddb700fd65977f,1,3.6334879398345947,3.521622896194458,4.8967156410217285,3.8536629676818848,4.7672624588012695
16c230214efeb9b9f65ad3818a80c97d,1,2.857034206390381,2.9999427795410156,4.026069641113281,3.205624580383301,3.8007960319519043
74c6868e048a1604bc421075dbb675a4,1,2.965832233428955,2.568342924118042,3.9926817417144775,4.067045211791992,3.9536292552948
ad50d4469b3325f529404a3aebad3446,1,3.370115041732788,2.653482437133789,4.212994575500488,4.560845375061035,4.400117874145508
6a22331c0a92543be9565d31092917b5,1,3.151287078857422,3.1716318130493164,4.182478904724121,3.962606430053711,4.37595796585083
a2d8daae9800542afda8c8231cfacd10,1,3.911409854888916,2.8492908477783203,4.612819671630859,4.805212020874023,4.66011381149292
833b17301d740cc5ee3c624e4d4191cb,1,3.183253765106201,3.201493263244629,4.602950096130371,3.6842050552368164,4.140110492706299
271ab8175af2db39fba45c8b904e4106,1,2.3715109825134277,2.6890461444854736,3.7100698947906494,3.1684348583221436,3.4449830055236816
06791572c7dfbfadec378717a106759d,1,3.624268054962158,2.867372989654541,4.516225814819336,4.592991352081299,4.548773765563965
922309179bcb83aaaae045bdeedca969,1,3.232151508331299,3.4424288272857666,4.707098484039307,3.934299945831299,4.569915294647217
bebd41b4aac4c57be23aa326f7426b3e,1,2.389559030532837,2.1106655597686768,3.789592981338501,3.2825608253479004,3.18129563331604
f1e49dfa4cf7089eb08d6e873f0a382d,1,3.341083288192749,3.623960256576538,4.370147705078125,3.978107452392578,4.140810012817383
46ad112ba8af771e55f23eab035f39f5,1,3.601167678833008,3.4097747802734375,4.255712509155273,4.167296886444092,4.416092872619629
e47ca34719b9f5c2d8de06e181cccab8,1,2.730018138885498,2.8065619468688965,4.071085453033447,3.467336416244507,4.277823448181152
8245649e9b2c988ba312e07c19713731,1,2.978830575942993,2.937490701675415,4.170823574066162,3.321608066558838,4.335165023803711
79b4789d512088089747c33f677bc138,1,3.1506247520446777,3.109173536300659,4.116170406341553,4.184260845184326,4.022958755493164
ec8b643fb5bda617d4a86322d4dbedda,1,3.2534594535827637,2.321772575378418,4.191181182861328,4.158287048339844,4.222485065460205
3d49f0ba67a953804e81a2bfedcb2a0b,1,3.2380785942077637,3.2773702144622803,4.193398475646973,4.1043901443481445,3.984091281890869
e9dc62d7b16cb81e328ec20050198f4c,1,2.934595823287964,2.4223015308380127,4.172652721405029,3.53840708732605,3.9351890087127686
0c9bb38ee9844fa25554b1a98e029113,1,2.9877376556396484,2.5811829566955566,4.136733055114746,3.5693070888519287,3.8203938007354736
9025252d249907dee1b2a3600976b0d8,1,2.4335708618164062,2.5964157581329346,3.8745522499084473,3.371248245239258,3.806492805480957
707eed8c4479930a4e6dd2519599636b,1,3.2814178466796875,3.5447120666503906,4.613658428192139,3.9860684871673584,4.512208938598633
a231ae740d38784e01d3da7811c389ef,1,3.699902296066284,3.7035651206970215,4.2563581466674805,4.203901290893555,4.658857822418213
26ea25bcb24fc87258d380d80dc61e73,1,3.346169948577881,3.2938613891601562,4.150202751159668,3.5616490840911865,4.563146591186523
93540b253b0b86fcf0daa92907d1444a,1,3.2447872161865234,2.5007545948028564,4.224408149719238,3.818211555480957,4.184676170349121
da9e6edbfaf5fd2551220af714aa44b7,1,2.062154531478882,1.9474718570709229,2.971733808517456,2.916964530944824,2.3592145442962646
fd69ebb6d1f2ca530795cfb102e2017b,1,2.812516212463379,2.962754249572754,4.40254020690918,3.4950642585754395,4.184366226196289
f015127316d757922d41e86432d0c251,1,3.227721929550171,2.993631601333618,4.087765216827393,4.391706466674805,4.187906742095947
232b374e49b3b4f4097792f0c2518fff,1,3.0733726024627686,2.593433141708374,4.240159034729004,3.2312114238739014,4.092001914978027
578c8cf04f3581854cec26b948eceb63,1,3.2860512733459473,3.4270834922790527,4.506194114685059,3.820075273513794,4.327759265899658
34e7a67d6fdf978a6471b9644f29ea8b,1,3.3161256313323975,2.7201662063598633,4.247900485992432,3.4571382999420166,4.30100679397583
fc44ddb44cde547517a16929d1c619ef,1,3.6444077491760254,2.839498281478882,4.459258556365967,4.504658222198486,4.57835578918457
15dc99245ba82705c7891c81a0a8d023,1,3.5452375411987305,3.435964345932007,4.382856845855713,4.3011698722839355,4.5292887687683105
26516d0e1d65543fb4ffa1a9c60a1a9e,1,3.044863224029541,2.7284600734710693,4.3611741065979,3.0681700706481934,4.202158451080322
3f4760666c2c3e9278617ce6ccacb2c3,1,3.293220281600952,2.6107137203216553,4.40817403793335,4.316809177398682,4.211736679077148
4f705ed3213ac0e9c3ac629016c3831d,1,3.099911689758301,2.6192476749420166,4.199732303619385,3.6577348709106445,4.071752548217773
6c9bc8b2aa77ac717bc48329711bd47f,1,3.501189708709717,3.48421049118042,4.272491931915283,4.042684555053711,4.491726875305176
284b2eb3568b8ed3abc9b8e6e3580513,1,2.657501459121704,2.0872743129730225,4.008351802825928,2.4993600845336914,3.929307460784912
aeb90cda54c92cfa5283bc163e2a6479,1,3.4166698455810547,3.511709690093994,4.250665664672852,3.7811262607574463,4.212365627288818
23605b0fe51504cdb5f1e810eac42308,1,1.9855464696884155,2.2719388008117676,3.372384548187256,2.934403419494629,2.843733310699463
92b3c081169d048a262d6e7c262dc747,1,3.4747023582458496,3.4145150184631348,4.335346221923828,3.8945326805114746,4.341171741485596
fac388e502508812043f4bb4f02bfb7f,1,3.112154722213745,2.843425989151001,4.113271236419678,3.532287836074829,3.7913577556610107
09991f2eb34375abd846b13b8615aaa5,1,3.0539207458496094,2.5597476959228516,4.068884372711182,3.850921869277954,3.9351422786712646
9f258029f6cafaf99b15c46e53c3c14f,1,3.851797342300415,2.791297435760498,4.642208576202393,4.211071014404297,4.60091495513916
e95d6cbccd3f046456b79fecee902317,1,3.7549495697021484,2.6391594409942627,4.519568920135498,4.576627731323242,4.528765678405762
65cc646d04c956c91303150eb5a6fd4b,1,3.284550905227661,2.765646457672119,4.313006401062012,3.835832118988037,4.055910587310791
97afb6727cbbbd0b8c4474e847498321,1,3.496584177017212,2.8769993782043457,4.340903282165527,4.376894950866699,4.398774147033691
824eec9fe1af6d160c82f7e164b0a58e,1,3.164891242980957,3.4327597618103027,4.582676410675049,4.049744606018066,4.48124361038208
8674aca5f873906445590ea6663b2d43,1,3.434468984603882,3.5671491622924805,4.538727283477783,3.6984786987304688,4.12642765045166
1084d69b8ddf9b26057fe14433167b03,1,3.5342674255371094,2.88086199760437,4.476726055145264,4.2241010665893555,4.397139072418213
4548c4fcb02929cfa346d1da0966047d,1,2.592271089553833,2.501478672027588,4.197643756866455,2.8783600330352783,3.8330445289611816
6b484902efce336b8932b323e59bafa2,1,3.0741829872131348,2.8435230255126953,4.021766662597656,3.7562198638916016,4.094790458679199
916ddc3a43c2e2c8d9303f2fe02d7801,1,3.5384817123413086,3.249486207962036,4.136955738067627,3.869302272796631,4.653635025024414
07b1cf547439b87063e3e85d551ed7ea,1,3.2838690280914307,2.4310922622680664,4.380362510681152,3.562748432159424,4.16234016418457
7802ce98392c4daf4e3d78345aed94b6,1,2.629349708557129,2.064333200454712,4.06146240234375,3.2505249977111816,3.6131820678710938
7c2c328700aa8bbb4029c1bc8e7628a0,1,3.112410068511963,2.587056875228882,4.301690101623535,3.393779754638672,4.240879058837891
32dc392b38e8f4e8e5eb816fda741ae0,1,3.55473256111145,3.6495168209075928,4.318007469177246,4.156496524810791,4.586164951324463
2829e0ba38c18d5552003d871103dd3b,1,3.660032033920288,3.4773833751678467,4.8579912185668945,3.8914194107055664,4.948887825012207
1bb6a1edc28049ff25b950a38120b4b5,1,2.7577250003814697,2.750786542892456,3.6894872188568115,3.042924404144287,3.08109450340271
ee10dacc4ae861bbc5f3462ca446893e,1,2.5998106002807617,2.3048858642578125,3.7953782081604004,3.2655539512634277,3.0370805263519287
5aa5fa766565e0eacc9d8e605866f075,1,2.9068753719329834,3.043630361557007,4.559539318084717,3.433790445327759,4.374865531921387
7330613e7059ad7015b7cd35569f387a,1,3.4032769203186035,3.4631567001342773,4.197957515716553,3.9381189346313477,4.448582172393799
fb2dc83d55365ee71b7b773315970449,1,2.8889851570129395,2.743138551712036,3.860990285873413,3.238271474838257,3.456942081451416
20f2a8bbb188f9f4028509f7ab25595d,1,3.247746229171753,3.3096725940704346,4.380590438842773,3.7041404247283936,4.516343116760254
3dc365c7cad0d5ceff1b2464a1a22bc7,1,3.4149832725524902,3.126051664352417,4.657265663146973,3.847221851348877,4.689828872680664
5aa65c6e4c0e63f7854ef2e714452c73,1,2.7895565032958984,2.9825949668884277,4.185077667236328,3.657975196838379,4.205775737762451
86e9cb04e87c25aad1eb4b8b5ccba4f9,1,3.097273111343384,3.173095703125,4.141879081726074,3.7801859378814697,3.8088300228118896
74650785652bae5e0f8f70f25fcd7375,1,3.725015163421631,3.49588942527771,4.5467000007629395,3.9572291374206543,4.4615559577941895
f6ce9f98ac43d5e4137ee17a4a818c90,1,3.254708766937256,2.570955991744995,4.2236714363098145,3.9274916648864746,4.037208557128906
c7612319eb3168be2933190617748493,1,2.3787856101989746,2.2779088020324707,3.969663619995117,2.064079999923706,4.06300687789917
2f5e102c31493b0a8fb6d4be1152475f,1,3.66156268119812,3.724623203277588,4.330225467681885,4.295774936676025,4.49449348449707
5b38028bd40da7408e377f293743a00b,1,3.3200020790100098,2.818450689315796,4.316348552703857,4.434105396270752,4.225925922393799
c4d250dd519f765ba519ad071c240292,1,2.8403632640838623,2.9277539253234863,3.7952237129211426,3.3223650455474854,4.191930770874023
e79f72b3a41e55ab2e9fa0bfd6dedab9,1,3.0523130893707275,2.4653210639953613,4.224130630493164,3.4336049556732178,3.9658679962158203
d1ac0fce600ffe53cbc04995b5708d68,1,3.286334753036499,2.649325132369995,4.292675018310547,3.9732654094696045,4.104583740234375
c7be35d5dc8c85cc5dc9bf458c59dde4,1,3.343533754348755,2.7882087230682373,4.340300559997559,3.5611910820007324,4.313488006591797
127f4a597d781025bf0b61b21435b8e1,1,2.4974639415740967,2.2108893394470215,3.995769739151001,2.7338643074035645,3.801231622695923
3e58900e55eef9530f3a814cc9af471e,1,3.4191911220550537,3.6781134605407715,4.614018440246582,3.9815704822540283,4.507253170013428
b6ccfb88e88c45cfcdca490f2bdbdf57,1,1.8367620706558228,2.07067608833313,3.518876075744629,1.8554426431655884,3.4901363849639893
d34abd6b08b348cab6656ae53281dd69,1,2.7076704502105713,2.4520280361175537,3.9867818355560303,3.54514479637146,3.7226450443267822
26ab0df5adf25e90c211c37bd1943109,1,2.962632656097412,2.824769973754883,4.038297653198242,4.186728477478027,4.0930495262146
eb794ebb4dc6646fef4d6044f127bd22,1,3.7963030338287354,3.6596858501434326,4.413861274719238,3.923203468322754,4.622596263885498
9db4667fa0e1c11993d2ba2b063df077,1,3.6383917331695557,2.817761182785034,4.500455856323242,4.527773380279541,4.5617265701293945
9f268b37109da973d586a0adc2be3446,1,3.6462559700012207,2.83884859085083,4.5669684410095215,4.516478061676025,4.582345962524414
74a772bc6d49f552c22e10d767d971dc,1,3.7322592735290527,3.511685371398926,4.903377056121826,4.035231113433838,5.037448406219482
e5991b3076df8e64e8822d4163bd6ff6,1,3.764728307723999,3.489471435546875,4.367776870727539,4.511167526245117,4.815487384796143
d6f068798d0e2ed4a6c3ee2dda1b9f2a,1,2.700329542160034,2.521118640899658,3.9715158939361572,2.5858278274536133,3.773205041885376
84db0eec3601ebf88e52e150c328d68f,1,2.9546029567718506,2.9384877681732178,4.56044864654541,3.1643240451812744,4.441860198974609
fd4cdeee752aaf011745a5c8fbead358,1,2.0965707302093506,1.9906837940216064,3.417447090148926,2.8269872665405273,2.782815456390381
012e750c571a2b49d2818804c47c1962,1,3.438082695007324,3.4227797985076904,4.686516284942627,3.8249094486236572,4.639062881469727
f2f15ad4da3ffc976ea4e805115ee12c,1,3.4079010486602783,3.5278422832489014,4.3807783126831055,3.800762414932251,4.294107437133789
457da1b7c48900e543ca4e8a9fbd186c,1,3.1752219200134277,3.417752265930176,4.632622241973877,3.46760892868042,4.453154563903809
0ccc278c01cc9158f3ed6418b57e5ca6,1,3.3120498657226562,2.6520040035247803,4.352587699890137,4.283997535705566,4.2082319259643555
6c057329c199d9c3ec17deea115d542f,1,3.358921766281128,3.2300896644592285,4.291454315185547,4.115721702575684,4.5004682540893555
844f63f7ec5855a9d33c559e3b6a3204,1,2.9640796184539795,2.877323627471924,4.076055526733398,3.645874261856079,3.9579591751098633
e0bfed1c7fd3f5fd8980ab618512e5a1,1,3.2949607372283936,2.9514150619506836,4.268510818481445,3.9972736835479736,4.178865909576416
50f235fb510df4a7e6f4f3ea391f3c11,1,2.6001460552215576,2.1347131729125977,3.496157646179199,3.153139352798462,2.877729892730713
b7c59fd3f169cd24bc0689efb4eab8bb,1,3.2586259841918945,3.485370635986328,4.367727756500244,3.8911447525024414,4.235360145568848
273953a07fce09421487a1aef2f169bb,1,2.0069870948791504,2.1027114391326904,3.0752503871917725,2.6722311973571777,2.3948683738708496
38a43099f8785cd7fcac89094990c214,1,2.701904058456421,2.67641019821167,4.045926570892334,3.477747678756714,3.7221996784210205
33b50bab4ca49207197416128c3de5ed,1,1.8507566452026367,1.5963642597198486,3.2810187339782715,2.2379961013793945,2.9107565879821777
e087fe20d401e34c03fe3412ee149e98,1,3.4074039459228516,2.6699295043945312,4.456089019775391,3.821855306625366,4.3618927001953125
43119b51edd0c6bc6f27a85e534de014,1,2.9947824478149414,2.915682792663574,4.1082282066345215,3.566467761993408,4.030783653259277
9d58b80679c00d31232406d4c74e91de,1,3.3639163970947266,3.0909295082092285,4.178162097930908,4.220606803894043,4.125255584716797
fef7ae47866601a83d82f7e13b5ba1e7,1,2.556591749191284,2.2750258445739746,3.810253381729126,2.995246171951294,3.853591203689575
9b8f787f5e221b006ed8034cde2749fa,1,2.5965659618377686,2.369248867034912,3.6701784133911133,3.0020174980163574,2.8450398445129395
e5d342fa63d9ae092bea82871ca571fe,1,3.228822946548462,2.799846887588501,3.9302263259887695,4.378227710723877,4.028146743774414
1fa7582a92002cb57f05ea0414bd2165,1,2.9495773315429688,2.5585832595825195,4.030951499938965,3.933946371078491,4.049220561981201
75baa073440c30cf12e2bb4ca7c512e8,1,2.714245080947876,2.3378868103027344,3.9821770191192627,3.3593618869781494,3.250901937484741
f49231cdd6fd85047702ae3f00cb667a,1,2.66375470161438,2.5547032356262207,3.5903687477111816,3.7068939208984375,2.8368210792541504
8144d41f9d6f81a03bdfed7ce6622290,1,3.6468288898468018,3.640291929244995,4.9109344482421875,4.157694339752197,4.922023773193359
fce3b60193ed7f68c654c5f010b70fbd,1,2.5234689712524414,2.328385591506958,3.206697940826416,3.117183208465576,2.5462422370910645
64523b490f494aaae2ec22b03dbb7a21,1,3.8855857849121094,3.9235548973083496,4.834911346435547,4.362658977508545,4.704524040222168
b898292f6ef88966faa93b9ec1b4cc97,1,2.847931146621704,2.182119131088257,3.773817539215088,3.51607346534729,3.230562686920166
043f3c98b1a28e733700596b71e3dba2,1,3.6850268840789795,3.626568078994751,4.196451663970947,3.864154100418091,4.628747463226318
9d44a8fdc4afdf1e42ddde49ae654dff,1,3.523998975753784,2.681565046310425,4.581538200378418,3.712526321411133,4.3963942527771
4405817651de0c0c867a4f10a3e0f27a,1,2.445284843444824,2.1860108375549316,3.600579023361206,2.9898476600646973,3.4589273929595947
977d39a85a3f9bd87b028038bf46b8f6,1,2.602776527404785,2.3182568550109863,3.8621151447296143,3.010171890258789,3.597944736480713
7676db239879ebdb10d10e64f1ebd33c,1,3.3968992233276367,3.5555765628814697,4.608928203582764,4.142861843109131,4.451686859130859
7f93cd8aa4f30191c982c93cf654778a,1,3.098205327987671,2.485781192779541,4.096935749053955,4.188802719116211,4.076787948608398
c6787e64a260661c93869154a76bff32,1,2.6790170669555664,2.3114426136016846,3.969121217727661,2.834047555923462,3.6695313453674316
57241ad20cc1b0bf1840bc04e9b5d741,1,2.8682701587677,2.8953590393066406,4.49216890335083,3.363582134246826,4.383081436157227
19a3bb98d9281bc12529d61a21b4cef5,1,2.487668991088867,2.2783608436584473,3.8945555686950684,3.449934244155884,3.5063886642456055
078757e837979b963c2b219695674526,1,1.8447614908218384,1.7498424053192139,3.0083656311035156,2.393723487854004,1.9810452461242676
066eaa20531fc309b0dd70734dba9843,1,2.9086971282958984,3.201352596282959,4.168389320373535,3.5441153049468994,3.8958230018615723
00f9706c9c69712bc1a4aff49004a4e6,1,3.5730504989624023,3.596364974975586,4.3029046058654785,4.0064239501953125,4.519967555999756
d25da05e88ab19b53355379e854b4ccf,1,3.5932865142822266,2.7924916744232178,4.200110912322998,4.637937545776367,4.239180564880371
1a5d6f982b3fb4ab2c5bd1e7897bbe7d,1,2.6807703971862793,2.381915330886841,3.8227145671844482,3.4141082763671875,3.1804652214050293
accab3dcc9835b8f2e60721258a84400,1,2.8682749271392822,2.773723840713501,4.181408882141113,3.3595216274261475,4.254304885864258
5ac2d2eeab08b71fbd04bff2b592d078,1,3.5852062702178955,3.667914390563965,4.508277416229248,4.064130783081055,4.244357109069824
b55543466a5a6bc6320fbad49a738f25,1,2.924093246459961,2.790397882461548,4.0751471519470215,3.5839080810546875,3.8525798320770264
e156fe3f96e3d27c192aa8adf2f71807,1,3.8075757026672363,3.7828855514526367,4.265996932983398,3.9943454265594482,4.74238920211792
7a940096541d57856c0a66d71187e7f8,1,3.383754014968872,2.6030430793762207,4.274328708648682,4.57370662689209,4.337096691131592
0111a440693ee5dc0a59127d12dafae2,1,2.56192946434021,2.31248140335083,3.9727087020874023,2.957631826400757,3.4677276611328125
5a436bca12f9dd1a1aa02480c61cae38,1,1.9570882320404053,1.8229060173034668,3.06135892868042,2.719350576400757,2.579348564147949
f811c4d8562e95ebeb07876f7ab2ce1f,1,2.969302177429199,2.9473750591278076,4.179897785186768,3.2404849529266357,4.218481540679932
6736fd6e8de205c777b048d75129c66d,1,3.015444278717041,3.182992696762085,3.626819133758545,3.8842549324035645,4.007568836212158
355a1d4268568c15c735ac97fba27908,1,3.2627792358398438,3.350435733795166,4.59003210067749,3.4462454319000244,4.055266857147217
8365c33f5454dcd3a7afb9872b214a97,1,1.6160476207733154,1.6035549640655518,2.7607102394104004,2.0821518898010254,2.0769577026367188
c34def9e52aa6451df2bcd98630c79c2,1,2.684148073196411,2.4346346855163574,3.925637722015381,2.7098264694213867,3.7127342224121094
a3f8640e465372df57f27115523b87d2,1,2.810612916946411,2.7330801486968994,4.1943559646606445,3.319192886352539,3.8500418663024902
9213ee3083043a727c627c1907fb9c17,1,3.2869913578033447,2.6565563678741455,4.4520063400268555,3.4124832153320312,4.227682590484619
5b013c122c0db601dffa9896a15d9ee8,1,3.3184452056884766,3.180649757385254,4.18880033493042,4.0989227294921875,4.244088649749756
538994d74b672f1989ad62edf584f6a6,1,3.275247097015381,2.614534378051758,4.064393043518066,4.158052444458008,4.210291862487793
6e07e6a20cdaac91d8068173e2eb9b0e,1,3.3539345264434814,2.9342072010040283,4.311132431030273,4.45219087600708,4.141485691070557
7d5506d6508cf41f071b865086f8cabd,1,3.6175320148468018,2.7046213150024414,4.368107318878174,4.748579025268555,4.653851509094238
b0054de9ff9e0631af1fc2f27732dbe2,1,2.7961068153381348,2.9911489486694336,4.175998210906982,3.2684311866760254,4.054449558258057
04495690f564dcec104b21ac611ccdeb,1,3.3845224380493164,3.1329715251922607,4.044137001037598,3.892716646194458,4.357002258300781
b6f8879baa934a92c9a9078f979737ea,1,3.418398857116699,3.306678295135498,4.043154239654541,3.673776149749756,4.41464900970459
8d90c2d6f5a0b054eab466d94513692c,1,3.006504535675049,2.867016553878784,3.969791889190674,4.233288764953613,3.9859018325805664
9905abb17b6121a4459a4c6184bc6ea4,1,2.763967752456665,1.941890001296997,3.7415881156921387,3.4345319271087646,3.009675979614258
fe031122c556429156aa6bb560f404b4,1,3.5378689765930176,3.299382209777832,4.311400890350342,4.036962509155273,4.31558895111084
5adacc349a97db212ab36f01f9c95482,1,3.02337908744812,2.736234188079834,4.055893421173096,3.7533936500549316,3.6664860248565674
08a6e5ba8a550019120f2d4fa93d49f4,1,3.6784188747406006,2.7760567665100098,4.440511703491211,4.640379905700684,4.664181232452393
f9d981397e648bd13454ae2bfba4b5f4,1,2.173886299133301,2.1693029403686523,3.1859405040740967,3.174208402633667,2.7428293228149414
4040fa8fa1e79813d9ca5760e9f72e70,1,2.616239309310913,1.9937024116516113,4.053327560424805,2.74428129196167,4.057201385498047
95ca80885c7dbfff645442666cd6cfb0,1,3.73856258392334,3.5824050903320312,4.383309841156006,3.627941846847534,4.678718566894531
029b53171fcef496aae55b085f616ef9,1,3.522590160369873,2.827082395553589,4.349055767059326,4.3893938064575195,4.448676109313965
d64787f839505496b8f62dc3bafaf837,1,3.5968575477600098,3.7015390396118164,4.228237628936768,4.11465311050415,4.5306220054626465
deddb5b291216d980798e86c309207ea,1,2.8921897411346436,3.114166498184204,4.042102336883545,3.4062376022338867,3.7945356369018555
7655683c0fa9c9815fc7cff36796cd48,1,3.115781545639038,2.3630905151367188,4.123055458068848,4.053554058074951,4.184955596923828
0659e012b5545879999a7e506c4078d1,1,2.8895103931427,2.387146472930908,4.108786106109619,3.271613836288452,3.861159086227417
b62ff50bab710a688a954c93afc9f64e,1,3.3795766830444336,2.305509090423584,4.343531608581543,4.237260818481445,4.192169666290283
5b851cf09e144da9a74bfe126c9ef672,1,2.6379241943359375,2.5101003646850586,3.925294876098633,3.340745210647583,3.6966922283172607
3cc697a986b6eaa799134797fbb5e120,1,2.9931092262268066,2.8845434188842773,3.971250534057617,3.6081228256225586,3.9560325145721436
4b4ca4ddbec90e45300508bf2eddc2df,1,2.6643223762512207,2.1745235919952393,3.728208065032959,3.480870485305786,3.1507644653320312
b5d96f4f1b2d6a662127feb1340aa727,1,2.1948745250701904,2.0850062370300293,3.504237174987793,2.590806007385254,3.0980734825134277
9481bde05ec6ba82541b6852c584b935,1,3.3106305599212646,3.1706252098083496,4.417746543884277,3.5500245094299316,4.501873970031738
00616f727f9f90dde8cd1ae8e5414cac,1,3.2667019367218018,2.6856515407562256,4.1319122314453125,4.226831912994385,4.018089771270752
bbd97b85ffcf58cdc974a67fdfd11f76,1,3.16446852684021,3.1639981269836426,4.1745686531066895,4.107185363769531,3.9042043685913086
63fb5ff3e2dbc34cb1e71ae872f9db41,1,3.452082872390747,3.5386300086975098,4.3683180809021,3.8726468086242676,4.2973246574401855
b3fca5400415460f7615f47c68dfb0e0,1,2.42983341217041,1.8717410564422607,3.287086009979248,3.047738790512085,3.0660581588745117
3cd643abdf1b1848ed5df45b292a8092,1,3.0516176223754883,3.001588821411133,4.0605878829956055,4.0758771896362305,4.039237976074219
47e7e19accc3dd2c2e90ead96ec5c7b9,1,2.1193556785583496,2.065138101577759,3.7455997467041016,2.4397149085998535,3.5720887184143066
9b92dee564898ffee51bc4881c0141ad,1,2.780306100845337,1.8632147312164307,3.952998638153076,3.7673823833465576,3.7836573123931885
7cc8e9375044d75233daa1ec8d6b3cb0,1,2.9530444145202637,2.965954065322876,4.1022539138793945,3.535292863845825,3.9257705211639404
39b492f83cc6a07aaed9c137b1f1f21a,1,2.764244794845581,2.545017719268799,3.9976372718811035,2.8893771171569824,3.9361813068389893
c9df9b9b3f2931aaac9a4a0c3c81ab3f,1,3.5090479850769043,3.3612489700317383,4.465657711029053,4.439964294433594,4.2185211181640625
535533e5e0d38fb47b5c11901c1c22c9,1,3.0292797088623047,3.079394578933716,4.087329864501953,3.7455968856811523,3.8884823322296143
0c73ae2a54fc930fc75e5bb149cb7f62,1,3.6757071018218994,3.4380111694335938,4.477112770080566,4.364768028259277,4.640077114105225
4f311de076c2b64d3a7366d71df62413,1,3.5381407737731934,3.4953722953796387,4.2141432762146,3.886063814163208,4.44748067855835
3c54e873f82a2f74e010bb3d67b8029f,1,2.9249825477600098,3.079155683517456,3.875432014465332,3.9742727279663086,3.803960084915161
360e04ad7396becc3ab0908dd3f11d12,1,3.528791904449463,2.7508723735809326,4.354437351226807,4.4197845458984375,4.440518379211426
5b17db10d18d36b76d6cb4ca9647a900,1,3.6339871883392334,3.2000510692596436,4.195033073425293,4.522815704345703,4.339728355407715
9088cd61fafa1138d72a678f1937f340,1,3.103327989578247,2.9633188247680664,4.238547325134277,3.701136589050293,3.86550235748291
cdd7db20c25bb2c3ee274db5a84d0410,1,3.536940097808838,2.8393795490264893,4.351196765899658,4.506734371185303,4.435471057891846
69e24ee5c83fad02a476a24c4692645c,1,2.8212029933929443,2.706217050552368,4.046289920806885,3.611438274383545,3.663858652114868
33c6aeee6039fa3c7d781b91cffb6209,1,2.9373583793640137,3.1329941749572754,4.154832363128662,3.417501211166382,3.718823194503784
df344e4fe97113e4da976726725f7d97,1,3.072645664215088,3.1396877765655518,4.494744300842285,3.6780712604522705,4.334548473358154
b14cb1d094b7cecfbc762592b7f90861,1,3.0934650897979736,2.723724126815796,4.035003662109375,4.134786128997803,4.056944847106934
9ae9b133c00e034e8c1db1bdcb339f9d,1,2.911494731903076,3.0005760192871094,3.947641611099243,3.5724527835845947,4.1894073486328125
0a4d5265a81a61241dcb15672af94db8,1,3.253112554550171,3.327174663543701,4.16853141784668,3.6879637241363525,4.305838108062744
ad2646f2ce5b938df74feca4f4f71429,1,2.335294723510742,2.134572744369507,3.7891690731048584,2.209129810333252,3.6081037521362305
dd3efa81f690a4cf91b45d4a4c7e2255,1,2.3018441200256348,2.02508544921875,3.537357807159424,2.8564438819885254,2.917214870452881
d1555b64d5a97ac0065b5762e5b21b55,1,3.2219090461730957,3.087228298187256,4.120779037475586,4.412622928619385,4.175343990325928
3c1d189f4e98e80bcf6aea95298f0213,1,2.258718967437744,1.5833234786987305,3.842979907989502,2.246746063232422,3.780160903930664
9866ac470b33ce17c014ea59bb1eb04f,1,2.862807035446167,2.8576903343200684,4.187299728393555,3.379258632659912,3.825820207595825
e8d8e6ebccff759797a4b6bfcef5ccb4,1,3.313309669494629,3.402540922164917,4.259273052215576,3.7725257873535156,4.215378284454346
e46687288302c7a120aa2c8b19e9b342,1,2.860353708267212,2.666308879852295,3.6419196128845215,3.249706506729126,3.535451889038086
c27b379f7d0027bce053300f941f2e44,1,3.1714589595794678,3.1068215370178223,4.188990592956543,3.9381978511810303,3.841783046722412
a1b8c6616ec51fdfb186b85468bbf2ed,1,3.223379373550415,3.1962809562683105,3.934356451034546,4.0708327293396,4.172114849090576
883e89550e50a551a1d04a422f5d0e60,1,3.677492141723633,3.631114959716797,4.374907970428467,4.313610076904297,4.686247825622559
d13fafcdb1eb82f333d4d495b1688c8b,1,3.330824375152588,3.1913342475891113,4.194332599639893,3.910637617111206,4.243106842041016
b0bd9c28ff232301180f60a16e4c806a,1,2.9655497074127197,2.174285888671875,4.01979923248291,3.5426275730133057,3.7672672271728516
f2b2c9e59131e5dfc394011ad568ae6b,1,3.2814342975616455,3.02239990234375,4.345883369445801,3.572322130203247,4.6227898597717285
f05d30fe3a28827587cefac866916e06,1,3.191317319869995,3.443250894546509,4.159440994262695,3.6029694080352783,4.070712566375732
23217229d61684cadcd22e7464d17e16,1,3.416226625442505,3.6455938816070557,4.304915904998779,3.835782527923584,4.323812961578369
81b82dfedb8c873321952224cfb6d7b0,1,2.2534334659576416,1.9082913398742676,3.156855583190918,2.793527841567993,2.9648749828338623
d18bc734972d3b3dea209061b669a873,1,3.424996852874756,3.2942357063293457,4.5706634521484375,3.6262998580932617,4.605190753936768
72749f6c2af9fbc5f91a57b5153f3089,1,3.3426105976104736,2.800933361053467,4.259420394897461,4.324275016784668,4.246723175048828
37d92d6fb8c8b6cb8cbad2484ec70a86,1,3.2164053916931152,3.169848680496216,4.556349754333496,3.908489942550659,4.49308967590332
cc814b3b4d53176bdca0564857b6ab37,1,3.5495781898498535,3.7949283123016357,4.694326400756836,4.14547872543335,4.544312477111816
72982603186054268a643d845a918a57,1,3.3165392875671387,3.3231406211853027,4.449162483215332,3.8886990547180176,4.303506851196289
cdc211ed36f7e334d1b2002d00f91536,1,3.4271340370178223,2.690415143966675,4.4824442863464355,3.619955539703369,4.3669514656066895
57f173a91003498307090bca41395b3d,1,2.7953872680664062,2.686408281326294,4.5971550941467285,3.203472375869751,4.496156692504883
e93311b5a22ae55333b00a7b98d22afe,1,3.5258421897888184,3.508577823638916,4.326840877532959,4.192614555358887,4.5354790687561035
6756bd1f03455f5cc7a8f64ef9c25d7b,1,2.7619452476501465,2.6527113914489746,3.8894574642181396,3.616690158843994,3.7734413146972656
be123a664a50395c734fbc74cdc62117,1,3.1890764236450195,2.6426751613616943,3.995105028152466,3.7597999572753906,4.034073829650879
5e03d9214a1bc63fbd0a0af785dc0f87,1,3.4820854663848877,3.0503947734832764,4.2648820877075195,3.7957444190979004,4.3307414054870605
c11ea479456583902054e6327a64d528,1,3.6068198680877686,2.955197334289551,4.548738956451416,3.635057210922241,4.46125602722168
1b24c3e5444eb8990dc747fbd82fc079,1,1.9697390794754028,2.0668277740478516,3.4531404972076416,2.930612802505493,2.544300079345703
7c945096c5026827bbe1a0e95535fa25,1,2.612888813018799,1.8562815189361572,3.9348998069763184,3.7302615642547607,3.729520320892334
053958a77fa8daafb180955721cd0d7e,1,1.7237738370895386,1.655679702758789,2.8803420066833496,2.516646385192871,2.199777841567993
38568b982e98f09b39aa17a72d8167ad,1,3.0347323417663574,2.9729135036468506,4.103816986083984,3.6289985179901123,4.041921615600586
555c7dbf512f0716aa720f54be88a6eb,1,3.886580228805542,3.042616367340088,4.620965957641602,4.86085319519043,4.891037464141846
b48a7ccb0d62c71b9cab7ebe5b2890ae,1,3.441328763961792,2.633965253829956,4.3763885498046875,4.397375583648682,4.329797744750977
e71e17d4746211eec52738b7ac3d2752,1,3.453606605529785,3.419398069381714,4.089581489562988,4.001308441162109,4.404004096984863
050beff1e0640af1e7ed53a032b6daf2,1,3.1530282497406006,3.022207021713257,4.152308464050293,3.726914882659912,4.076089382171631
328c9f38e5dd20cfe610b385df123c3d,1,3.337975025177002,3.3917124271392822,4.637457370758057,4.0378031730651855,4.677745342254639
fbe30bd3301458b33415f24321c38076,1,3.321218729019165,2.6544864177703857,4.267123222351074,3.4974899291992188,4.071315288543701
c453ee19a387762b45c0c2187a0a9175,1,3.313157796859741,2.7185287475585938,4.380219459533691,3.5948548316955566,4.3283772468566895
4752cea52310096864fe4946d5fb129b,1,2.304112672805786,2.5745630264282227,3.8312880992889404,2.8228096961975098,3.620774269104004
0747ef1ee76f1d183e7d16a64a26b505,1,2.654935359954834,2.456303358078003,3.878514528274536,3.588451623916626,3.698793649673462
3031065286c4b38bf0972c973644dbbf,1,2.228318214416504,1.997974157333374,3.2506351470947266,2.8053464889526367,2.6156787872314453
b87be141528ae7380d846cd20c97f7e0,1,2.5570974349975586,2.750807523727417,4.351415157318115,3.252988576889038,4.125297546386719
836b5e9a5698bbbc49fddcef9132bd58,1,3.2992467880249023,3.6878786087036133,4.233229160308838,3.803107261657715,4.2784576416015625
7cc2f8c2ced752d04950427f96e732a2,1,3.1894655227661133,3.1376218795776367,4.473395347595215,3.769460439682007,4.469735622406006
19208712dac97bf721ecdff3a3e5878a,1,3.4822800159454346,3.4737563133239746,4.126577854156494,3.9729132652282715,4.599329948425293
3fd52ce2d09dcb174766f1189ab5cb4b,1,2.809831380844116,2.8609275817871094,4.200308322906494,3.5135881900787354,4.228466033935547
22630f629db13f7239c55b802f66bed1,1,2.7998335361480713,2.0522844791412354,3.7942962646484375,3.424633502960205,3.7399511337280273
f2e51c44afa13bc8336285270655c502,1,2.949812412261963,2.722105026245117,4.332355976104736,3.2417280673980713,3.954597234725952
a37f746db004278c12a54faa5c800ad3,1,2.9924848079681396,2.3302831649780273,3.870318651199341,3.748368740081787,3.4986720085144043
7fe77f0f8c3dd9372b68b6b364fd3bd2,1,3.2110729217529297,3.034442663192749,4.021541118621826,3.816282033920288,4.135909557342529
3f009ce0bc611bfccd23c0367e98d869,1,3.3674654960632324,3.3302464485168457,4.504049301147461,3.8999314308166504,4.505585670471191
5fad693963571db9e054c4ed308195a3,1,3.393770456314087,2.707599639892578,4.324735641479492,4.28447961807251,4.329289436340332
2547e0fc58c4890c4e72e3254d286234,1,2.945814371109009,2.527071714401245,3.8881847858428955,4.2051568031311035,3.8910176753997803
a82427aa6c1c26be93432ae15bfd81b5,1,3.2846078872680664,3.778048515319824,4.358068943023682,3.859160900115967,4.4173455238342285
207029b31a4a2bcbefebe06ac199d0bd,1,2.2162747383117676,2.0992658138275146,3.264244318008423,2.8879127502441406,2.423163414001465
f1e75f02c531e8bad2d7aba8121a7e7f,1,3.0956575870513916,3.2417709827423096,4.100216388702393,3.9415152072906494,3.8812568187713623
ba6e9d3da4756ae4ed83a1c65e058a21,1,3.3123650550842285,3.058405637741089,4.09488582611084,3.629399538040161,4.264132022857666
67b808b618a06c33f4a0e6523f90ee31,1,3.662154197692871,3.1152920722961426,4.428477764129639,4.067422866821289,4.56357479095459
3262914270d1c2566f72748971f281fb,1,3.340221405029297,3.1223552227020264,4.349156856536865,4.109945774078369,4.353895664215088
beb5d60f46e24d126c0705bb8bfacbf8,1,1.9322354793548584,1.8613264560699463,2.8915834426879883,2.771951198577881,2.2760391235351562
8b33f7890911cddef8f28768e98e0fa4,1,3.8380331993103027,2.9959146976470947,4.572933197021484,4.844845771789551,4.788703918457031
598f615f60b9fe3e95ba4ee447225ae7,1,2.517162561416626,2.6253037452697754,3.845433235168457,3.265105962753296,3.3103744983673096
9b5327b2b608d4477fb3e55cd42dbc41,1,3.4978933334350586,3.0063624382019043,4.297040939331055,4.528263568878174,4.417656898498535
1d6604d33c008fbb279574e7b94cc9cf,1,2.157303810119629,2.4440107345581055,3.7090492248535156,2.805220603942871,3.4051320552825928
bb1b712b46f76c30ab066fba1c910161,1,2.097841739654541,2.2375717163085938,3.7579708099365234,1.9064191579818726,3.5473618507385254
bc1ad59d0569cef39ce385763c0d274f,1,1.8712306022644043,1.945205569267273,2.904599666595459,2.5332114696502686,2.267446756362915
fda41a152e17567197cef98c2e71afab,1,3.5541367530822754,3.2538607120513916,4.064788818359375,4.30010986328125,4.291601181030273
b63f4b4bd5c13421843a0b3d86515442,1,3.3817763328552246,3.346694231033325,4.491836071014404,4.784398078918457,4.664112091064453
815f31f36b33f0f745626dbaa1d27270,1,3.1399950981140137,2.3908262252807617,4.165709495544434,3.8381309509277344,4.11578893661499
a78aff27d3db31e970d007aad6f81aef,1,3.2440006732940674,2.917112350463867,4.036879062652588,4.456850051879883,4.298407554626465
c1846e9db9f6f78d6248e30cec00de26,1,2.822765827178955,2.685530185699463,4.064396858215332,3.1742632389068604,4.37584924697876
8dd572199ddabf742575c86152c6099b,1,3.317826986312866,3.3272900581359863,4.658123970031738,3.8109827041625977,4.676598072052002
5abf374f0ceb97d61f740df118ab8db6,1,3.006713628768921,2.926457405090332,4.046365261077881,3.5676510334014893,4.007899761199951
6aa97d5131b2c808c536beb63da9f160,1,3.178412914276123,3.4011073112487793,4.072651386260986,3.6496002674102783,4.22806453704834
e1a57c4e63d37d2a00275ded895ead7f,1,3.3687140941619873,2.5962414741516113,4.233548164367676,4.368786334991455,4.472170352935791
d6928fa62a39d95d0632cb672a95b1fa,1,3.4668807983398438,2.975147008895874,4.2272491455078125,4.445672035217285,4.171534061431885
efc3fe80fb06e3b7a421ebe98d344bb9,1,3.031607151031494,2.921046018600464,4.647596836090088,3.649986743927002,4.248836517333984
439d3a99b45bdf2741ded0bc1c34c58b,1,2.007838726043701,1.9155887365341187,3.101128578186035,2.626685619354248,2.165829658508301
25c938c0ac8effd2d0659e9729b09bbd,1,3.034832715988159,2.774745464324951,4.022300720214844,3.948607921600342,4.14677619934082
161cb69d4845fdcdcf16c5ef7ad3b129,1,2.9225106239318848,2.580195903778076,4.22149658203125,2.957143783569336,4.194536209106445
3a2bd1a0104b25e122a9aba073eb9509,1,3.123880624771118,2.3144588470458984,4.047123432159424,4.164397239685059,4.100515365600586
a6ef54fec6c645659dbbf3b699021a29,1,3.6488170623779297,3.5908336639404297,4.863496780395508,3.9856581687927246,4.7844743728637695
8086ae30716ddbe5efe230e801871504,1,3.4020423889160156,3.5179715156555176,4.768691539764404,4.170905590057373,4.758886337280273
4edfd210b3f5a231ed0523da352a4c09,1,2.8798983097076416,2.572474479675293,4.013677597045898,3.2990360260009766,3.881150007247925
e9f9ef43556ddacf0a101c196f67c571,1,3.1305744647979736,2.767117500305176,4.217825889587402,3.8323538303375244,3.996829032897949
c170df648da07b52948056dc87011cea,1,1.9412375688552856,1.6815321445465088,3.589771032333374,2.932793378829956,2.807541847229004
c789a900d4930cb15d3c552c029a273b,1,3.687368869781494,3.7711751461029053,4.396231174468994,4.225985050201416,4.575128078460693
a611f59a16b2daf306b2c10b1572f575,1,3.737917423248291,2.905673027038574,4.561046123504639,4.656274318695068,4.726108551025391
1b4ca3a2d58302356ce222c99af93752,1,3.2585136890411377,2.822460174560547,4.315042972564697,3.700028896331787,4.128171443939209
c1037782bc50d3f0d06796883b3f6a4b,1,2.506406545639038,2.334277868270874,4.00337553024292,3.00443434715271,3.5462939739227295
a752991cab16905aef31a0ef4bb2cd8e,1,2.8007073402404785,3.1828885078430176,4.002371311187744,3.6991758346557617,3.906283378601074
c7fe31443245311cb8784864f7e45b14,1,3.032331943511963,1.834671139717102,4.043903827667236,4.125340938568115,4.119674205780029
bdcc0355bbf380319cb452a5c4070b4f,1,3.1148321628570557,2.8211443424224854,4.152706146240234,3.5463614463806152,4.515599250793457
8f81713341c5185782bd97bace0df7b7,1,3.2747602462768555,2.8598382472991943,4.1750335693359375,4.524167060852051,4.184662342071533
d7f56ac60c5f44b0f2b6a08f4f4f25f7,1,2.4213926792144775,1.8398312330245972,3.5564002990722656,3.040072441101074,2.697108507156372
f067b5b2737eef294294adf4ee1c8c46,1,3.162491798400879,2.984419345855713,4.220954895019531,3.977769374847412,3.8809404373168945
f9b178d9b9ddecb7beecbe39c94d7acd,1,3.527754306793213,3.542336940765381,3.9832923412323,3.955846071243286,4.514102458953857
441751d87df211fdab2e2e48bc163d4e,1,3.453608989715576,2.7109837532043457,4.350964069366455,4.5057597160339355,4.400087356567383
45ff585e9b2e29021b6fae98059eddb4,1,3.619793653488159,2.6728451251983643,4.439441204071045,4.549325466156006,4.444340229034424
2f4cc3e8ab34a378c654bff4eb0ad6ad,1,2.768853187561035,2.9725520610809326,3.9926209449768066,3.4311904907226562,3.7843050956726074
4d60b47571cbe814ee0671da7a4ef650,1,2.603086233139038,2.494445562362671,4.04690408706665,3.1568174362182617,3.7265753746032715
d303f680bdcc4d3d9290f02d3aa5a444,1,2.9668262004852295,2.2068920135498047,3.8011748790740967,3.9853334426879883,4.041837692260742
11ee95a8a1f320841d1f11e0c5dc6d26,1,3.2297847270965576,2.545257091522217,4.382734298706055,3.470233201980591,4.321095943450928
864e2b0f16e360ef412a3cf4d1cb1587,1,2.992953300476074,2.7177205085754395,4.106198787689209,3.8581595420837402,3.871748447418213
8203f2c239e5b4b95d37668326d55ef3,1,3.0301120281219482,2.9667372703552246,4.491032123565674,3.5557684898376465,4.443996429443359
d70c12808bd0a22004982def5510f702,1,2.8627991676330566,2.4298408031463623,4.131044864654541,3.8709754943847656,3.9263675212860107
85c4013b70e1b34bd57670fc6851c8e4,1,3.2661008834838867,3.372724771499634,4.120194911956787,3.655449628829956,4.327746868133545
9379a6ff35ce5400c2505a30f90352e5,1,1.7872238159179688,2.0916051864624023,2.967905044555664,2.390167236328125,2.5125486850738525
76a88e5a21f99206efdfdc52daf5ea74,1,3.349790096282959,2.814110279083252,4.3994317054748535,4.116206645965576,4.1872406005859375
e309acfb74fa86c2d359a8be89d6b0fe,1,3.496504306793213,2.7680654525756836,4.3424787521362305,3.795191764831543,4.4939117431640625
ad56d2525ee1c9a5f7a6f6f3c804a0a5,1,3.357020139694214,3.721808433532715,4.228973865509033,3.919200897216797,4.200966835021973
35118895c30c8f031b7ac97ae3449445,1,3.3261406421661377,3.200753688812256,4.265896320343018,3.7999963760375977,4.165010452270508
b467b35b82132d1eedc8be222790cf0f,1,3.1470422744750977,2.79752516746521,4.223721981048584,3.9307570457458496,3.997546672821045
34435a4a78d48d95b0e04321b82f7e0f,1,3.130270004272461,3.1754744052886963,4.596127986907959,3.9194931983947754,4.646703243255615
7550cf681fe69ad97b03223b4c4b8fdf,1,3.2997326850891113,3.2040390968322754,4.182271957397461,4.108066082000732,4.076157569885254
4911d7722512eb7e2eddf75ef8a6e65e,1,3.4712255001068115,3.7418293952941895,4.645427703857422,4.054407596588135,4.650837421417236
b2ad351c8808bb1ad0bd9ca9a1be6c64,1,2.7975075244903564,2.2174437046051025,3.936312675476074,3.5609850883483887,3.815666437149048
25deabb8b54028ad4137f5d69a8e7a30,1,2.7805335521698,2.6727237701416016,4.511687755584717,3.263110876083374,4.347231864929199
16afae8679dd6e68a36ad6f9d9195bbe,1,2.977015495300293,2.9279911518096924,4.30968713760376,3.4004299640655518,4.076078414916992
6dc704806db052aabac74f83daee6948,1,3.5749096870422363,3.5572969913482666,4.264973163604736,4.076199054718018,4.506875514984131
b0605344a3240f77df7046ae8435c294,1,3.4105160236358643,3.1761868000030518,4.230008125305176,3.9244377613067627,4.3550333976745605
b87a00ec89842ce0c9c91f0473c8410b,1,3.4611849784851074,3.480597496032715,4.3217644691467285,4.194264888763428,4.402591228485107
2bb333e52e2c1d58be0da7d763ae6636,1,2.399250030517578,2.6607749462127686,3.6502327919006348,3.0896193981170654,3.5690698623657227
705ce4fd167b776c66d48da71bbd1326,1,2.503664493560791,2.428356885910034,3.900156021118164,3.3193893432617188,3.6290197372436523
0b910e1d41f1974f1d74e5c34a1bc04e,1,3.2154037952423096,2.9783360958099365,4.198842525482178,4.014011383056641,4.352889537811279
c874f69f2df7038a670d4a14f1a57d87,1,3.301370143890381,2.417550802230835,4.518589973449707,4.478623390197754,4.185948371887207
df133e5fab1bdd506fb103c9c8a43744,1,3.511462450027466,2.815629482269287,4.48956823348999,3.415585517883301,4.333089828491211
e7d568ffc1aa5957287e69f91fbcb56a,1,3.179889678955078,2.6372792720794678,4.22362756729126,4.563149452209473,4.340032577514648
8decd629b70ebb6b759ba696477094eb,1,3.1960864067077637,3.219219207763672,4.229806423187256,3.555109977722168,4.475672245025635
44ea729b3978d252dfbe3b7d75bdfeb1,1,3.108846426010132,3.073021411895752,4.165395259857178,3.8192403316497803,3.8119239807128906
c9e6a5c8ea76892f2efd7580f2eabf72,1,3.400183916091919,3.436957836151123,4.602043151855469,4.202420234680176,4.4671807289123535
5e2d62ce2786c899271b3f73b673125d,1,3.3743221759796143,3.4214119911193848,4.413792610168457,3.790417432785034,4.271294593811035
0762b008d7f0005cbebcd848b73a4d99,1,3.2030768394470215,2.97501540184021,4.257217884063721,3.4901578426361084,4.180581569671631
413b088741f2cdef2fce689c21a8fd31,1,2.08912992477417,2.363058567047119,3.522777557373047,2.9189138412475586,3.144003391265869
6570d34272b5d4e5f192f25dc8198a04,1,3.9344122409820557,2.875187873840332,4.652085304260254,4.831310272216797,4.630448341369629
0cae2aafbff3be8fbcf30c5a532bbb25,1,2.8173952102661133,2.512843132019043,4.175806045532227,2.8561861515045166,4.051384449005127
6e56b5c1601ade4a4cff7bfe717460e4,1,3.311455011367798,3.368940830230713,4.189388275146484,3.723738193511963,4.140381813049316
045f6c04e60302daa0c03b81d71c3866,1,2.713150978088379,2.151230812072754,3.904203414916992,3.696011543273926,3.7959771156311035
c923ae02df5d3e83a696e15e51646893,1,3.2276878356933594,2.7002830505371094,4.2506303787231445,3.995220184326172,4.121133804321289
5bd0167d2c43f3979e7a3f986bd3aab1,1,2.729872465133667,2.6556897163391113,3.6730568408966064,3.689702272415161,3.868349075317383
1fee0eb75dcedcb2c6258c963fb3b532,1,3.371429443359375,3.2867066860198975,4.334239959716797,3.880587577819824,4.273892879486084
443c813b481c72f0293f04f7e451aa0b,1,2.717113494873047,2.241352081298828,4.120851516723633,2.9102797508239746,4.22734260559082
31fbe446aba132176fa8fad19337b9d1,1,3.410367012023926,3.0878548622131348,4.419057846069336,4.470379829406738,4.294493675231934
359fc2df71d7ff60d72b2ff6d1a5f86b,1,3.6195147037506104,3.576242685317993,4.804645538330078,3.9663126468658447,4.7615485191345215
52588a27c1b6d36188a251b11fe3cb92,1,3.274463176727295,2.701918840408325,4.1703643798828125,4.023596286773682,4.099630355834961
7280215d9b598d97ab15f1fc468fc284,1,4.122884273529053,3.888199806213379,4.726325988769531,4.685245990753174,4.937257289886475
f7990ab24e3b07c503ab21366bf30da4,1,3.9359846115112305,3.054363965988159,4.758811950683594,4.992157936096191,4.971073627471924
496526169771f3a7a9892c043a781823,1,3.180636405944824,3.368048667907715,4.562894344329834,3.9597134590148926,4.570648193359375
9bb053261acf376b32390bacfab4b2f3,1,2.7939083576202393,2.557264566421509,3.8648183345794678,3.5336697101593018,3.9478721618652344
88b6395cc10769d812693d4e6dc58f8a,1,3.3153316974639893,3.30967116355896,4.118286609649658,4.086601734161377,4.201084136962891
a3ed08c288080c684ff3f0b5041c7612,1,3.474832773208618,3.5282206535339355,4.143945693969727,4.097923755645752,4.465157985687256
6ae08464cbc221a494a0b06e6780dcc8,1,2.8285045623779297,2.7655773162841797,3.7303547859191895,3.993602752685547,4.047410488128662
49cf9cc7b34662b1b1b8ad3703e53059,1,2.7172482013702393,2.39064884185791,3.588198184967041,3.4707300662994385,3.264653205871582
6bf57c92f1922c873db368370b78da16,1,2.6522674560546875,2.597527503967285,4.132731914520264,2.7871341705322266,4.095510959625244
3866e2556f7a073b0567abbfc133d21c,1,3.51938533782959,3.6489226818084717,4.305431365966797,4.16140079498291,4.476780891418457
7a4d78361032d9c34290176343a541c5,1,2.452407121658325,2.1032001972198486,3.7790873050689697,2.8167591094970703,3.759148359298706
f354d80a034ab8afebd3c41bc4482439,1,3.085192918777466,2.8803458213806152,4.108330726623535,3.5190482139587402,4.476200103759766
7d16205d230ccb1088f330a5432577dc,1,3.646439552307129,3.544003486633301,4.222289562225342,3.8985376358032227,4.535380840301514
33eccdcc9d7b0ce6bc7e6c8a6bc514e2,1,3.4689536094665527,3.402613401412964,4.961061954498291,4.083230018615723,4.804463863372803
394b80c25af94481d0001b76e35c2f89,1,3.060060977935791,2.354532241821289,3.9117307662963867,3.8972392082214355,3.648946762084961
318517b0a8a13dc1ea1699f5f8a24136,1,2.688802719116211,2.406592607498169,4.106186866760254,3.112265110015869,3.6701607704162598
e613fa1bbbfd132da030ec2039235bf7,1,3.69447660446167,3.4429919719696045,4.433285236358643,3.9089698791503906,4.465982437133789
cbaca8b41f5dd28bd0bf2927c8bc098e,1,3.3722126483917236,2.7773239612579346,4.2825212478637695,4.234936714172363,4.308806419372559
c12b93bceb26313baa53887358912104,1,3.035301446914673,3.0860636234283447,4.123111724853516,3.667868137359619,3.8845460414886475
84e6c2fb06cfcc5df1702619c2167502,1,3.069491386413574,3.1231021881103516,4.11405611038208,3.483424663543701,4.106919288635254
c43787487efb2062ecf4f4fdc2a1a710,1,3.185070753097534,3.0345041751861572,4.154728889465332,3.4976072311401367,4.356326103210449
2ca260501d66ec8fed302fc9baf7d993,1,2.220240831375122,2.471101760864258,3.6220269203186035,3.0350053310394287,3.3964033126831055
fa389fcc8c8eb95bbed9a75800d54521,1,2.77770733833313,2.5018482208251953,3.937859058380127,4.183277130126953,3.7839059829711914
ee0f7a6516d43d5be97dc05fa754fb9f,1,3.2907087802886963,2.7957897186279297,4.462615489959717,2.695345878601074,4.375385761260986
d740e0aa8ec6da16d0807c65071ba4f9,1,3.6182799339294434,2.7045741081237793,4.50016450881958,4.59159517288208,4.49424934387207
26aa1a70af2c111bbcdfbff39115469f,1,3.387986183166504,3.3075385093688965,4.44147253036499,3.443866729736328,4.486619472503662
1530458b1311bef9f3cc74498f40c4a9,1,1.351426124572754,1.509660005569458,3.328425645828247,2.184844970703125,2.4082257747650146
bcb9fcae97cbb9e67845e629db4e5484,1,3.3100626468658447,3.3220858573913574,4.286497592926025,4.053409099578857,4.437075138092041
5aed2848560c8252bcbe4db2c278ec75,1,3.04620623588562,3.268018960952759,4.212109565734863,3.8580305576324463,4.218462944030762
2ad49c54f570c23860acadf565e38ff6,1,4.197014808654785,3.869596242904663,4.78387975692749,4.914459705352783,4.863672256469727
96508d46ad264d10b8569dfca5123f48,1,3.716244697570801,3.6242311000823975,4.424140930175781,4.409498691558838,4.519354343414307
f20e4c23fd079121879fa1a8538b84f1,1,3.6235809326171875,3.450561046600342,4.193171501159668,4.315838813781738,4.555346965789795
5b3c8ddc253a37dc1d6b2d3351f999e5,1,3.3128743171691895,3.4662811756134033,4.173480987548828,3.796602487564087,4.033667087554932
c92445c474b3deef642092bd60439dcc,1,2.9947586059570312,2.664442300796509,4.191833019256592,3.7488465309143066,3.746229887008667
d6055deee53da4fdb164c87d7c54cc06,1,3.7212789058685303,3.549635171890259,4.280478477478027,3.985853672027588,4.558492183685303
1cfd94a71126a19a782e3542a0973352,1,2.122657299041748,1.9290672540664673,3.286996364593506,2.8079142570495605,2.4553675651550293
dae1077062eecb10d5a5bddec3283528,1,2.0106589794158936,2.133589029312134,3.1305246353149414,2.7940473556518555,2.6068899631500244
85d3d1f6e411ead43563b17cce55a4d2,1,3.387826681137085,3.027372121810913,4.346286296844482,3.9663245677948,4.266478061676025
512bf696593556a502a8db0d7fdac9fd,1,3.391413450241089,3.477764129638672,4.530462265014648,3.9840972423553467,4.3350138664245605
d15fcc41cdf6b1fdfa06bbee963495b7,1,3.181124210357666,2.505382776260376,4.414420127868652,3.2643377780914307,4.244995594024658
78cedb1b0e9c94c2dc9f99d7b0bf7b9c,1,2.8615620136260986,2.7833707332611084,4.0174055099487305,3.589604616165161,3.909752130508423
0aae6dbdfaf41d7044cd4017f0a018f9,1,2.3788676261901855,2.5098302364349365,3.8397960662841797,3.1999833583831787,3.616441011428833
3ba2b9f890e02a5e057d378e63d1b2aa,1,2.7166709899902344,2.4249699115753174,3.64510440826416,2.9205214977264404,3.1961722373962402
be68ff7d0361e09ee144fc15df6a3805,1,3.7074673175811768,3.7217249870300293,4.882533073425293,4.177243232727051,4.6755523681640625
74ed9ad111c2939c8b437d321cc18c59,1,3.693845748901367,3.5859522819519043,4.343753814697266,4.24738073348999,4.620392799377441
5d9ce41d455764f3e5f41b5ce4dcff7a,1,3.3320024013519287,3.1782164573669434,4.21949577331543,3.9154250621795654,4.251161575317383
30df5b031ca519bbcdff67f9efc2c042,1,2.6425259113311768,2.420027732849121,3.6767003536224365,3.4512431621551514,3.147125482559204
fc1f1867329b371a54e76895db6f3663,1,3.217015504837036,3.177213668823242,4.143488883972168,3.804145574569702,4.327275276184082
d58d9e37c0b7a2c7baa01c5fc58dccff,1,2.4275102615356445,2.3219966888427734,3.1922404766082764,3.0128097534179688,2.688676357269287
ae761a9a3bdbff8bbd6259cae447b595,1,3.386042356491089,3.175041913986206,4.14216947555542,3.8578641414642334,4.405573844909668
53387fa89acef2f9b2a0b49dab8ce2ed,1,3.241586208343506,3.365468740463257,4.190852165222168,3.7352561950683594,4.158485412597656
81b51edc7bfbd097ce4294cf9b1822f2,1,3.2018027305603027,2.908506155014038,3.985034227371216,4.043386936187744,4.113715171813965
9284ac52d44fc81a8b991cd729413bc9,1,4.019438743591309,3.6517815589904785,4.428559303283691,5.224541664123535,4.739792823791504
ab37d6aebe8054a55c958d113a1e48e3,1,2.664616346359253,2.726961851119995,4.02280855178833,3.4857089519500732,3.4284610748291016
9815f74dde42934592f516a63c4e411c,1,2.5161774158477783,2.193612575531006,4.21365213394165,2.4975640773773193,4.2737650871276855
cf2ace885415fabf858136c507ea7775,1,3.04233980178833,2.6248090267181396,4.289120197296143,3.415581464767456,3.925077438354492
98497554b9d5e080b5aa4705f73749e4,1,3.238316059112549,2.738327980041504,4.140142440795898,4.421541690826416,4.1725850105285645
32d4d8dacaef766d83c069f26fd1dab8,1,3.438997268676758,3.310572385787964,4.376491069793701,4.328188419342041,4.166703224182129
59a53a852f0a0b70bff57727647d9ece,1,2.8873050212860107,2.682072162628174,3.978126049041748,3.6923441886901855,3.9207448959350586
798c05caccf01fe0abed2f1a95edaef1,1,3.7864573001861572,3.8098466396331787,4.409175872802734,4.410134315490723,4.617358207702637
5d0683ccac8b468fbc3e5105b8fbca5b,1,2.7335784435272217,2.8748831748962402,4.105439186096191,3.028562545776367,3.900831699371338
e2ea802833036e584b921221b04104d2,1,2.014340877532959,2.2502388954162598,3.2065885066986084,2.870502471923828,2.474055767059326
93b6f22d0d06716e0a38ee80590f3234,1,3.6652743816375732,3.4707045555114746,4.850591659545898,3.991081476211548,4.99014139175415
016d50f470a607784e6bd31671c53141,1,3.1304166316986084,2.8364109992980957,4.308738708496094,3.4474363327026367,4.216863632202148
f5214abaed6a6601664a1df66ba00d37,1,2.8570384979248047,2.7252910137176514,4.017758846282959,3.4659295082092285,3.8510730266571045
94e6d5640f10a08b20081aed95c9a3a2,1,3.642219066619873,3.7059097290039062,4.282846450805664,4.085325241088867,4.541536808013916
e547ba824cdecd74882a76387eaee017,1,3.700895309448242,3.7095108032226562,4.857769966125488,4.065796375274658,4.904163837432861
df6fe00c222b1b9e6ae2d471c789c663,1,3.219912052154541,2.746075391769409,4.313244342803955,3.514392852783203,4.226681232452393
49ac69cbef8ee028f29b681927fd66f3,1,3.0367579460144043,2.644876003265381,4.354608535766602,3.130084276199341,4.179711818695068
a9fcd4f56a2da67547e8effd9d2ad908,1,3.240950345993042,2.758202075958252,4.323117256164551,4.169182300567627,4.071234226226807
b7236236c4dd1a6de3938ccfc7e7186a,1,3.3710310459136963,2.619509220123291,4.349860191345215,3.6023988723754883,4.450242519378662
39b0308dcbdd1004fc02edc4ef9cd03a,1,3.500946521759033,3.542448043823242,4.705431938171387,4.106839179992676,4.550928115844727
e89136d6f0f8f7cb3257c645d5ae4d0c,1,2.8652327060699463,2.933107852935791,4.262332439422607,3.1887784004211426,4.097530841827393
2a6dcab9a175c68851453e012ae916ff,1,3.338789939880371,3.244844675064087,4.306130886077881,3.702450752258301,4.578177452087402
b27a2ff77d4eb7a99df90284a770b90a,1,3.3344266414642334,2.7566092014312744,4.337167739868164,4.276498317718506,4.141972064971924
c75d176a52351144196da6112127a872,1,3.2858850955963135,3.300119161605835,4.577402114868164,3.9442501068115234,4.3860063552856445
bca655cdf0ba576740c212a828639e3e,1,2.261235237121582,1.990060806274414,3.2376203536987305,3.0089664459228516,2.3939261436462402
f09a4a6b088a7cc9f09fa79a02d2c22b,1,2.8538379669189453,2.453824996948242,3.8623456954956055,3.5507876873016357,3.047785520553589
c8438fa3d9d9a48782229b1979234428,1,3.3043551445007324,3.0440173149108887,4.269342422485352,4.040274620056152,4.3763933181762695
820783eea5614d2becae619a38169426,1,3.3875420093536377,2.3144335746765137,4.379068851470947,3.863039016723633,4.195794582366943
21c0c5998057f589b4428d53b6c7cf66,1,1.3940376043319702,1.6254603862762451,2.7984161376953125,1.5960166454315186,1.8810036182403564
6235de300e2b826f23524c94729a4c8d,1,3.4908809661865234,3.4731903076171875,4.339486122131348,4.173882007598877,4.500805854797363
2d3e97d09e1d8dbd54916d2abcfa9ff6,1,3.6630382537841797,2.834820508956909,4.4582295417785645,4.646495819091797,4.492395877838135
26af93fae47a3390b994ec3dace23619,1,3.527341842651367,2.6691462993621826,4.430861473083496,3.8493759632110596,4.3625359535217285
d37480198d2132e69f226e044ea80835,1,3.278524398803711,3.274993419647217,4.253510475158691,4.555893421173096,4.307984828948975
a4102241a5528a55ca6fb9656f9cf028,1,3.842987060546875,3.718193292617798,5.038082122802734,4.271933555603027,5.010449409484863
66b0089c7c7fd346c2623fb7fd212a04,1,2.8789100646972656,2.637852191925049,3.9223074913024902,3.8443562984466553,3.7867486476898193
7dd5631a79c5da6501f2737d563da330,1,2.268673896789551,2.138486862182617,3.1054494380950928,3.002638578414917,2.5708723068237305
aaa7ffd102ff540afb7adb2c2657b3eb,1,3.5477797985076904,3.3139591217041016,4.184199810028076,3.86657452583313,4.480112552642822
09ec1ddf2ae6487d2bc81cf539bb0b9e,1,3.7753164768218994,3.7468373775482178,4.214527606964111,3.913306951522827,4.723728179931641
3c22a53f87aa523312bce5570163bd86,1,3.308474063873291,3.5907278060913086,4.434224605560303,4.140262603759766,4.074833393096924
4085534c7d501aa8e389c0a6ae7ba448,1,3.4643301963806152,2.704313278198242,4.310861110687256,4.428835391998291,4.411080837249756
2958abfba9411fc603fa7564c7ebbb60,1,1.626758337020874,1.7398210763931274,3.132897138595581,1.955815076828003,2.7275748252868652
d60496a3d8df662dff4330e6b243e84e,1,3.254833459854126,2.825906753540039,4.271914005279541,3.3811020851135254,4.009921550750732
9fba6af7fd2526011eaf4728903addec,1,2.8277220726013184,2.4897732734680176,4.044872283935547,3.225409507751465,3.7444519996643066
f022aef28c2c924c11148ed5d4a409e1,1,2.789663314819336,2.1023943424224854,3.828181266784668,3.97770357131958,3.8698487281799316
78cccef4ac3950d364b3da7ff3c732e0,1,2.4747767448425293,2.3912248611450195,3.9079575538635254,3.177872896194458,3.689135789871216
ec84475da72b6eb8fb4aac15d46ab73b,1,3.089301347732544,3.308720111846924,4.112346172332764,3.775738477706909,4.00860595703125
9c667d337b7b9ffae7ef0fe65dcc1499,1,3.0206198692321777,3.0383658409118652,4.315003395080566,3.2781341075897217,4.014418125152588
295db2acf4d37c2e3df9f3efd5e5610a,1,3.2341086864471436,2.9938836097717285,4.2012248039245605,4.1607818603515625,3.9955637454986572
0f511425ed6803e8cfc9aa8026a6f028,1,3.3433542251586914,3.4518465995788574,4.78186559677124,4.053587436676025,4.502584934234619
2b1aaa51d0a43cff2b07d193ef5e9403,1,2.069326639175415,2.221658229827881,3.7854137420654297,2.2913551330566406,3.7223048210144043
7e486ecb7c0ad3d43d598d87124299e5,1,3.17523455619812,2.91756272315979,4.167208671569824,3.768380641937256,4.0834879875183105
e483b23b59ab108f089e2624f8880c6a,1,3.320176839828491,3.1781933307647705,4.165224552154541,4.015042781829834,4.290600776672363
8a50126390780ab426aade3559bdfcac,1,3.241163492202759,3.225531578063965,4.232510566711426,3.615269184112549,4.63100004196167
0054d92e2b131b13ac6b782d7deaa724,1,3.367733955383301,3.41791033744812,4.169371128082275,4.196187973022461,4.431634902954102
24851ae2e8f4e186135db7eadda23a51,1,3.356619119644165,3.358057975769043,4.339691638946533,4.167018413543701,4.096986293792725
93affcee21eab91667a45cc816f3614e,1,3.5400943756103516,2.6325864791870117,4.3747358322143555,4.464003086090088,4.408801078796387
09dd675ca9f978ca451955ceffb9d357,1,3.611294746398926,3.5604889392852783,4.238622665405273,3.8282129764556885,4.441327095031738
cc1659fbb56d8d4afd3bada9c3d1961d,1,3.848496198654175,3.8238813877105713,5.0125203132629395,4.190877437591553,4.847397804260254
34a94c26eee159e2190bdb931fdb1f0d,1,3.235530138015747,3.50032639503479,4.592390060424805,4.01673698425293,4.436264991760254
2e41cb09fb40ced389d44b90b8f78d3e,1,3.1067428588867188,3.580127477645874,4.143575191497803,3.6585636138916016,4.072351455688477
8e1970f208fe1463971363648b099b29,1,3.5464768409729004,3.512521266937256,4.357523441314697,4.124910354614258,4.514258861541748
70815edc934d984f48f7b6ced85f4776,1,3.5783143043518066,3.6991701126098633,4.288685321807861,4.296377658843994,4.428335666656494
5d9b1af97726d4b142188da3b99f6a2f,1,3.5222511291503906,2.647878408432007,4.450027942657471,4.405285835266113,4.435721397399902
dfd229c7439ee8b2e335fd694d42d11e,1,2.8242416381835938,2.9199912548065186,4.054806232452393,3.416792154312134,3.9127492904663086
80066b77a2c0554ed5145978d5a86fae,1,3.019340753555298,2.1318283081054688,4.0124664306640625,3.6674787998199463,3.9896295070648193
59685aa5a000848bc3b899c7da651c66,1,3.4317867755889893,2.4366860389709473,4.26553201675415,4.359220504760742,4.431240558624268
79cf92c5955d290f3c5590811b2b05d5,1,3.1098601818084717,3.287114143371582,4.094703197479248,3.7683591842651367,4.0219197273254395
aefec0bf014a32d54259e9d3883acd23,1,2.2442338466644287,2.2430598735809326,3.1192307472229004,2.6284713745117188,2.593714714050293
ac2c9a406fce577d11ed5afcafed27db,1,2.8057868480682373,2.8709747791290283,3.986624002456665,3.3579602241516113,4.329127311706543
1694346f405c3011e2fac8bfba018df9,1,2.883582353591919,2.1003055572509766,3.7686517238616943,4.289394378662109,3.832753896713257
4e8de28dcabe0c0ab0643ce46fd9db15,1,3.5564470291137695,2.7068562507629395,4.451764106750488,4.361320972442627,4.392368316650391
99a971f9e92f5eca882d1b2b216b83ae,1,3.2295401096343994,2.8578925132751465,4.288544654846191,4.245613098144531,3.9403576850891113
437d78d2461ec2964c73ede987ea5164,1,3.3828423023223877,3.340731620788574,4.230212211608887,3.7252538204193115,4.405062198638916
aac97530daacaf383efdcb1977a3453f,1,3.0071496963500977,2.2037439346313477,4.052958011627197,4.135198593139648,4.08904504776001
c4031a3df9ae2f6eff0f64963efba1c3,1,2.5440540313720703,2.6280012130737305,3.7652995586395264,3.248779535293579,3.462219715118408
b2ead2994e0cfff48688a6d9c9f94cb9,1,3.2327933311462402,3.0301148891448975,4.480013847351074,3.637770414352417,4.076497554779053
7d0894715d982ea6cc440822f0cbc540,1,1.9623631238937378,1.9566380977630615,2.919491767883301,2.42354154586792,2.403134822845459
113930b860816b1fa2216fe48cf92a03,1,2.9430758953094482,2.300452947616577,3.6952743530273438,3.7074666023254395,3.052933692932129
a4c795ac3ec48032ddf9fb5ca0bb2f81,1,3.4694595336914062,2.863603353500366,4.389521598815918,4.294699668884277,4.314037799835205
7a7d70780d0b933474f257ba526606e9,1,3.4101076126098633,2.8194851875305176,4.396162033081055,4.027853965759277,4.249993801116943
755a2c58832853fc81249bc6c084d2e2,1,3.166957139968872,2.587418556213379,4.2226738929748535,3.449429512023926,4.255009651184082
04d8fd98168123f6a172523661abb589,1,1.542151927947998,1.6163488626480103,2.8813295364379883,2.1843135356903076,1.917482614517212
29152857378bc60da495d2076cd9053a,1,3.17887544631958,2.7043356895446777,4.246158599853516,3.9312233924865723,3.8713037967681885
7619d646428b6d2cc54e8e0de8ca17b7,1,3.6936490535736084,2.830181837081909,4.500359535217285,4.616329669952393,4.600532054901123
91a896e47c2aafdcdeba1537d47301fc,1,3.241997718811035,2.5090723037719727,4.143482685089111,4.014130592346191,4.187910079956055
b8c3308e0af39e22f855dd95cab84420,1,3.539606809616089,2.8490357398986816,4.419973373413086,4.4197797775268555,4.537343502044678
09d5577a21c1f50116649db871293ed2,1,3.387784004211426,3.4814767837524414,4.682741165161133,3.923868179321289,4.4028449058532715
54a22ffa0734664eecaaa33444942f31,1,2.981180191040039,2.858219861984253,4.211600303649902,4.370985507965088,4.275622367858887
ff0c6de218141c1be9252ae19f6cfe40,1,3.8946964740753174,3.036733388900757,4.722596645355225,3.8746960163116455,4.773853302001953
a59584dfe2baa632da7a788d006f0256,1,4.190155982971191,3.982609272003174,4.585243225097656,4.6911091804504395,4.939976692199707
60c30f8cb8cbaa3d34aea03f1f6d28dc,1,3.4625678062438965,3.3139448165893555,4.624508380889893,3.918276786804199,4.662126064300537
ea042b4a5a0626b7db5e7b432cea1b1e,1,2.7343597412109375,2.886085271835327,3.951857328414917,3.2912368774414062,4.0641889572143555
ae6e846a893a2cbb39561e125c932d06,1,3.3681693077087402,2.6103150844573975,4.248869895935059,4.325660705566406,4.28962516784668
74159b58d9a3c4e4738ef8f498df86d5,1,3.3194079399108887,2.864511013031006,4.3021745681762695,4.02665901184082,4.016690731048584
c22dbe76b3470307f145002306a60ec2,1,2.5098252296447754,2.2391092777252197,3.3900146484375,3.3216021060943604,2.942326545715332
aa696c4fc6e33a089da97c8ff4257b6f,1,1.849928379058838,1.8369404077529907,3.0994229316711426,2.4801390171051025,2.567227363586426
058b9d73b688ccc213f5fc5694e623fe,1,3.4365830421447754,3.2505292892456055,4.311037063598633,3.7448883056640625,4.106993675231934
8f56bcbf72313ad956ce28331a50e1b9,1,3.2392561435699463,3.1380183696746826,4.068936824798584,3.989175796508789,4.331218719482422
f4d2f39a830ac7b477401af6e0bb8777,1,1.8118228912353516,1.655687689781189,2.7538564205169678,2.321100950241089,2.0682148933410645
7527c387be9565afe9e3a9c6f6370ab6,1,2.649172782897949,2.395632028579712,4.004883766174316,2.0156123638153076,3.7289366722106934
0e13958bb6a076509116942ae0f8cb0e,1,2.688610553741455,2.890578269958496,4.064251899719238,3.330106019973755,3.725048780441284
ca62c0117083c6d76f30551c4cc0a3ec,1,2.9811689853668213,2.904268980026245,4.379382610321045,3.423523187637329,4.188549995422363
a03f69532a54ba840e624830afd456c2,1,2.5320703983306885,1.803031086921692,3.9930591583251953,2.5775046348571777,3.917799949645996
cb55459f804f23961e2e0cafc37bc531,1,3.409968614578247,3.1957669258117676,4.324223518371582,4.323617935180664,4.423545837402344
6cae0d1cd825321c6018ffafcce18b5a,1,2.78178071975708,2.708596706390381,4.103368759155273,3.29632306098938,4.216912269592285
906437962e31f498998b6a766048bdf0,1,2.94236159324646,3.0291028022766113,3.947571039199829,3.3340351581573486,4.131776332855225
adde504739da6048973af5023844573f,1,4.287497520446777,4.182427406311035,4.713490009307861,4.730273723602295,5.0212554931640625
942e1d83b0413910f119c3382536494a,1,2.7191896438598633,2.428501605987549,4.1036529541015625,2.811126232147217,3.8993654251098633
2b305c5591b02007c2befd2f2ac79378,1,3.0431435108184814,2.595707893371582,4.014254093170166,4.0258989334106445,3.9885144233703613
a998ffcaeb83fceb8268eafcd795f7b2,1,3.780871868133545,3.7146003246307373,4.422622203826904,4.323254585266113,4.73863410949707
b98f013e684242bc0f713ea7e921bc22,1,3.5412302017211914,3.669111967086792,4.753976345062256,4.036782264709473,4.797893524169922
eb07a144dd69b3fc8be040f905659e75,1,3.257338523864746,2.5560641288757324,4.3031487464904785,3.872711181640625,4.094479084014893
f00e592e734a59c58dc2f72ab2f01e5f,1,1.874153971672058,2.0349748134613037,2.927255392074585,2.384718656539917,2.253612995147705
8723877e8d583c7313bdeb6094e813ee,1,3.7506096363067627,2.8788390159606934,4.480386734008789,4.766666889190674,4.760551929473877
7d5babcfe1fff416bdfdb350073b448d,1,3.1196534633636475,3.31017804145813,4.096627712249756,3.3259284496307373,4.331975936889648
2892323370d2480929bfc6e5b2f94d7a,1,3.338955879211426,3.018984079360962,4.259493350982666,4.3542351722717285,4.0188446044921875
08bd076639fe417a7264af1474526a4a,1,3.4824748039245605,2.9625515937805176,4.333534240722656,4.219887733459473,4.403839111328125
c9b36c1dc96bf5889a8272d74ace914e,1,3.3872222900390625,3.593998908996582,4.255472660064697,3.8501744270324707,4.515878200531006
33efd78d84d0748bfb23a16303ad4113,1,3.071808338165283,3.024292469024658,4.079342365264893,3.7881863117218018,4.254850387573242
0beac35df2edb7867cf01f1b386afdd8,1,3.075927257537842,3.0997025966644287,4.460085868835449,3.4236321449279785,3.9943418502807617
4dad6e06b311b0fe58c0e6b2e4ef3419,1,3.183744430541992,3.043511390686035,4.1003193855285645,4.287522315979004,4.128014087677002
2fd95e514a10a4c319221f3e7b89d9f4,1,2.9582526683807373,2.5396223068237305,4.099203586578369,3.316004514694214,3.918519973754883
fe6b0b0d1c8c11218b8f8395ae449a14,1,2.505187511444092,2.404484510421753,3.2371749877929688,3.2224514484405518,2.8442206382751465
cf021a0e62029d331dd63b810f93dbe6,1,3.1823806762695312,2.6154096126556396,4.208009243011475,4.623805046081543,4.230230331420898
48f101e3ad7c9c996e34b2c98b268bab,1,3.536095380783081,2.6959428787231445,4.368141174316406,4.5089030265808105,4.4354658126831055
e1322602b479549878889513b7068d3a,1,3.166398286819458,3.153473138809204,4.163107872009277,3.8331873416900635,3.895171642303467
42bc8a3a98e16e34c624964a16c77706,1,3.321693181991577,3.007302761077881,4.419351577758789,3.6608335971832275,4.312321662902832
c0b7c6acb9a5a684c1fb82075bf96f67,1,3.39703106880188,3.523066997528076,4.6734747886657715,4.1245036125183105,4.5401387214660645
775ce3d1aec52033ac79f41df767fb1a,1,3.180696487426758,3.0361850261688232,4.070661544799805,4.315847873687744,4.14301061630249
41ae783e1d5bcca092165913118800e6,1,2.949746608734131,2.8297243118286133,3.956946849822998,3.3314003944396973,4.246194839477539
7405d91d4523ca9184d62d30eefc7231,1,3.145995855331421,2.634147882461548,4.3685994148254395,3.91520357131958,3.8885488510131836
df836f6f29a7d411361d48448f3469c6,1,3.739331007003784,2.781939744949341,4.720809459686279,3.872786521911621,4.622739791870117
021718452a94707562abbb8254915162,1,3.2030885219573975,3.2647879123687744,4.093136310577393,3.8858895301818848,3.986410617828369
ae4d3457a73912bdf7077a2f98024265,1,3.2549705505371094,3.1010050773620605,4.121885776519775,4.387363433837891,4.240529537200928
9b4f46ed6da5d3a7eb35bf55828adddd,1,3.332409143447876,3.257566213607788,4.238938808441162,4.169955730438232,4.070023536682129
7fedd2392f09a7094976f7dd18a3c666,1,1.6128052473068237,1.7708972692489624,3.0065011978149414,2.077275514602661,2.2971620559692383
bb30a60a29e8f74e5472542d0696819f,1,3.5747275352478027,2.843583583831787,4.4347028732299805,4.023659706115723,4.34752893447876
4418b6cdbaec8a3c28430c01d013eec4,1,3.3531076908111572,2.596628427505493,4.288403511047363,4.223680019378662,4.3727922439575195
9d55529500fc848494c9c5d72bcbe5db,1,3.0258116722106934,2.9256675243377686,3.9821362495422363,3.663562059402466,4.008568286895752
f77dce1f482d2d5db0984bb8fc643982,1,3.1271133422851562,2.6800293922424316,3.9508893489837646,3.64064884185791,3.3640568256378174
661e1bd125819f7e9afab454285c7765,1,2.543524742126465,2.7790820598602295,4.225715637207031,3.3579983711242676,3.871173620223999
2cd2abd49906b7fc9f3aec3d4b89622a,1,3.486225128173828,3.4489290714263916,4.207376003265381,4.087275505065918,4.486321449279785
05272790ea19332cb061cfcc41b289af,1,3.674217700958252,3.179567813873291,4.494284152984619,4.571643352508545,4.428194046020508
a0c149512e7427b63e6a902b4538e20f,1,1.9231003522872925,1.878597617149353,3.5217819213867188,2.0489096641540527,3.2699153423309326
6d244b558adc699a96d629bbedef504b,1,3.3451242446899414,3.5780842304229736,4.346928119659424,3.948124408721924,4.036041736602783
6c6f3596431436fac1ff569e5ca8fc5d,1,2.576089859008789,2.0483803749084473,3.6065573692321777,3.220724105834961,3.1569149494171143
7eee4f249ce3d5bf258f171eed8dafae,1,2.904996871948242,2.5068533420562744,4.229189395904541,3.5221850872039795,3.755234718322754
e403ada19ff0db218c7122e1c6a817ec,1,3.016057252883911,2.4447624683380127,3.78135085105896,4.326479911804199,3.960878372192383
1ae7651cac37aedfb10bf56aaf86f09f,1,3.165060043334961,2.9191110134124756,4.213695526123047,3.948575258255005,3.9295389652252197
ffdd82bdb3d1404f87b2f24a68b28ee8,1,3.4447269439697266,3.3315324783325195,4.177087306976318,4.010408401489258,4.242251873016357
989c92fe68c32da945f88a74b052af5e,1,2.8804032802581787,2.9095215797424316,4.0942912101745605,3.3212335109710693,4.01197624206543
8530f446980a3f53bf6747e17085565e,1,2.527341365814209,2.09855580329895,3.7464518547058105,3.497267007827759,3.436687707901001
907dcb8bd902de32de0f242b322babf9,1,3.0348620414733887,2.123269557952881,4.148425102233887,3.8942809104919434,4.093104839324951
60d950d3b28af8647264e03bb226476b,1,2.570110559463501,2.325399160385132,4.040804862976074,3.0281131267547607,3.7817587852478027
2eaa66731438a240a07997387006c942,1,3.234622001647949,2.5907232761383057,4.260825157165527,3.4430482387542725,4.273880481719971
5aacacb59fe2ab02fd55aab7c6c32303,1,2.739579677581787,2.4780044555664062,3.5780835151672363,3.7941622734069824,3.841758966445923
c31f9bcb2fdf10e2b4ffe7ebc04f9f57,1,3.423534870147705,3.355051279067993,4.29453182220459,4.18419885635376,4.569624423980713
c9d3b6dd75f6a9ab50779aa1a78f168a,1,3.7432618141174316,3.8117103576660156,4.3401970863342285,4.178553581237793,4.687210559844971
c16a4056026525a4acc70eded2fc3126,1,3.075160503387451,2.4260551929473877,4.262269973754883,3.3367669582366943,4.249986171722412
b070f5f8d417e57383bea8fa5395c476,1,3.2466511726379395,3.1770386695861816,4.634573936462402,3.802739381790161,4.644043445587158
6082c88ed145cfa172686a9901a1c8fb,1,3.2574923038482666,3.442572593688965,4.38532829284668,3.7277872562408447,4.27304744720459
66198664f18bb11f1224d90e930c1dd9,1,3.4502933025360107,2.8551411628723145,4.2408647537231445,4.155156135559082,4.1568074226379395
f0ea93df04ef1b34aaa0684963dee72f,1,2.8960659503936768,3.038092851638794,4.0883073806762695,3.485511064529419,3.765596389770508
f56db4b9fbff5f6d3ec7bb8a00285294,1,3.609941005706787,2.8846206665039062,4.434438705444336,4.630948066711426,4.534189224243164
bbbd46686b27d11ab50f39cd5caef24a,1,3.4960243701934814,3.545590877532959,4.71111536026001,4.087593078613281,4.646515846252441
aecc2e42f261358d27638ea181fa73ad,1,3.977752447128296,3.6521921157836914,4.391315937042236,4.245529651641846,4.958218574523926
cdee67ae6b86ba9ac10dfac04778b5d7,1,3.468860387802124,3.344226121902466,4.616587162017822,4.114714622497559,4.5837812423706055
3266a701524b60fb3b1ce9e04203b58d,1,3.326944351196289,3.3394432067871094,4.483992576599121,3.6886281967163086,4.120996952056885
5295843e73f8ab260325dee7ca5aed39,1,2.9316368103027344,3.087602376937866,4.20802116394043,3.7970802783966064,4.1539692878723145
94c962288c4ca464fae6f614207619ac,1,3.5304057598114014,3.131758689880371,4.263443946838379,4.868204593658447,4.552023410797119
0ed79418cb5343dbaf7b44d9b93fdc32,1,2.5875306129455566,2.206979990005493,3.7801315784454346,3.4220633506774902,3.3362984657287598
500f12449be5af603645495264d96b43,1,3.1623337268829346,2.388531446456909,4.288156509399414,3.301745891571045,4.390082836151123
7946d7ad98f5c74c3c19a3c3b26f641a,1,3.145756244659424,3.1154112815856934,4.374678611755371,3.5161244869232178,4.059234142303467
eb8e453c77e8e7fbc399b38f7104e477,1,3.1577353477478027,2.9828455448150635,4.45662784576416,3.44858455657959,4.269326210021973
84c5ff0b29bcd6f10be397ce2f650ba3,1,3.3374481201171875,3.320953369140625,4.582411766052246,3.6656301021575928,4.462369441986084
14773da54575eff0672b7141e2e535e5,1,3.4019649028778076,3.6189067363739014,4.282187461853027,3.909226417541504,4.183385848999023
0b580d92448ca5636ca68a95bfeb520b,1,3.1426377296447754,2.382540702819824,4.16633415222168,3.9803504943847656,3.8800485134124756
125b4043277af6b1973fcd5bbaf0f0df,1,3.3394503593444824,3.4755859375,4.421711444854736,4.007622718811035,4.21874475479126
2229c7d283c32458bbc66b3e0352f380,1,2.750521659851074,2.4170446395874023,4.050281524658203,3.208526134490967,3.7507166862487793
42795cde4cd29986603552fa80b052fa,1,3.2429051399230957,3.503556966781616,4.195300579071045,3.844974994659424,4.306873798370361
5e077ade25ae4af319b506be20977129,1,3.282041549682617,2.758207321166992,4.389406681060791,3.703772783279419,4.223863124847412
7a0f63e2cfcd3d5dba82b12602528414,1,2.7650749683380127,2.5817651748657227,4.189871788024902,3.123689889907837,4.257501125335693
7172475b411d7d0994ffb6ce4ef8c4c3,1,3.173630714416504,2.291902780532837,4.121876239776611,3.7658824920654297,4.089315891265869
28275f5781d3d507f4f455ec0d8fc819,1,3.4623560905456543,3.1044037342071533,4.31723690032959,4.589651107788086,4.232839107513428
a63d437c119c041d425d2c37a09851bf,1,1.9149200916290283,1.8051748275756836,2.8803744316101074,2.5151000022888184,2.321610927581787
0f6a0d1f742083a731423bc524c0cbea,1,3.769181966781616,3.853743553161621,4.925961494445801,4.367694854736328,4.863199234008789
420caf0f63b536ff5e9d8210df60126f,1,2.6752724647521973,2.848273754119873,4.277914047241211,3.305635690689087,4.268805503845215
6af36dc6e9acbeed3ce09ed224495f31,1,3.254983425140381,2.3686201572418213,4.122550010681152,4.259265899658203,4.27401876449585
c804e1234a93b5f2b6dd3cc1d72ca3bc,1,3.4090147018432617,3.330599308013916,4.2310614585876465,4.290678977966309,4.3060431480407715
2e5056b3ff518ef7faa6b54e25013c0b,1,3.6061618328094482,3.4584596157073975,4.224602699279785,3.7660205364227295,4.466618537902832
f27c33e912b45b812337cc19bf3df67a,1,2.7057371139526367,2.5409045219421387,3.801584243774414,3.431018590927124,3.238075017929077
926da8f248a7f7abdfa6cbaa085cd120,1,3.403012752532959,2.541445016860962,4.207638263702393,4.443806171417236,4.361985683441162
b4c2f147a595772f7433d8fc020b162e,1,2.9080591201782227,2.8846805095672607,4.04952335357666,3.5479071140289307,3.8291361331939697
9d18b0ff2c579f958a270bac745504f2,1,2.6377241611480713,2.704244613647461,3.900214195251465,3.452416181564331,3.6446316242218018
c39fa79fbe0b292a51ce2f112d168d22,1,3.2039432525634766,2.7449164390563965,4.286316871643066,3.362295150756836,4.121804714202881
5b8ef23120f5decc7a7609ab9dfb021a,1,3.727780818939209,2.8487749099731445,4.474003791809082,4.699237823486328,4.58947229385376
308130948095d7774d1aaf1c496fb39c,1,3.458447217941284,3.0641286373138428,4.173654556274414,4.127984046936035,4.361400127410889
91f1d17247482cc35baa869f2486a9a8,1,3.309685230255127,3.2649428844451904,4.231849670410156,3.9809587001800537,4.285588264465332
8ba0e7dd5d8af51ff73a111f4616bbd9,1,3.2322564125061035,3.176429510116577,4.187770366668701,3.830796718597412,4.169099807739258
c02e1d9fee032f2479646331d6c4bbfc,1,2.123417377471924,1.995985984802246,3.766573905944824,1.746488094329834,3.650418519973755
477aa61ce475a9e6010edcc8e79f4083,1,2.685056209564209,2.82922625541687,3.9137957096099854,3.52012300491333,3.6503376960754395
7ae535087ce0fa8ef7f3c2b6ccad801e,1,3.083064079284668,3.129932165145874,4.0645294189453125,3.6776411533355713,4.1502766609191895
59eea4e38f034a17dd5433b201b031b7,1,3.025906562805176,3.0079946517944336,4.392141819000244,3.25478196144104,4.103100776672363
f566582c529e1e1f1c2d3fbceecd9d2c,1,2.9855480194091797,2.307936668395996,3.7472376823425293,3.7249488830566406,3.635071277618408
d67ee92ad4e61a9b60a27b2cfb2bb300,1,3.282965898513794,3.4591948986053467,4.101149559020996,3.7876081466674805,4.331241607666016
0f14b608793d7a4c7e70fcabd0d158a8,1,3.108341693878174,2.953376054763794,4.174924373626709,3.8787002563476562,3.804407835006714
e1100e7cf7361ce37a884cd66bf545d6,1,3.2882328033447266,3.4647252559661865,4.51202392578125,3.735802173614502,4.608056545257568
03d2344076d21d5b959b2dbbefc17e8c,1,3.508850574493408,2.9664251804351807,4.213747024536133,4.418998718261719,4.113117218017578
1a93131ed000b96e144b52a316714898,1,2.899329423904419,2.3966736793518066,3.694833278656006,3.6442112922668457,3.3525843620300293
9f288441c359ec16e4af1cd699c83f31,1,3.4478278160095215,2.366826295852661,4.449302673339844,3.7346577644348145,4.321312427520752
7d6493cd343a40815ca916573aea6dc2,1,3.823331117630005,3.5389151573181152,4.514698028564453,4.415960311889648,4.678781032562256
1d1b024fca2358c469f40dad633dc887,1,3.4048502445220947,2.763070821762085,4.407609462738037,4.753471851348877,4.535645008087158
88997a8feba8b025bd3112c59ff1daf4,1,3.210764169692993,3.335433006286621,4.138937473297119,3.856325626373291,4.268026828765869
b5e53b37d7449c4f2f64edfaf6ba774a,1,3.2328591346740723,3.2820467948913574,4.187595844268799,3.791916608810425,4.139702320098877
52124636bf94e4b8301f9526dc604fd6,1,3.6636693477630615,3.520117998123169,4.376209259033203,3.9917519092559814,4.509769439697266
21be9c25149b66fbe216a04124f5e180,1,3.820176124572754,3.7860682010650635,4.892164707183838,4.008335113525391,4.708719253540039
f2b91a17311ff304f4a828d34c0ba568,1,2.962752342224121,2.8387198448181152,4.0037760734558105,4.125380516052246,3.773576259613037
3769b96a9057205e7bc30eaf9496bfc1,1,3.508139133453369,2.452223777770996,4.497783184051514,4.1200032234191895,4.51978063583374
b301beffc1e246e671f0da82568b24ef,1,3.366670608520508,2.5144433975219727,4.500447750091553,3.5194811820983887,4.26286506652832
326dafa548cf93859052cf47bf440da7,1,3.117887258529663,2.988954782485962,4.418859481811523,3.642303466796875,4.4563374519348145
7aee36cbc1e8c8aa28cdb3f23187ccd8,1,3.406383991241455,2.540778875350952,4.309490203857422,3.8049590587615967,4.1879987716674805
8acdf85d9a06430fa588851d5d6c21a6,1,3.6910033226013184,2.8277688026428223,4.556227684020996,4.719562530517578,4.643933296203613
575002f01aaaa70453c5ea1a226287cb,1,1.837803840637207,2.0109682083129883,3.079852342605591,2.7048683166503906,2.4709506034851074
1875e594717b59323107365d907efcd5,1,2.0129542350769043,1.9483851194381714,3.021695613861084,2.6900594234466553,2.481419563293457
105817425b9ac9a5cb02aa380e8204ff,1,2.978595018386841,2.8148179054260254,4.022799968719482,3.9148335456848145,3.8728187084198
25103f51582f7b90aee46d1acca16476,1,3.304424524307251,2.614809274673462,4.178434371948242,4.252164363861084,4.147345066070557
d509cc8ce037258b441b91eb0901962f,1,2.549873113632202,2.369436025619507,3.542766571044922,2.985057830810547,2.8685994148254395
1e75bc97f6dbdd85adda6790bd2a1498,1,2.2448158264160156,2.312462329864502,3.749175786972046,2.5329771041870117,3.106152296066284
7c4fed633dc175a700debd169ac16ca8,1,3.0895915031433105,3.3410050868988037,4.590188980102539,3.7315053939819336,4.409621715545654
a4d22f0db25d1d60ec55640728e1ae3e,1,2.960693836212158,2.930020570755005,4.050854206085205,3.656613349914551,4.179750919342041
dac2c21ed0a010eb6bce43653ac76246,1,3.2486391067504883,3.221219062805176,4.182773590087891,3.9195408821105957,4.190606594085693
dccd295dcc813ca6e8300607b30e7757,1,3.496227979660034,3.763411521911621,4.604239463806152,4.197246551513672,4.420902729034424
88a0e10aacd90d764e41b3eb15ee572b,1,3.6206676959991455,2.846055507659912,4.489563465118408,4.561342239379883,4.654660224914551
e519c4f81d39f1d5f34e656a927b8fe5,1,2.8751580715179443,2.550973892211914,3.7640607357025146,3.41658091545105,3.4140336513519287
2e08cfc490bfe8f2131144a992edc016,1,2.098881483078003,2.1248507499694824,3.378330707550049,2.987145185470581,2.681088447570801
ae6fd68b12fbb0348e29d207e386b1d0,1,3.320248603820801,2.56354022026062,4.369598865509033,4.327907085418701,4.146544933319092
4caee1e457a6632510d9cf2a0e40fc67,1,3.2334606647491455,3.40266752243042,4.266611576080322,3.605964422225952,4.178677558898926
8eda5d12d11320fb3f7c62d933ac96db,1,2.399470567703247,2.6714906692504883,3.847158908843994,3.2180418968200684,3.6397359371185303
59b7bbe3d05aea7cdc3d0e08e8198a0f,1,3.631439447402954,2.7980945110321045,4.581657886505127,3.873917579650879,4.443350315093994
5c0c824d239d4cac6a4ca9db4b992fe6,1,2.3192031383514404,2.0353641510009766,3.099003314971924,3.0093867778778076,2.3796162605285645
b42cae9b0d6c4d356696736057a46d89,1,2.3215417861938477,1.6383967399597168,3.4049336910247803,3.391765832901001,3.523221969604492
5a32334ec2251bab0ea20ba4dffffeb8,1,3.671530246734619,3.6690409183502197,4.262494087219238,4.266329288482666,4.572099208831787
cb97453deb7c8d2252b55d73eae8ad8e,1,3.2334344387054443,3.7697088718414307,4.184835433959961,3.728381395339966,4.042660713195801
fd0304bda5d011ed1ff5fe1e850c6e58,1,3.5072250366210938,3.4347681999206543,4.443641185760498,4.372114181518555,4.205197334289551
ceb849b71eb98fe74f27e274e0e1b344,1,2.596022605895996,2.634769916534424,4.0605669021606445,3.2398266792297363,3.9083197116851807
3c6ee0ddd65d3df9ed38a65eb4f2e621,1,3.1145408153533936,3.2778427600860596,4.560013294219971,3.5760881900787354,4.447539329528809
6b10b9fb3c480ea71bb65ae6b8e29682,1,3.7200942039489746,3.6382412910461426,4.8821563720703125,4.255017280578613,4.7757086753845215
368ce55a39693dfdce58fcf061a035f7,1,3.8888394832611084,3.963270425796509,4.885842323303223,4.325581073760986,4.832339763641357
f7190454ef3c1147b76ac7a22a805c8c,1,2.971501111984253,2.3107380867004395,4.033016681671143,3.496171236038208,4.039980411529541
cd813ee4981bfaa1f0799c48f2fc1f1e,1,3.0273830890655518,3.024496078491211,4.7104105949401855,3.525921583175659,4.467520236968994
42b6a3bd7ddf03d317dc561a159a03a4,1,3.055880546569824,3.0354175567626953,4.477590560913086,3.417837142944336,4.390932559967041
48d0843ce5ef6aaaf60d1428588f2083,1,2.4851608276367188,2.4258456230163574,3.808018207550049,3.1366302967071533,3.5379722118377686
7ebcce540025c8d014ecdeeebd4d1640,1,3.123532295227051,3.2213780879974365,4.363158702850342,3.831435203552246,4.142073154449463
a303912480747a09054d5c5628f9d3f0,1,3.860417366027832,3.7925198078155518,4.557481288909912,3.993913173675537,4.747561454772949
d7f84f9e01d72480438557ac76d7f2c3,1,1.4656291007995605,1.8340092897415161,2.7096738815307617,2.0665159225463867,2.056286573410034
0c386ca0867d7273f6ed5b669af1306a,1,3.2467081546783447,3.186537265777588,4.147552013397217,4.510831356048584,4.166797637939453
9318af220811c537afae6347bf5d8e53,1,3.298583984375,3.3757448196411133,4.625626087188721,3.469104290008545,4.063063144683838
1d747c72294ae9a85658785b0d7701b1,1,3.1272284984588623,2.507030963897705,4.201599597930908,4.2913923263549805,4.190334320068359
008d84bb317d3f6386452ed0373ea05a,1,2.9493825435638428,2.4255220890045166,4.007715225219727,4.057124614715576,3.8947439193725586
8f63a37ed2261e2e21b0fb5eda7b0fde,1,2.7317440509796143,2.3738436698913574,4.066347599029541,3.6174824237823486,3.2028489112854004
3becf2595e9fe76cdb3a185b3b7dfada,1,3.014355421066284,3.121628522872925,4.15304708480835,3.4742393493652344,3.9743387699127197
f4ea78a935b7680e71535848a37aa63d,1,3.1897428035736084,2.665081262588501,4.2446770668029785,3.4854676723480225,4.184776306152344
92c07efdd9e484cd48782c6cd256b833,1,3.6002721786499023,2.5972814559936523,4.653392791748047,3.7196567058563232,4.618435859680176
d076fd2917681b060057e82f50ec6f4b,1,2.582818031311035,2.259036064147949,3.952101469039917,3.5792417526245117,3.4771525859832764
8bd900a67ea274080e78ed748c969148,1,3.1385202407836914,3.0833306312561035,4.087916851043701,3.9066197872161865,3.958256721496582
ee80f9b16788e754588c90a355331ebb,1,3.041121006011963,2.6806082725524902,4.061767578125,3.855851888656616,3.5589544773101807
273991ad6cf59eb8d08dbb8a5f8a5a6f,1,2.8666412830352783,2.673042058944702,4.175642490386963,3.5613691806793213,3.6275980472564697
6af3d5071ec6ce474c2086b083e3e3f1,1,3.420445203781128,2.9867262840270996,4.368212699890137,3.7507033348083496,4.1438889503479
3b565f5062652713175f6952da344211,1,2.7382678985595703,1.7174102067947388,3.734592914581299,3.2705445289611816,3.45281982421875
0f3788f95bbb5bdd488172f07345a93f,1,3.428453207015991,2.7999820709228516,4.410761833190918,4.3388142585754395,4.332698345184326
b2e261b2cba953bf0e50abfd81ac884d,1,3.0504677295684814,2.613529682159424,3.965510845184326,3.3723604679107666,3.4392213821411133
ad9635847cb68c997b205dbd87ca9887,1,3.8038039207458496,3.5861427783966064,4.4720001220703125,3.92926287651062,4.573060512542725
e5f31fe47261fd1f49041dc1a01924f1,1,3.3032500743865967,3.0487704277038574,4.142292022705078,4.420021057128906,4.327807426452637
b9218ec3ec824c99a4f601160e7b8cc0,1,2.710911989212036,2.1866507530212402,4.109274864196777,2.858912467956543,4.041393756866455
7eb3acf38f5146429b6074dde2e0980d,1,3.388019561767578,3.1640889644622803,4.3166303634643555,4.179226398468018,4.104927062988281
66bcbe47dd7f344d1c58044492a25e32,1,3.0473241806030273,2.4939887523651123,4.22208833694458,3.2823479175567627,4.119961738586426
4a6455b49adc744143185be4ffbce90a,1,3.2870309352874756,3.282492160797119,4.218776702880859,4.1900410652160645,4.045987129211426
cc562e558fc2b7c37d1be90f3a8203f9,1,3.5508551597595215,3.7762701511383057,4.680409908294678,4.056107997894287,4.787600040435791
af01a580c716edd97551036cba807f2d,1,2.8662097454071045,2.743699073791504,4.300879955291748,3.065641403198242,4.1579108238220215
2fff79850a79346dd5d4372624d25abe,1,3.1737372875213623,2.9377734661102295,4.067989349365234,4.348785877227783,4.120734691619873
15a445098fbe5ac81ee8d192219ebd7e,1,3.3724803924560547,2.867377996444702,4.359546661376953,4.384768962860107,4.382091522216797
19dec37e8586f042433d03586ccd0d7b,1,3.1640756130218506,3.1494829654693604,4.073597431182861,3.6955366134643555,4.237046718597412
db1ef75f5cf6abb69e27f665c4a33be2,1,3.3021960258483887,2.3103888034820557,4.319430828094482,4.121734142303467,4.021429538726807
51efd73ea2e0f854123732a9d9ef36bb,1,3.0740973949432373,2.9581308364868164,4.559727668762207,3.5684375762939453,4.513273239135742
bac8b9c72e73961f9efba8511ceea341,1,3.288975238800049,3.1266071796417236,4.311294078826904,4.422226428985596,4.39042854309082
030525173a62c50863fc4ec99bbbe9fd,1,3.1888437271118164,3.176206350326538,4.087437152862549,3.6284542083740234,4.137619495391846
44f7e2a77c791e526ecd68fc902a1586,1,1.6977981328964233,1.808990716934204,2.996286153793335,2.2549309730529785,1.9731738567352295
cae0c7b0afff280235fb320c5da2a5d8,1,2.8926749229431152,2.791144371032715,4.585407733917236,3.5510849952697754,4.589266777038574
c835b6e596e6ec612b1a57773e9f3041,1,2.282616138458252,2.0559940338134766,3.3881444931030273,2.8425989151000977,2.547175407409668
657546e3fc5996a16da9e5015870b67e,1,2.9601690769195557,2.886765718460083,3.928478717803955,3.882434606552124,4.1406660079956055
91af78b7726c9f51e2c7d4fa60d4f439,1,3.251129388809204,2.628361940383911,4.255496501922607,3.319897413253784,4.34405517578125
5ff071e023196837b0f6a58dab356bb1,1,3.026287078857422,2.308075428009033,3.9503707885742188,4.076571941375732,3.8453519344329834
8dbb40724c440a90e33413749f10554e,1,3.284604072570801,3.1766088008880615,4.227474212646484,3.925901174545288,4.317943096160889
234ef188a92a213e076b969eca91229e,1,2.9457898139953613,2.889855146408081,4.001816749572754,3.63692307472229,4.023653030395508
470c74389a49ce3d48f9bc6255588d05,1,1.8664133548736572,2.2324562072753906,3.1116528511047363,2.6290149688720703,2.446409225463867
d82f939e7ed44ac619342b2f27c6ab68,1,2.7944252490997314,2.536590099334717,4.134486198425293,3.635985851287842,3.718317985534668
7490d624c6e411aa0e8916d46e212017,1,3.280440330505371,2.8862452507019043,4.165957927703857,4.052304744720459,4.1470794677734375
fb29b6443ff333fc005b054a58625f87,1,2.7644083499908447,2.5961220264434814,3.842802047729492,3.12296724319458,3.559535264968872
0cae619c61b753ab158649e737720208,1,3.5172486305236816,3.3784806728363037,4.210988521575928,3.94968581199646,4.306325435638428
8e4810a484db5f84eeb90c2c7c6a3dc3,1,3.6171698570251465,3.5389063358306885,4.028262615203857,4.06477165222168,4.434534072875977
f250ba5c713ff792052794da8042237d,1,4.078766822814941,3.9438509941101074,4.566452503204346,4.629644393920898,4.881064414978027
b244107123126b93697ce4c8a2e0fec8,1,2.410520076751709,2.3754091262817383,3.7920713424682617,3.3027329444885254,3.0414414405822754
a2b66e5f781f9426c2aa78ea4cfdb74b,1,2.71301531791687,2.697659492492676,4.036120891571045,3.4302515983581543,4.177645683288574
7ca26271107e699c1845267af6a1298b,1,3.862337589263916,3.778006076812744,4.51750373840332,4.404913902282715,4.760106563568115
4888e41c2465c07a46d6f0b0e6df3931,1,2.5277137756347656,2.4522314071655273,3.825697898864746,3.0161123275756836,3.4821181297302246
997140ed563523ab45798798ee2b08f0,1,3.5947494506835938,2.887004852294922,4.497952938079834,4.489486217498779,4.520039081573486
9b60565d0a0b4e2bf0c51af02d215174,1,3.7114603519439697,2.859699010848999,4.469645977020264,4.658799171447754,4.697972297668457
12ce77138fee938eaecd1625651cfea0,1,2.9212706089019775,2.4787352085113525,3.8146963119506836,4.095233917236328,3.7679085731506348
c6bd6ea319658be87c6e72bb6ebc70f0,1,3.152139186859131,3.3738293647766113,4.08353328704834,3.710679531097412,4.004700660705566
fd701d50054270edc00d5cb581debd24,1,3.094477415084839,3.1054577827453613,4.113537788391113,3.8276283740997314,3.7850241661071777
1e6c1926f28d1bcf14f7e9e5f02875ca,1,3.040066719055176,2.982706069946289,4.128506660461426,3.588449001312256,4.027358055114746
5f3170347bc8a92cc6ef8a9365e87aea,1,2.202807903289795,2.2511520385742188,3.2455079555511475,2.7362098693847656,2.7223734855651855
b9fe8e90568d629b488ecddd113bc83e,1,3.054818630218506,3.2119193077087402,4.5088090896606445,3.5988261699676514,4.505888938903809
ae981e5e980688ba264c1de074e6577b,1,3.0542328357696533,2.7108545303344727,4.024614334106445,3.6797547340393066,4.220365047454834
6ee6732cf80a3a5f288f25117950c545,1,3.5215742588043213,3.5910868644714355,4.6296186447143555,3.985116958618164,4.816217422485352
7df5009b15c7db792d064ad1834e73fa,1,3.2492270469665527,3.3531031608581543,4.23769474029541,3.713296413421631,4.111507415771484
1579e9dfc5b941c3b84d11d0056b30d1,1,3.080404281616211,3.000500440597534,4.267786979675293,3.8496737480163574,4.477435111999512
61c07bf2dfd54c6ca6893bec46eb3820,1,2.780696153640747,2.5416040420532227,3.904926061630249,3.420175075531006,3.8616106510162354
bbacbb9e964e738c5af26beac2c69a07,1,2.765744924545288,2.590538263320923,4.1859130859375,2.9302849769592285,4.060363292694092
85a9c9d41d310762eed37e3540d15427,1,2.2665441036224365,1.3087098598480225,3.0913217067718506,2.9603872299194336,3.128112554550171
ff4bf9494285e52a546cba6eb505840f,1,3.0531492233276367,3.0159478187561035,4.1338372230529785,3.352560043334961,4.349780559539795
d33196eccf5d5cecb09613509620ece7,1,3.0646326541900635,2.498224973678589,4.237998008728027,3.1973838806152344,3.9943864345550537
d436f64a8f03cca045373b2215e99f9d,1,3.4200940132141113,3.285367250442505,4.089885711669922,3.8248672485351562,4.3956804275512695
d9fc018fa997ff377793a00122570404,1,1.9559125900268555,1.9317960739135742,2.9415793418884277,2.451948642730713,2.3313679695129395
ceb74051e5de09cff1dc6762bf17e0fb,1,3.259732961654663,2.9800257682800293,4.217810153961182,4.056244850158691,4.201539039611816
b0f5b3927606278bf30f753e0aaaf525,1,3.0203351974487305,3.0352120399475098,4.316884517669678,3.3197922706604004,4.48153018951416
677a090c4c062f3a8e7d86224ace330f,1,2.092689275741577,2.4184157848358154,3.199467658996582,2.758037805557251,2.401336908340454
6a9ae3f8a4b21a5010154257baeca7b5,1,2.6257834434509277,2.7870872020721436,4.358661651611328,3.3657970428466797,4.158449649810791
9363f6844227e6ba9c9d2e686569dd6a,1,3.1379153728485107,2.4597411155700684,4.198594570159912,3.3241615295410156,4.067255973815918
3547d8984750da41ccaafa6beb8f5734,1,3.491046905517578,3.210080146789551,4.25795316696167,4.651754856109619,4.424471378326416
8f644d4bd903326a140743d7be8d30e6,1,2.6338953971862793,2.509859800338745,3.8214364051818848,3.3523921966552734,3.4684998989105225
692c48b02ccdac578822c393fd979e06,1,3.2626121044158936,3.1839497089385986,4.3095245361328125,3.5071423053741455,4.488004207611084
336e1b366ae946c9413b4cd4abdafa1c,1,3.265244245529175,3.1140871047973633,4.213188648223877,3.987252950668335,4.3871049880981445
d247c36629fe5a2cd3ac3dcced1b32bf,1,3.9247756004333496,3.8764379024505615,4.556529998779297,4.501524448394775,4.820074081420898
44c20fa193f68fc4abf8fc8791846ef5,1,3.2738664150238037,3.089787006378174,4.184370040893555,4.480839252471924,4.217132091522217
447eedc6f89989871d5f40918a462069,1,3.2284650802612305,3.0787246227264404,4.426853179931641,3.826136589050293,4.416254997253418
9d3f9c71010131c59310676103980fa0,1,3.3188273906707764,3.2381491661071777,4.280573844909668,4.2938761711120605,4.084384918212891
e82c1f0adb1ee9f38c5d82e23fb4b950,1,3.5837886333465576,3.4274520874023438,4.365932464599609,4.355566024780273,4.546990871429443
960898fbc4c010bc7d8df0cecb8fa610,1,3.4770283699035645,2.8320815563201904,4.452432632446289,4.059874534606934,4.300119876861572
d8205f08609b775e661fd350430b5db9,1,2.1236000061035156,1.6784006357192993,3.3361399173736572,2.902709722518921,2.719850540161133
fef9e8464ed0167a66b9e047ceded461,1,3.672375202178955,3.6439428329467773,4.364256858825684,4.219364643096924,4.5437421798706055
2e090f7a7f41b8cde21fd1c435a2487c,1,2.495764970779419,2.3497109413146973,4.0138750076293945,2.819091320037842,4.008617877960205
59aaa913e11fcb2b8dc235e92d0f946b,1,3.2149744033813477,2.7486183643341064,4.19534158706665,3.895872116088867,4.039405345916748
f9a6b50a1a34cf8a523e2b8494d62fe5,1,2.012589931488037,1.7482261657714844,3.6192245483398438,2.508422374725342,3.148577928543091
18ed14eed7750c1610c5f5198ce7c26f,1,3.4201455116271973,2.8158047199249268,4.391831398010254,4.1720428466796875,4.207106590270996
9699369b6347ac3b16b7793534633f57,1,3.3829925060272217,3.259638547897339,4.216614723205566,4.06252908706665,4.133177280426025
c8b7d909d0d5cec1c41039f9c44c2f75,1,3.275895357131958,3.444204092025757,4.120348930358887,3.8366403579711914,4.404637336730957
6370a82fded784ec98d7ec6cace5cdbd,1,3.3857102394104004,3.7882590293884277,4.570672512054443,4.160733222961426,4.436641216278076
6ed288e17627b9c279a6bffd91475be9,1,3.5854103565216064,3.3921799659729004,4.753098964691162,3.954096794128418,4.825453281402588
04c51b30fbf632467e510954b90ded25,1,3.317793846130371,3.4285593032836914,4.738047122955322,4.072932243347168,4.520419597625732
eb80a206d48b64b23a96da096d5a22fc,1,2.2083382606506348,1.8958659172058105,3.8713865280151367,2.537844657897949,3.3929262161254883
c729f09c51e28bb2b1c4aac513f2c413,1,3.5146124362945557,3.3666298389434814,4.595322608947754,4.056790351867676,4.710962295532227
3b3f16cd90b45c64a6f448e9f817c314,1,1.381900668144226,1.6857401132583618,2.6436610221862793,2.0511770248413086,1.9863314628601074
444f5a12d3d5460576fdb373e3ee6ffb,1,3.7276997566223145,3.4608185291290283,4.2107415199279785,4.210907936096191,4.461164474487305
ca5def2026cf213f5811d44bc1205d2d,1,3.364680290222168,3.4302492141723633,4.578535556793213,3.5179309844970703,4.528476715087891
e454ac5b00146cf0855d7827ebbce959,1,3.6699953079223633,3.521636724472046,4.9304704666137695,3.976235866546631,4.949828624725342
0acef76fc0301b73f28596558e9acc77,1,3.1868228912353516,3.2925052642822266,4.427894592285156,3.9586052894592285,4.473645210266113
f13a1d67b9bc66b2113d43b3d4795b8b,1,2.8922717571258545,2.260976552963257,4.050565719604492,3.348517656326294,3.7531683444976807
f03dd69fcd80c385911f5cae55a5b549,1,3.1191930770874023,2.7234485149383545,4.397630214691162,3.7923569679260254,3.6753933429718018
e364f4981cf0b97fa7cf5abf42ab0ab2,1,2.5229580402374268,2.5360565185546875,3.931492328643799,2.88026762008667,3.466217279434204
2bcf2eb803567848a1177658154734dd,1,2.874500036239624,2.936763048171997,4.497463226318359,3.4603254795074463,4.222203254699707
baf78015376ecaa9ca647b932e793bc7,1,3.2033653259277344,3.3380119800567627,4.322739601135254,3.824918746948242,4.39433479309082
3c7217bb00bfb4158f76e7feb9fcb971,1,3.601321220397949,3.4502758979797363,4.341386795043945,4.2009968757629395,4.552315711975098
8071f31420021049f87634ea672d6aeb,1,2.0337839126586914,2.0932841300964355,3.061657428741455,2.8671698570251465,2.448601245880127
87304c97e534e4d715679ff0993c38ba,1,3.6532139778137207,3.7617697715759277,4.769191741943359,4.049727439880371,4.6161723136901855
9798019652eaa1533bb889567f3e15f5,1,2.9054553508758545,2.4763500690460205,3.9618256092071533,4.115068435668945,3.882300853729248
27d109812ce6af49d5de5d33a0e5ff2c,1,3.468482732772827,3.254995107650757,4.152543067932129,3.950794219970703,4.302343845367432
64ae8ca5940fe3ff9b7a1ca4ba464345,1,3.108888864517212,3.04837703704834,4.064394474029541,3.6321053504943848,4.25203800201416
af8985e3c1f7ee5938cdc655ef557811,1,3.010455369949341,2.9765615463256836,4.080665588378906,3.6279690265655518,3.9932310581207275
b26bf406739d8e437232e97b5cd32f14,1,3.0253922939300537,3.246196985244751,4.0503973960876465,3.608841896057129,3.951733112335205
a91cc3d24b7c5b1865a00b7dff0bd2a4,1,2.2466678619384766,2.231213092803955,3.2518136501312256,2.8632023334503174,2.751121997833252
a31a5128322954016bcc828a7c5778c6,1,3.1752395629882812,3.2981534004211426,4.155229568481445,3.6889450550079346,4.120898723602295
c54d5135369676c290d60ee06394c8d8,1,3.320033550262451,3.469940185546875,4.240421295166016,4.135627269744873,4.062073230743408
0704673999ccbf103ad71baaf733fa77,1,3.357229709625244,2.8029470443725586,4.241934299468994,4.099916934967041,4.209867477416992
34d1f10b45cd540ef5c777ac14232a43,1,3.229975461959839,3.0676217079162598,4.138304710388184,3.9350686073303223,4.141776084899902
895c8cb1f484c561ef5b209122fd61c7,2,3.4566454887390137,3.5103001594543457,4.266299247741699,3.8733599185943604,4.403846740722656
99833b9d8e753e59753824d55125af28,2,4.109284400939941,3.0136795043945312,4.604776382446289,4.883101940155029,4.829697132110596
bc8ddb63c2fe0a2070213b9fe57124ad,2,3.756409168243408,3.692326307296753,4.716792106628418,3.8844940662384033,4.507869243621826
49b77ad5edcb58f254cb3d2e67ee46c3,2,2.422440528869629,2.348853349685669,3.477067232131958,3.046330690383911,3.0677971839904785
9a64ed66631f98092cb07108e87f2e15,2,1.3057137727737427,1.1420130729675293,2.9030261039733887,2.0221097469329834,1.9815518856048584
e5fb380d9204361e4783b46b1299683d,2,3.081587076187134,2.6260058879852295,4.112545967102051,3.477097749710083,3.927572250366211
f51a58c7d3697a0799458063acaccb79,2,2.4549200534820557,3.040541887283325,3.8586387634277344,4.092879772186279,3.9161078929901123
970ecb1738ae25130543752fb09a7c19,2,3.091355323791504,2.635481595993042,4.341060638427734,3.0575976371765137,4.287522315979004
471cbd4c02ae09d700a44578cb6810e7,2,1.7585963010787964,1.419270634651184,3.286400079727173,2.6785802841186523,2.9145379066467285
b833b072b7de8f3c9ded5d45c4b8ad2c,2,1.7755682468414307,1.7650744915008545,3.008913040161133,2.6646909713745117,2.574695110321045
6bed4e71977816a4db4d32a656616ce4,2,2.8923752307891846,2.918774127960205,4.155254364013672,3.7983434200286865,3.8214995861053467
c2b63ad799a26ba8dfb6e92328debc01,2,1.295540690422058,1.5499790906906128,3.4194412231445312,2.104888916015625,3.052767753601074
c50efede2fed0c807c5ea4afd1b391db,2,2.702815532684326,2.5491933822631836,3.7746167182922363,2.9576122760772705,3.838141679763794
5b5a4499604e56c55b8455de98176267,2,1.6018574237823486,1.425693392753601,2.853957176208496,2.5948357582092285,2.2217857837677
c4440af311681ef35ba1ae4b95adfaa4,2,2.5867769718170166,2.6073179244995117,3.8264427185058594,3.0129406452178955,3.5293636322021484
376b415debb6c60916ce77c2c623f8b9,2,1.5139144659042358,1.4680088758468628,2.991507053375244,2.3726186752319336,3.0649874210357666
86fabe9600dab2ccba2490af9f789ca7,2,3.6676201820373535,3.767317533493042,4.226159572601318,4.433293342590332,4.69008731842041
fdb85a7fca5169c7c4597e4585413670,2,2.8603286743164062,2.7629902362823486,3.8638503551483154,3.2365033626556396,3.994123697280884
9c391cac307ba2c90d4d51ea3f32b90c,2,3.7340445518493652,3.8286595344543457,4.30888557434082,4.358987331390381,4.791871070861816
ab6b03364905887900b326544b9c0393,2,1.4268709421157837,0.9462422132492065,2.7866601943969727,2.407034397125244,2.1493706703186035
a9ec621ccbd026a8ad8d632dfe7eb9ea,2,2.7004854679107666,2.357259750366211,3.8213183879852295,2.775547504425049,3.7438266277313232
ba01a04e45226b3b214d543fec51ad43,2,1.5228402614593506,1.3507063388824463,3.0984067916870117,2.5588722229003906,2.172837972640991
fbe322c5b5a3a89af7361968c54f41e2,2,2.513982057571411,1.6502348184585571,3.747960329055786,3.198258399963379,3.4782021045684814
dd89ef0abcf4aa47a9425ea2ec4ff3d2,2,3.061359405517578,3.0425217151641846,3.937619924545288,3.715613603591919,3.827005386352539
e30c4466b95e40c30297166a8faa8ba2,2,2.77874493598938,2.592643976211548,4.027503490447998,3.293590545654297,4.154876708984375
0f1f2d17cd1c91722f9630da3fba0aae,2,3.244932174682617,3.2165215015411377,4.183236122131348,3.8134255409240723,3.931166648864746
46bf17aeb92be11eb2ed1378c1faa374,2,3.6214311122894287,3.734668254852295,4.5040740966796875,4.743980407714844,4.7111687660217285
6cde598254124e79bc45ed5a57b90985,2,1.9234142303466797,1.7425345182418823,3.37550687789917,2.689612627029419,3.1044864654541016
385166548b13c5aa27e7b4314a1bbcea,2,2.384385824203491,2.327101945877075,3.847137451171875,2.667475461959839,3.8014888763427734
2af1d3564b4377c48050e8af442b6860,2,2.85117769241333,2.789679527282715,4.132297515869141,3.151886463165283,3.956455707550049
831b342a61b061a97524c580e958803e,2,2.1866815090179443,1.8451728820800781,3.5223283767700195,2.3775687217712402,3.495744466781616
a8540fdf64ea241ff0cc77a76c16c5e4,2,3.0742509365081787,2.8511383533477783,4.112642288208008,3.537691831588745,3.9531314373016357
c9ee36d52419ef1756d3366e3143c6ed,2,3.592137098312378,3.335500478744507,4.560004234313965,4.106902599334717,4.59410285949707
8e42602511f70b456f260aeb78637134,2,3.1844122409820557,2.91764235496521,4.181384563446045,3.5573999881744385,4.282199382781982
80ebb19ed30a9baca113edd3659d43c2,2,2.9787919521331787,2.860596179962158,3.9974942207336426,3.440361499786377,3.834333658218384
788fd08c54b92ecf60d4c5a97a7eaff8,2,4.160186290740967,3.841475248336792,4.367255687713623,4.802387237548828,4.8423614501953125
20c3fce1f84cd7dbd11c78e5c392c608,2,3.252290725708008,3.2019600868225098,3.8989078998565674,3.782566547393799,4.100370407104492
c853a4b5d7b10ac4be4a1b6a75d9a893,2,2.305948257446289,2.5025055408477783,3.4622879028320312,2.880915403366089,3.6869101524353027
ca5caf3ca09e7e9499f5aecf6a0f2fbe,2,2.305565357208252,2.284736156463623,3.5355489253997803,3.402268171310425,2.855220317840576
7c4e00c83407c2c38d017d5cdf7e15cc,2,2.447427749633789,2.5927417278289795,3.8975255489349365,3.374695301055908,3.3715083599090576
f692f8ddee239439e5847e8dd70eb897,2,2.177391529083252,1.8327305316925049,3.4392552375793457,2.8066108226776123,2.8933920860290527
b36c529c13b33fa877c94072e5ed6639,2,3.197831153869629,3.119255542755127,4.255613803863525,3.50740647315979,4.175410747528076
8f2ff0aa6b23d2e8901908291dc07214,2,2.7841527462005615,2.6100456714630127,3.335838794708252,3.5585529804229736,3.9027106761932373
f7babfc27efff1f904b1a0126e1d6485,2,1.5027589797973633,1.6095685958862305,3.0992815494537354,2.611445665359497,2.0806050300598145
ea819c6dca260924389b7fcc3b0a6858,2,3.1317946910858154,2.6409823894500732,4.566518306732178,3.210899591445923,4.34566068649292
3c52b85aa1a76e28fec74d06f6f05906,2,2.8364381790161133,2.882939338684082,4.056329250335693,3.3428499698638916,4.1019721031188965
12132c12573e02a20455ce19047d5075,2,2.562676191329956,2.555145740509033,3.4482579231262207,3.412850856781006,3.758471727371216
44d85696fa4d40c7720b6b50e3945a7a,2,3.1937077045440674,3.311199188232422,4.123514652252197,3.9269158840179443,4.064041614532471
f36dac5bba7d4e9638e808fadf246c1b,2,3.2272207736968994,3.0001397132873535,4.165785789489746,3.7909483909606934,4.01278018951416
bf3f863b28bec2d8625b5426ea2809e2,2,3.682893991470337,3.7193474769592285,4.513755798339844,3.928173303604126,4.276562213897705
b08477f77586970f17119230a2edddc6,2,2.5327343940734863,2.6958506107330322,3.403945207595825,3.270659923553467,3.6956827640533447
167861e880833775678850faa770b9fa,2,3.242812156677246,3.118665933609009,4.095944881439209,3.5874197483062744,4.1911749839782715
f3da39bdc98d2497a55b3b523f9f7a59,2,1.9207713603973389,2.020925521850586,3.528141975402832,2.7522218227386475,2.8103318214416504
62fa66c15005b1fa04beecfd67868d0f,2,2.851823329925537,2.7071776390075684,4.025055885314941,3.301515579223633,3.983875274658203
d989540c4492927540bc7c2a782f013c,2,1.9548894166946411,1.5214625597000122,3.090116262435913,2.656219482421875,2.472700595855713
11f8cedfe09561c18b88229533309c92,2,3.156780481338501,3.2950313091278076,4.5461320877075195,3.81899356842041,4.450796127319336
4866b31baa01e80cad5c8b50ffe4e31a,2,3.3338472843170166,2.880377769470215,4.488429546356201,3.661503314971924,4.3349928855896
b5454331688c3e86d7e4ad4a6254a085,2,1.6519150733947754,1.3853716850280762,2.9063720703125,2.5346550941467285,2.103346347808838
71411256b120c0dca502e7fca4063c01,2,1.6646780967712402,1.4103319644927979,3.2018182277679443,2.7086997032165527,2.6007800102233887
455c38c8b7bd328944cae50e895ce39d,2,2.248993158340454,1.8481289148330688,3.976353645324707,2.0795280933380127,4.0024237632751465
fe5191378406ad1410ad4cc589826e72,2,3.1094508171081543,2.6726415157318115,4.264742851257324,3.3479483127593994,4.110432147979736
054a238c73dc1ccd8d285b39958b6738,2,2.4652624130249023,2.7387356758117676,3.98020076751709,3.4483814239501953,3.388395309448242
ec41117602560c44c0ddc5c52bbac835,2,2.92095947265625,2.786710262298584,3.9928085803985596,3.3592119216918945,3.9006364345550537
11a77780a651819b3f157eb21a6e5bea,2,3.8815789222717285,3.819218635559082,4.449197292327881,4.590794563293457,4.896827697753906
6130d22d8281c323dddb080ce4185a24,2,1.7471380233764648,1.5717964172363281,3.318237781524658,2.734647035598755,2.9199304580688477
eabed418b290361c8b0f7eb73da1357e,2,2.3882598876953125,2.510673761367798,3.4124438762664795,2.858109951019287,3.7057580947875977
bad5cc55388971f9fc3fbea3b909cff5,2,2.797395706176758,2.932216167449951,3.8624038696289062,3.9705519676208496,3.823805570602417
404946ca74f4e0a890b579663f940ebb,2,2.5105273723602295,2.2011959552764893,3.876349449157715,2.6306304931640625,3.615779161453247
5aa9850f795700554d7c6a1bb5bed859,2,3.665234088897705,3.568934917449951,4.118355751037598,4.113537788391113,4.568780899047852
69dc23484b81ff622ce1d670272d0e88,2,2.8982937335968018,2.4325754642486572,4.186935901641846,3.2496109008789062,4.220844268798828
dd4c3c07154174a71742de91c97be6f9,2,2.973210096359253,2.4946770668029785,4.1237897872924805,3.5660295486450195,4.124462127685547
e9f4e4a3af0a148d9352284cdd0ab0d4,2,3.0644240379333496,2.8726935386657715,4.258662223815918,3.5271241664886475,4.158659934997559
edcc4ee182558e6967cc70a2bfe6d22e,2,3.2460598945617676,3.0608575344085693,4.422491550445557,3.5811760425567627,4.23757266998291
f5a6bb9a83c9aa6c90e4420354385da9,2,4.155017375946045,3.0755579471588135,4.442384719848633,5.0165863037109375,4.872765064239502
c8416180d5ab9f9eba0ca2b21159439b,2,3.463095188140869,3.1896679401397705,4.274633407592773,3.882828712463379,4.296248435974121
4a97b6c9ceb5f890002bf6ddbbcec1ff,2,3.732821226119995,3.441617488861084,4.268162727355957,4.472640037536621,4.813758373260498
5fd5ae9508d33ba686742f1bd46f2a2d,2,3.5320773124694824,3.3138790130615234,4.567444801330566,4.097613334655762,4.5424957275390625
786c0d97b60c834d4694bede55a6b17f,2,3.3301596641540527,3.315148115158081,3.983719825744629,4.155912399291992,4.355222225189209
ef3eeffe8cf08b31962edba7bda948cf,2,4.142010688781738,3.72235107421875,4.445165157318115,4.741438865661621,4.997439861297607
732dd047fc8e2f902695f3b9989586e2,2,2.3712165355682373,2.363678455352783,3.593125820159912,3.1213653087615967,3.443680763244629
776b0485583181886b132f6eaf0c57d7,2,3.9347453117370605,3.772523880004883,4.494486331939697,4.6265106201171875,4.948468208312988
bce755588165c15e9b4a6213b29ba041,2,3.93900203704834,3.044590950012207,4.594671726226807,4.702425003051758,4.661169052124023
3c467a6f68ecaf1fd03100366c5cb7e8,2,3.129530906677246,2.5357985496520996,4.231839179992676,3.4785797595977783,4.071163177490234
55cc6fd1f09b9c25b75052b47f39cf0f,2,2.8447821140289307,3.4667108058929443,4.417830467224121,4.144775867462158,3.95902156829834
81e915e851d0a07ecb0ef36d0e30dc4b,2,2.0969748497009277,1.666731595993042,3.4156816005706787,2.8873162269592285,3.2763075828552246
45180feb6e7a434f31f07a464f610c90,2,2.440507411956787,2.5731282234191895,3.3721749782562256,3.0272529125213623,3.659210681915283
af6ca8135b579cc19268213a4cdfde49,2,3.1942403316497803,3.1802010536193848,3.968860387802124,4.133769989013672,4.245006561279297
3a4d67a0d21a4f6ca8249f923566817d,2,2.6774954795837402,2.244258403778076,3.7254624366760254,2.6475071907043457,3.6537528038024902
f0557b423d87374e8bf0dedde2094f05,2,2.126380443572998,2.1818008422851562,3.4358978271484375,3.5899147987365723,3.265301465988159
9fe884f6e895e213afd866e64274b8bc,2,3.1576430797576904,2.950396776199341,4.27828311920166,3.4065942764282227,4.200828552246094
5b069c495b08762df4fe59866d778711,2,2.927302360534668,2.9520652294158936,4.071765899658203,3.8018226623535156,3.7962443828582764
e9ad370409679e676d410192acd63266,2,1.8931019306182861,1.9211957454681396,3.06378173828125,2.7335526943206787,2.384385585784912
f872f95da18f6aaaec41def493f68e1c,2,4.0315937995910645,3.830085515975952,4.52536678314209,4.649464130401611,5.060802936553955
7e6666919b58c327020ace99cd1d8c25,2,2.4023735523223877,1.8736529350280762,3.6312403678894043,2.952336311340332,3.7328343391418457
25b37f9da541561fc370db3c32313ef6,2,3.3969438076019287,3.3079264163970947,4.140156269073486,3.7153236865997314,4.312038421630859
5151f43b3ac75c81ace635af689afecb,2,2.67579984664917,2.7515053749084473,3.9362571239471436,3.193605899810791,3.776712656021118
86262aaee81ff4a60d7eb67893643de7,2,2.9638478755950928,2.6378211975097656,4.106081008911133,3.568084478378296,3.9509453773498535
3c8ed575bf7959500317e9d9270b1292,2,3.324329376220703,3.246678113937378,4.125546455383301,4.013453006744385,4.447068214416504
28795af392fec6ba85a82e6505a9ecd1,2,3.2822957038879395,3.315453052520752,4.153223991394043,3.860924243927002,3.9732115268707275
f2131dbb09c7f043c795f5dd57fdf12b,2,2.881467580795288,2.88308048248291,3.9113264083862305,3.699552297592163,3.8060860633850098
626b4723871d647017c57d7c7a6f0b69,2,3.0386083126068115,2.941929817199707,4.0974578857421875,3.1683919429779053,4.250617504119873
d7fcbd986d0e72a918138b28659d7eef,2,1.903493046760559,1.7719274759292603,3.0764172077178955,2.5392746925354004,2.424466133117676
a5f8361d88eff303c819a8f19a804935,2,2.1432747840881348,1.7481800317764282,3.4313647747039795,2.834608793258667,3.0024194717407227
83eb9d22a9017bb292f038bad6b469e1,2,3.0919721126556396,2.9538369178771973,3.838373899459839,4.116273880004883,4.417953968048096
494d1bb9fa9bb2205742941b16eeb37b,2,3.0090627670288086,3.188900947570801,3.9809865951538086,3.4076788425445557,4.076534748077393
d6e35c29020d6c3fa7f4d72f1361bba1,2,3.3310046195983887,2.659379243850708,4.333742618560791,3.5307838916778564,4.470128536224365
e8c02f1b2f8bfb694a0a10ed7d8ccddb,2,1.2932415008544922,0.9597886800765991,2.7005834579467773,2.4394686222076416,2.0596632957458496
de878789d308301a4044d8f1ed42176f,2,1.6310063600540161,1.5567400455474854,3.2863705158233643,2.648397445678711,2.222867727279663
add559121f2b78763bf0c1b4602ed065,2,2.9379734992980957,2.8754634857177734,3.9791975021362305,3.718243360519409,3.8147852420806885
c9deb82f8928872f74fd05698906593b,2,2.9968974590301514,3.0008084774017334,4.174073696136475,3.9263527393341064,3.837296485900879
23929f822276a879b4523db56e4f50c7,2,2.8612124919891357,2.636765956878662,3.926637649536133,3.5009663105010986,3.7308287620544434
1be42a5c3876513a2651a160ce4ec44a,2,2.629612445831299,2.523552656173706,3.660845994949341,3.0626649856567383,3.6802048683166504
ec52c6a6fad52173fc6b0e744eded53c,2,2.992745876312256,2.464329719543457,4.103628635406494,3.5662026405334473,3.978107213973999
2828e7025c744d76b37f7047b4e6474f,2,3.1158699989318848,3.0468320846557617,4.206779956817627,3.4919657707214355,4.2925124168396
43be5c62e3326787e17afecc657a47d3,2,2.3425965309143066,2.251556396484375,3.506387710571289,3.2701334953308105,3.341522693634033
259fbeec868b03f69dd552f5e127287e,2,2.69972562789917,2.592643976211548,3.8321805000305176,3.48470139503479,3.4735124111175537
bee9d0c2d4cbe004bafd31f746e4ffb1,2,2.3467447757720947,1.8267104625701904,3.671438217163086,2.8582019805908203,3.31095027923584
d2f52bbac6043060ceefd4213e795bee,2,3.285975694656372,3.2717318534851074,4.004234313964844,3.5249428749084473,4.359583854675293
2d20172424c0ccdc613695ba03bcbe33,2,2.662508487701416,2.398027181625366,3.720245361328125,3.1307477951049805,3.8463134765625
5885a413e8d744690432e25dac75177e,2,3.0840563774108887,3.0780835151672363,4.14833402633667,4.014031410217285,4.018088340759277
39a986bb9c0fd4c88a15ccc5fc9e0116,2,2.860960006713867,2.710477828979492,4.11020565032959,3.1970338821411133,3.85685658454895
70f1cf844fa4747ad5a2ef3c3afcf869,2,2.0677051544189453,1.4862486124038696,3.3481850624084473,3.1943211555480957,2.9899210929870605
a642534aa025b513c1b5c3247099aa5b,2,2.779524803161621,2.7655417919158936,3.924419403076172,3.3608529567718506,3.849745988845825
cfcd4000a87b15e18dc5c3610610aa25,2,3.5473039150238037,3.409963369369507,4.564328193664551,4.228981971740723,4.587467670440674
3988ee5c964ba0125b346618a9129860,2,3.5718131065368652,3.5026698112487793,4.1434526443481445,4.361573696136475,4.65661096572876
35840b1b4560e9b25ba82538255bbbb9,2,2.155477523803711,1.9985971450805664,3.5130410194396973,3.245793342590332,3.1424689292907715
8eb5b244a9045db790c184337e9c2d9b,2,2.92759370803833,2.892791271209717,3.633291482925415,3.5116899013519287,4.095685958862305
e1699f7660c3aed7ca076746237749e8,2,4.044865131378174,3.956939220428467,4.190771102905273,4.5920023918151855,4.696820259094238
ebaff60ac4453b34426855fe16f8684e,2,2.379096269607544,2.3138108253479004,3.797299861907959,2.9216065406799316,3.756974220275879
a42c6a79e4146e018c9ef3f48a5b62ba,2,2.9641945362091064,3.0009164810180664,4.113234519958496,3.3190557956695557,4.169622421264648
71f39e29629828aee6a5b71d4e411118,2,2.2147488594055176,2.3965835571289062,3.6278083324432373,2.928190231323242,3.0400967597961426
592f6f35cad797fbab3f60ae7fcd0213,2,3.480907440185547,3.4848971366882324,4.138040065765381,3.697291612625122,4.254995346069336
ac85261f92309b9cfa7890be8dbaea3c,2,2.2339417934417725,2.4657466411590576,3.4574193954467773,3.090890645980835,3.748906135559082
775d61be9210456828124750c1af5ed7,2,2.786755323410034,2.223423957824707,4.195196151733398,2.564420461654663,4.118525981903076
1865051df44095c1e19ebb8789174c2e,2,4.210710048675537,3.736534833908081,4.5038251876831055,4.71437931060791,5.064133644104004
9c00bf5a6e9c0b6cf8f6961ff2807a2b,2,3.4846646785736084,3.487187385559082,4.468847274780273,3.8467626571655273,4.246443271636963
b53325e49b220a663b174fc39b21f732,2,3.9118049144744873,3.6688313484191895,4.214663028717041,4.606866836547852,4.817185878753662
cd99f9e7cf8baab55260d02df8ca6e4b,2,1.655419945716858,1.123868465423584,2.881330966949463,2.798130750656128,2.582068920135498
780409fc0b00ade16aefc5f6abbd5816,2,2.958735466003418,2.8214290142059326,3.567885398864746,3.5244133472442627,4.202707290649414
68c5f3eeae8d65bb90e8330488bd3a15,2,3.172018051147461,3.208327293395996,4.020725727081299,3.754180431365967,3.8041319847106934
876400623a61de85e019e7032f4a9ae7,2,2.5431973934173584,2.927985429763794,3.988900899887085,3.847932815551758,3.551856279373169
15f678510b41dfe10e54d7eaaa9916b0,2,2.9827828407287598,2.9932303428649902,3.9510440826416016,3.584805965423584,4.025105953216553
a2eeb5426a27e1f24796324c993f5174,2,3.3014028072357178,3.1951844692230225,3.945134162902832,3.8873023986816406,4.593570709228516
0f19338c54a50a9282dd75778137b883,2,2.775080919265747,2.7907931804656982,3.694098711013794,3.431489944458008,3.7248167991638184
972238595b5d76dbf714429b3bd2dd18,2,3.2351908683776855,3.2435638904571533,4.125064849853516,3.8916187286376953,4.309479713439941
13c0392095ecee440a25dc01b039d208,2,2.5038585662841797,2.027548313140869,3.679609775543213,3.8358025550842285,3.552448272705078
5e4a1b74d2373574ab8ea897dd7833c8,2,3.73469877243042,3.6552722454071045,4.11325740814209,4.036135673522949,4.824799537658691
06e017d7ffdfd78b82d2e25954a7a441,2,3.073920249938965,2.8431689739227295,4.187570095062256,3.275628089904785,4.137142181396484
f8edd392f855958a669e9b8598b1d661,2,3.651836395263672,3.761216163635254,4.639122009277344,4.305486679077148,4.76662015914917
847018a4f95912ee45773d43a9b39c50,2,3.088135242462158,2.9950053691864014,4.069161415100098,3.5702433586120605,4.1186347007751465
aaedd8ba65cbc31877d257536a9cc619,2,2.7977652549743652,2.932065486907959,3.885657787322998,3.4437012672424316,3.5573089122772217
b8932ddf11ed5bf7dc4bcaf0e354b895,2,2.8745312690734863,2.981454610824585,3.7171311378479004,3.4867076873779297,4.3375563621521
06748a0f984d8ba643485ac7c2729de9,2,2.4476797580718994,1.804669976234436,3.7675678730010986,3.2488934993743896,3.4963903427124023
86463ee09bb30f6c6c33e42431dd4e38,2,4.070975303649902,3.6924753189086914,4.422785758972168,4.736042022705078,5.0074381828308105
f0c49519ed9dfffdc4c5816d668c19af,2,1.425964593887329,1.306399941444397,3.0658316612243652,2.7867650985717773,2.650054931640625
c87ed352edbdb3474ea8848a8efaea05,2,2.187394142150879,2.102226495742798,3.9134953022003174,2.2506139278411865,3.9011433124542236
b917846a82f14f96ec13c5c6ec382932,2,2.4793882369995117,2.514780044555664,3.630995988845825,3.095341205596924,3.3408093452453613
af46b9912a4624b2062d34dd52e1e229,2,3.8486180305480957,3.650704860687256,4.263856887817383,4.321376323699951,4.895553112030029
5b4b8b631f94762dc394c1b8401e1366,2,3.5788707733154297,3.829598903656006,4.174167633056641,4.243747234344482,4.548703670501709
c2320d3fb5dc2c7e11b7449e254d2df4,2,2.7966268062591553,2.521486759185791,3.946646213531494,3.3006272315979004,3.566757917404175
fcdc4ba972e03a34feffff7867b7f9a3,2,2.1147642135620117,1.276498556137085,3.446279525756836,2.8827223777770996,2.8268723487854004
f4169ac81ef0b57a65fb5adc792aab95,2,2.5224478244781494,2.181131362915039,3.8482768535614014,3.460855484008789,3.7509851455688477
7a3bf618c686f943cebcf818ee34cbf2,2,3.116691827774048,2.6646506786346436,3.825676918029785,3.2851269245147705,3.792289972305298
f8ad47809973684a008d4a0167947983,2,3.6482179164886475,3.810168504714966,4.201732158660889,4.468832492828369,4.556841850280762
ce3e33d9fdfa7e61796fd8016b949359,2,3.727550983428955,3.4171652793884277,4.278955936431885,4.254408359527588,4.8251848220825195
d27714c9c724fae00fa59a0a8136acdf,2,2.741933584213257,2.797241449356079,3.907559871673584,3.3632609844207764,3.746903657913208
aba9076c38838fada4635b65b7665f75,2,2.5563173294067383,3.214385747909546,4.244949817657471,4.278264999389648,3.735187292098999
d30f478635ee0b3e4fae6fd29f9e28c5,2,3.5235116481781006,3.636857271194458,4.5311279296875,4.07532262802124,4.647408485412598
1f792eed9a67176241024f3087374751,2,3.912891387939453,3.695749521255493,4.352170467376709,4.462089538574219,5.045435905456543
d74d9d0b25ed5c2822cd171625080dc8,2,3.224644660949707,2.989426612854004,4.486364841461182,3.6290788650512695,4.211004257202148
081f3572047e758d08aa8d9cabf316b4,2,3.310119152069092,3.081679582595825,4.105509281158447,3.7678475379943848,3.9033260345458984
516fb5f2bc048210a150edab922d7345,2,2.645725727081299,2.563917636871338,4.07375955581665,3.1746232509613037,3.694291591644287
eac3d767d84cf4483d9e963c8dd77327,2,3.088167667388916,2.7302443981170654,4.2019267082214355,3.3899731636047363,4.300203323364258
6d252c6f31ab08db48e1bfa6efc24254,2,2.819688081741333,2.517367124557495,4.039272785186768,3.3107826709747314,4.145928382873535
228ef0b873d9bdd1a7f880c6da5ed419,2,2.8877499103546143,2.8615920543670654,3.930774688720703,3.2525806427001953,3.9821722507476807
c923ff82bbe155c784a0a1d830b5f4c5,2,2.9114246368408203,2.4672045707702637,4.068648338317871,3.2967894077301025,3.6902294158935547
306c0d55ab24b7422ba17a0fd9993796,2,3.0076820850372314,2.750357151031494,4.167105197906494,3.2506103515625,4.074300289154053
94f8658649b37435f22c267910b1c199,2,3.1409547328948975,3.1399383544921875,4.242227554321289,4.0925445556640625,3.914414644241333
b2b3a9bef52ed8048d18318da885feeb,2,2.1977195739746094,2.5063493251800537,3.536684036254883,2.815110683441162,3.754263162612915
96a402d8226d4f1404d98bf1148d9038,2,2.4587762355804443,2.1422348022460938,4.047945499420166,2.3227181434631348,4.074376106262207
cf64bae4f000956df33116772974a63b,2,2.8010923862457275,2.5366342067718506,4.010107517242432,3.7163426876068115,4.0542778968811035
9f1a5cb5e0ab4fd1cef2fc53ead0f94b,2,3.4189939498901367,3.2307114601135254,4.447015285491943,3.9463720321655273,4.40205717086792
47d1cd32568fc6044bccc8dcc67d3492,2,2.6418583393096924,2.392204523086548,3.7991833686828613,3.5103812217712402,3.5113213062286377
1fa0e240496210b95230044234abcfaf,2,2.3935952186584473,2.6308376789093018,3.430478096008301,2.9614593982696533,3.723210334777832
a4bb9686cb3b6614d213f9a01862160b,2,1.4117146730422974,1.065511703491211,2.722832441329956,2.5874199867248535,2.235710620880127
f61ba0a0ec077a202f6cb6afc87e473c,2,2.9692201614379883,3.0775701999664307,4.187684059143066,3.1927061080932617,4.247971534729004
0080b6c4853ca6101dfdde975abeb41d,2,3.6019492149353027,3.4840140342712402,4.049421787261963,4.161779403686523,4.639787673950195
af17c8204657bd900a879f8636cb6104,2,2.579038619995117,2.3944814205169678,4.0777812004089355,4.157032012939453,3.7547154426574707
3a100187abeb16868076278a8fb26fd9,2,3.2255806922912598,3.113353729248047,4.206752300262451,3.556975841522217,4.201991558074951
7cc0c7ba34b11934f40e96263837f664,2,2.933898448944092,2.8187994956970215,4.0244011878967285,3.284285306930542,3.770667314529419
f6b6052c812ede39a6c944c096002fa0,2,3.8675475120544434,3.6650450229644775,4.405749320983887,4.5716681480407715,4.876304626464844
bac763d348ddcb3feb18d2d3188e8ede,2,2.894597291946411,2.285543203353882,3.762441873550415,3.549854278564453,3.7492291927337646
2d2cea8c864487bf7ac364cf16512690,2,1.526189923286438,1.1154565811157227,2.962376117706299,2.301079273223877,2.445387601852417
8cceb18f6a51ffa76274e0ea04d7ca0f,2,3.6952829360961914,3.4859976768493652,4.202009677886963,4.274379253387451,4.728211879730225
566665f13a4bb18a00b22b8c8c726c8e,2,2.737090826034546,2.3654067516326904,3.964538335800171,3.2362899780273438,3.6596405506134033
cc5525ab62e519680f8c66995a257608,2,3.3137218952178955,3.213890552520752,4.412965774536133,3.962602376937866,4.386743068695068
3c5db9c9dc37e5aaaa3fdb872279f0a6,2,3.009474754333496,2.7118172645568848,4.2123332023620605,3.3527672290802,4.199851036071777
75631ec8e020fdf101777ad1ec3b4a9d,2,2.8903846740722656,3.1080143451690674,4.418884754180908,4.326983451843262,4.140418529510498
210671d237efaf67fc2e2cefda97e1e6,2,3.7742927074432373,3.4981658458709717,4.289182662963867,4.3126139640808105,4.935367584228516
a1407c978a2909cc1d431a30b6a278e4,2,1.4850471019744873,1.2922393083572388,3.076305627822876,2.3314895629882812,2.1543028354644775
7177e43ce2e61e06c73563722c563cf6,2,3.2486460208892822,3.029191255569458,4.299206256866455,3.557565689086914,4.181295871734619
d884452ff90aa3d989b86be77cbe7fd6,2,4.205577373504639,3.750419855117798,4.544656276702881,4.744039535522461,5.081912517547607
63f3b94118e3a863f692eb6b0c675339,2,2.127025604248047,1.4294871091842651,3.468416690826416,2.919147253036499,3.2734885215759277
0eed1e142a4e7522d586216779711072,2,2.900733709335327,2.5801336765289307,4.106198310852051,3.4416375160217285,3.8775713443756104
26bb8cf2c363f97f58e7449b97822b9b,2,3.1639556884765625,2.868985176086426,4.20590877532959,3.4811043739318848,4.1233391761779785
273a9e459cb3483920146173129d71cc,2,3.5101449489593506,3.380729913711548,4.122586250305176,4.341955661773682,4.565492630004883
843c082ecef586cb94f505e3d8685494,2,1.642956018447876,1.240679144859314,3.012932062149048,2.655071973800659,2.5590786933898926
492627d20bef8dcb7847482011a724f3,2,2.712587594985962,2.2498762607574463,3.956432580947876,3.7955875396728516,3.7875585556030273
df025a574d540de8054b90bbe7b64e2b,2,1.8012298345565796,1.4393516778945923,3.087803363800049,2.8250579833984375,2.4126806259155273
c5e4bff2a12f417d859575cfc9edb749,2,2.559764862060547,2.810351848602295,4.033627510070801,3.660008668899536,3.7553436756134033
c4193173b5c1898beaac49e725b5d525,2,2.9558932781219482,2.8535544872283936,4.2031660079956055,3.185070037841797,4.016529560089111
d1954fb2e59fad56d0c81f2086cf5575,2,2.643214702606201,2.4546966552734375,3.857933521270752,3.107417106628418,3.8780574798583984
28944ed7d4a65119dcb93c930c722c62,2,3.5214672088623047,3.2676572799682617,4.2257866859436035,4.428625106811523,4.848898887634277
5069e34a7737fd107c4d4009b460d842,2,3.3502461910247803,3.208189010620117,3.799210786819458,4.140651226043701,4.37396764755249
04b54c8b05ede46f89d948ed71ecea18,2,3.4573075771331787,3.4557013511657715,4.296741008758545,3.943920135498047,4.235458850860596
b2857299a2d1e815f718ef4bbc1b686f,2,2.7684144973754883,2.4394452571868896,4.076043605804443,3.041356325149536,4.212655544281006
27ffab5704268401181eda2c420245f2,2,2.9821722507476807,2.332644462585449,4.553965091705322,3.031745672225952,4.409892559051514
45c29a5efba2603b2b3751023711065c,2,2.1859612464904785,2.2128095626831055,3.6516005992889404,2.9083266258239746,3.074680805206299
7f4b422d103fe0c51d6a7d6af0e20143,2,3.212707996368408,2.7696661949157715,4.447540283203125,3.965533971786499,4.383566379547119
71ab8ff18b132d04a1f9160bff895342,2,2.5393922328948975,2.0141501426696777,3.781662702560425,3.376803398132324,3.671375036239624
d3490b83960f172c8fcca770033dc62a,2,2.835310935974121,2.498670816421509,3.3493247032165527,3.4082412719726562,3.8758420944213867
19559ca8c0360dd4e164979308b10376,2,3.3542466163635254,3.1532483100891113,4.1302361488342285,3.972849130630493,4.713070392608643
01889641468fcd33e52b7227e34d3f97,2,2.9616756439208984,2.789971351623535,4.206158638000488,3.1159911155700684,4.136634826660156
3fb8b97d94c0b610ace00ac20813bfcd,2,2.6049094200134277,1.8483363389968872,3.652590751647949,3.35298752784729,3.815429449081421
c7b67905492454462232a6e1f7be437e,2,2.03134822845459,1.5359337329864502,3.38891339302063,2.8269996643066406,3.3698673248291016
bfe717ae444fe08cb6a384ab228773b5,2,2.5606303215026855,2.409348487854004,4.008438587188721,3.074721097946167,3.538846969604492
540c99035377aeb09fb86d8704ae2bfa,2,3.737462043762207,3.6455636024475098,4.286995887756348,4.494449138641357,4.786429405212402
8b5afb94d1d4beae19ffa828994c1386,2,3.4850783348083496,3.362466335296631,4.234533309936523,4.282666206359863,4.557197570800781
c1283ed74b05807df61165e4563eb9ff,2,2.560290813446045,2.4537346363067627,4.02099084854126,2.638584613800049,3.8891983032226562
167a6d5861ab6705f938087d7ed28217,2,1.7658720016479492,1.806535005569458,3.1759233474731445,2.7872133255004883,2.5261716842651367
4facfb62b651d3b55d0436e40b243055,2,2.7687973976135254,2.0596694946289062,3.9803168773651123,3.4720263481140137,4.078488826751709
8786b9a544274d6f3e818daddbe80a4b,2,2.074817419052124,1.789512276649475,3.479234218597412,2.7694129943847656,3.3137426376342773
f745072742366c6087a071abfb2cebd7,2,3.538839340209961,3.3808109760284424,4.270698547363281,4.289463043212891,4.621955871582031
fa77f8498db58cd2c3adbec070711aea,2,3.8359920978546143,3.620502471923828,4.397640705108643,4.843311309814453,4.924373149871826
99ba758758b40739c7a7595b2fd10c3b,2,1.358493685722351,1.154247522354126,2.6877784729003906,2.3678860664367676,2.106106996536255
fce38635c26b416864915c2e1dfd14ea,2,2.9324514865875244,3.0738790035247803,4.0117058753967285,3.4307546615600586,4.143088340759277
223e3366de5e4a380e5fb62dbcd06823,2,3.130005359649658,2.593017101287842,4.250654220581055,3.4273886680603027,4.149683952331543
749504c68b93904b7edd5a5b0bdaabac,2,3.2184338569641113,3.1858911514282227,3.9668967723846436,3.620156764984131,4.508563995361328
4c0b25364716eb0a1bc608483dc3ee59,2,2.4409842491149902,2.4664132595062256,3.500511407852173,3.1039254665374756,3.865673542022705
e20cf92116a4d7632f9e146ba7e745b9,2,3.3296117782592773,3.1023406982421875,4.275570869445801,3.576843500137329,4.1956071853637695
2d97ceb8e1cc268851d61970f2c3b5e7,2,1.4410271644592285,1.2961983680725098,3.028480291366577,2.698909282684326,2.1100358963012695
257be1d6053909081486b51a7ea3610c,2,3.4929661750793457,3.311605930328369,4.556487083435059,3.8206498622894287,4.316149711608887
aa7a51eef82298ab4ef8d8ef909e987f,2,2.6761534214019775,2.6708548069000244,3.771517038345337,3.826106071472168,3.5590097904205322
f354b901c6ccfb693bffed67feb0aa05,2,3.148510217666626,3.1712443828582764,3.870373010635376,3.875551462173462,4.343708515167236
81e3822d6e91e9fa446f528e32362fda,2,3.300487756729126,3.2106130123138428,4.278530597686768,3.709467649459839,3.8802127838134766
9ce48c59da829062e499cb98f7cbaba2,2,3.8167483806610107,3.6503305435180664,4.2974724769592285,4.453497886657715,4.9510722160339355
b3d2f2bd4f33a4dca27e06a9f3223685,2,3.484750270843506,3.4146978855133057,4.509339332580566,4.05381441116333,4.492648601531982
bbbbd92c0775df104099d0df6185a0fb,2,2.6974527835845947,2.6377034187316895,4.062802791595459,3.187347650527954,3.8100290298461914
26b4a960b119c9b5103495aaf13f4c95,2,1.6728994846343994,1.2909519672393799,3.0415663719177246,2.635033369064331,2.3482868671417236
3d7d2b80bc894f0100f288fd411ac2a1,2,2.993624210357666,2.8040809631347656,4.141772270202637,3.539146661758423,4.220865726470947
97aeda4e745deb594e571a98fdd9d164,2,2.7728350162506104,2.8641514778137207,3.831751823425293,3.287938117980957,4.0474653244018555
17c3997e5db8dff62d2766898f696404,2,3.5034029483795166,3.5022664070129395,4.028316974639893,4.194417953491211,4.603402137756348
a6c88a1b0b10c7208353787e22e5557b,2,3.5143954753875732,3.470519781112671,4.558530330657959,4.07650089263916,4.591342449188232
b1df7ce66eab45901d03b27e15c27d48,2,1.7911449670791626,1.1087791919708252,3.17991042137146,2.9015567302703857,2.7310595512390137
59b32ce11dd48201bbc943f5f861a3dd,2,2.772677183151245,2.373943567276001,3.8198251724243164,3.4197733402252197,3.9711461067199707
f166a056c2f000853030ec850ff05bdb,2,3.0488953590393066,2.9612793922424316,4.038888931274414,3.5104188919067383,3.8342854976654053
75a20ad9db03eed3ae7bb14b171ed497,2,2.9922611713409424,2.8864493370056152,3.7511723041534424,3.4491806030273438,4.520638465881348
e24e72d35f2ba89d44cbd70fbc3364fe,2,2.473832130432129,2.279344320297241,3.620849132537842,2.587251663208008,3.7127931118011475
ff507947efa95e0bdea4889c0ff4ab07,2,3.3161773681640625,2.6457295417785645,4.629856586456299,3.533653736114502,4.511178970336914
9efe2bd8b10e76357aa186400bbdd726,2,3.3717424869537354,3.3686165809631348,4.111037254333496,3.777061939239502,4.055572986602783
058bf3e0d767eaf62963e732f1154033,2,2.7343368530273438,2.531191825866699,4.09278678894043,3.2397067546844482,3.9175612926483154
c672d8a2c01ee70063b3d1e68f89a4d5,2,3.2393829822540283,2.8384523391723633,4.196922779083252,3.7176756858825684,4.281633377075195
afc1568fb3615072467fcfb34c829598,2,2.268416404724121,1.6973239183425903,3.608949661254883,2.7455856800079346,3.2100577354431152
3b4117a50efaa864902085dee166bf2c,2,3.0096728801727295,2.8661229610443115,4.0402092933654785,3.566340684890747,3.7277488708496094
1154bf014d219993d33367241627ffa5,2,2.6757054328918457,2.6580324172973633,4.053008556365967,3.063033103942871,3.8793327808380127
ce70fffe7c0026461a06e09ea4dc4853,2,3.6660664081573486,3.799875497817993,4.373147487640381,4.086518287658691,4.481013298034668
7f8f3096d9e70d7ab92537c59e301a9c,2,1.683929443359375,1.4978225231170654,3.042508125305176,2.519644021987915,2.399886131286621
b6e3f9c87c8683f1c2ab5c97dee2c064,2,1.678750991821289,1.249328374862671,2.978480339050293,2.776019811630249,2.606691360473633
fa12fbec0708d1693ef3d24929fcdab1,2,2.0967068672180176,1.972560167312622,3.275528907775879,3.334904909133911,2.801928997039795
dd988c9754165a7df791aadff24df8b4,2,3.539064407348633,3.479238748550415,4.343191623687744,4.442840099334717,4.644067764282227
34bd7a87c4eccbb3f0dc626a8966b12e,2,3.6049065589904785,3.476309299468994,4.479389667510986,4.428929328918457,4.759387969970703
52ee311375c748f197397548530c2e80,2,3.625920295715332,3.7186522483825684,4.589445114135742,4.117159366607666,4.71464729309082
a7ada65ced821e4ffb55812ecff0989e,2,3.4656310081481934,3.5997557640075684,4.280693054199219,4.004121780395508,4.054225921630859
d1f5d76b3d0195c60e6c67b57ba41778,2,2.912142753601074,3.009519577026367,4.016340732574463,3.879092216491699,3.8867034912109375
93ada75fc34f7ecf93704de162573f00,2,2.8700053691864014,2.74117374420166,4.159501075744629,3.2014617919921875,4.078153133392334
b7b7e77bdf4c02fb555dfa69b47d24c5,2,3.7743377685546875,3.5649187564849854,4.465041637420654,4.811667442321777,4.814724445343018
6ed5c721737703c80d008081dbf4e3d2,2,3.924330472946167,3.754131317138672,4.39952278137207,4.4840617179870605,4.907983779907227
7d148109625eddb1787fcb63ddfc48cd,2,2.8071320056915283,2.61858868598938,3.978209972381592,3.5879440307617188,3.5084805488586426
c89563d653fc77432780f43453e435c7,2,1.8230570554733276,1.9813214540481567,3.4173836708068848,2.7700603008270264,2.556234836578369
d1fa0391d045d35851c12f0ee674101b,2,3.466162919998169,3.4034903049468994,4.381875038146973,3.659036874771118,4.396599292755127
183405be6e49a2c654443a8f442524dd,2,2.7172811031341553,2.6084842681884766,3.9188106060028076,2.956062078475952,4.0285563468933105
cd9fc1bcb8be6849d794790ace240245,2,3.4563422203063965,3.345905065536499,4.144678592681885,3.9646475315093994,4.024232864379883
af56e4394a4428269a4171763f453154,2,3.138843059539795,3.212141275405884,3.7532434463500977,3.8897082805633545,4.271968841552734
59c71035a31a5e8a59692dc61d2b9804,2,2.481302499771118,2.0416810512542725,3.7969183921813965,3.078646659851074,3.3204550743103027
dddc7b75609efee68a868b17d4e46f08,2,2.073378086090088,2.216968297958374,3.4216666221618652,3.0613439083099365,2.5626959800720215
f30ac47de75c1bda1732f9f97fa1f2c4,2,3.749171257019043,3.457467555999756,4.251691818237305,4.485385894775391,4.895692825317383
e3efa587cec6953faea448d035c1c801,2,1.9974440336227417,2.0476019382476807,3.3924472332000732,3.156803607940674,2.6072845458984375
adbed5676166c29dba0f4cda24439375,2,2.2510159015655518,2.1941308975219727,3.6260571479797363,2.538088798522949,3.2827038764953613
1bbbd3be1707b167e4de17d5e83d30a9,2,1.8757330179214478,1.173187255859375,3.376303195953369,3.0619959831237793,3.1057584285736084
442d6e00c8a973f6d1454ff22bd295b4,2,2.821875810623169,2.832798719406128,3.912707567214966,3.328141450881958,4.055443286895752
4869bf319f94acbda39a458f8852758e,2,1.9843803644180298,1.8039424419403076,3.4237308502197266,2.73199462890625,3.055859327316284
39048422a70eccee28fb32d205d2531e,2,3.877239465713501,3.6556105613708496,4.331942558288574,4.390265464782715,5.003535270690918
b1e51ad244f6982c465c8df2b88c0401,2,2.7408437728881836,3.0417110919952393,4.20405387878418,3.462698221206665,3.8094639778137207
3cb21a9bdbcff4b40418cac97329d584,2,3.7579429149627686,3.9391841888427734,4.415690898895264,4.65705680847168,4.874897003173828
c6500ca0dac2824af89955ccfc3828fe,2,3.3238906860351562,3.4655439853668213,4.437175273895264,3.9397904872894287,4.482277870178223
9dbace40f26fcd310541c720dff977a7,2,2.5792527198791504,2.5991382598876953,3.8511922359466553,3.69503116607666,3.396660327911377
59fb9d6648549141f11cfcd60b664f73,2,2.4794275760650635,2.203495502471924,3.880547046661377,3.16632342338562,3.428285837173462
6cc4ab325bf4d27fdb98586e03a0ed65,2,2.7904906272888184,2.841059446334839,3.6482491493225098,3.340052843093872,4.199869632720947
7cd2ba02a07f7ebad27c86092c056143,2,2.5320847034454346,1.9364981651306152,3.470818281173706,3.274350166320801,3.584092378616333
ed02fc07bbb62e0b1b84b55d905c7252,2,2.641693353652954,2.6074888706207275,3.849079132080078,2.9179375171661377,3.8188743591308594
9ae7eea95cbfeb8bed9ccda95f4f3fca,2,2.639310598373413,2.464151620864868,3.7042782306671143,3.7796525955200195,3.4258596897125244
763245e78bb377f68893aaaf380ce1a9,2,2.9855661392211914,2.927173376083374,4.397646903991699,3.582589864730835,4.399880886077881
8346ea4bc6a00988394fa37be703371c,2,3.6478703022003174,3.6106958389282227,4.223289966583252,4.5472564697265625,4.621643543243408
3392a09dfe14ca5a7b3c08a5f0740a61,2,2.4771337509155273,2.505537748336792,3.73836350440979,2.7380435466766357,3.8956539630889893
ada14f94a8eefb0cef44218dee85d076,2,1.618726134300232,1.2470415830612183,3.111673355102539,2.3575096130371094,2.301067352294922
e8913151cfbeacf5fbedd9aa05f55cfc,2,4.053735733032227,3.8339691162109375,4.381934642791748,4.680832862854004,4.998868942260742
2b4290a2f6bb6812ac0fea6a8b656dd5,2,2.7114791870117188,2.5200116634368896,3.762221336364746,3.789827346801758,3.877732753753662
45b352bdd0edcd129fdf1138ae8125f5,2,2.440948724746704,2.3787946701049805,3.694509506225586,2.5037200450897217,3.757289171218872
d3f51f28991e072a27878e2895d8cfdb,2,1.5758215188980103,1.2464396953582764,2.883999824523926,2.500762939453125,2.194235324859619
c777c07c5d5f271e511eca6d5197ec68,2,1.7137516736984253,1.7976937294006348,3.3909687995910645,2.6398234367370605,2.637289524078369
233939fc913ef726032a7bf9d95d0ac6,2,2.0093822479248047,1.9337515830993652,3.1267361640930176,3.114777088165283,2.579061508178711
db76ef6aa9dbd8769e766004184e8435,2,3.2503204345703125,2.9643988609313965,4.372270107269287,3.6337902545928955,4.2967143058776855
68b16a27f8b047cba9a47009185a6907,2,3.5882887840270996,3.005417823791504,4.467189788818359,3.6039438247680664,4.511163234710693
95a10c8e93fa28187551704588a83278,2,3.773406744003296,3.9858384132385254,4.3340744972229,4.712453365325928,4.7487077713012695
4716d9ad1c325a842688508a91fce816,2,3.0423994064331055,2.9259164333343506,3.766360282897949,3.6877739429473877,4.113340854644775
5d60c3d24dedb7366b766384f3eab39e,2,3.0825610160827637,3.1066603660583496,3.9087820053100586,3.314805269241333,4.457050323486328
21818c8b3977578646e2151ac76fe036,2,3.364875316619873,3.1753387451171875,4.112319469451904,3.5950841903686523,4.47993803024292
b386b61fc2acb394fc8d76421f1206de,2,1.8563201427459717,1.7170624732971191,3.306586980819702,2.8626298904418945,2.5270907878875732
23fc22a79e9fc4e9f1725dadb073a144,2,3.439617156982422,3.2892191410064697,4.407981872558594,3.7428956031799316,4.326552391052246
5600bfbcb52f7fb5bb32508c1d08dc13,2,3.3036179542541504,3.082155704498291,4.279478073120117,3.9788646697998047,4.204280853271484
bbab57a31d6f50afc829efc9b8a1f0fd,2,2.2493228912353516,1.8512681722640991,3.8482253551483154,2.021378755569458,3.8644609451293945
b9d199c037360978b056e8ab65889f49,2,2.5922274589538574,2.291210889816284,3.9945731163024902,2.9600250720977783,3.9190852642059326
b431183cdb0c91f76d5c24d11d4d65cb,2,3.402285099029541,3.557823657989502,3.964277744293213,4.22797155380249,4.375393867492676
adc007ab3af022cecf99b1c13275927e,2,2.664835214614868,2.8045237064361572,3.5505659580230713,3.198895215988159,3.666959047317505
dc9813012784999795d68c9c182926c7,2,3.155917167663574,3.222837448120117,4.01127815246582,3.762238025665283,3.9075286388397217
7ef29cb769a2b385b65baa296baaa7fd,2,2.8645200729370117,2.3022286891937256,3.7314321994781494,2.8730804920196533,3.625173568725586
c1993e0c9301618e6a3b224b8dbcf1a3,2,1.7094011306762695,1.360400915145874,3.267352342605591,2.8146657943725586,2.6140549182891846
6df394897799236e4ec66ead52301882,2,3.746337652206421,3.805525779724121,4.214932918548584,4.443716049194336,4.784440994262695
8a1c7ef97045f36103be05ba664582ce,2,2.48807692527771,2.1484317779541016,3.7045209407806396,2.5997676849365234,3.5588951110839844
a620f5c301f2285689b6f7ed35794b03,2,2.6448092460632324,1.8748552799224854,3.6049246788024902,3.9732351303100586,3.6514925956726074
e82a965f59d2ee85f62e37ab75e6b0f6,2,3.5330662727355957,3.4682180881500244,4.199395179748535,4.238527297973633,4.647547245025635
b700a71aa6d10a1eaf5aa5bf2e1ae3be,2,3.5428693294525146,3.54132342338562,4.591383457183838,4.142394065856934,4.726855278015137
8acbce8e1b1dbe725cad664dd2fc6b02,2,2.969597578048706,3.052004098892212,4.007081985473633,3.515402317047119,3.903362274169922
d0ff852ecabb5b75e96d8ef2701cda0d,2,3.0819528102874756,3.1548666954040527,3.8614559173583984,3.6114113330841064,4.024562835693359
ba75ab6b6f767987009c8642f2e6beae,2,2.2356019020080566,1.9190466403961182,3.610490322113037,3.088038206100464,2.9597346782684326
8d640ab427541cbd86b7e464fb244765,2,3.1842331886291504,3.1425559520721436,4.119629383087158,3.6713056564331055,4.061054229736328
52fd34f0b9ec7d6b64cb6bae12c4b6a3,2,2.657893657684326,2.5083396434783936,3.9137051105499268,3.2830491065979004,3.6744134426116943
166cd98eaecf804df31b965029ff9e10,2,2.745370388031006,2.632188320159912,4.065240859985352,2.801306962966919,4.067248344421387
b689c84ad76a029907b52f5ae4ab8ec1,2,4.180967330932617,3.6794087886810303,4.4974894523620605,4.725771903991699,5.047740459442139
50b9bab8b900e0d2616b7b362a74192c,2,3.3918614387512207,3.347836971282959,4.246268272399902,3.775954246520996,4.004270076751709
2bc87b1659fb7b45af4c4fd4230dee13,2,3.4266722202301025,3.4105515480041504,4.4824018478393555,4.104934215545654,4.549520015716553
66d91b86fab998e6fb9ab2feb2910368,2,1.7792809009552002,1.7051196098327637,2.9724864959716797,2.8887710571289062,2.594979763031006
6bf822cdffe9ccdfd8d308584e2e30b1,2,3.4869556427001953,3.353548288345337,3.95434308052063,4.207984924316406,4.502262115478516
c96270817285d432ba02dcdef26f6cf8,2,2.833268642425537,2.7413570880889893,3.8837411403656006,3.1453139781951904,4.034569263458252
0ba0910c933e9b0d5a95021526c7c739,2,2.6310524940490723,2.562417984008789,4.019977569580078,3.167102098464966,3.7406206130981445
21ea69072e3c47ca7595330659335698,2,3.562964677810669,3.4899210929870605,4.561526775360107,4.232161045074463,4.6896233558654785
83edfc5bc5eb220cbb69e70293fbb4c6,2,3.0740606784820557,3.1507904529571533,3.900667190551758,3.5656182765960693,4.2968950271606445
280ce17933f72ba4170e323f6afae49c,2,4.132471084594727,3.6983449459075928,4.458184719085693,4.598729133605957,5.044434070587158
621801c6437bf9e1db9bfeb83836711c,2,2.839592695236206,2.334200143814087,3.8342602252960205,3.1640450954437256,3.709178924560547
e1e191160956e4a2f758d423174c01cf,2,3.474946975708008,3.2151033878326416,4.563929080963135,4.1605448722839355,4.519455432891846
51c1b9b311f8ef7f1f4e491f8cae3936,2,2.560563564300537,2.4312281608581543,3.4867875576019287,3.692962884902954,3.347196578979492
2b5e2a6dbe6179abc97846fe4216e900,2,2.976895332336426,2.873749017715454,3.990720510482788,3.5450663566589355,4.139890193939209
79010fc99ce5d77058115fdbece5fefb,2,1.73314368724823,1.5881813764572144,3.312471389770508,2.407705545425415,2.903055429458618
3174f1657c1aaa0b65e43c5e51f69cc2,2,3.381434440612793,3.3179285526275635,4.415351390838623,3.879728317260742,4.069204807281494
a4061769aa119498883d02d59e3180b7,2,1.7764548063278198,1.5271618366241455,3.1042895317077637,2.3984181880950928,2.876579761505127
ab864b4113f34613b8aa365efb8d950b,2,2.368591785430908,2.8353796005249023,3.8003745079040527,3.45573353767395,3.259251117706299
f767a0aa41251ef1f46102c92504cfda,2,3.050910711288452,2.8750319480895996,3.999329090118408,3.730320692062378,3.7847304344177246
5fa0a389ef760a92bc8fc0b85c2a4a30,2,2.376542091369629,2.532665729522705,3.5563817024230957,3.258025646209717,3.7603490352630615
f6726afbd0b290230da1fd7576137039,2,2.884366989135742,2.662299394607544,4.004846096038818,2.8192367553710938,4.125333786010742
737d0c7ae78e1570727bad65393c6904,2,3.1979451179504395,3.0909361839294434,3.897500514984131,3.8145458698272705,4.574445724487305
b164c665a279aef9b7c2a51b469aeb2c,2,3.7648274898529053,3.5622100830078125,4.188541889190674,4.2649126052856445,4.894815444946289
a6fbdf9f342ff9f5c23a02cd72f433b0,2,2.3877124786376953,1.6895158290863037,3.7394096851348877,2.9693915843963623,3.345641613006592
ebf4dbb889d2c13c316ee7e0849633cb,2,3.476628303527832,3.506652355194092,4.410835266113281,4.054285049438477,4.529135227203369
c99f818999701056f02878aef837b816,2,3.091867685317993,3.2342536449432373,4.160366535186768,3.638864755630493,4.392000675201416
4148a9033e39baf737cabcc3803c2395,2,3.5995216369628906,3.301058292388916,4.366222381591797,4.3977556228637695,4.9862494468688965
080702ed25cd2b92bc41a76aa5af9528,2,3.1605477333068848,3.0842506885528564,3.9502241611480713,3.467010974884033,4.211716651916504
06dbf6772aafc552d7fbaccb421965e8,2,3.306720495223999,3.3533620834350586,4.148991107940674,4.039743900299072,4.514810085296631
ca5dd45e4402d5ef9715916ee180a644,2,3.400479555130005,2.935309886932373,4.429584980010986,4.123722076416016,4.447960376739502
d35a171e118491389c82218c4abcd218,2,2.8722963333129883,2.7634973526000977,4.12393045425415,3.267882823944092,3.9135098457336426
38d3394cc628d1a3798a5bc17e401abe,2,3.3520829677581787,3.3776092529296875,4.026724815368652,3.9528279304504395,4.546839237213135
7043bec16e9c7226d1af0b9abdec4e25,2,3.502305746078491,3.4962141513824463,4.566552639007568,4.118110656738281,4.571957588195801
76d07d3730425b35ff0ea2c33e851502,2,3.6614608764648438,3.2785391807556152,4.40739107131958,3.7652578353881836,4.488869667053223
09ed24cfc0451b297acee64807c9b12f,2,3.417008876800537,3.28450870513916,4.1210036277771,4.103681564331055,4.480280876159668
225370d43da73ded0d741c56ef9ca03e,2,1.9718998670578003,1.5535317659378052,3.2993197441101074,2.2716853618621826,2.77891206741333
cf113854151bfc10428451954c3ca5cb,2,2.188807249069214,2.3617851734161377,3.404365062713623,2.919372320175171,3.9532277584075928
eef7f85f4673f7d4700035ec33ecc6f1,2,3.0397439002990723,3.1069507598876953,3.828615427017212,3.4718775749206543,4.068325042724609
b2ccb9fac17c6315cfe40fefe537ff01,2,2.953214645385742,3.010526657104492,4.092746257781982,3.16677188873291,3.981106758117676
65763391ec9b2d85c996cf1a3358cfb1,2,3.7267045974731445,3.778114080429077,4.718902111053467,4.372631549835205,4.647049903869629
6e8a361245bc98d8c921d68c31d6da4d,2,2.836962938308716,2.5305614471435547,3.81658935546875,3.3792901039123535,3.5389134883880615
8fe1b26ad5d3492add461584628727a8,2,1.9545046091079712,1.8059030771255493,3.480470895767212,2.24090838432312,3.3417298793792725
d694808bb1d1883ea90096326939b604,2,3.5107977390289307,3.2519614696502686,4.588972568511963,3.7159583568573,4.426516056060791
bf6fe2588a2d26ce001772491efb2232,2,2.906820058822632,2.7182090282440186,3.986830949783325,3.31650447845459,4.081870079040527
2feec921843bb1e6f919bae7c62fb33a,2,3.2344629764556885,2.557077169418335,4.588359355926514,3.4573347568511963,4.6142377853393555
a6c7a3963939173ae50875d7bc5cc14e,2,2.2273643016815186,2.139777421951294,3.497854232788086,3.290426731109619,3.1631577014923096
a696d3d6148d40522a57c94b7e136706,2,3.456838607788086,3.163783073425293,4.0855889320373535,4.021805763244629,4.6266984939575195
38654bcd6a50958fff47bc96f84e1ebb,2,3.0796382427215576,2.882000207901001,3.8554866313934326,3.4851744174957275,4.463805198669434
292d0f7a8145373751d0a133e24e92b3,2,3.0895140171051025,2.265582799911499,3.9416921138763428,3.7241125106811523,4.035717487335205
597c7e62837b46451e54dd7dd8cae5de,2,2.522202491760254,3.2045164108276367,4.087984085083008,4.044248580932617,3.4476189613342285
f860af8600908f59f10e9f49dac528c7,2,3.1046383380889893,2.215507984161377,3.9217417240142822,3.611387014389038,3.9705419540405273
39eaf5136b5c029ef36c4a733b40f33e,2,2.6947498321533203,3.266599416732788,4.342665672302246,3.964249610900879,3.7961301803588867
dc61fa96108295c76103b509020861d8,2,3.090961217880249,2.779265880584717,4.283851146697998,3.477734088897705,4.100401401519775
f201c2a88608633a27052cf3128174a8,2,1.9643666744232178,2.062596082687378,3.2172648906707764,3.0208587646484375,2.5599985122680664
e24d756c113c09ecb32ecb794488b1a8,2,2.138288736343384,2.178044080734253,3.399553060531616,2.6759800910949707,2.8827900886535645
652df6ea1c9aa616375bb0f7ddac57ab,2,2.6516530513763428,2.571622371673584,3.8830626010894775,3.2654218673706055,3.7525038719177246
055db6e5e43b2a1eb2dff9d8ea143c25,2,2.134730577468872,2.2176833152770996,3.9073262214660645,3.2893402576446533,3.1573314666748047
d7ad8319e0085c2d23dd472896fcb970,2,2.991194486618042,2.7148170471191406,4.149632453918457,3.3751394748687744,3.9224047660827637
d7e2e627dbab06e08333e905a19d03ed,2,3.499986171722412,3.3562028408050537,4.289709091186523,4.028929710388184,4.318087577819824
678bb4659a9e910231da8e38bd7e99d5,2,3.4833292961120605,3.6249399185180664,4.190237045288086,4.370750427246094,4.474032402038574
efbdc6a1aee9f6bec99038b9ea69bbe7,2,2.811102867126465,2.692145347595215,4.129306793212891,3.5181167125701904,4.085050106048584
56b8a49038b843e0fba8e48f99639698,2,3.027200698852539,2.913402557373047,4.047998428344727,3.659008264541626,3.895137071609497
751192f7fbdb3fe72990e97263012949,2,2.5767757892608643,2.043738842010498,3.7067759037017822,3.4200100898742676,3.817028045654297
ce4ad2833261ebf96876fddf9fb58a00,2,3.1437811851501465,2.7893126010894775,4.265196323394775,3.5472195148468018,3.9401471614837646
18172ecb8bf5eb5fdbb08198f690230c,2,3.1296157836914062,3.1283342838287354,4.026191234588623,3.6726884841918945,4.025125503540039
9505303471a8cb507a795532b74d5d6f,2,2.6253600120544434,2.3139946460723877,3.703007936477661,2.819944143295288,3.5532407760620117
b070c8b077293211b38ac362ce49394a,2,2.676576614379883,2.403296709060669,3.6346261501312256,3.3955774307250977,3.072232723236084
80315cb39247bd588f114518a2ba1044,2,3.5861148834228516,3.6285476684570312,4.363743305206299,3.953571319580078,4.170131206512451
00d19831aad950baa647c2fa79e59734,2,3.302480936050415,3.341059923171997,4.071455001831055,3.7651753425598145,3.8866543769836426
876a0234512165af75ac8de3b020d242,2,2.8192803859710693,2.813586950302124,4.022066593170166,3.1681320667266846,3.995819091796875
4ca4abfbc5161605cd41094e84f08d55,2,3.767889976501465,3.5117459297180176,4.242379188537598,4.430360794067383,4.920664310455322
6aad3861c4e5f4f791b3dc42a9ea0f23,2,2.923987627029419,2.4420876502990723,4.042322158813477,3.5353317260742188,3.4553403854370117
33279b2cb22a4f1c6b359b133ecda9e2,2,2.666836977005005,2.3932833671569824,3.9707021713256836,3.0590245723724365,4.08247184753418
5d3e843ad300e33451438fe18172fdfc,2,2.5426025390625,2.17535662651062,3.7077555656433105,2.928835868835449,3.733072519302368
cb7337d0c23908b4fdc4a987e4b94b8c,2,3.687183141708374,3.937290668487549,4.645035743713379,4.236332416534424,4.852445125579834
066ccd77ec59c64ddb62e6e9797bc626,2,3.080811023712158,2.633768320083618,4.117208480834961,4.297220230102539,4.071820259094238
b347cfbf462f7566711067e1ed12fe76,2,3.398967981338501,3.4353554248809814,4.283512592315674,3.8223695755004883,4.029409408569336
9501ce97108df7fb678580e4285ab5a5,2,2.9012179374694824,2.4002528190612793,4.063817024230957,3.057143449783325,3.760540246963501
75ddf2168b724880b9079c1ca34ccc03,2,3.572345495223999,3.4308242797851562,4.387803077697754,3.863215684890747,4.404242992401123
67176784eac0518dda55c738f9b6f6c8,2,3.252002239227295,3.3800718784332275,4.167932987213135,4.2856059074401855,4.384992599487305
3bf5a05e5911b77807f63c2862c64356,2,2.259890079498291,2.2726526260375977,3.284491539001465,2.939183473587036,2.5230965614318848
fa19018894511842e285cc8eb1ae7f64,2,3.7247672080993652,3.85593843460083,4.603707790374756,4.249911308288574,4.825499057769775
4062d9e46ac6c097cbb203bd7d625abb,2,3.616353988647461,3.6011080741882324,4.6194047927856445,3.9760842323303223,4.312058448791504
73f2969258a641906c2b733482628ec5,2,2.391354560852051,1.8072750568389893,3.629516124725342,3.0241072177886963,3.0059306621551514
5e3e601179a5fe85a0b466a9ec7996f8,2,3.0945637226104736,3.1388137340545654,3.937710762023926,4.036014556884766,3.9506494998931885
50a40edbb933833d59f013b9df45f73e,2,3.244687557220459,2.49938702583313,4.317806243896484,3.489583969116211,4.406601428985596
c09177108fa997e625212f73cb6b66bf,2,3.1865196228027344,2.516284227371216,4.20841121673584,3.8076748847961426,3.7241532802581787
fb2e8501bdcc3d63c202cf82e2818d02,2,2.8760135173797607,2.1072819232940674,3.862813949584961,4.05691385269165,4.1050262451171875
564cc2b360f48da841aaca12685f192d,2,3.2474944591522217,3.1805098056793213,3.949526071548462,3.7692677974700928,4.5960001945495605
fbb262ec99d25dcb29262227ae42d798,2,2.86916446685791,2.343400001525879,3.882955312728882,3.8513481616973877,4.113028049468994
407b1ab88db7172c6be5d4d82ec7b353,2,2.4609532356262207,2.578793525695801,3.4584717750549316,2.9882519245147705,3.8500185012817383
d87b4b81564672b869bf524525213d35,2,2.2625465393066406,2.2097511291503906,3.2891063690185547,2.760463237762451,2.5553665161132812
5491eb3b96eb7a9d040e8873f98eece7,2,3.0545337200164795,3.0067391395568848,4.092442035675049,3.4008753299713135,4.023952960968018
70dfec82c398d3f70542aa95b38eaeeb,2,2.1866495609283447,2.225858211517334,3.3232200145721436,2.8034586906433105,2.234116554260254
4266bd69bb1022abe086a50cfeadd0de,2,1.7765530347824097,1.3091834783554077,3.107781171798706,2.8076443672180176,2.5956404209136963
4419ecfe38010c6003bc0876307e3dc0,2,2.7366135120391846,2.702258348464966,4.035238742828369,3.632512331008911,3.445300579071045
e18f46f2c37f745e66b9de96f5aca09d,2,1.6147716045379639,1.4348485469818115,2.7698111534118652,2.6767706871032715,2.084040641784668
3907e2e254b319edae49b6e257010adc,2,2.929713249206543,2.7357778549194336,3.9044244289398193,4.062250137329102,3.6923224925994873
21c6581ab2c4c2a722e62d7bd89cf51f,2,3.2297251224517822,3.1150918006896973,3.907160520553589,3.709782838821411,4.5491437911987305
36ede3ab42f04b11cac3856fc029f8ee,2,1.8664087057113647,1.9098743200302124,3.382162094116211,2.577049970626831,2.206707000732422
f95afbc0130b1c75dfb67290fda59470,2,4.188564300537109,3.7628672122955322,4.4862847328186035,4.8180060386657715,5.029704570770264
f444eb77638cecee8e3a07874c952c57,2,3.3965110778808594,2.9855306148529053,4.461658954620361,3.513679027557373,4.1680731773376465
e6dfac37fd4bb81fda17ecb207e705e1,2,3.231635093688965,2.395754098892212,4.175386428833008,4.064396858215332,3.9870030879974365
da90ff43a65e16fb2a9f0000d3aec706,2,2.3336706161499023,1.5288563966751099,3.726475238800049,3.68147873878479,3.651878833770752
8afd6521504d8df7a276f2e90929c6b4,2,3.231795072555542,2.498544692993164,4.128966331481934,4.130118370056152,3.8541812896728516
b51ea5d177156c010e589297597b4049,2,3.0326879024505615,2.8898143768310547,4.061427593231201,3.443178653717041,4.103548526763916
98e9fc71850d5292291870129b336638,2,2.818723678588867,3.048616647720337,4.175826072692871,3.6055684089660645,3.883254289627075
dbdbefc08303bfe645125be4d315783f,2,2.8787755966186523,2.837996482849121,4.21628475189209,3.4102377891540527,4.040649890899658
72f10a1850f1affc62f30fe37ad361d3,2,3.1747477054595947,3.1176531314849854,4.068673133850098,3.671478033065796,3.9896326065063477
02e75b2ed05b5419e2267814a68d8703,2,2.820624351501465,2.3665168285369873,4.058492183685303,3.346525192260742,4.186147212982178
022077ad2fcf61c1eedc7aaaf6e50e7e,2,3.6927404403686523,3.7403457164764404,4.590803623199463,4.299901485443115,4.7846221923828125
e370a0bb820d9a7515cfe455d4dc21ab,2,3.0712640285491943,2.4753177165985107,4.028693675994873,3.7966902256011963,3.4728102684020996
a49f5a7089c39da967708745d056644f,2,2.56853985786438,2.5853402614593506,3.9385461807250977,2.7738277912139893,3.6998023986816406
bd6dc2f2c98c66ddd6535f579df38e7c,2,2.184136152267456,2.494234323501587,3.4693069458007812,2.618797779083252,3.738832712173462
a9d042766e4430f36b121d5603a354de,2,2.866069793701172,2.601168155670166,3.9338767528533936,2.8294665813446045,3.8401834964752197
dbe8bd573e3940a6057ceb3836458e5c,2,2.1833043098449707,2.003918170928955,3.4200735092163086,3.0438392162323,2.851087808609009
51a93b22a848e7d387384a0fd1fe0d6a,2,3.92388916015625,3.668074131011963,4.5113019943237305,4.763891220092773,5.050079345703125
dfef007a46827fd49d679a5c0eeb77b8,2,3.4515604972839355,3.3009724617004395,4.278257846832275,3.7620580196380615,4.217549800872803
c660ea77d87f418b838e8759362c207f,2,2.9863154888153076,3.0321316719055176,4.302058696746826,3.52587890625,4.10578727722168
d63d0555785602c100b8e58f46c5bcae,2,2.917853355407715,3.0891687870025635,3.6509737968444824,3.7262721061706543,4.137021541595459
24bcdf09f9365bac16d95811f3121e24,2,2.528998851776123,1.9778096675872803,3.874058723449707,3.1099610328674316,3.2233948707580566
e3dd576f80811017179d8f52255b2799,2,3.546109914779663,3.3106601238250732,4.191456317901611,4.384340286254883,4.9014458656311035
6a75640b45561246857550f0534fe43c,2,3.7483441829681396,3.830878257751465,4.680642604827881,4.267651557922363,4.757007598876953
9627150c480301d493c99ad6b317c67f,2,3.072038412094116,3.309305429458618,4.095259666442871,3.340693473815918,4.163438320159912
74b047bb51e867ac8c4e405cd352272a,2,3.307035207748413,3.23521089553833,3.890249252319336,3.8426737785339355,4.511290073394775
531b66768f61f16f20c1624a170181bd,2,2.88466477394104,2.818223476409912,4.065143585205078,3.4371397495269775,3.8769278526306152
3ab1e141e89356414814f627c3d3a493,2,2.83180832862854,2.6202847957611084,3.60140323638916,3.4296979904174805,2.7778115272521973
2dfc2f959aabfb1072388d579e4b9a20,2,3.6570427417755127,3.903547525405884,4.744133949279785,4.215976238250732,4.76904821395874
467cfb435975bb1db69caa06c9065822,2,3.4276154041290283,3.3910040855407715,4.16688346862793,4.050630569458008,4.47671365737915
26d0b498b123c2264257f114b36159eb,2,3.429335117340088,3.472827196121216,4.10566520690918,4.019078254699707,4.133334636688232
21072974c3f9542f620cdeedcbc0a0d2,2,2.9442875385284424,2.483743190765381,4.083067417144775,3.7742838859558105,3.678267240524292
42c6c1ba38b762308d5d232196075891,2,3.1713831424713135,3.068240165710449,4.13710880279541,3.858567714691162,3.5927162170410156
da2467cd11015052d7f659b3d44cead6,2,2.6349520683288574,2.6869494915008545,3.921431541442871,2.805089235305786,3.839348077774048
d2d69aab86ab70141c21a1e7d01e589a,2,1.4460382461547852,1.3765226602554321,3.0710597038269043,2.3968968391418457,2.3260340690612793
335928b9025d5d8bccc15a16e72647cf,2,3.7274138927459717,3.89469575881958,4.638877868652344,4.300471305847168,4.81545352935791
75e2d78e82e423661c03be6732a6ca69,2,3.2017908096313477,3.141981840133667,4.2314324378967285,3.8374032974243164,3.833258867263794
8bc1133c9e399d2177f1edf4e199c4d2,2,3.3806233406066895,3.237999677658081,4.101467132568359,4.1440534591674805,4.529026508331299
89d2b6797ea067102ca8e35c7243f9e1,2,2.8395771980285645,2.4216432571411133,3.937734603881836,3.51185941696167,3.573489189147949
392efe6f7808fd69edc66828708d583f,2,2.7632744312286377,2.225696563720703,3.9118597507476807,3.85677170753479,3.93818736076355
0514bbc8ab13a4dd55ad0b93acac6962,2,2.7207438945770264,2.3437345027923584,3.8568034172058105,3.6848819255828857,3.4858179092407227
c07c9e567dd64a3852f59ec167acbaf1,2,2.7469615936279297,2.698392629623413,3.633061647415161,3.650547981262207,4.024112701416016
f766eb1ce63f3c9e955daa9146e78ca6,2,3.770936965942383,3.506615161895752,4.453818321228027,4.730653285980225,4.939382553100586
489cb17907ec9916240d112f2c680626,2,2.7971625328063965,2.662208318710327,3.886507749557495,3.371561288833618,4.041147708892822
8f448f3f4e42422dbf00e4313ea50c29,2,3.1670982837677,2.3632044792175293,4.2025651931762695,3.7092905044555664,4.074995040893555
fed4089865bcefbe31dedb08fbbef704,2,3.4887640476226807,3.4191880226135254,4.72804069519043,3.6099462509155273,4.3858160972595215
c350934f10aba7516004fbeb2cf10483,2,3.934196949005127,3.9219958782196045,4.24055814743042,4.654088020324707,4.658203601837158
f28a38416576ed04a46af0d785de239a,2,3.6371142864227295,3.4922256469726562,4.565723896026611,4.187509059906006,4.568614482879639
5d55d53f4d83ea776bf29386ea3bf6d9,2,2.9005064964294434,3.1985538005828857,4.230493545532227,3.632220506668091,3.9146854877471924
248886381a136acfb2328e28b1cf5e6b,2,3.4812769889831543,3.3396129608154297,4.327242374420166,3.882105588912964,4.353090286254883
92cc26ab04ba9af983044fde058666bd,2,3.2739686965942383,3.061823844909668,4.114229202270508,3.6572818756103516,4.017009735107422
1855e84ad897631398c4cb7611b5055b,2,3.1315979957580566,3.2257943153381348,4.018420696258545,3.5021471977233887,4.032414436340332
b9920ddfa7e2d1f224f6e9493d04576a,2,3.4532923698425293,3.359598159790039,4.478029251098633,3.999701738357544,4.474007606506348
4e9c5dfdc14d82f75b064341f795a693,2,3.1463093757629395,3.1487927436828613,3.790595054626465,3.7118287086486816,4.045792579650879
90cf70b481daa7031228f5d0b39c2921,2,3.8338024616241455,3.545518398284912,4.266407489776611,4.860597610473633,4.79154109954834
dbdd4ce4702f78ec4c7a638c464ef87c,2,2.686344623565674,3.095418930053711,3.9421021938323975,3.8490240573883057,3.5556554794311523
80cb19c4b5c20afeaff4b0c5db174655,2,4.035762310028076,3.525949239730835,4.380705833435059,4.594983100891113,4.905475616455078
087b78e1e1986de52d250593e9d9e863,2,1.8615944385528564,2.25366473197937,3.218179225921631,2.4617645740509033,3.434431314468384
faff3a60c7aa53c8bbaa6b9abad07061,2,1.6913912296295166,1.186442494392395,2.9840598106384277,2.3810534477233887,2.2605433464050293
c3254a602048620245032d29e31386fa,2,2.7901437282562256,3.1177377700805664,4.276151180267334,4.207036972045898,3.7777318954467773
cebb919b080cd95752309dfcbe6097d3,2,3.1447231769561768,3.0468924045562744,4.221374034881592,3.6519596576690674,4.109724521636963
817008544a27dfcb73d7e72fb986552d,2,3.3152015209198,3.0576553344726562,4.1904401779174805,3.63154673576355,4.146799087524414
1ade7ab33771258160ef580dfbf6e8b2,2,2.376777172088623,1.9763329029083252,3.600155830383301,3.0572221279144287,2.815472364425659
8344c6db17669aaba22027ef0602ccad,2,2.9917142391204834,2.410339117050171,3.9717798233032227,3.7750868797302246,3.679858446121216
3077dd72a69feb9d759ad1beed625a4b,2,3.6755082607269287,3.8421969413757324,4.60882568359375,4.261425495147705,4.71757698059082
3b4071ecff3ea761cb53aeeae6730345,2,3.0409319400787354,2.501918077468872,4.0482964515686035,4.226484775543213,4.194913387298584
a87479e2c818f3336dd060e8752cd1f4,2,2.9016804695129395,2.8010752201080322,4.023758888244629,3.4040048122406006,3.6149306297302246
f7220f2398300a7cc4c321ca8b1afbb7,2,2.687117576599121,2.08333683013916,3.996859073638916,2.8871514797210693,3.97021746635437
fac0dc0b6b239d00d9934b6bba118e98,2,2.452347755432129,2.9440202713012695,3.98061203956604,3.6548032760620117,3.336385488510132
31651ba9ce9fa77afd0481ebb5d01eaf,2,3.0575854778289795,2.971043348312378,4.024780750274658,3.493929386138916,4.137211799621582
fdc86280615b5340093c3e553493ce81,2,2.477309465408325,2.439103364944458,3.5066823959350586,2.9619431495666504,2.635965347290039
d15ad7e7fe89aefe46fb7887b7fc6177,2,3.942890167236328,4.108953475952148,4.275995254516602,4.46235466003418,4.798947334289551
11573867d9f57858f8a9617fa9b2f0c6,2,2.7713024616241455,2.3627395629882812,3.907487392425537,2.7797980308532715,4.004683971405029
cb34b1bc4305a4bc31d1e5a9e9aa5fe0,2,2.634934663772583,2.5667858123779297,4.08420467376709,3.3847692012786865,4.037026882171631
87f7b74af2ed7bab6aded53016cf27e2,2,2.654142141342163,2.7304673194885254,3.612205982208252,3.2174391746520996,3.8981196880340576
10f6db5759e26cd0dd76e0b124498a4e,2,3.269791841506958,3.1670663356781006,4.128293514251709,3.411123275756836,4.19293737411499
029cf4e5e1177bd9b55e40a4388d0b27,2,3.745713233947754,3.6075446605682373,4.7048020362854,3.876117706298828,4.514376640319824
9d37957e1daa299ce4ec99f2f3f5e4c7,2,2.7511959075927734,3.0724964141845703,4.154842376708984,3.8211469650268555,3.622342586517334
f922c0c883ba75b0d42b9c47defe4abf,2,2.7726569175720215,2.3538479804992676,3.9091057777404785,3.437586784362793,3.518310070037842
833163f7758d509f4c004fdb57bf7895,2,3.1018309593200684,2.890878200531006,4.084330081939697,3.4957923889160156,4.162919998168945
d0077664fc911ccc3fd4b4ce645c6e51,2,2.6758387088775635,2.1750645637512207,3.7783987522125244,3.393063545227051,3.7902424335479736
f978ea5d0abe3bc2a9fb6e716c0d52ea,2,1.521633267402649,1.373991847038269,3.32572865486145,2.4766249656677246,2.2684507369995117
7dfc8bda18e8e169a484376b9ede447a,2,3.4263803958892822,3.3657639026641846,3.8553414344787598,4.089951992034912,4.43184757232666
19a6f20579f41923ea98882636beb998,2,2.6674742698669434,2.699066162109375,3.637917995452881,3.256283760070801,3.972726345062256
08660ccce0bb8c72eac47c5465aae990,2,3.374006509780884,3.288721799850464,4.048683166503906,4.096883773803711,4.465183734893799
15fd26f4461b7da74687bdfd8e78e935,2,1.8634518384933472,2.1954593658447266,3.14031982421875,2.2525553703308105,3.3225812911987305
302dc1afa9446dcf5ac91b8e94675886,2,2.017904281616211,2.1442441940307617,3.1267952919006348,2.56752347946167,2.1166138648986816
fcf62fa21ec54eaad2d1b41ad09ad7c8,2,3.310466766357422,3.4263103008270264,4.010951995849609,3.7443082332611084,4.088161468505859
6aafc82a8d24e9de4055b0b42386efb4,2,1.7492899894714355,1.5482298135757446,2.970254898071289,2.3753583431243896,2.355281114578247
59e0e819a1a88f1723608997ebc545eb,2,3.5345449447631836,3.713381290435791,4.632843494415283,4.16890811920166,4.571105003356934
36ee510ec94656e7cc2fc5504464a834,2,2.225550651550293,2.3130459785461426,3.635974407196045,3.4961514472961426,2.925872564315796
4b067494d192354f6f8a81683a074472,2,2.5145177841186523,2.0609161853790283,3.9674787521362305,3.27950119972229,3.591512680053711
816c7e752270f312572fba05cab147b5,2,2.6950442790985107,2.1722164154052734,3.8258330821990967,3.7423410415649414,3.2182016372680664
5a9548f7f98adb2dbe7ea65e88342fb6,2,2.817600727081299,2.819269895553589,4.1271281242370605,3.8156325817108154,3.6245083808898926
0b18791bb2a3415ef06ff7b47f71cb4e,2,2.2011466026306152,2.248838186264038,3.223389148712158,2.8848876953125,2.133715867996216
f24f92e3a7eda612afad31fb282fed96,2,1.8352038860321045,1.6687361001968384,3.0605337619781494,2.666530132293701,2.393805503845215
243bcc59004002d4045b70067c6c38ad,2,4.295397758483887,3.3368825912475586,4.923555374145508,4.41330623626709,4.904773235321045
010fa08c779ab38fb095ea5bb35c13bc,2,2.4069480895996094,2.5096912384033203,3.9400417804718018,3.8357083797454834,3.4410862922668457
de6355ea79ffa0cf696fe329a05ba5e1,2,2.950758934020996,2.894289016723633,4.114445209503174,3.312544584274292,3.9993457794189453
1da78c4c76e8429bf03f6947bce13b05,2,1.9198826551437378,1.691001057624817,3.7136611938476562,2.02785325050354,3.3517661094665527
d2e59d59b7c178066c9885453730422e,2,3.0036067962646484,3.1427996158599854,4.086886405944824,3.74923038482666,3.901907444000244
84e30f03037d14293f00247ae2a9e7de,2,3.7486634254455566,3.909923553466797,4.6554670333862305,4.368191719055176,4.718200206756592
ba891dfee9828d44ea105d9b671de824,2,3.3884079456329346,3.2143096923828125,3.860665798187256,4.077409267425537,4.557822227478027
7de133968166748c9faa11c35f7f0d14,2,2.5507423877716064,2.2902815341949463,3.5941460132598877,3.4936001300811768,2.9773120880126953
a55500f95d0695da74ef5adf4b2d0db3,2,3.3797144889831543,3.287489414215088,4.1216816902160645,3.822329521179199,4.029545783996582
93df5d70bd175b2b2c6f17abb53e5308,2,3.6001248359680176,3.8594448566436768,4.692446231842041,4.221998691558838,4.7380051612854
67d33c10d7e4d34e3b02426e62a200ff,2,2.9769015312194824,2.2614874839782715,3.865621566772461,3.4806740283966064,3.881863594055176
6cc26843ea5ced83337e85e967c95fe6,2,3.234013795852661,3.230922222137451,4.1226606369018555,3.6640408039093018,4.178211688995361
6d7e85247ad083ee635f1c0289a777d1,2,2.9023187160491943,3.245389223098755,4.307997226715088,3.5857760906219482,4.03732967376709
c0448c0425e50a84f7284f118603baad,2,2.6415209770202637,2.552804470062256,4.032622814178467,3.1285817623138428,3.8913071155548096
17d4c573c48485cc18e2791785c18878,2,3.1852664947509766,2.5108938217163086,4.239236354827881,3.3398220539093018,4.347460746765137
eb9eade09b16fc807b85bdefc9b10b06,2,3.844893455505371,3.869926929473877,4.407160758972168,4.607426166534424,4.8174214363098145
7e0a92307c9fb63a3f043b86473297a7,2,3.6323342323303223,3.582888603210449,4.616649150848389,3.873849630355835,4.309221267700195
1b2a760f050c25d5af4aed3f4ba409d4,2,4.10269832611084,3.7854959964752197,4.359377861022949,4.77772855758667,4.722531795501709
a639389f19f32e35bf897fbce57ccde4,2,2.792396068572998,2.858548164367676,4.172924518585205,3.581368923187256,3.9871108531951904
ec0db1deec52441c42b987d770ce1df6,2,1.6684917211532593,1.6003261804580688,2.943565607070923,2.8064682483673096,2.29258131980896
678c16b3356249c3d5b200c44edc5b3c,2,2.894273519515991,2.716897964477539,4.082726955413818,3.4078550338745117,3.967707395553589
a0d8cf3351e7c821c7a935099419c52b,2,2.0781562328338623,1.9652760028839111,3.7056636810302734,2.9436113834381104,2.876460313796997
121c3aad60795d91018123b132fe4bf3,2,3.966356039047241,4.002089500427246,4.446301460266113,4.572558879852295,4.999650478363037
6bbab394a9325b0e812a1f81705b57e8,2,4.094065189361572,3.811131477355957,4.385417938232422,4.752520561218262,4.9649763107299805
012fcc038313b05ed10848910bdf9916,2,1.4352800846099854,1.3538421392440796,2.898954391479492,2.3833541870117188,1.9261150360107422
2912aff4a2954229d2ee2bdd6a93c12b,2,2.65773606300354,2.5652551651000977,3.369443416595459,2.985840320587158,3.8171656131744385
b274fd01c0fcc49919c8f3258df90bc2,2,2.8981361389160156,2.767512559890747,4.1134443283081055,3.2736427783966064,4.027678966522217
ef47b5d7dd1e13ceefd1cc86d3f71695,2,2.715297222137451,2.5117688179016113,4.012182712554932,3.2365376949310303,4.136013031005859
01e6637b0c3f09dbb7a66f14c3f3d8f2,2,2.543987274169922,2.0661513805389404,3.8722546100616455,2.7952659130096436,3.554783821105957
ee8a4a32331cce1b237d0885e6f7b11a,2,1.8012185096740723,1.812819480895996,3.522189140319824,2.7334811687469482,1.7393593788146973
e2b2b3110d40273c7526dd640f326f7a,2,3.4673585891723633,3.2812139987945557,4.042935848236084,4.178967475891113,4.564519882202148
0cfbea61ee46cbe9d602bc73e00a5559,2,3.9491686820983887,3.7903473377227783,4.471847057342529,4.665994644165039,4.942290782928467
c726f02e067d03dc24f6f271e3161bc3,2,1.4061973094940186,0.9931817054748535,2.81276535987854,2.484942674636841,2.2431979179382324
087eea312a7788d043d15be761c3ab6d,2,3.030991554260254,2.122824192047119,4.029788017272949,3.9872186183929443,4.282984733581543
54961661f7b4efd50bba2cd71759c16b,2,3.0177206993103027,2.4023616313934326,4.139156341552734,3.1644446849823,4.229654788970947
56ea221aa1083e2d7a89777691d2278c,2,2.721087694168091,2.563413619995117,3.9892165660858154,3.3744895458221436,3.378101348876953
d7dfa2c39cc0782b81cf65ebc9182763,2,3.9895918369293213,3.0633459091186523,4.714874744415283,4.442986011505127,4.778599262237549
1436d4f7e472ec4eaf4b4e2c0e0e9532,2,2.966616153717041,2.389136552810669,4.0156474113464355,3.4808080196380615,4.006114959716797
cbfe2aabc3847474ebf88c67b62dd07c,2,2.6434292793273926,1.9697234630584717,4.171888828277588,4.109349250793457,3.7599496841430664
fe3dd68019b54cd8c9507e43e24786bf,2,2.4533073902130127,1.835168480873108,3.6005353927612305,2.576052665710449,3.3813347816467285
5d76407e09ce0b7337fff79fd0788086,2,3.6715774536132812,3.4196887016296387,4.170042514801025,4.192490577697754,4.705009460449219
205efc0d5102faaf53e4c9ddb58c31cc,2,1.2474100589752197,1.11735200881958,2.884946346282959,2.0608513355255127,2.076512098312378
d0c432dc215253944a5c1b46bf3b931f,2,1.7917906045913696,1.4063856601715088,3.431396245956421,2.643218517303467,2.6858060359954834
58a5064a11fd681e34c568e7b0d89c6a,2,2.2079215049743652,1.918054223060608,3.6136977672576904,2.8938968181610107,3.22114896774292
4fc3f9030968450e3dc45d7789b0fc37,2,3.685304641723633,3.69606876373291,4.783246040344238,3.9009838104248047,4.32697057723999
37cb63ec522a1ed1d5d297a7194d4cec,2,3.06476092338562,3.0553653240203857,3.949979543685913,3.70906662940979,3.7589271068573
27e1e05a2758ad9b364fafc8d7558f3a,2,3.955763816833496,3.604543924331665,4.367215633392334,4.487626552581787,5.050985813140869
86af660febcc1f690a1ef9bbc3a3e54a,2,3.3733034133911133,2.3959269523620605,4.140605926513672,3.885023593902588,4.31372594833374
0165cafb503a6aa2f0c4327740caed1e,2,2.03374981880188,1.574583888053894,3.358555555343628,2.247933864593506,2.9576449394226074
20bbab4101a4435ef98897a6c7bad91e,2,2.6395740509033203,2.1002378463745117,3.8940041065216064,3.296764373779297,3.7425007820129395
3f8c5dc7fa79999e6558effcf280db0b,2,3.34610915184021,2.976497173309326,4.184502124786377,4.084072113037109,4.4242048263549805
2b0e03521c2b4f7a7fa9f5f972042169,2,3.732821226119995,2.8407692909240723,4.4578399658203125,3.875094175338745,4.430373668670654
7b03afa515b6b28e427c3b745983772b,2,2.406014919281006,2.4766693115234375,3.4167656898498535,2.868750810623169,3.889539957046509
8861b5ac0986517b5b949ffa85da7ce0,2,3.38800048828125,3.43839693069458,4.5013580322265625,3.876523733139038,4.457973480224609
b6c26be70f1693ddd424ff2786c1754e,2,2.813476324081421,2.285252809524536,3.9719443321228027,3.5648086071014404,3.727879762649536
315d4a2740ee5983a5b4e5681d9ef0f5,2,3.137516975402832,3.350374698638916,4.074586868286133,3.990950107574463,3.979282855987549
9fa159b2cdcb64b85d31a3aa6de698f0,2,3.2062487602233887,3.2067816257476807,4.233044624328613,3.9259464740753174,3.840813398361206
faf29e8d1b14597e8d736abd2694c50c,2,2.923445463180542,3.1144723892211914,4.1021223068237305,3.3552005290985107,4.178421497344971
8d3185a02f390e0da998fed3c18d6679,2,2.087977647781372,1.7999171018600464,3.7631618976593018,2.9717259407043457,2.8797483444213867
290ffa4ab2874bf41895199a8a3f217b,2,3.0557684898376465,3.6244943141937256,4.4284749031066895,4.0571770668029785,4.0016398429870605
e95b607f4b37bca36475b66e57599dd1,2,2.724210500717163,2.7911155223846436,3.701887845993042,3.6628429889678955,3.33181095123291
8e731b0deca51c119abb01efaa3a238f,2,2.8902792930603027,2.964160919189453,4.006849765777588,3.297394037246704,4.094963550567627
24375758fb02cd02032cc996e92bb836,2,3.450737476348877,3.415726661682129,4.304421424865723,3.9027347564697266,4.148408889770508
eecb5538742c03e7db3c788e52103470,2,1.7681165933609009,1.6996140480041504,3.1066408157348633,2.7719383239746094,2.348681688308716
1b14282928d876857cee4023d4a28fd5,2,3.8835561275482178,3.6351637840270996,4.3600239753723145,4.460294723510742,5.000216484069824
017c34866b9677b1b3ce827b7cd04ba7,2,2.1411447525024414,1.7784401178359985,3.753608465194702,1.8782721757888794,3.77850604057312
471cda19036188e1a545bce5110d5d1a,2,3.326685905456543,3.25812029838562,4.2103705406188965,3.7245373725891113,3.910126209259033
22ab9f627871c690ae94e845bc593783,2,3.0214452743530273,2.8753509521484375,4.080841064453125,3.623732566833496,3.7126471996307373
c13f22b62154f4fc2780b588c5ed647d,2,2.900883197784424,2.876526117324829,3.7835195064544678,3.4786744117736816,4.064195156097412
96f5bdd7278be395ab13c43fd7df4834,2,3.307579278945923,3.307488203048706,4.089790344238281,3.678006410598755,3.8725662231445312
ceebf0d2b50b934a744bf0b331ab8378,2,2.196406364440918,1.782284140586853,3.340359926223755,2.664895534515381,2.772341728210449
a0095f9b0e0cc80d6bd4655d9001b28c,2,2.9679479598999023,2.0802783966064453,3.764782667160034,3.9110403060913086,3.9519667625427246
fc4d0598b7d32346c1f447aaddc7f8ed,2,2.7726309299468994,2.7251980304718018,3.811603307723999,3.235894203186035,4.287111282348633
9e43158e4a33e184ab400f373903cf49,2,2.8731188774108887,2.722179412841797,3.996690034866333,3.25709867477417,4.007030487060547
a2b4ab7729ff1d4fe12dcd5a2c06c1d8,2,2.3281545639038086,1.9631479978561401,3.723163366317749,2.7527809143066406,3.2363452911376953
aabdedc3bcecca1c64298522e3a8562c,2,2.491196632385254,2.0280611515045166,3.9991095066070557,3.223548650741577,3.72225284576416
38f6db7c7d21253d821a73cc57e2f531,2,4.184421539306641,3.155179262161255,4.965961456298828,4.727818012237549,4.886585235595703
e4b71e7eea04f55ae84e4f71336a865c,2,2.7426085472106934,2.8510496616363525,3.864851474761963,3.4284369945526123,3.6008269786834717
7403ade801fb2d98de600856e6fab679,2,1.9099353551864624,1.955409288406372,3.071547031402588,2.4952454566955566,1.9883949756622314
e66261a076572f3a0783d7243212ec6f,2,2.500394105911255,2.023892641067505,3.9409077167510986,3.6720364093780518,3.643450975418091
ffe1fce61823e476fcdcf6d92ee16e96,2,3.2559421062469482,2.8911373615264893,4.229255676269531,3.5025291442871094,4.384387493133545
ae8453c570e1073aa59a03da59925305,2,3.104992628097534,3.074277639389038,3.8507819175720215,3.346681833267212,4.470265865325928
17de62c10a22eda19edc0a80d342aee3,2,2.882469415664673,2.522109270095825,3.9251341819763184,3.7079296112060547,3.611018419265747
f6865c2590a7ed50553839cb1a652722,2,1.8445812463760376,1.7700556516647339,3.1090822219848633,2.8642141819000244,2.369248390197754
e9b7869795c2f1bec96b28c8f6c61b9c,2,2.773366928100586,2.4862060546875,3.9613094329833984,3.0080771446228027,4.137072563171387
fd482d358069b6f674c59f088ed3a5f1,2,3.6952555179595947,3.762118101119995,4.63387393951416,4.155795574188232,4.678014278411865
13d8a32d02acbe0410c19721a132482e,2,3.5389933586120605,3.55755615234375,3.8619163036346436,4.227787017822266,4.364579200744629
01067e41923b59405f3694361db4c5fe,2,2.357415199279785,2.5218069553375244,4.057474136352539,3.5205912590026855,3.1109836101531982
cee1b12445db7888edf1a45e852a579a,2,2.53043270111084,2.561330795288086,3.4869675636291504,3.244446277618408,3.8984293937683105
c8a5447f4221059e4578cd8d57e730d4,2,3.3824708461761475,3.075674295425415,4.2977519035339355,3.775345802307129,4.295515060424805
8280c4c9e55de31db7911ec96f25e338,2,3.059629201889038,2.78959059715271,4.1405229568481445,3.566948652267456,3.9992687702178955
1217352bdd377b754b7fbe9d03b51919,2,4.294753074645996,4.040458679199219,4.461313247680664,4.9263081550598145,4.88559103012085
b8e22bd3ad90820ed6b26830a7434a07,2,3.232914924621582,3.3888254165649414,3.7073709964752197,3.7510359287261963,4.388670444488525
c911c0e8a757e6dae850c96aa4c3c93e,2,3.179177761077881,2.7153830528259277,4.263276100158691,3.4181394577026367,4.25555944442749
f7db408c9b9bddf7c22b81e3cf70615e,2,2.77850079536438,2.0795464515686035,3.9276068210601807,3.4556586742401123,3.5707216262817383
414069b029a9015fce2d5e9d329dcf01,2,2.8596062660217285,2.935382127761841,4.086867332458496,3.3495051860809326,4.03642463684082
c32588751f5a34e2869b3857ca419de2,2,3.737412452697754,3.9181885719299316,4.310601234436035,4.571741104125977,4.732627868652344
a0cf53b827a60c7ae38a82d71f22306e,2,1.9484080076217651,1.8063048124313354,3.605194568634033,1.6488655805587769,3.6508963108062744
87af3cb54847b0da41bfc4b742ff768e,2,2.676370143890381,3.3156392574310303,4.304516792297363,3.9035534858703613,3.6969542503356934
2e921580c9b3d3a176db4e24a4e2969f,2,2.3079681396484375,2.131747245788574,3.782703399658203,2.9080729484558105,3.101215124130249
eba3461d91df765da3eb18de73f057e8,2,2.855863094329834,2.757094383239746,3.882577896118164,3.2794625759124756,4.009522914886475
e06c1fd884b277b73774bb7f2d5603af,2,3.2203643321990967,3.110860586166382,3.8161516189575195,3.7532410621643066,4.520562171936035
ab358b812d297529ee918b2deb23cfff,2,3.1567959785461426,2.9344170093536377,4.24219274520874,3.5082225799560547,4.131713390350342
84c1ea70d588166c1d65cf9ae989ada0,2,2.8961222171783447,2.7600793838500977,3.7325026988983154,3.451035499572754,4.046745300292969
06091a6bf4c9f364a5ab89193e80635e,2,1.870259165763855,1.8423086404800415,3.361682176589966,2.776606321334839,2.2170615196228027
3be2bc6c656794d4c8081cad87573453,2,2.953749656677246,3.0564777851104736,4.09286642074585,3.391547679901123,4.02668571472168
ea20e9486e6dd7b410c93d0708f9f893,2,2.6489062309265137,2.9264822006225586,4.165736675262451,3.868408441543579,3.611659288406372
253d94d667296aaea95e80cfeb4ec99c,2,2.7360970973968506,2.435886859893799,3.827406406402588,3.7326319217681885,4.0315446853637695
818aa1243ce1af7869e955926d686144,2,2.2107887268066406,2.308072566986084,3.5077638626098633,3.076939344406128,2.3488729000091553
e1a2efd28cd5fde94cb04c7311b12ae8,2,2.8974311351776123,2.5541698932647705,3.849393844604492,3.6990725994110107,3.4696221351623535
4831322aac376649c46954786871ce6d,2,2.124600410461426,2.006798505783081,3.3068695068359375,2.885868787765503,2.2776169776916504
3075ea053cd4971adf21b0100b639917,2,2.5702524185180664,2.4984729290008545,3.69940447807312,3.129328489303589,3.3282289505004883
a8572ebf86964aacb0e5025b2dc7d1f7,2,2.5959575176239014,2.204440116882324,3.7913243770599365,2.7132973670959473,3.3907883167266846
f6c88434f530a462a2c9a66322b70ec8,2,3.771016836166382,3.5566391944885254,4.4194793701171875,4.70950984954834,4.925419807434082
3afb627d9ee1f4f2463b794063845523,2,4.3008623123168945,3.9725091457366943,4.491116046905518,4.872285842895508,4.981719493865967
84ce4c84accaf3fadd858ba210a3b3e8,2,3.0393362045288086,3.285764694213867,4.310039520263672,3.7058603763580322,4.028200626373291
e6be6bd1696b02a93aee8cf2e6213382,2,3.075336217880249,2.562203884124756,3.8426995277404785,3.6316821575164795,3.166663885116577
4dbe99f2f03f17067664eddbca4fd465,2,2.7164549827575684,2.75510835647583,3.9728751182556152,3.2581942081451416,3.7433576583862305
f3535e27fd8a4807e32eb91fa2f622ae,2,2.278299331665039,1.8979239463806152,3.8915579319000244,3.4206652641296387,2.9964940547943115
071c4dd97d282316ed295834210ea628,2,3.2395882606506348,3.0358099937438965,4.068789005279541,3.6161699295043945,4.094253063201904
b330069d94a76aab784973a7a3f3129e,2,2.9414002895355225,2.8224589824676514,3.6509206295013428,3.71724796295166,4.07931661605835
11086cd362f7cc5a13ffcb6b222ebfac,2,2.039262294769287,1.607447624206543,3.4009692668914795,3.314081907272339,2.549567222595215
0862b82de020e1519ae75760a371eb9c,2,3.5765607357025146,3.0413646697998047,4.35482931137085,4.108547687530518,4.24963903427124
569f8daaa0078deb09dbe75eeeee51bd,2,3.120739698410034,2.938047170639038,4.141479969024658,3.600795030593872,4.15668249130249
7629d67b3173ac6f6246c1561afe2a10,2,3.3086814880371094,2.641159772872925,4.123951435089111,4.52242374420166,4.3761162757873535
5ad1fd69034004c802e320651154e7d9,2,3.128098249435425,3.2866899967193604,4.030446529388428,3.7157225608825684,4.227070331573486
aef64b35878575bebde78b64d9e36825,2,3.161301851272583,3.35262393951416,4.222202777862549,3.6164889335632324,4.236233711242676
ed61a1e87a4b092bee603e8200888f42,2,2.840115785598755,3.1148576736450195,4.112746238708496,3.8694911003112793,3.514660358428955
1a781c16a0ef0e3cb73902dd18768fed,2,2.1243720054626465,1.7121702432632446,3.2361111640930176,3.211834192276001,2.5076417922973633
df7e39fc156303b324d50a7d1b6a92ab,2,3.313358783721924,3.2364141941070557,4.261508464813232,3.831843137741089,4.301161766052246
02b5ca2f8331b7dc3615f78ae0031bf6,2,1.8868227005004883,1.8853100538253784,3.440403938293457,2.694941520690918,2.5094962120056152
f21d601e6c8a4d7d8c5ed422ce4d0648,2,1.6657171249389648,1.637204647064209,3.1132097244262695,2.4435019493103027,2.1285436153411865
34a7e286211faa7b8e56bed74eb21f67,2,2.0121312141418457,1.5388720035552979,3.5012075901031494,2.8990471363067627,2.9022774696350098
62c3e1b9f795bb76f1c84b8eba886b41,2,3.5447707176208496,3.499488592147827,4.6427741050720215,3.913703203201294,4.221768856048584
a856be04aec3a4e3c2a621525282ca80,2,2.558685541152954,1.9525668621063232,3.9108617305755615,3.392026901245117,3.7828121185302734
9a470deaa75b65691579ba6e86399507,2,2.6850156784057617,2.620062828063965,4.568824768066406,3.8108158111572266,3.576087474822998
9f6890119f5fae3c1ae2736695f5ba41,2,3.1313118934631348,3.126774549484253,4.089324474334717,3.5937492847442627,4.17636775970459
2080ec9796d0de4d8fe8063481188815,2,3.031440496444702,3.1753244400024414,4.242283821105957,3.631399393081665,4.01796293258667
14561f888d829771e87a364cc9acf651,2,4.261289596557617,3.95865535736084,4.487317085266113,4.848688125610352,4.882118225097656
2469ba01eedea05c9cd693d6a5883908,2,2.976583242416382,2.8841071128845215,4.036655902862549,3.586858034133911,4.050264835357666
e33d6e97487c15c95b3f08eca5753c2c,2,3.461310625076294,3.6109821796417236,4.175937652587891,4.295307636260986,4.626124858856201
3bc00452c21a0cd40272e7957eaa5a99,2,3.170780658721924,2.6858222484588623,4.074351787567139,3.805197238922119,4.236091136932373
e9b84101de9c80eb00249370ce52bf32,2,2.2619848251342773,1.7514029741287231,3.589395523071289,2.975733757019043,2.8583006858825684
8bec0ea8efd611a61dcf1f3db6ec4b14,2,1.8917791843414307,2.232130527496338,3.4058632850646973,2.6732676029205322,2.0331623554229736
fda8ae6f1424c1f8a7ca35fe2f9bacf0,2,3.6400489807128906,3.5097696781158447,4.280885696411133,4.538535118103027,4.591425895690918
3d025d7848d8a0076526e236ed3f39ce,2,3.025151252746582,2.7922589778900146,3.792585849761963,3.64721941947937,4.116352081298828
717554e29644611711db6000a7a52d11,2,3.053288698196411,3.1543033123016357,3.8688433170318604,3.822007894515991,3.7751245498657227
99099f395eb18393bd53444b44a84971,2,3.2260913848876953,3.3888020515441895,4.029330730438232,4.218704700469971,3.9874651432037354
f0e4fe9bc1e4a1dca895840efed8b099,2,3.4735333919525146,3.26654314994812,4.273460388183594,4.121840953826904,4.101370334625244
021ffccc098e3a740d0eae07b17fc61d,2,3.002960205078125,2.9351675510406494,4.117499351501465,3.2150611877441406,4.097109317779541
28ffdb230e6e174bcb5aee82978bef1c,2,3.135010004043579,2.8205199241638184,4.178873062133789,3.459179162979126,4.035913944244385
335d5f193420e0f655e99a3ef783664f,2,2.638305425643921,1.930263638496399,3.8836817741394043,3.083282470703125,3.644498348236084
d56d09632eaf015060ca9678eee9f6a0,2,3.0968868732452393,2.911579132080078,4.080483913421631,3.4299113750457764,4.15068244934082
ed8aae9834a4f316cd89e38615f9cd3e,2,2.877920150756836,2.422050714492798,3.91322922706604,3.648529291152954,3.4146249294281006
f58c185090300cb87a62de169c4987f8,2,2.999042272567749,2.9453141689300537,4.3161115646362305,3.6472833156585693,4.116157054901123
5cf2d5cbecad234724154d65e62aa4bc,2,2.5345346927642822,1.9036502838134766,3.628312110900879,3.2225170135498047,3.738865613937378
024e88c02bb5f11d3473cf33c9c7c383,2,2.902709722518921,2.7985475063323975,4.05278205871582,3.410343647003174,4.019235610961914
b96f7d06deb9e92dc5e2b15e205b80ed,2,1.776840329170227,1.6764979362487793,3.542275905609131,2.9946086406707764,2.324427604675293
d0ef4e88232b7194c1c91a0786460973,2,2.90600323677063,2.497802257537842,3.882067918777466,3.664909839630127,3.3799643516540527
20a7500d55773e5dd5136a93ae309037,2,3.1358819007873535,3.2540855407714844,4.048586368560791,4.118517875671387,3.9939160346984863
44f88c8096524727b2a9a35d32841299,2,2.3358774185180664,2.076528549194336,3.8289473056793213,2.9830381870269775,2.8577041625976562
ffcfc30cca5fcb95803e36fda44a5ca4,2,3.0253894329071045,2.9549777507781982,3.750431537628174,3.5729994773864746,4.283059597015381
c3e5793b245ad38d91aacc4e7fea3ac8,2,2.709635019302368,2.2327470779418945,3.597626209259033,3.507916212081909,3.145540952682495
40d08139ec194261cf325f5717327b9d,2,1.9493470191955566,1.5409811735153198,3.644786834716797,3.241579532623291,3.197171211242676
c3921e7f5e630f42cd9960de9917c85d,2,3.056661605834961,3.1945769786834717,4.114548206329346,3.3758394718170166,4.160937786102295
4f600f40bad97b16d74ebd7dbca9fbe0,2,3.1124534606933594,3.0864665508270264,3.832746744155884,3.728031635284424,4.634510040283203
9fc760a20b1b2ae6ba773b748b9859ce,2,3.0196449756622314,2.965716600418091,4.1412458419799805,3.568187952041626,3.9705259799957275
5732c50d31f6fc9cfc8d0aa71d276768,2,3.5823426246643066,2.8571670055389404,4.5048322677612305,3.672142505645752,4.555893898010254
cb96b52ca97e6d70fc8158dc85e2f3c0,2,2.905334234237671,2.6102073192596436,4.029481410980225,2.8594107627868652,3.9904770851135254
3f4cc0213ae27b9d5d3e245b950790b1,2,2.6018872261047363,2.4697868824005127,3.5797524452209473,3.180556297302246,2.473083257675171
5abf8c0617bd2088a19762fa546e7762,2,2.3074023723602295,2.2438106536865234,3.696497917175293,3.334195852279663,2.7519874572753906
f8da364510f025442e1440379f8642ce,2,1.8236159086227417,1.3689370155334473,3.142765998840332,2.328038215637207,2.4914278984069824
a9bf74af5fd341afcdabc3506c9ac934,2,1.80211341381073,1.5639007091522217,3.1121597290039062,3.000061511993408,2.3330938816070557
82f8b313e380c51b2d7908bfb58d740c,2,3.385418176651001,3.591299533843994,4.184444427490234,4.060925483703613,4.701571941375732
0dffddc752860ba9e54ea9433fbad588,2,2.6258468627929688,1.9891910552978516,3.7761011123657227,3.320626974105835,3.2576098442077637
8ce6b293760ea57bce3913dfa2d2c125,2,1.8130446672439575,1.468741774559021,3.2054545879364014,2.6758532524108887,2.7187461853027344
6dfdd7d17b71639c477a52eeb3daf169,2,2.900071620941162,2.442809581756592,4.020572185516357,3.6898322105407715,4.050587177276611
9c12fc14e17b46c41fabd899375ae466,2,2.879772186279297,2.3043413162231445,3.8438150882720947,3.5727202892303467,3.400392532348633
02c4cf00d1a6a9e2024a73bc708ed7f4,2,3.1329658031463623,3.239276170730591,4.1774492263793945,3.550442695617676,4.187328815460205
fc03ab91839edc207e7422c5118c825d,2,2.7636423110961914,2.7949471473693848,3.9904587268829346,3.0039238929748535,4.011707305908203
5b5768b70b71dcc6cbcf1219b197644c,2,2.288010835647583,1.6402841806411743,3.5452263355255127,3.1023528575897217,2.721371650695801
a203cb902b8ce49b447ff44537d5f8e9,2,3.5565342903137207,3.36094331741333,4.352517127990723,4.430778503417969,4.690933704376221
240681bc9fe46eea8358f5ffe3ffd977,2,2.831329584121704,2.6913833618164062,4.080850124359131,3.0338120460510254,4.071781635284424
aa1d5eb16b41489d39b7ded0a635340a,2,2.8381874561309814,2.9900379180908203,4.106706619262695,3.086953639984131,4.090806007385254
333f6cea17db8dc97ec6b866549ea619,2,3.1991219520568848,3.1769862174987793,4.1810383796691895,3.6063530445098877,4.248671531677246
b7c9373d30da4d2d7ec70c0f062857c6,2,2.7978367805480957,2.1382501125335693,4.028623104095459,3.019904136657715,4.118096351623535
e13665ed81d035c596a3c364684543f6,2,2.8386030197143555,2.40535831451416,3.8888697624206543,2.9475514888763428,3.655221462249756
0410872babfad9c489e9979149d1dd12,2,3.171651601791382,3.1370677947998047,4.178340911865234,3.632350206375122,4.035521507263184
6b7e90bfae902033ab0228dc4cb1b50c,2,2.763965606689453,2.878873109817505,3.6353468894958496,3.418997049331665,3.8806726932525635
c235b58235f8bde6ce6a019e4e1c5b39,2,2.976154327392578,2.355227470397949,4.1567182540893555,3.297727108001709,3.9328854084014893
78096fc9e46faeab32c86f8121c7d9db,2,2.8367526531219482,2.4815120697021484,4.038257122039795,2.998401403427124,3.571920871734619
2dd67ddd6c37ffe3f0927a093159b64a,2,2.540173053741455,2.0339369773864746,3.895673990249634,2.5565242767333984,3.8844079971313477
c59dbc3356668e24330298871dae39cd,2,3.1615471839904785,2.6823835372924805,3.9484076499938965,3.762228488922119,4.069629669189453
7feed8dda6062f19cc45b6a636441e94,2,2.912795066833496,2.4911017417907715,4.060904502868652,3.017709493637085,3.9870522022247314
08b295ff8e09afa3455542896498144e,2,1.834791898727417,1.9267202615737915,3.27982497215271,2.5143203735351562,2.516819477081299
aa78f592dfd55ebc75d3aa84f32628fe,2,3.3094635009765625,3.238274097442627,4.063887119293213,3.80265474319458,4.053159713745117
016c428a6eb1f7f139281c753751b722,2,3.1391799449920654,3.142991781234741,3.7564847469329834,3.838123083114624,4.285059452056885
5d9f65327834687b2a26fb441e2f695e,2,3.0649030208587646,3.0458335876464844,3.88017201423645,3.816925048828125,4.164787769317627
29cbe6a962ddf1cbda5c626ea8e692c6,2,3.293748140335083,2.980374813079834,4.119523525238037,4.23146915435791,4.702661514282227
fef54d19525c8a180a97bb7486df9c07,2,2.9867098331451416,2.782918691635132,3.627551317214966,3.5581843852996826,4.232383728027344
c04e26cef8d5af7c44e07ac9147383aa,2,2.4614977836608887,2.584737539291382,3.8316900730133057,3.794102668762207,2.9830572605133057
7aa9c05621a7556353ea862fbde4b8d3,2,3.569596767425537,3.728811740875244,4.670485496520996,4.125585556030273,4.680749893188477
a00b0f09e2497db71f678f037ff42868,2,2.729653835296631,2.6962833404541016,3.631396532058716,3.3518004417419434,3.958664894104004
a246928d38f66dbd1c1cc195703c54d5,2,2.431473731994629,2.4788730144500732,3.824873924255371,3.304514169692993,3.3594861030578613
996b1aea74e187ad4841035c20c12e66,2,1.955160140991211,1.6779450178146362,3.762723207473755,2.4899213314056396,3.2556474208831787
5bad00bb12a08ce5ca0f65556743dde4,2,3.394324541091919,3.415731430053711,4.281546115875244,3.696129322052002,4.0811357498168945
57c01a0d3b10c582a7225e2a4f8821f3,2,2.9125683307647705,3.0695559978485107,3.8627140522003174,3.700194835662842,4.267535209655762
22d36fd4b5c257b631c359e5ce54cae3,2,2.178122043609619,2.0195322036743164,3.7374022006988525,2.7539432048797607,3.3028509616851807
ed6c365863aec694199cf17a62a8dff9,2,2.5548675060272217,2.4977893829345703,3.919551372528076,3.1983537673950195,3.915146589279175
cbe425ff3e5ff790a85c3e3e48ed7a4d,2,2.8180086612701416,2.21140193939209,3.8374922275543213,3.4987406730651855,4.008518695831299
47caa9dd415d5941cd8f4d7904f35452,2,2.9778618812561035,2.7086496353149414,3.9213790893554688,3.254882335662842,4.00891637802124
be94692d26983edb340f6b3c46224e97,2,3.853071928024292,3.5241589546203613,4.315183639526367,4.441509246826172,4.960768699645996
e1ae9e7deaa9306d2cf7cb67b89caa6b,2,2.815340995788574,2.930206060409546,3.6332831382751465,3.3653266429901123,4.209396839141846
36992006004d52f0537e43d983a0b11c,2,3.6082355976104736,3.3860244750976562,3.9401493072509766,4.286056041717529,4.582996845245361
5137a849fdca18f904fd35ea26b60d13,2,2.8658204078674316,2.3137028217315674,4.15391731262207,3.4421677589416504,3.888190984725952
8086de719964a7655c67fbaf656d9ff5,2,2.5615153312683105,1.8195463418960571,3.644829034805298,3.5771079063415527,3.8859264850616455
0138d22805ce590a66119b9b81da6f58,2,3.490919589996338,3.419130325317383,4.073753833770752,4.255121231079102,4.396862030029297
223225caa3b28e2c90c69000561c2c78,2,2.046654224395752,2.1413071155548096,3.129563808441162,2.591337203979492,1.8293883800506592
7598cc8aceafde62c461a9f84812119e,2,2.557784080505371,2.69899582862854,4.283498287200928,3.5158870220184326,3.5164480209350586
c1bf88697bd8f7cd68b18e00dd7df58c,2,2.820469856262207,2.4640305042266846,4.013534069061279,3.327723979949951,4.130674839019775
33faed96901a8a171369d4374cd082b9,2,3.562453508377075,3.548187017440796,4.2961201667785645,4.074676036834717,4.600279331207275
8e340129407a28342b9583644e606d7b,2,2.58674955368042,2.9132864475250244,3.900317668914795,3.7645535469055176,3.2705864906311035
058de1f57924f820838c283e64e0da34,2,3.8561151027679443,3.6617929935455322,4.285843372344971,4.35439395904541,4.930361270904541
9be574a7bb312fbd7163b55ad39a3948,2,3.699159622192383,3.711153507232666,4.567002773284912,4.306160926818848,4.7308454513549805
a6b71bdd46e1eda50c93651cfadb5df5,2,2.9732108116149902,2.714446783065796,4.080134868621826,3.307898759841919,4.091904640197754
0e17d6ec79ab96fab63930fff534b09f,2,3.84360671043396,3.71075701713562,4.240176200866699,4.4425859451293945,4.837808609008789
1d4ec11429ca9ab0581401223e6a288f,2,3.096336603164673,3.002756118774414,3.818788528442383,3.700191020965576,4.221480369567871
fcabe23472ebef5607e7e6f3f7499cb9,2,3.244957208633423,2.523331642150879,4.275994777679443,4.032578468322754,3.899763345718384
167cb5574510b99fa85e75bd55bbd80d,2,2.4526915550231934,2.0108144283294678,3.8378400802612305,3.1910786628723145,3.526033401489258
664525fb8a7f3f87e265e330f29a665c,2,2.6451852321624756,2.3725712299346924,3.954962730407715,3.2503042221069336,3.8521082401275635
cb259be4fbdd4c5498cfee9769124569,2,4.254843711853027,3.76540470123291,4.568040370941162,4.777448654174805,5.084311008453369
70ce84d0390a385bacfdd0b534374641,2,2.628682851791382,2.2208285331726074,3.771450996398926,3.094835042953491,3.413264751434326
104b50532e23020370b098260cd7baf6,2,4.115886688232422,4.071209907531738,4.425637245178223,4.670466899871826,4.851780414581299
f146faa652799a4e3d41b6e8b0aa669c,2,2.7536959648132324,2.3068909645080566,3.733837842941284,3.4360909461975098,3.3730039596557617
c20e3310c772a765b0dc6e089d952990,2,2.008527994155884,1.7789968252182007,3.3529510498046875,3.107588291168213,2.659156322479248
074ba87f16d003569aa5ce24d961ea63,2,3.3683762550354004,3.136051654815674,4.209103584289551,4.627111911773682,4.406702041625977
799c948dc4da4c3429e0fc2310879bb7,2,3.0102007389068604,2.577706813812256,4.095329761505127,3.7862374782562256,4.009472370147705
9bf674a659c8ce8b99d0b8138ff3ade5,2,3.35636305809021,2.588261127471924,4.185608863830566,4.451776027679443,4.3864946365356445
6d9481424504d1a5cc621811edb767a7,2,1.8703007698059082,1.2082417011260986,3.4120872020721436,2.781191825866699,2.807461738586426
b1c76877a5b3cd205744c2947d043299,2,3.5576939582824707,3.1971514225006104,4.383457183837891,3.9652626514434814,4.4766130447387695
b8109da46cfe0d2d59a1de3012042e82,2,2.4433560371398926,2.2645163536071777,3.7975070476531982,3.124795436859131,3.591719150543213
c389a245669a01e73b6b9d3539861925,2,3.386725902557373,3.3723440170288086,3.861490249633789,4.1069111824035645,4.57389497756958
6ab11c6c6e30c0eb8faea0034192f060,2,2.4871225357055664,2.0154712200164795,3.9520652294158936,3.526320457458496,2.917785167694092
f8ac185ed9659f9d9992b16aef2d045a,2,3.7271018028259277,3.89062762260437,4.68896484375,4.1893205642700195,4.735008239746094
85e9ffa737aacb43178fa280ecf0941c,2,4.212344169616699,3.7016239166259766,4.5627288818359375,4.780463695526123,5.042205810546875
8b8726b3340ce9337b2d0d5c72e57574,2,2.2976417541503906,1.9030550718307495,3.886514186859131,2.78033709526062,3.6976423263549805
17d305c2d190256e48a2b8544c15aae7,2,3.398822784423828,3.311913013458252,4.469834327697754,3.952176094055176,4.540134906768799
d7a49df4f5bc05e62db1a502762f11e9,2,2.936971664428711,2.580482006072998,3.9439125061035156,3.8629696369171143,4.102758407592773
7ff4e76110ee5284dcd996912d642ea6,2,3.173407554626465,3.132490873336792,4.144935131072998,3.9495606422424316,4.002954006195068
bbd5f6f2b2cf96153fe716a1bec9d23f,2,2.5822601318359375,2.747713088989258,3.6538922786712646,3.2657272815704346,4.212398052215576
527fcc5d8867cf919c0f66acbd90ee80,2,2.3752574920654297,2.3327722549438477,3.2416110038757324,3.2787721157073975,2.411989212036133
90b0f3e26a2567cf993a8086c0bc2452,2,2.6037442684173584,2.3814282417297363,3.8369388580322266,3.5459697246551514,3.180302381515503
f4a59c6e4b4c8a1150a9b601021c1d65,2,3.8100976943969727,3.5347957611083984,4.318336486816406,4.462546348571777,5.0132341384887695
cdba7a225ea316e2c8c83db2d3688be4,2,2.947195529937744,3.022280216217041,3.791828155517578,3.391444206237793,3.980464220046997
4ab430d5fbd1ddcb9b7b5db8f69f05a6,2,2.1299073696136475,2.1469945907592773,3.6036267280578613,2.9670352935791016,2.6061930656433105
1694e01a18b1c6bfd2faa25f6364ca34,2,2.6208596229553223,2.6389150619506836,3.931044101715088,2.916661500930786,3.9133505821228027
101dd0f7d2563b3f7f88f8e745e2e35a,2,1.893431305885315,1.283372402191162,3.349263906478882,2.8276472091674805,2.6685280799865723
96d068e52f737ad75445dab3b8fd7b1d,2,2.729858875274658,2.5871644020080566,4.018644332885742,3.2121951580047607,3.825474739074707
ba1273322c573403edc3735178fa83e8,2,2.066848039627075,1.9257490634918213,3.6818816661834717,2.693751096725464,2.651111125946045
d3dd7107db3c0f6d2df8140546ca17f5,2,3.9210803508758545,3.800680160522461,4.31611442565918,4.490012168884277,4.857596397399902
4dc629977db6c816810537b983092a84,2,1.7596492767333984,1.686208724975586,3.3000597953796387,2.729923725128174,2.2334938049316406
bc81ce9ab5ee442de26a6fedda3e10eb,2,2.430297613143921,2.4639101028442383,3.4581589698791504,2.7805018424987793,3.592820644378662
9629325eb1625d738f34a566f20f671f,2,2.649782419204712,2.310288429260254,3.7575900554656982,3.3739206790924072,3.3642659187316895
71720bf1dddbb015d70d1ad53efe5d3d,2,3.502077579498291,3.112056255340576,4.46937894821167,3.8628344535827637,4.345788478851318
a55ff1ac6c68648b8b495c7214551d9d,2,1.1848944425582886,1.1893717050552368,2.869779109954834,2.1496493816375732,2.074061870574951
08f6c21036f62d7aa815f8ef68000dad,2,1.9897626638412476,1.9960737228393555,3.5600903034210205,2.756507158279419,2.415943145751953
cad51f31489f4a38d56a82d5be409bc9,2,2.297919273376465,2.2989330291748047,3.403067111968994,2.6934196949005127,3.6768691539764404
45e8c6784f088e3fd1089ba7ea604731,2,2.708667755126953,2.7913639545440674,3.586277723312378,3.35005259513855,4.093742370605469
13a18001f6b68ff2837761c1df13820b,2,3.302182197570801,3.1319050788879395,4.030877113342285,3.9480059146881104,4.5309648513793945
e76b355aaea6dd4c99b2190ddc28b224,2,3.107964277267456,2.9920754432678223,4.095550537109375,3.5755252838134766,4.023204326629639
e9eae70f810b9d9f59df4f7cdd2f28f5,2,2.7453157901763916,2.1792798042297363,4.093107223510742,3.2723889350891113,3.994818687438965
6db74220eb4ab3f4421b9d8a79a4e30e,2,3.5506880283355713,3.6694247722625732,4.691394329071045,4.357445240020752,4.631002902984619
8809dbcf580fd0dd4a8e1d110dee7d85,2,3.026698350906372,2.2773568630218506,4.151155471801758,3.137216567993164,4.218057632446289
a7742e7fefee80187ac457e9be600209,2,2.4813244342803955,2.129783868789673,3.5026893615722656,3.0835659503936768,3.1683359146118164
0a2455b6f889c8053886da60028bdab3,2,2.5052921772003174,1.7588943243026733,3.7127201557159424,3.3027238845825195,3.185927391052246
de4a48d5a28265bb0fcfcd1528120e27,2,2.574519395828247,2.5212490558624268,4.112442493438721,2.986147403717041,3.962603807449341
bc6047e6788c0c2fe6749e68b21d8654,2,3.2541041374206543,3.3824875354766846,4.0431718826293945,3.8639745712280273,4.360444068908691
17e05598c44b372f2f2d80b4aff1c845,2,2.745242118835449,2.8274216651916504,3.688485622406006,3.342454195022583,3.814270496368408
b2fa326929236e9f2b12da323abc9aed,2,3.328681230545044,3.0127336978912354,4.37427282333374,3.648151159286499,4.120352745056152
ab4bd9504055db17279a8ddd04fe2740,2,2.7541627883911133,3.4213016033172607,4.324405193328857,4.1903815269470215,4.003268718719482
69c2c729f68a329b6d25c22b86634eab,2,3.2297589778900146,3.139845371246338,3.9070897102355957,3.8763673305511475,4.537377834320068
6f293f3de1d4ec408cbeb6c28f90ae80,2,3.2463526725769043,3.186243772506714,3.8930130004882812,3.9160659313201904,4.220885753631592
8b151be344acbdce113f573f375cf283,2,2.2384703159332275,1.8497610092163086,3.828974723815918,3.238909959793091,2.9677000045776367
3de9104c38bf522d979632b471c81c2c,2,2.778028964996338,2.496734380722046,4.063929080963135,3.1162610054016113,4.227325439453125
9733255c99731b84c408f1534a9429c5,2,2.909105062484741,2.751155138015747,4.140866279602051,3.4309873580932617,3.838926315307617
2481416da63dd0f2b647f6c2d0130159,2,2.9921722412109375,3.0803720951080322,4.01700496673584,3.3887062072753906,4.107815742492676
20caa5b0aae532537c23718d95c95c8d,2,2.987565040588379,2.8152081966400146,4.260603904724121,3.1318860054016113,4.060428619384766
78367c5ae620eac878bf49336cb91c97,2,2.0343997478485107,1.8097118139266968,3.6244630813598633,2.6208205223083496,3.350684642791748
8efca3cb0557a6ddb469964625fcd963,2,2.9146933555603027,2.6000449657440186,4.151201248168945,3.0307555198669434,4.115365982055664
73ef01deba87bccd22e9db11ddb42a23,2,2.640857696533203,2.595276117324829,3.909409523010254,3.156586170196533,3.8200008869171143
ca9c9ee6546b96eafee047e30ef02727,2,2.3090949058532715,2.0724728107452393,3.606003522872925,2.381408214569092,3.4028515815734863
92edd66987007e743a1363a823702130,2,4.286602020263672,3.9960689544677734,4.551604270935059,4.933558464050293,4.862837314605713
a7c26139f878ca286de22646cc3c2373,2,2.254979372024536,2.439138889312744,3.6488027572631836,2.7534005641937256,3.3694822788238525
ecd7a4f0ce8e4826ee1af25fcc1b8138,2,3.2196896076202393,3.2312123775482178,4.0296244621276855,3.5246994495391846,4.260371685028076
15c3a4727539eb9f6344d0d9fb93a359,2,3.648676872253418,3.4558346271514893,4.3556227684021,4.407344341278076,4.6606364250183105
64fa21a3b580fa7ec1cec3ba89cdbdd2,2,2.9078009128570557,2.8998048305511475,4.164299488067627,3.3682565689086914,4.115784645080566
a5ca5c947e7dd697979d6bec7324e6b8,2,1.8709537982940674,1.2626240253448486,3.3507883548736572,3.206897735595703,2.8408656120300293
9e19650c6382cd785f10eca289f0dfe4,2,2.5108792781829834,2.580383062362671,3.516309976577759,3.183692693710327,3.7925379276275635
e215fa8b13521cbd6ac6c3002100dad7,2,3.482006311416626,3.476274251937866,4.59623384475708,4.0595550537109375,4.531764984130859
3e1b777c38471bf23185b77979cc6616,2,2.9272124767303467,2.8451294898986816,4.184792518615723,3.5453081130981445,3.924807071685791
0751b7c932b7b42ad164c351f00b6a4e,2,1.940637230873108,2.1131696701049805,3.2555577754974365,3.1558141708374023,2.665722370147705
6e604640306daa4d3329b0b9f881c148,2,3.269702434539795,3.212735891342163,4.059858798980713,3.7863829135894775,4.172935485839844
9c6d1d3aa4c33e823ab6d80766d1ff3b,2,3.120001792907715,2.9284720420837402,4.13553524017334,3.4431958198547363,4.050511360168457
d33db544d7d8951b4e8baf6182990e68,2,1.8745208978652954,1.474655270576477,3.143068313598633,2.6887569427490234,2.6093835830688477
5e3e35159f098806edc5013d4339726e,2,3.625994920730591,3.4818694591522217,4.285379409790039,3.88727068901062,4.414846420288086
afd7bb461e289eebe412972275606e17,2,3.077481508255005,2.689385175704956,3.892728090286255,3.611914873123169,4.145388603210449
75dd27dfe0cd37daa82a2c8731f910d0,2,3.2509918212890625,3.343409538269043,3.7293853759765625,3.9938478469848633,4.051379680633545
7981582a087ac711cefe4565f91efeca,2,3.3974709510803223,3.1960771083831787,4.304734706878662,3.9095816612243652,4.3895063400268555
b394c6909ca6f49dfcfcc56528f8e22c,2,3.140174150466919,2.950981855392456,3.9869940280914307,3.6541473865509033,4.315366268157959
28a85e514a9e5b6690752419cd1c6780,2,3.2720248699188232,3.279655933380127,4.00300931930542,3.912743330001831,4.025343894958496
791cee1abd1cbd3c05392997509157a6,2,3.281221389770508,2.6136934757232666,4.195731163024902,3.584664821624756,4.107547283172607
11c6e1ed068648ae3c5e6ac022176827,2,2.087428569793701,1.6279778480529785,3.7638747692108154,1.9783954620361328,3.442044258117676
818cef619d42523142d5e0bddaa7c304,2,1.5300803184509277,1.6139731407165527,3.152919292449951,2.5704798698425293,2.245729923248291
300b36174dbaa26c4bc326e35b8310d2,2,2.928375244140625,2.806654214859009,4.022414207458496,3.353477716445923,4.070908546447754
aac66829dce0d46be6c3bc20f7f62b8d,2,2.5225954055786133,2.0072059631347656,4.130634784698486,4.128334999084473,3.3853964805603027
5926eee387f320faab819dfa2b9d30cc,2,2.698317766189575,2.199193000793457,4.141400337219238,2.704906940460205,4.283976078033447
5af8739db2939cb9275065071e0bc42e,2,3.475931167602539,3.503659963607788,4.279811382293701,3.7499687671661377,4.530883312225342
842fc0c800df710d6512d56c4e7b8f51,2,2.6398653984069824,2.797433376312256,3.5814294815063477,3.2659664154052734,3.835700750350952
d992d9d9b8d70a5fbb945bb4ea6b15fc,2,3.4109325408935547,3.3480260372161865,4.382598400115967,3.7143542766571045,4.212904453277588
d22de9726e7d0e51534201e20772b267,2,1.7112683057785034,1.9110612869262695,3.0958163738250732,2.93460750579834,2.3709897994995117
be757f15d838818f85c8b68d84300532,2,3.145784378051758,2.842664957046509,4.2524800300598145,3.559025526046753,4.114461421966553
0e29154d8989e83c6f5665c87b5596f6,2,2.6620655059814453,1.8142075538635254,3.7513675689697266,3.5725953578948975,3.885490894317627
26d261a76b71104dc55eddcd86c67832,2,3.6397223472595215,3.838404417037964,4.595882892608643,4.255654811859131,4.689993381500244
147fd1cfdab2dd236290d3947ebd88b1,2,2.4142303466796875,2.3189473152160645,4.136951446533203,3.117880344390869,3.6264891624450684
98a023640901cd78b34146a886885eb5,2,3.6727919578552246,3.376500129699707,4.6526079177856445,4.165645122528076,4.660302639007568
caac4284e8b5f9f33c741cf485b6b97d,2,3.373445987701416,2.877690315246582,4.381165504455566,3.6914050579071045,4.095715522766113
ce3fa32e430750058cc8bd2e6d84e683,2,1.4214403629302979,1.6567000150680542,3.0903334617614746,2.536550998687744,1.951620101928711
addb5a7fd48106a2fa99432415c5222e,2,1.74142324924469,1.3283748626708984,3.0779263973236084,2.429177761077881,2.3799819946289062
92521fe69526a1aac0936d37bd754737,2,2.985020637512207,2.959751605987549,3.8657050132751465,3.713683843612671,3.8878324031829834
1c3b0a82cd64896bb3e137c467ddf6dc,2,4.280803680419922,3.9673209190368652,4.500972270965576,4.844260215759277,5.125462532043457
6cdd425bf3818934118553af084c6ac0,2,2.6210319995880127,2.5311660766601562,3.413053512573242,3.343557834625244,3.8757247924804688
007897e8a7800617cffb4912d4a07dc7,2,2.458658218383789,2.239389657974243,3.572723627090454,3.389084577560425,3.2606210708618164
f921852762fdb925aca938ef67f8c3f8,2,2.7197489738464355,2.4683988094329834,3.772895336151123,3.5352210998535156,3.2186005115509033
6ce40e3b264edd9f422f01f34ac995ec,2,3.1175966262817383,2.919262647628784,4.171380996704102,3.4642796516418457,4.0219526290893555
90991b557f15ead463c49a9928ca7797,2,2.874279022216797,2.9943313598632812,3.8629355430603027,3.4099204540252686,4.0228705406188965
db0b967d6abeef19f76f8d5f5ab8e917,2,3.0523476600646973,2.908165693283081,4.300304889678955,3.5316290855407715,3.992837429046631
717deb9ce2497dadf1fbedd3b014c7f6,2,2.81382155418396,2.5441839694976807,3.7070345878601074,3.604501962661743,3.6763203144073486
416ee4169a7d1923a99333b1e29ab093,2,3.956287145614624,3.730050563812256,4.374500274658203,4.390276908874512,4.955636024475098
7541ca9ef151594b58364b7e8b01fe69,2,3.2573490142822266,3.141104221343994,3.96294903755188,3.8775475025177,4.656919002532959
aa78a49cb543062fcaf05e7b59fe3377,2,2.6270346641540527,3.23047137260437,4.0814528465271,4.157973766326904,3.754148244857788
02beb0d7c46e9a33da1c15fdf16c8d3c,2,3.730929136276245,3.5061464309692383,4.452029705047607,4.592395782470703,4.676146507263184
6bba2572b14919410b60d043d9f0977d,2,2.9801368713378906,2.8354265689849854,3.9106874465942383,3.3322930335998535,4.009772777557373
26c32ef21805599a804b7f783669472d,2,1.680456519126892,1.5589056015014648,3.068615674972534,2.512150764465332,2.479949712753296
63ebfcc9baf9544232e509c19aa02dd7,2,2.883251190185547,3.5276591777801514,4.36458158493042,4.574676513671875,4.095372676849365
b44ddb611b6caa67678a32f7a589c71a,2,2.528122663497925,2.1601202487945557,3.6216158866882324,3.8138625621795654,2.7079620361328125
c6a579ae0a454d267cd8fe9a4c507505,2,3.7413387298583984,3.8347976207733154,4.736896991729736,4.008673191070557,4.331059455871582
2d82b4cda236f914eea3a22f0928acda,2,2.529054880142212,2.758492946624756,3.889495849609375,3.6669063568115234,3.579049825668335
323dd6ea0a781670bedc1b684c274511,2,3.164900541305542,3.088876962661743,4.06529426574707,3.7817537784576416,4.190046787261963
d807750ba1a70ac3c82e078cbb8c6d02,2,3.467874765396118,3.3044300079345703,4.027377128601074,3.7077221870422363,4.592746734619141
809681cf5744653b03b0a0aff0f0fa50,2,3.3211488723754883,3.294667959213257,4.456445693969727,3.6489429473876953,4.288839817047119
60ebff9d9bdb0247fc17fe83520f9cd6,2,2.4997012615203857,2.177755832672119,3.7142693996429443,3.2281877994537354,3.279999256134033
c380ff921ff240ddc5c51a238ee7f173,2,2.7411863803863525,2.4947493076324463,3.580190896987915,3.6328492164611816,2.9655818939208984
dee2271f6d8062a4588783fba33c7870,2,3.4115114212036133,3.4457314014434814,4.457773208618164,3.7507355213165283,4.4067702293396
88d3acb29fb448ed665ea1866eaf0003,2,3.0506198406219482,2.6641809940338135,4.1243510246276855,3.486210823059082,4.124872207641602
c9a784d6506295dfdf3c464c4aad1114,2,3.5494189262390137,3.759267568588257,4.633938312530518,4.0767412185668945,4.607270240783691
143da72e0a02b101905619bbd6900385,2,1.918049693107605,1.9059289693832397,3.401434898376465,2.8557939529418945,2.2467737197875977
4988ec653aad0c9dc8ea148b2a375f59,2,3.3778674602508545,3.4131250381469727,4.183549880981445,3.9035308361053467,4.068892002105713
0f3a6a8dc3139705406da1ff3c18e854,2,3.0935428142547607,2.5936543941497803,3.961920738220215,3.9527127742767334,3.517519474029541
23f3cde548873a3fab77573afd6e7210,2,2.5442886352539062,2.543811559677124,3.7459001541137695,2.8253378868103027,3.467954158782959
67353487432728cc26790bb350e776d1,2,3.612704277038574,3.4455628395080566,4.390665054321289,4.022127628326416,4.339459419250488
786282e1b86117df1f07132220dc2996,2,2.404721736907959,2.1063032150268555,3.8015129566192627,2.4098432064056396,3.544060230255127
c4ad2dd906f474f5a057619133db96f0,2,3.5460140705108643,3.186753511428833,4.21677303314209,4.472041130065918,4.8554911613464355
bc91fd779db0752e43fa774f6c1d2082,2,3.2720916271209717,3.8777174949645996,4.726534843444824,4.430315971374512,4.509510040283203
6ab930cc887b80dbf0940aa6a5445bd9,2,3.749995231628418,3.9595227241516113,4.5044965744018555,4.547915458679199,4.790215492248535
9f36177a3a42f274bec00b372d9de414,2,3.2899246215820312,2.932011604309082,4.364782333374023,3.5681240558624268,4.182951927185059
c14f4074795ee8e4e06352d2236fd2ea,2,3.3912596702575684,3.3038594722747803,4.506538391113281,3.777884006500244,4.477633953094482
29ce67fac1cb88db0b77c3cbce21860e,2,2.626420736312866,2.7236521244049072,3.552872657775879,3.14416766166687,3.8215644359588623
c79e7f3decb9e69f7f255f87710950b0,2,3.363754987716675,3.4805235862731934,4.288552284240723,3.8937864303588867,4.074342250823975
9e78addacff24897837767907f844327,2,2.8750078678131104,3.2410759925842285,4.376081466674805,4.073724746704102,4.37322473526001
d70b70bd32d7387290f0bda7ff215931,2,3.1935606002807617,3.145106077194214,4.124677658081055,3.4645988941192627,4.266271114349365
e996b6a98fb354fc02ab94c353bc966c,2,4.271935939788818,4.243310928344727,4.589270114898682,4.768758773803711,4.975578784942627
b51380092d75e2aa33fd230e74d3e6f3,2,2.9609858989715576,2.7147181034088135,4.195376396179199,3.458838701248169,4.020069122314453
489ce72f837f0f0148e3d65b37e194e0,2,2.6453182697296143,2.6323959827423096,3.555457592010498,3.0631701946258545,3.5892841815948486
bb94d67167b9e52b695afc36b7e39510,2,2.9859201908111572,2.6984527111053467,4.075300216674805,3.6983659267425537,4.002255439758301
b8f502f912013d260c35c474825b41b5,2,1.8743617534637451,1.4898961782455444,3.284947633743286,2.9326438903808594,2.698934316635132
b6c1bddece9177fefbf3097094be1b3f,2,1.9273537397384644,1.8707170486450195,3.326831817626953,2.8356406688690186,2.5040056705474854
cfb8772c0c53778a009a19ef4295051b,2,2.870659589767456,2.8072006702423096,3.632503032684326,3.589503526687622,2.829023838043213
bcc6e7e8df9a5983468d51689473708d,2,4.17451810836792,3.7085342407226562,4.47709321975708,4.660669326782227,5.025801181793213
ac9fb6dd99beae32e21a723f1be50e6e,2,1.8528691530227661,1.8442518711090088,3.22765851020813,2.798443555831909,2.42429518699646
c35552c2ca2e003548c2d3c0e386e951,2,3.6706559658050537,3.756357192993164,4.628539562225342,4.131102085113525,4.6550703048706055
63f67667d54deed583d7c0f7c65f572b,2,3.145416498184204,3.0845956802368164,3.8818016052246094,3.7422115802764893,4.512123107910156
75e6110a741c4c057ebc105947b583dd,2,3.660600185394287,3.698559045791626,4.472182273864746,3.8593969345092773,4.207727909088135
d7e8e9463d95d804c15864479223b0e5,2,1.6935032606124878,1.7181514501571655,3.0698435306549072,2.9555976390838623,2.2683162689208984
669ff687212963874b005ecfa810d92c,2,2.558678150177002,2.4930617809295654,3.9110679626464844,2.885315418243408,3.8661391735076904
7d0ae59591c78f1600563416732aa62e,2,2.598569631576538,2.5466620922088623,3.566173791885376,3.409520387649536,2.851654529571533
822660ceff29ba6c4d8adfdee8f00446,2,3.249501943588257,3.291027784347534,4.131313323974609,3.6277759075164795,4.262289047241211
51f8f74078dc421c507e96bc7b6c998e,2,2.5019216537475586,2.2417492866516113,4.123384952545166,2.3260116577148438,4.151110649108887
187d212f42e1a9e0467bec23af8cef7c,2,3.21297550201416,2.572627067565918,3.887443780899048,3.9471817016601562,4.112313747406006
7555e571ba5e6952652c8e322a2eccb5,2,2.8904941082000732,2.825899362564087,3.996934652328491,3.249530076980591,4.049685001373291
a6509bcb61839ec2326f281f26c95bfa,2,4.1159257888793945,4.177369117736816,4.500563621520996,4.897836208343506,4.88841438293457
b024372ae320d3fb7b50fd296411d0ae,2,3.553927183151245,3.4577364921569824,4.141223907470703,3.8439319133758545,4.562533855438232
1ffa684979cd749e2a7ae34efb653f38,2,3.3857340812683105,3.159719228744507,4.151237487792969,3.9380342960357666,4.248157978057861
15996c9144926a9d5d648a853d6308e7,2,2.530496597290039,1.9615838527679443,3.699003219604492,3.814016580581665,3.7963831424713135
7616fb1309620191e96a3113e488042f,2,3.9959425926208496,4.054945945739746,4.5060906410217285,4.774012565612793,4.786442756652832
48fa3e6d2f9ce7370481dceb9cc30541,2,2.276540756225586,2.349027156829834,3.204561233520508,2.797640562057495,2.1132898330688477
c684266651a6525071f7db565b397e32,2,2.6290314197540283,2.0096042156219482,3.779500961303711,3.7818613052368164,3.967916965484619
aa27e09fcc74ef5b93e9c772d720251d,2,2.4055089950561523,2.188739538192749,3.8255858421325684,3.1658129692077637,3.461477518081665
47a20e54534811b13afcc5271ef04c8a,2,2.7108571529388428,2.2884297370910645,3.7960128784179688,3.6051430702209473,3.4611382484436035
c465027c85aa29de37610e85c8211532,2,2.083674669265747,2.322995662689209,3.162257671356201,2.676534414291382,2.0943479537963867
bed041d51e2cc52cf1466c2e00a8aa4d,2,3.494860887527466,3.405404567718506,4.53170108795166,4.0438008308410645,4.491971492767334
aae6ad041d734ce196adf380cd3217f2,2,3.635128974914551,3.4970550537109375,4.376457214355469,4.462918281555176,4.716890811920166
5feab26f9195c9e31f04cf09c27f2286,2,3.6002912521362305,3.769763708114624,4.5775017738342285,4.038377285003662,4.709639072418213
0e5e8511973566fd68a41d978e0185f0,2,3.3466310501098633,2.911442518234253,4.161211967468262,3.773374080657959,4.227801322937012
fe84264404e58d808a8008cb4bb44a78,2,3.0531437397003174,2.8826100826263428,4.163640975952148,3.791891098022461,4.031657695770264
aa7c028df8014d7f8a01da85e7927855,2,3.2424328327178955,3.3374786376953125,4.104823589324951,4.088961601257324,4.339318752288818
a4bf3b10ded3018cc4e09325034df71f,2,2.9408962726593018,3.057100772857666,3.674924373626709,3.4331820011138916,4.264347076416016
447dcd13e9a202d507e8180ddb4c4773,2,3.1727309226989746,3.1346116065979004,3.735827684402466,3.9286506175994873,4.018037796020508
1258eccc5431635e87dc07da3fcbc4d2,2,2.2140984535217285,2.1746888160705566,3.9532909393310547,3.2533411979675293,2.8733434677124023
59231b24dec3294155115bdffe028aee,2,2.305661678314209,2.2885258197784424,3.628631114959717,3.3158626556396484,2.8763537406921387
1f1a026e35d882c3e7d814d144dd5693,2,2.952334403991699,2.7132651805877686,3.754608631134033,3.863067388534546,3.945014238357544
f70bd99e83fa72f9e3b65f76c017c6e5,2,3.272991418838501,3.2301034927368164,4.184720516204834,3.7186224460601807,4.036584854125977
c3f39a2a7da08c021c153f8f68883040,2,2.021127462387085,1.9867794513702393,3.6331799030303955,2.7157340049743652,2.454519271850586
805a5c62baf2e0ec895bb2cf25480f32,2,3.977590560913086,4.02033805847168,4.449805736541748,4.6379852294921875,4.735801696777344
6804f4ee917b014f3ab8bf95102e56fd,2,2.943373441696167,2.8090097904205322,3.9509785175323486,3.387885808944702,3.841940402984619
d8885ca59741525f325e375938ae39e4,2,2.819467067718506,2.590446710586548,3.8247933387756348,3.566239595413208,3.227132797241211
6eacc834f7ef22f7482889543cace94f,2,2.8289151191711426,2.087533473968506,3.998063802719116,4.135163307189941,3.9760546684265137
5df6adeaea76130b8783abf6903a599a,2,2.767874002456665,1.9993499517440796,3.8600690364837646,4.133527755737305,4.094640254974365
2f99ec7868fe172dcbcdca16ab2b3ea7,2,3.1025583744049072,3.346952438354492,4.184576511383057,4.027451038360596,4.355977535247803
dfa287f8334752ce534290a313677b9e,2,2.9097554683685303,2.771432638168335,4.182686805725098,3.421444892883301,3.9537744522094727
b267b340db5079774402847ec357359c,2,3.029111623764038,2.8407816886901855,3.9454026222229004,3.6570076942443848,4.092200756072998
4850df2d5a4515b564da8bc39fe836de,2,1.968706727027893,1.8379275798797607,3.367234230041504,2.93916654586792,2.4090209007263184
16496776b895d69f2dbff49e8c1fe1d5,2,2.791750431060791,2.8040988445281982,4.031833648681641,3.277785301208496,4.034603595733643
677f8241cc80cdb4504607d490c6d81a,2,2.6736550331115723,2.3395328521728516,3.81156849861145,3.4204111099243164,3.402142286300659
53c459799d1a1767aea1072749acb711,2,3.0668110847473145,2.7491095066070557,3.940368413925171,3.851118564605713,4.138914108276367
85bf979242359b9e19c0f1c5e1c49897,2,2.187344551086426,2.103761672973633,3.9206502437591553,1.957404613494873,4.039210796356201
08143842ee23a5f38bbdf3c9107eb2b8,2,3.3005154132843018,3.0947577953338623,4.181982517242432,3.4137699604034424,4.246923446655273
6ff02029277b9f90ccd296f6250d0b3c,2,2.694085121154785,2.6293301582336426,3.882444143295288,3.3016085624694824,3.927852153778076
732759c529df19f44e080fd0c447db42,2,1.6549965143203735,1.0986286401748657,2.9928178787231445,2.9545462131500244,2.5802979469299316
96fe7974864d103235e83e4aa4c45d4c,2,2.987248659133911,2.779935836791992,4.092648029327393,3.424962043762207,3.9723050594329834
c977eb1720ec3d832c5cff6ebc4af147,2,2.9325671195983887,3.205066204071045,4.481726169586182,4.060328960418701,4.042014122009277
f4d5c68e1037099852b308f338e41e73,2,3.806763172149658,3.4729998111724854,4.243890285491943,4.439563274383545,4.891104698181152
b40c230dc5da8caa69305ebc9de8a476,2,2.9004600048065186,2.40242862701416,3.885833978652954,3.570673704147339,3.607628107070923
ed477b3531b538f4b4febedd321d9609,2,3.1330296993255615,3.076929807662964,3.8863041400909424,3.607515811920166,4.520221710205078
6ff5a10d7c66700b2b7796c989f7e10c,2,2.4080090522766113,2.027874231338501,3.7983951568603516,3.0193870067596436,3.6695659160614014
1327109dc7da03fa511ad265ae4e5520,2,2.2693395614624023,1.5803357362747192,3.719291925430298,2.8622775077819824,2.9820632934570312
7f4b7a3d962d553dbc032759e964fad8,2,3.2512271404266357,3.2013235092163086,4.112349987030029,4.33199405670166,4.092035293579102
cf93c7a52fef82ebd59ae2032517acdf,2,2.882094621658325,3.650999069213867,4.465606689453125,4.577068328857422,4.220763683319092
f38acd5c502bfb134ae708dcedad3663,2,1.918842077255249,1.8148874044418335,3.291853666305542,2.6960153579711914,2.780168056488037
19cb104246242d70a0ede58d6dad2b5f,2,1.8782567977905273,1.805787205696106,3.248277187347412,2.5668442249298096,2.3833205699920654
be89a228e466e229ef02262216ed4efa,2,2.667646884918213,2.50398325920105,3.8893282413482666,3.2102603912353516,3.9215474128723145
9f093f03a7cc17138ebd97f862dc700c,2,2.6931867599487305,2.669062376022339,3.919853687286377,3.2704849243164062,3.6901888847351074
829954cf737059bb84620e1346b60b21,2,3.156754493713379,2.5128962993621826,4.1595048904418945,3.9638853073120117,3.9194865226745605
9abe1dc7216ad40bc0369ea603e2ebb6,2,3.1076462268829346,2.802642345428467,4.058366775512695,3.8280751705169678,3.8177011013031006
9d0e140bf31378445395bc413c955469,2,3.2667644023895264,3.5348806381225586,4.153757095336914,3.7925198078155518,4.008395671844482
317989517c757cda18cd2fbceb9b3148,2,3.3908071517944336,2.912830352783203,4.400199890136719,3.6171517372131348,4.330327033996582
50f054e96f82e3f8f8f0e02c521541ff,2,3.6927428245544434,3.4257235527038574,4.120156764984131,4.2544403076171875,4.782426357269287
e126a0d7f8a328259211933774745bd2,2,2.969527244567871,2.59401273727417,4.088779926300049,3.8502678871154785,3.810633659362793
f6167b83f56347ec606cfbcdc99f6b73,2,3.256118059158325,3.0761234760284424,4.042713165283203,3.6613974571228027,4.136606216430664
bb894f9362df8fd62723821cbaeca474,2,3.4081814289093018,3.356111764907837,4.052383899688721,3.5303053855895996,4.295827388763428
e25d63c3b15699b66f441e4d11d521c3,2,3.2399513721466064,3.3440628051757812,4.280311107635498,3.764115810394287,4.075343608856201
081f33c568788940fa1016c18906d6ea,2,2.850728988647461,2.3691318035125732,4.038260459899902,3.2660973072052,3.690704345703125
be1a91cc108f24d385edaefca7e737ab,2,2.2451281547546387,2.017122983932495,3.838266611099243,2.8522772789001465,3.006082773208618
22931f54239d7e053d14d2dcbcd26b8c,2,2.321406364440918,2.023885726928711,3.70715069770813,3.009232997894287,2.98653244972229
fb51facdd45289b19cf4426caaf8afe4,2,1.3256149291992188,1.46281099319458,2.699923515319824,2.242581367492676,1.8135294914245605
2515badda44187eb2df1df19c27ad2e7,2,3.5525362491607666,3.275613784790039,4.226833343505859,3.7127232551574707,4.339102745056152
366fbfb81c521915805d4407e9f65bd6,2,3.6309711933135986,3.5190415382385254,4.679233074188232,3.758589029312134,4.501627445220947
8a2542f20c793b099cc056562dfba406,2,3.6536104679107666,3.573526620864868,4.383730411529541,4.370209693908691,4.7443132400512695
2fa706fc5ea086359bebc28a4eeeb265,2,3.7992358207702637,3.519981861114502,4.339250564575195,4.384469985961914,4.8986101150512695
18306efc6f35f8a8c1eecd7dc88d450b,2,2.5705769062042236,2.6112632751464844,3.3502280712127686,2.595421314239502,3.5607426166534424
4bea4c0b907acb687635418814dfe92c,2,3.395294427871704,2.4957778453826904,4.309824466705322,3.944026231765747,4.140259742736816
03fb10fdfc62247dad4c5e23f8acd23b,2,3.202566146850586,2.646357536315918,4.337767601013184,3.5639727115631104,4.104062557220459
dd6a57a410ead443955daf7ad58094ea,2,2.66976261138916,2.831138849258423,3.736114501953125,3.3543715476989746,3.511320114135742
a9295eb69f3a40551332b249157222f2,2,2.8852181434631348,3.4952125549316406,4.529613018035889,4.453638076782227,4.052577018737793
fb55d51f2f3fdbbb8f550a09b2576501,2,2.5524230003356934,2.138216018676758,3.7255091667175293,3.3901407718658447,4.031496047973633
2556cc84fa7376216fed77928bc4b73a,2,2.069516181945801,1.7054705619812012,3.4600424766540527,2.8595070838928223,2.6110339164733887
f9708630ca82b0d2cc832bd34d7f616d,2,3.2149674892425537,3.2845513820648193,3.9763855934143066,4.199925422668457,4.306523323059082
1f9af5ae0a4f6879238a880ebb0b2972,2,3.152674436569214,2.934749126434326,4.101798057556152,3.488637924194336,4.271521091461182
e720774bae2047a4aac3338ec4828800,2,2.9791460037231445,2.2795472145080566,3.9353015422821045,3.6662962436676025,4.160015106201172
fc2c742ac03bfede1681e47d493c10d0,2,4.0122575759887695,3.8282148838043213,4.463894844055176,4.714425563812256,4.990019798278809
c2e68253669616f684b8105b02f9cce8,2,3.303544521331787,3.436461925506592,4.21466064453125,3.802449941635132,4.130749702453613
edb20acaa5870f4cddd44f762a312d12,2,1.678910732269287,1.7612309455871582,3.26271915435791,2.404397487640381,2.3614630699157715
1904d02146a19d457f315b73af1a17c7,2,2.5028254985809326,2.299826145172119,3.7865447998046875,3.346130609512329,3.3893675804138184
628610247bcaedb2d5b478c8ffcb454b,2,2.825817108154297,2.5505897998809814,3.9102213382720947,2.8939003944396973,3.544034957885742
e2a97ab9e6e39ab96011b1bc96006cb7,2,3.355849027633667,2.8661344051361084,4.253678798675537,3.7123687267303467,4.4178266525268555
c5d99c34099703c97b4e347d3754b7ac,2,3.476576089859009,3.3808507919311523,4.487191677093506,4.1224164962768555,4.5872039794921875
b0a687a0fbd5cdc6845af980209d63b9,2,2.8101918697357178,2.790268659591675,3.982252597808838,3.1857190132141113,3.822450876235962
901ed303d413d2b2e7a3b128171f38fe,2,3.4475274085998535,3.1578335762023926,4.261520862579346,3.8857016563415527,4.354260444641113
992ca4a1166074ffb4686247cdbb0993,2,3.2400474548339844,3.2138891220092773,4.381988048553467,3.605780601501465,3.930215835571289
6135406210b094ba87322f01e6265ab2,2,2.6385445594787598,2.828871011734009,3.9315006732940674,3.221442699432373,3.876458168029785
50ad5c2fcc0ec5630bd05776a0b33319,2,1.7322660684585571,2.011359214782715,3.3187971115112305,2.6151347160339355,2.3995461463928223
caa9103aca071bb4b843f043b1abe58b,2,2.749455690383911,2.693007230758667,3.6303353309631348,3.354977607727051,2.5790233612060547
2f2169142c39afbab1f64ac623bbe2ff,2,2.494744062423706,2.716578722000122,3.7481539249420166,2.942713975906372,3.5348801612854004
a1f44dcd4ec91103528af14d19ce5069,2,2.5109052658081055,2.463651657104492,3.926398992538452,3.0338356494903564,3.570988416671753
9b24628867178afb425ffcceb2da4041,2,2.9303524494171143,2.804159164428711,3.9800126552581787,3.327481746673584,4.021571636199951
b24a1e1a89b2d04fcd1a124e76d345b4,2,3.973857879638672,2.7870047092437744,4.533421993255615,4.807794094085693,4.771386623382568
19cc7cb03541b674f105353177519608,2,2.215047597885132,1.582850694656372,3.654543161392212,2.3428826332092285,3.165330410003662
a3c6a5d2aec2b52243eb4659bb3ba566,2,2.9463722705841064,3.0466983318328857,3.840477228164673,3.365607976913452,3.9284262657165527
7499ba3852d7baffd2647252ba894709,2,2.977511167526245,2.544548511505127,4.178197860717773,3.554741621017456,3.904024362564087
605ccd32271920dece0403ac1d1f79c2,2,3.5688648223876953,3.433145761489868,4.321475028991699,4.397587299346924,4.594656944274902
54240143c203943162e43fc280c0614d,2,3.642634391784668,3.334918737411499,4.493691444396973,3.6817734241485596,4.444737434387207
561e9d251882f55318eca43ac450ad31,2,2.9475224018096924,3.158025026321411,3.8920822143554688,3.498868465423584,4.191284656524658
364f26bb88750d073b1d323da0667faa,2,3.113964796066284,3.0512330532073975,4.082754611968994,3.4871416091918945,4.239049911499023
fb647cad0a6b28999b4d0c6bbaf2a99f,2,3.4134836196899414,3.4764633178710938,4.237610816955566,3.9754669666290283,4.548797130584717
278cc043269e6790a8cb41cc680f867d,2,3.437856674194336,3.456467628479004,4.228460311889648,3.7834224700927734,4.17705774307251
6000ed4594bc2ea54e0ff6f21c4a37f0,2,3.0366218090057373,2.747530937194824,4.016273021697998,3.516841411590576,3.9393815994262695
f926004ed7cfefc321df61907ce324e6,2,3.638577699661255,3.837374210357666,4.647836685180664,4.2528581619262695,4.771679401397705
b1c429bedd7362b51b9c98e1974690e4,2,2.9622533321380615,2.5792524814605713,3.9198431968688965,3.783165693283081,4.113707542419434
f633e65e6a3deb68eed82d68118141c1,2,2.005054235458374,1.7728580236434937,3.494084119796753,2.4669837951660156,3.0355467796325684
d61e0e9cd8269a08d73f2699fcedc6bf,2,3.5096192359924316,3.106626033782959,4.216472148895264,4.191471576690674,3.6869897842407227
6525dd825018694f35bffd5ad711a9e5,2,2.9780936241149902,3.073211669921875,3.772672176361084,3.3450095653533936,4.272759914398193
ac4d6c9161cce9300d6dbc24aef0de5a,2,3.9094200134277344,3.710740804672241,4.420068740844727,4.679909706115723,4.908915042877197
4962981b56d0cdfee4444151e9569161,2,2.1850180625915527,1.5424113273620605,3.547823667526245,2.410266637802124,3.0083091259002686
b8ff171d55934470c7f4cfbc62a0d89a,2,1.6817361116409302,1.4561916589736938,3.414564847946167,3.0752205848693848,2.7379884719848633
dca9df560a44217b6a0f30ed727d39ec,2,3.0104870796203613,3.206657648086548,3.8902664184570312,3.6240086555480957,4.1277971267700195
70f44f1bfbef8593e28325548d36a565,2,2.2627835273742676,1.9851223230361938,3.849336624145508,3.4351489543914795,3.074113368988037
e5beac375b93de00782ef152e86348f4,2,3.123641014099121,3.225067138671875,4.010837078094482,3.7024497985839844,4.168698310852051
dd2e65faa2e64d69386caf22400c52bd,2,3.30879807472229,3.236553192138672,4.077942848205566,4.195579528808594,4.228728294372559
e91dbecf375b0ea9ccfe12f77b5afca7,2,2.938573122024536,2.860557794570923,4.062595367431641,3.4040534496307373,3.9901349544525146
56d5667d2973eee0250da963e1e3b030,2,2.5230069160461426,2.1515445709228516,3.9515633583068848,3.1440203189849854,3.07301664352417
206864cefe2341868e3b9848f16ede3a,2,2.6249802112579346,2.3206534385681152,3.876183032989502,3.4491524696350098,3.444223642349243
8c9b0a852ae75c8cb28203d42429c946,2,3.105724334716797,3.0677144527435303,4.278255462646484,3.506293296813965,4.078520774841309
85f4d670473c4b0d8b9966a1320cc9cd,2,3.3432929515838623,3.2384371757507324,3.940547466278076,3.9630730152130127,4.628241539001465
3e6c08e8c5e57ce55f952e6083aefad9,2,3.270493268966675,3.166327953338623,4.143063068389893,3.62117338180542,4.251667499542236
1a9d40380c63973a22cb654b8afae6bc,2,2.828486680984497,2.1930992603302,3.885593891143799,3.433988571166992,3.9371578693389893
653f086a11d94b230f00f45d91cfc4a1,2,3.0343499183654785,3.125258445739746,3.7258405685424805,3.7972092628479004,4.154059886932373
66dde19f54153a535f67d29f0e005e2a,2,2.988900661468506,3.0884881019592285,3.826216459274292,3.3112123012542725,4.334790229797363
19b9df2c9a7313a667988dec8e4124c4,2,2.869356393814087,2.3296422958374023,3.9358713626861572,3.325023889541626,3.986461639404297
0123bb8fdd9a38c7fbbec5528a05b6bc,2,2.5120387077331543,2.55472993850708,3.488652229309082,3.130890130996704,4.001002788543701
da01d77ee93007b879a5fcc3f61d3f95,2,2.1553122997283936,1.8862355947494507,3.7885844707489014,3.0464208126068115,2.677611827850342
d5ecefac96c6047bab166be70e1e9e4c,2,1.1688989400863647,1.143202781677246,2.5238471031188965,1.3406920433044434,1.5058586597442627
04ac996d05f16c8faaf80982567451d4,2,3.05863356590271,2.9612371921539307,3.994229555130005,3.60659122467041,3.765669345855713
756849083b54470a23c2bc9f32fc2127,2,3.233502149581909,3.1576449871063232,4.00748872756958,3.9162790775299072,3.941249370574951
2b3daccc496ab3ae693659b25493dccc,2,2.944246292114258,2.60968017578125,3.8720574378967285,3.772047758102417,3.6261801719665527
2f3acf0b19e9b19db652414ae6858837,2,2.407432794570923,2.1490917205810547,3.868777275085449,2.963935613632202,3.762651205062866
20a8240bf98f809c4d7c6d27ed05284c,2,3.2130589485168457,3.0913374423980713,4.238464832305908,3.694063425064087,3.9756224155426025
70412a1699ab32bbb437bb7b327c18ad,2,3.1804754734039307,2.960916042327881,3.957918643951416,3.7103326320648193,4.085289001464844
d9d2a4bafbefe030294a101492346868,2,2.6589927673339844,2.2822742462158203,3.7451534271240234,3.501377820968628,3.329446792602539
5e200ed840228006252472e951db01ba,2,3.041792154312134,2.9173386096954346,4.1080756187438965,3.3790535926818848,4.133150100708008
e64b97e182f12a7eca10a8fac7f1195e,2,2.9166605472564697,2.6172308921813965,3.7918825149536133,3.3495900630950928,2.9897758960723877
e7026a26de691a3ffc8efcb17d97d427,2,2.7596864700317383,3.1090497970581055,4.207082748413086,4.0637383460998535,3.813450813293457
38c6393c3ac376d236ba20178c5b69a1,2,2.958834648132324,3.062795877456665,3.6918067932128906,3.3923046588897705,4.3130950927734375
c1a90c7f62cf255d166edd491572437b,2,3.0864217281341553,3.2476208209991455,4.241523265838623,4.026992321014404,4.221645355224609
6dc00e12cd20c56491e0257599d535ed,2,3.2368216514587402,2.6944925785064697,4.062693119049072,3.6848700046539307,3.886988401412964
75d892ce87fdc10fe5a6b8619a892334,2,2.317930221557617,1.7451963424682617,3.727167844772339,3.010007381439209,3.0623984336853027
5932690a3e2a8abc4074b2cf0e02b2cb,2,2.4131577014923096,1.9394054412841797,3.698338031768799,3.0573763847351074,3.6864094734191895
aa897061099326a66b322ba2c1675c93,2,3.9396886825561523,3.8242485523223877,4.542479515075684,4.94134521484375,4.91671085357666
4dc804a4345bd0b268aedb48bda68aa5,2,2.80556321144104,2.584871292114258,3.8135159015655518,3.0487098693847656,3.7999160289764404
f38262857ff1f3e7d72a7525f0a03277,2,3.148399591445923,2.4607691764831543,3.902419090270996,3.3220512866973877,3.837630033493042
99a76e3eb85e74b9841871521c099d03,2,2.448512077331543,3.1322121620178223,3.974424123764038,3.9118220806121826,3.6027846336364746
5b3c0bce4ecf0c57cfde4df2901ebc4b,2,2.4115307331085205,2.1786155700683594,3.6947994232177734,2.944847345352173,3.6923348903656006
3536cf3e2d18c7cfb6b8df7f10ec1651,2,3.2639758586883545,3.4621856212615967,4.153391361236572,3.507502317428589,4.308510780334473
63e70fb3c43e78352c030a6a3810543f,2,3.130030632019043,3.1333699226379395,3.906214714050293,3.5902740955352783,4.026885032653809
f93367083106c9ef7a5b5feea7bf5939,2,2.5777223110198975,2.225872278213501,3.7036211490631104,3.4472010135650635,3.2906458377838135
a5f62a1e30bebba272756011d89e6c94,2,3.1454832553863525,2.711610794067383,3.8317530155181885,3.9175140857696533,3.5465407371520996
2c69608047e0572dd955d5f16585da0d,2,3.3910136222839355,2.892296552658081,4.260555267333984,3.9782917499542236,4.255215167999268
5fb48dda72cce31dfa21dcf0b2922b83,2,2.7154645919799805,2.2558999061584473,3.90761399269104,3.0370640754699707,3.8648993968963623
82a68741458358d2f69814ddf236982b,2,2.241922378540039,2.180838108062744,3.399524688720703,3.486046314239502,2.862753391265869
c55935cca1258c4eb6006ec6418df765,2,3.4698245525360107,3.376126766204834,4.5017924308776855,4.02195405960083,4.530324459075928
0457e6da74d2cc8618ec87a808fc018a,2,1.9462920427322388,1.7966166734695435,3.180129289627075,2.7899839878082275,2.3548641204833984
03bac602a3b8cf3027fcce63cb62a381,2,2.644076347351074,1.9650304317474365,3.867119789123535,3.2356622219085693,3.4074063301086426
fec27e9f4372f106b98f44added79f2c,2,2.784363031387329,2.5139524936676025,3.9453179836273193,2.881999969482422,3.6298413276672363
6839276f359ef085bea2e7013881e7e4,2,3.7756056785583496,3.483044385910034,4.167839050292969,4.375306129455566,4.860418796539307
b2255750e0925e319fbf6240c5fbdfa3,2,2.895087957382202,2.1854753494262695,4.112611770629883,3.5624825954437256,3.8179147243499756
7d633afec9f74fe53455b06aa27b8be8,2,2.7652087211608887,2.7683870792388916,3.7557716369628906,3.3277008533477783,4.076509475708008
dbf53f58ea19901c5cb185371cb1d84e,2,3.073992967605591,2.5406906604766846,4.03307580947876,3.6100263595581055,3.797640085220337
f77441af1eb9b122ebed257d81aa8bcd,2,2.240469217300415,1.9570072889328003,3.7370071411132812,2.256718635559082,3.653069496154785
5a92e7069bcdf5d63530a87a23df936d,2,3.4517266750335693,3.4382388591766357,4.324305534362793,3.823206901550293,4.11224365234375
c688596f80570da41f7be10e9dec2299,2,2.281834602355957,2.245795726776123,3.684004306793213,3.1584296226501465,2.62308931350708
cc691b4c2e8d61536d4ca65466b38981,2,3.00701904296875,2.8869335651397705,4.175536632537842,3.2829506397247314,4.127385139465332
83cb4a10605c12a19fdc7a74eee557be,2,2.813585042953491,2.4888880252838135,3.832573652267456,3.535480499267578,3.48470401763916
b97406c36fe88c1fd6d3fb15c7db1c32,2,3.1673176288604736,3.1647775173187256,3.785374641418457,3.9696133136749268,4.182114601135254
e6f820ce126cf0e26d298c15a687f09c,2,2.7914040088653564,2.710635185241699,3.6028645038604736,3.5436863899230957,3.7192442417144775
6999d041d727f99d754a0e88b6f675eb,2,2.9689242839813232,2.865023136138916,4.000664710998535,3.3840878009796143,4.065707683563232
ef710dad94665a6f179c9ce882098cc6,2,3.016954183578491,2.827704429626465,4.045847415924072,3.3617665767669678,4.130199432373047
86315c9325cc613f3791c3e9a2383583,2,2.5764684677124023,2.4484188556671143,3.9429821968078613,2.960186719894409,3.890470266342163
b8db5a1e3095700f78674d2224e5de13,2,2.6801223754882812,2.5333614349365234,3.7612314224243164,3.1574578285217285,3.421062707901001
0e1af83a667bfb5656382e61708a9256,2,2.79449200630188,2.061494827270508,3.9194955825805664,4.2879109382629395,3.950639247894287
f2830cc0686c7d31ec7fbf1959ddae7c,2,3.5509262084960938,3.5034377574920654,4.378475666046143,3.9133729934692383,4.1599040031433105
6ae5b529387d300bfbcb3da91e60dcfd,2,3.163421869277954,3.145535469055176,3.785388708114624,3.794053316116333,4.466066360473633
2b8c5748d4351355ef5f135a599f0d19,2,2.430138111114502,1.9966236352920532,3.5719687938690186,3.134758472442627,3.522374153137207
7004bddff9ba219b7130d72db2db4c9c,2,3.4236080646514893,3.20536470413208,4.249550819396973,3.837651014328003,4.268094062805176
52770e1934a1b50668bd4163b363f97f,2,2.4453957080841064,2.166074752807617,3.693046808242798,2.5824975967407227,3.7298855781555176
cc25b610c14d856abd97d05042119e59,2,3.635450839996338,3.5950024127960205,4.4632697105407715,4.040733814239502,4.375967025756836
e825372b0f94acff15f4ac07b6e0a1f7,2,3.125248670578003,2.902160167694092,3.9918582439422607,4.130740642547607,4.311684608459473
66fbb5098f71c386290aee326447d74e,2,3.357248306274414,3.3770930767059326,3.8962368965148926,4.2840447425842285,4.336119651794434
6f862fa9e4ed25168d8f41a440191ba0,2,3.0883052349090576,3.0013656616210938,4.307694911956787,3.5413124561309814,4.181644916534424
94f0aad33c45f848a79bb91ccb16389d,2,3.1050543785095215,3.0309765338897705,3.807849884033203,3.627260446548462,4.523092746734619
82aac8273dbbcd6a70725371586c4b96,2,2.6755688190460205,2.3299636840820312,3.9769246578216553,2.676378011703491,3.8847832679748535
932f8cf027305bdc6f16e86b72b3f75a,2,3.7558412551879883,3.874401092529297,4.648217678070068,4.237472057342529,4.789454460144043
9c745fc4fea8b972dadb697af9825f9a,2,1.9683903455734253,1.3626374006271362,3.579697608947754,3.178995132446289,3.2041592597961426
70465aa7ea77cb3a937d4f02218814d0,2,3.5875492095947266,3.1189026832580566,4.452404499053955,4.044214248657227,4.347429275512695
59350287e351ae30be213b536ceef1d7,2,3.613990306854248,3.5465145111083984,3.9438350200653076,4.102553367614746,4.701253414154053
dcc06da4ed1cf5212d681c0a0db7a908,2,2.9405789375305176,2.6002109050750732,4.045847415924072,3.440131902694702,3.9673879146575928
1e1c7057d24d83df34624884652c7c10,2,3.0976688861846924,2.9597840309143066,4.302579402923584,3.2612721920013428,4.146780967712402
a27ef2f2fc81671f30246b98ced674f4,2,3.177738666534424,2.6254403591156006,4.200802326202393,3.6301090717315674,3.964494228363037
8a6fe4f6157c3a1798ade716423e7ac7,2,3.768240451812744,3.8665380477905273,4.688394069671631,4.289495468139648,4.769903182983398
a23d517883f16a3f3464ed002871c70e,2,2.428387403488159,2.464301586151123,3.7454895973205566,2.96474289894104,3.494547128677368
8bed2c07c72612c877dcd72bd6a09658,2,2.7387325763702393,2.537222385406494,4.19204568862915,2.5068368911743164,4.34749698638916
f8c2840e8e3b48b4b1f06361d868dbf7,2,3.422821283340454,3.3017654418945312,4.173630237579346,4.312197208404541,4.732756614685059
77839355cdf0f4609520ae08d05f9004,2,2.477895736694336,2.6399409770965576,3.6262850761413574,3.240521192550659,3.962731122970581
9166c9eec74217a2dfdd99f53277261e,2,2.3012943267822266,2.0274746417999268,3.732186794281006,2.379560947418213,3.8223047256469727
e003edd8d1ef7aed88f036f0cccaf4be,2,3.652665853500366,3.6284408569335938,4.729604721069336,3.865176200866699,4.490758895874023
4c51d76ddbd2693ce0b598766839676e,2,3.3572134971618652,3.214702844619751,3.960833787918091,3.9488186836242676,4.603302955627441
013d17cf297c8184745b06813fb398cb,2,2.448760986328125,2.11675763130188,3.7737414836883545,3.4133830070495605,3.7353949546813965
24b46aee401ff9eda782be4ee8700c4c,2,3.2080655097961426,2.751774787902832,3.978583812713623,3.6603312492370605,3.969137191772461
9b135c7b44f65c35f5fc9cec51e493f7,2,1.4981592893600464,1.4573016166687012,3.3620054721832275,2.1749625205993652,1.7579035758972168
78b1028647375d197cde93ae44c35afb,2,2.7168684005737305,2.7700045108795166,4.065119743347168,3.2181150913238525,3.7048392295837402
0651aac87e53cbe41189769a3131c72a,2,3.3661301136016846,3.129575252532959,4.191071033477783,3.7975497245788574,4.2114129066467285
4f9a23cb77b71bd9fd219543683f8537,2,2.707643508911133,2.1537632942199707,4.07335901260376,3.160628318786621,3.832115888595581
5ffe550946d040f337ab46b83e683d6a,2,2.5279173851013184,2.1649057865142822,3.6999387741088867,3.312729835510254,3.0877225399017334
c779fe5782e8d8ff8b35b9e1bf5555e2,2,2.8285560607910156,2.754385471343994,3.6927623748779297,3.4740099906921387,4.08375358581543
380c1c7bcbe9e37411e48b8254f9c007,2,3.356210231781006,3.232944965362549,4.345988750457764,3.6407270431518555,4.1636762619018555
694bb116043f72567982cb7eb1a60142,2,1.6906185150146484,1.5289325714111328,2.9964981079101562,2.612729072570801,2.3175997734069824
e1b5862625f2c844882e5e833132fa37,2,2.9612574577331543,2.369866132736206,4.254140853881836,3.243661880493164,4.048919200897217
0f6cbdfb2a9e0b7c0b837aea30188ceb,2,2.961782217025757,2.9895501136779785,3.7711780071258545,3.189993143081665,4.353511333465576
3e8d4979251300fef8b5ea724063b73f,2,3.675872802734375,3.503124475479126,4.3351006507873535,4.449006080627441,4.692541122436523
0283affe787a5905d2b7fd2b169f003a,2,2.6093716621398926,2.2749240398406982,3.4853670597076416,3.086273670196533,2.6350173950195312
a1d376e17f3e1adff69bf3e442d8babf,2,2.4829680919647217,2.21201491355896,3.5631914138793945,3.2622883319854736,3.141681432723999
48a9f6424c9f59689f64d47aec8d8e49,2,2.948493480682373,3.0873355865478516,4.0429253578186035,3.3969316482543945,3.966460704803467
fdfca8a84927a99290fe95700e16b935,2,3.759599208831787,3.8243489265441895,4.6555962562561035,4.235018730163574,4.785850524902344
e5e3f67e4322507c04cc7edc28b56a85,2,2.937318801879883,3.2126550674438477,4.373424530029297,3.9394876956939697,3.91685152053833
90efadf65ddee0f7ca134deb868dd122,2,3.487583637237549,3.498528003692627,4.538561820983887,3.849855422973633,4.145611763000488
4b1eb71f4cf1e415f30c213aeacf25f9,2,3.7876136302948,2.9348955154418945,4.697404861450195,3.954948902130127,4.541468143463135
4b692bdb96eea6a0a73bde4e549f5e10,2,3.3854291439056396,3.206890344619751,3.977468729019165,4.130876541137695,4.548638343811035
65c0927da4f366a97fd8a8a4e31fba10,2,2.9425158500671387,3.249753952026367,4.252420902252197,3.6082794666290283,3.8837904930114746
5fb3d6ff628800cda34fdc56bc271704,2,2.6923038959503174,2.604059934616089,4.130165100097656,3.6705894470214844,3.755082607269287
557af6813703db3dc355d4935ef39bc9,2,3.5753440856933594,3.4304444789886475,4.169171333312988,4.63204288482666,4.693717002868652
798ed18589760f2b44c8c9f82360446f,2,3.3366870880126953,3.239684581756592,3.998992443084717,3.7822771072387695,4.375631332397461
a5d8884fbf926b440080c59dcef34895,2,3.1595513820648193,2.916090726852417,4.0056538581848145,3.770465850830078,3.9452836513519287
c89a6ad0709a4ca76e1f983ad4ab9dd3,2,3.609553337097168,3.5421807765960693,4.304806232452393,4.09010124206543,4.209707260131836
678e222c658134f072e34b0ef19e7244,2,3.4821529388427734,3.2465426921844482,4.5337138175964355,4.030207633972168,4.463616847991943
62ef05c2e92953be9993e235a57add3c,2,3.683126449584961,3.917891502380371,4.704235076904297,4.223050117492676,4.782106399536133
cccb3fffe3137bc14e42b4b7baa20e94,2,1.3888851404190063,1.563993215560913,3.0151004791259766,2.324018955230713,1.9033312797546387
44f879ee258525712835a1be2f4896de,2,3.455429792404175,3.6182587146759033,4.285366535186768,3.968674898147583,4.160084247589111
23fbc2225e9ed8fb548454a1e89115dd,2,3.1775238513946533,3.078108787536621,4.4210896492004395,3.4267210960388184,4.097403049468994
b3a17da8d00e244e09895317855bf0ce,2,2.3029870986938477,2.1534509658813477,3.7276511192321777,2.9849693775177,2.920811176300049
2c4fbcca00ac82ec5c142f9afb5a480b,2,3.839113712310791,4.037856578826904,4.726657390594482,4.484355926513672,4.783700466156006
bd7cf077823f5c495d8c5be7efc9e148,2,3.3848533630371094,3.315793514251709,4.570536136627197,4.163774013519287,4.5015363693237305
731e71922eb30415002949d485331c8a,2,3.0414624214172363,3.0366134643554688,3.793062448501587,3.5795066356658936,4.40230131149292
ab9ce6c28b20ac5734f0aa0b0c5ae839,2,4.068925380706787,3.9785802364349365,4.239256381988525,4.290006160736084,4.88786506652832
1ca4cf7e81a9f53c10bd7a9c041243d6,2,3.5468783378601074,2.7605183124542236,4.370467185974121,3.781843423843384,4.558760643005371
e36d9daaa91618cb33d09b54f8014993,2,3.5259640216827393,3.4998698234558105,4.405269622802734,3.967165946960449,4.227215766906738
9f5f65fca3b93b07a53a4d8e07de587c,2,3.1043903827667236,2.9160780906677246,3.7847352027893066,3.581892251968384,4.550225257873535
5d56461b03e8360cd4d7ec357291b4e5,2,3.018249988555908,2.744710922241211,3.8491668701171875,3.967839002609253,4.001760005950928
a8944fc175757a2cb97bfd5e4202e74c,2,2.920748710632324,2.328897476196289,3.8469295501708984,4.4073615074157715,4.071673393249512
3bba1e5aaad0253040104cc0d623c8ff,2,1.720888614654541,1.4763741493225098,3.1584057807922363,2.509220600128174,2.293059825897217
21a4bcccd6cc078dcaac69d23f5e8906,2,2.6618945598602295,2.758066415786743,3.4162814617156982,3.3690006732940674,3.9071905612945557
a93224a9ad1929da3aaca2658f44a174,2,3.53639554977417,3.5855541229248047,4.197078227996826,3.8802924156188965,4.436257362365723
5872f325779e5b63b666f7be3232c39a,2,3.188997268676758,3.162611484527588,4.1208343505859375,3.5042905807495117,4.293508529663086
21de4a94ba45d192ce728442a02d9451,2,3.351923942565918,3.414482593536377,4.106142520904541,4.28786563873291,4.324187278747559
b5d8e289e968d01ce06ba0e133cff360,2,2.4680871963500977,2.0328292846679688,3.7164416313171387,2.897819995880127,3.7503700256347656
86f80276c7a9c6608140d7b263ca9992,2,1.517173171043396,1.4305520057678223,3.076355218887329,2.3006033897399902,2.3164868354797363
dfdfd09f2e5d7fafb8ef087d0150144a,2,2.598068952560425,2.2649636268615723,3.4854907989501953,3.664663314819336,3.707552433013916
495f2cafe513d459139caf87779575bd,2,2.705205202102661,2.709577798843384,3.5748274326324463,3.2017061710357666,3.9910168647766113
8d11de88c65a31bd0f3c9244b3422506,2,1.7179934978485107,1.8853669166564941,3.304928779602051,2.3392982482910156,2.0330185890197754
4c2a75a9366dbae0136df086e35fd63b,2,3.308824062347412,3.241544246673584,3.976854085922241,3.845986843109131,4.666772365570068
18ed08190667137b33d4917e7301c63d,2,3.74587345123291,3.7074344158172607,4.346843719482422,4.060925483703613,4.2395853996276855
519dc54342c58b547e1a79b427f0cc05,2,2.2704131603240967,2.1830556392669678,3.4862875938415527,3.4417459964752197,2.856703996658325
46d1ca1954d5809f6a223f7dda45a77c,2,3.6262741088867188,3.765190839767456,4.630471229553223,4.132908344268799,4.652846813201904
615d63cd6b44a46bd62f05d0fccc48fc,2,3.0726170539855957,2.3538122177124023,3.97169828414917,3.8367180824279785,3.7500178813934326
bbde81ee98f7603cddec5795389b8787,2,2.1151766777038574,2.2221693992614746,3.6225714683532715,3.0110788345336914,2.6057162284851074
3aeb2ade140f01cd61962d0ca8e26a17,2,3.3465280532836914,3.2142341136932373,4.013626575469971,3.9317216873168945,4.637275218963623
292e8b6dd1dde852b71c8c2492101f6d,2,3.029758930206299,2.5351054668426514,3.982154130935669,4.466595649719238,4.136120796203613
e6386870f1b522f575e57a9c94f39f83,2,2.3192052841186523,2.0313453674316406,3.9177958965301514,2.502916097640991,3.9715123176574707
6aeda157f1c7ff6787a576776fabb2ff,2,2.6124014854431152,2.1435866355895996,4.011911869049072,3.356731653213501,3.457197904586792
4a81442e430897f8f5e8985c6588a624,2,3.610670566558838,2.9627413749694824,4.886613845825195,3.8366200923919678,4.770009517669678
e85486d45c4453bcbf6237c4678d65d8,2,2.490109920501709,2.604285478591919,3.5012755393981934,3.09840989112854,3.7610971927642822
4ed5fe191b0dbb1801c09b512bf721fa,2,3.570796251296997,3.409531593322754,4.646799087524414,3.821106433868408,4.524735450744629
32c7237d85bf1bbefc315991608a56a5,2,2.844306707382202,2.4757795333862305,4.023501396179199,3.777418375015259,4.118439674377441
9ed27c0aa219ae1758c775f9e0e77e9f,2,2.6755011081695557,2.0162389278411865,3.7485971450805664,3.4775514602661133,3.1680593490600586
f3b17b9ea2253f09038e2730baf81b8b,2,2.2628841400146484,1.8430812358856201,3.689438581466675,2.841825485229492,3.493696689605713
9ef555d605be22d83889ad0fb58e196e,2,3.5456008911132812,3.318047523498535,4.598969459533691,4.165149211883545,4.5037970542907715
cee8b1000024c7f4e678a44bc2bd5637,2,4.299482822418213,4.136500358581543,4.454666614532471,4.806026458740234,4.929210662841797
ce3ba54be6984c30a7bd345f25acd794,2,3.836815357208252,4.145140647888184,4.406520366668701,4.603989124298096,4.699028491973877
e4301735460acdab7d884b73131cb6b9,2,3.2575230598449707,3.3874197006225586,4.071067810058594,4.483348369598389,4.410946846008301
d77115f0716ee81d68dac11f902d31e7,2,2.439408302307129,2.1251163482666016,3.673957109451294,3.3182384967803955,3.77187180519104
b79e0767d42bda9ececbde84e85420f5,2,2.3630239963531494,2.5986196994781494,3.5134739875793457,2.8475215435028076,3.7337441444396973
e6436cddfc41cadd21feb325be006378,2,2.9134910106658936,2.7082996368408203,3.825791358947754,3.532331943511963,2.916882038116455
df97d49c1d186ad9b5fa5ee6a1686618,2,3.583284854888916,3.455658435821533,4.695683479309082,3.8222875595092773,4.51473331451416
c8530908dd4ff77eed92ecd39c5a5ba6,2,3.105712652206421,2.3942604064941406,3.8362927436828613,4.0808587074279785,4.212294578552246
6cd90cea26dabcd4697edd561f678081,2,2.6363651752471924,2.1386489868164062,3.663959264755249,3.0817041397094727,3.7935967445373535
b46f127ca943ceb36f8dd97d2d1c38ee,2,3.192761182785034,2.5417301654815674,4.118385314941406,3.744040012359619,4.223108768463135
25da967f04bb97275b11f6ececa4c90a,2,3.7585904598236084,3.8660969734191895,4.691826343536377,4.357729434967041,4.811546325683594
d1cc9ec71ef317f996f33e36122cba12,2,2.1946682929992676,1.7616803646087646,3.7414534091949463,2.8057262897491455,3.1097023487091064
c51c6a23804256845cc6c044098f4c97,2,2.7848715782165527,2.358966827392578,3.7935688495635986,3.5418059825897217,3.8985157012939453
86a5e406ce2a91afdfe0880db785b956,2,3.1218016147613525,2.928711414337158,4.193371295928955,3.4531097412109375,4.071107387542725
e1ebfff6b7763257e6b5dfb129959df0,2,3.3852148056030273,3.449288845062256,4.141923904418945,3.97304105758667,4.052272796630859
df84b420743fe52a7d504ba24a821953,2,1.5609476566314697,1.6954703330993652,3.386791229248047,2.5688891410827637,1.891432523727417
a241c2ccfd19271166edb6795c81d697,2,2.0951037406921387,1.8054993152618408,3.6785616874694824,2.032927989959717,3.2979049682617188
45c3dc43fb89319c06ae5dd91dbd390e,2,3.677548885345459,3.611875295639038,4.421102046966553,4.332015514373779,4.779409408569336
cf215de30b3e1b605b4f2b5491188e7f,2,3.482240915298462,3.2282283306121826,4.457499980926514,3.711066722869873,4.334478855133057
90231361e4a79f8bd1b525e5a2f76ba3,2,3.5608363151550293,3.447639226913452,4.325852870941162,4.343800067901611,4.560180187225342
d811ce45bc7465926bbb41c8e410dc1a,2,1.496249794960022,1.4703614711761475,3.3434386253356934,2.3153600692749023,2.2469582557678223
e8ea023e49f7bb213576fc91c603fb1b,2,3.4042727947235107,3.4489903450012207,4.227137088775635,3.7521140575408936,3.964101791381836
8920866236b11cb4c68f0c9c92057d0d,2,2.1410584449768066,2.047351598739624,3.5057802200317383,3.5567469596862793,2.8879220485687256
ef4c3c7b9ca00b7391040e491c576198,2,2.1088552474975586,1.9495412111282349,3.248561143875122,3.1294379234313965,2.572958469390869
fbf69a4049a8050fb8b824bfd648a761,2,2.929039478302002,2.9591867923736572,3.9692747592926025,3.336975336074829,4.115423679351807
11a4ada47f7d998893249273137e555c,2,2.815439224243164,2.910273551940918,4.0631818771362305,3.218228340148926,4.103677749633789
1fc5b8f32bd57c75cbc7c475fa552267,2,3.2806332111358643,3.3083670139312744,4.557402610778809,3.461123466491699,4.243856906890869
bd68dc4a7d43b449c0f4c9fc979c7502,2,3.4906818866729736,2.6543500423431396,4.387906074523926,3.8765838146209717,4.553989410400391
f1948c9cc9107f4cff563c8228a4ae35,2,3.490675687789917,3.2393243312835693,4.489063262939453,3.6771974563598633,4.427707195281982
7684102d2d4f7d03f65e77f05c122518,2,2.8309121131896973,2.6407785415649414,4.007962703704834,3.615957498550415,3.401695728302002
cac72682098ed60310e1cfd9585d4467,2,2.0378258228302,2.085702657699585,3.2563962936401367,2.6335432529449463,2.14620304107666
45e607b08a79622f2ea853bf77e9efdd,2,3.503194570541382,3.4669926166534424,4.423799514770508,3.8298277854919434,4.203742980957031
ffd0f2564249e19eec786f3cf5a21b10,2,2.8744723796844482,3.2179696559906006,4.219788074493408,3.6507678031921387,3.9616708755493164
d8b3fd84688839226b3e7d415cca5f66,2,2.838012218475342,2.68053936958313,4.138230800628662,3.695645332336426,4.140798568725586
332ada000989740dcd794989f294765d,2,3.7602789402008057,3.958521842956543,4.761876106262207,4.141087532043457,4.56621789932251
7f0a70fcbe85af9b30f90ad76ed68981,2,3.525761127471924,3.604865789413452,4.193427562713623,4.6592888832092285,4.4997944831848145
00b89afd7dffc1ab0f057d64639c0fbe,2,2.645625114440918,2.329857587814331,4.007184028625488,3.4148809909820557,3.4907236099243164
0726bb58084021e9d6cc3c06ce725982,2,2.991914987564087,2.992849826812744,3.7519524097442627,3.5620086193084717,4.401669502258301
d29b9e08926263bd0a05c291d235b8b9,2,3.5478992462158203,3.32765793800354,4.027161598205566,4.137722969055176,4.680590629577637
5421a4aa066827881e22095fba17d18f,2,3.929720163345337,3.9570369720458984,4.578930377960205,4.774400234222412,4.923943519592285
a0a0a555a7e2f58e189a0616198b4e75,2,3.293794870376587,3.130889892578125,3.9441308975219727,3.9007058143615723,4.57512903213501
9d3fc8d03ba757a6ea82f420ca3d4e03,2,2.8817081451416016,2.8274643421173096,4.081725120544434,3.2521250247955322,3.86797833442688
6652180b3cd9ea7bb2409c535b55ad16,2,3.259105682373047,2.517779588699341,3.904642105102539,3.4451756477355957,3.3513102531433105
dc4b0f24779d2cdc45605479d755fae3,2,3.4259274005889893,3.221203327178955,3.917785406112671,4.039966583251953,4.579876899719238
3e8c41d10b51ebc8271515e123fdab69,2,2.038736343383789,2.1391000747680664,3.5242459774017334,3.136359691619873,2.5529704093933105
6d782a144c1c5def0c3726086fdd44c6,2,3.336958885192871,2.5418777465820312,4.07892370223999,3.5379271507263184,3.9936442375183105
2f85be1a5f70120ed5249a29ccc00f63,2,3.088768243789673,2.9696762561798096,3.8713572025299072,3.5621752738952637,4.479612827301025
cc9c6b2bda0d3a03f4aa0fbe2b863000,2,1.905001163482666,1.607309341430664,3.219888210296631,2.7146050930023193,2.575288772583008
99f9efa87620d72bc00d6204255d10fd,2,3.632467031478882,3.105114698410034,4.516610145568848,3.9162843227386475,4.4511189460754395
c67766d6288b37de1b472c6173da3931,2,1.658942699432373,1.7576706409454346,3.248717784881592,2.2649710178375244,2.03786039352417
9cced4a910cbb3ec77154fcd0caff6c6,2,3.3147177696228027,2.640554189682007,4.027997016906738,3.553898334503174,3.3881995677948
ee80b0ff4a9b4ee998f214b006b2a60e,2,2.8222484588623047,2.8730528354644775,3.92501163482666,3.0755715370178223,4.016453266143799
44f1cf31eaec20d11044e6c1a9ceee3b,2,3.183319568634033,3.10084867477417,3.8696162700653076,3.6278433799743652,4.393825054168701
b0f970ea70aa00feee5843fbfe166caa,2,2.3514323234558105,2.248600482940674,3.558220386505127,3.1480865478515625,3.150211811065674
13c128f1b11c22536a87ce68033eabe7,2,3.2170939445495605,3.266618251800537,4.136577129364014,3.6717591285705566,4.17034912109375
b4140326e2525ed1b3e5e08f60c42236,2,2.1118242740631104,1.9302092790603638,3.575395345687866,2.9599037170410156,3.0292649269104004
ca44f0d123a7b2cd7f6ad5a4a116ddfc,2,2.479398250579834,2.5226261615753174,3.575688362121582,3.013287305831909,4.054651737213135
b6ebce3b030f5ce8387b238c4bc5f808,2,2.8729352951049805,2.4915409088134766,3.857804775238037,3.173565149307251,3.8027732372283936
06052d47de129f33e96212aada06536e,2,3.9028210639953613,3.61210298538208,4.375046730041504,4.401791572570801,5.023608207702637
258bb6435d1fe67ede574bdd5cb97ac7,2,1.5252920389175415,1.4142287969589233,2.8030238151550293,2.7332863807678223,2.09263277053833
c1531aad73557ca16fc08eb5fcd5bb43,2,2.7255373001098633,2.7972335815429688,3.690788984298706,3.512458324432373,3.437197685241699
8fff6946a974cbbabe3874a01415d875,2,2.00712513923645,1.8658692836761475,3.8196277618408203,1.7251778841018677,3.8492543697357178
8a2598f5dbdbca29597ac61f2cf464b0,2,3.874398708343506,3.5824759006500244,4.290036678314209,4.515878200531006,4.9635419845581055
c1e37da06ba9359866c194ed093ee68b,3,3.731205463409424,3.7055201530456543,4.269094944000244,4.357276439666748,4.534842014312744
f9fc8d64167fc9bfbb1f89ed1703fec2,3,3.3403196334838867,3.210026979446411,4.035947799682617,4.184749603271484,4.260312557220459
f4dc8a0985c57a21c7c77e93100eb314,3,3.4232335090637207,3.2672476768493652,4.521559715270996,3.605452299118042,4.271520614624023
6baba8b70a4b13a766ba549d7fcf135d,3,3.136705160140991,3.014301061630249,4.35390043258667,3.4250738620758057,3.9882400035858154
75540e6574bdb88d9ba8d8468e50f8c4,3,2.9838016033172607,2.7740230560302734,3.9619317054748535,3.6163337230682373,3.8696343898773193
e9e6088d80f16983dbf6222bd8001c84,3,3.512207508087158,3.2849457263946533,4.478824138641357,3.9883272647857666,4.361090183258057
db56991eebf9fa90718977a330ff4f01,3,3.3832786083221436,3.7363367080688477,4.425995826721191,4.289777755737305,4.9128642082214355
82dd59d98e142d0222538c2aacd7e62d,3,2.4752559661865234,2.343228816986084,3.99731183052063,3.352653741836548,3.4575915336608887
46af4be5ab26b6484176d006b60d1aa9,3,2.4573400020599365,2.185725212097168,4.062064170837402,3.7316830158233643,3.9106407165527344
0e8156114bb99116e2a57f1f67a77ee5,3,3.8767664432525635,3.9760122299194336,4.73515510559082,3.8264060020446777,4.778334617614746
2a6dd1883762f50107cc3ebc4c23a26c,3,3.2112138271331787,2.423281669616699,4.193324089050293,3.8573102951049805,4.288465976715088
ed897e92836cea22a075a6b85a0676f0,3,2.839024543762207,3.2336409091949463,4.2161078453063965,3.6470530033111572,3.9239048957824707
b311455972f59efe14c4daa3d538ba20,3,3.067115306854248,2.820552110671997,4.12803316116333,3.592226505279541,3.872422218322754
862951072e6dce86683620c2568ab9de,3,2.8399083614349365,2.9807662963867188,4.224246025085449,3.1678919792175293,3.860133171081543
59a7ae117e2c5e62ca3296cff5483e9c,3,2.6872715950012207,2.553010940551758,4.167732238769531,3.1978759765625,3.8484129905700684
e186853e7db8dbfdb6a4f767fec263e5,3,2.3365416526794434,2.0170931816101074,3.678189516067505,2.712963581085205,3.515510320663452
2a6e69badd7f4ad966eca42b2a683cbc,3,3.736926555633545,3.82627010345459,4.586386680603027,4.472414493560791,4.485672473907471
17700c1c8904346181b604041f3435ed,3,2.838747024536133,2.6698410511016846,3.9265294075012207,2.991812229156494,3.939591646194458
3a7523da0dcac72cc498b07612507348,3,3.0638251304626465,2.8328664302825928,4.3123779296875,3.2246954441070557,4.003999710083008
d28ff74f5cce8c1af4a09d84dc7eba41,3,3.1898345947265625,3.1535820960998535,4.184074401855469,3.5110044479370117,4.007254123687744
d29f81addc6e3b61afe72f5ffdbd3a15,3,4.053447246551514,3.3352978229522705,4.999373435974121,4.824949264526367,4.877485275268555
1af7ed1f748db9d900869446a10ee086,3,3.1121160984039307,2.419543504714966,4.316373348236084,4.297473430633545,4.347357749938965
8aff0fa968d91c655c5b7c867572b85f,3,2.7410144805908203,3.1371781826019287,3.3027901649475098,3.1300480365753174,4.397177696228027
515ac2376af42ae2e0d1d1145abfe007,3,3.2601466178894043,2.9635536670684814,4.210134983062744,3.5400795936584473,4.362752437591553
f0765f1e06c7ea833abadf5afc0bc138,3,3.0414273738861084,2.850482702255249,4.249112606048584,3.0816550254821777,4.245356559753418
7043ff55726c5c834f4374c95442e234,3,3.286834478378296,3.3746230602264404,4.457751750946045,3.843212127685547,4.418445587158203
3f5566efdf280a34678fe55791457d15,3,3.3279316425323486,2.6051361560821533,4.287961483001709,4.061771869659424,4.315251350402832
e3792c129720d76a029b9e4e213ee550,3,4.1473588943481445,4.402003765106201,5.02119255065918,4.939175605773926,4.949007511138916
473ae3bdd77923ce2867cd91fe9fc0b5,3,2.9595861434936523,2.467843532562256,4.2396979331970215,3.3982443809509277,4.116734027862549
a54aac43bd0a66dfec15c397899adf39,3,2.974297523498535,2.2618167400360107,4.085911750793457,4.043824672698975,4.136697292327881
e4eb4890e16ead7ca2a38fba1d762242,3,3.0634522438049316,2.446624517440796,4.340121746063232,4.1749749183654785,4.195188522338867
02094061f902ce025ffb276ee6450b24,3,3.0496127605438232,3.4096505641937256,3.760251998901367,3.0035746097564697,4.546029567718506
de47431708759e8405d5be7e9d745989,3,2.2834956645965576,2.0782968997955322,3.7439916133880615,2.827622175216675,3.5577268600463867
1a299f8ace3b2b9d754528b8e033d03e,3,3.1738674640655518,2.7219977378845215,4.4436750411987305,3.3789665699005127,4.2470293045043945
d95fbeabd46d94cae3be9c78ba377b31,3,2.1797101497650146,2.2920281887054443,3.7368052005767822,2.6766085624694824,3.8666560649871826
51e140039a6f1b07df72aa0ac84005b8,3,2.5680384635925293,2.589618682861328,4.097967624664307,2.8372440338134766,3.824082612991333
9af0dd2bc16d5acf4fbef4bcd6278f97,3,4.312224388122559,4.44953727722168,4.9904561042785645,4.921985149383545,5.076020240783691
a84e52dfbc0ac7390944dcc03c7c6409,3,2.6697654724121094,2.4540598392486572,3.7301151752471924,2.8638229370117188,3.5604710578918457
2346f72a9d229e6ee64b079af47484c6,3,3.1354682445526123,3.110724925994873,3.990186929702759,4.118195056915283,4.169437408447266
cafcc4bc0d042016afe90fb40c8d6cf1,3,2.7682456970214844,2.5721988677978516,4.103604316711426,2.789836883544922,4.158330917358398
269b02fab687c1d721c69551e149ef3c,3,3.727809429168701,2.8326616287231445,4.5533127784729,4.73357629776001,4.635502338409424
e7ae54ca8804529db926e2a7854b21ba,3,2.509171485900879,2.788635015487671,3.8799595832824707,3.2724926471710205,4.148275852203369
73997899d6918d4f2d924951d2155e23,3,3.588294744491577,3.454451084136963,4.092137336730957,4.129770278930664,4.260861396789551
946a0608bf6de1590f5b336eae6b243d,3,3.0597825050354004,2.469158172607422,4.214303493499756,3.3185510635375977,4.33927583694458
92c9d2652b83fe3a9fa81ad4aaa01e93,3,3.247213125228882,2.9000260829925537,4.541858673095703,3.4218883514404297,4.379639148712158
33c07d951c660046cd4ba143d370815d,3,3.0950417518615723,3.564797878265381,4.249339580535889,3.794149398803711,4.245996952056885
5b71a8b8b29e161334f4d7f83f81170e,3,2.877436399459839,2.9251163005828857,4.280799388885498,2.9517269134521484,3.9313907623291016
d7f5f998cbd5ae63965dab5acf51a5a8,3,3.0232276916503906,2.9852869510650635,4.169835567474365,3.3621573448181152,3.9207096099853516
4b8fb7b99c09930f2c36789e1296142d,3,3.2380292415618896,3.2121760845184326,4.383543968200684,3.548255681991577,4.386584281921387
e8dc7567278465843238d8c46752c61c,3,4.175227165222168,3.5897388458251953,5.149376392364502,4.883570671081543,5.00702428817749
7539787c17a0e679b65fc6aa3f3bba46,3,3.3423125743865967,2.5342836380004883,4.271688938140869,3.779576539993286,4.407045364379883
e75a8afdb92a5133b55fbef28f7e4a7d,3,2.633531093597412,2.5248851776123047,3.622480630874634,3.166938304901123,3.703296661376953
357cf9a44bce2f397b16866e3bf0341b,3,3.0986320972442627,2.8268792629241943,4.074573993682861,3.311321258544922,4.232821941375732
24fd0367b32d17d52436a95e3b1b98c0,3,2.925034284591675,2.66312575340271,4.164711952209473,3.9976963996887207,4.044185161590576
a6908dea502e9a99e09726e8e78f8fe4,3,3.273780584335327,2.9680416584014893,4.2542290687561035,3.971068859100342,4.109694957733154
16ce1f0a490b9ab2b99afbcebfc1b951,3,2.8427438735961914,2.8935041427612305,3.9886314868927,3.6639246940612793,4.021417140960693
253a90a559adc3f4f33adf5722c9855e,3,3.2672743797302246,3.262362241744995,4.386264801025391,3.8857879638671875,3.965960741043091
6e33c4d533085656b2ba2145c1956643,3,3.3040146827697754,3.3123116493225098,4.388430595397949,3.2638490200042725,4.376186370849609
a01ed5de109bfebd7da1107d9dc0aa36,3,3.0711677074432373,3.0395987033843994,3.925748109817505,3.629525661468506,3.830023765563965
b216a161491d8eeed65f0e224c34940b,3,2.689868450164795,2.517059087753296,4.2493696212768555,2.674229621887207,4.103025913238525
8f6e70a2907d3a7d814c07cc4a1ade89,3,3.9013969898223877,3.492828369140625,4.864099502563477,4.606339454650879,4.6988725662231445
221c1b4ea195182fc0560cb47a229a7b,3,3.6302237510681152,3.6785264015197754,4.823927402496338,4.646930694580078,4.763492584228516
cbc1d46f69d6709731aea45b732efd89,3,3.3304505348205566,3.167816162109375,4.2851762771606445,4.004434108734131,4.115048408508301
d64ea11e800712787d124552374fe083,3,2.713839054107666,2.602010726928711,4.039935111999512,2.6128756999969482,3.6868433952331543
75a5bd5fa682d1a7a1c04f595c2e2117,3,4.136247158050537,4.500110149383545,4.940301895141602,4.8295674324035645,4.967197895050049
1568a632287174e41cdb369e669ea147,3,2.4895267486572266,2.400233507156372,4.207765579223633,2.624204158782959,3.9334096908569336
0fa59ea7b1ea4594e6959b5ef6ecf228,3,3.1324727535247803,3.2477738857269287,4.206981182098389,3.7711925506591797,4.186795711517334
2ce3b4cadc5b307d79f85e2d18c68c8e,3,3.9650344848632812,4.023669719696045,4.943318843841553,4.672358512878418,4.925450325012207
cdf083f2788cf38455018b34f9f866eb,3,3.672901153564453,3.2978506088256836,4.941804885864258,4.533782958984375,4.7711896896362305
dec24fcd6061eeee06d6296328af027d,3,3.2885093688964844,3.3277535438537598,4.415484428405762,3.810244083404541,4.299134254455566
6abd257ffbf433d1fb5228c3a08adcd6,3,3.081655263900757,2.985792398452759,4.0236968994140625,3.696133613586426,3.868950605392456
f7cf2d1cef9955bb6baf3589a932fce6,3,2.9804203510284424,3.244447946548462,4.123633861541748,3.2543842792510986,3.807811737060547
dcd830c70af3e688e7cdd94fffe448c5,3,4.29341983795166,4.5688629150390625,5.086729526519775,5.073734283447266,5.010308742523193
3eeea9baf1bbc341a7b41e00503bc011,3,2.9276840686798096,2.8515098094940186,3.8372583389282227,3.352529764175415,3.6056137084960938
2bf9f286349eb5f88ce93e6d584c187c,3,2.7124738693237305,2.7277276515960693,4.001101016998291,2.919891119003296,3.609279155731201
5cd5646ebc0aff8b5096d1ba0f88259d,3,2.815293073654175,3.282784938812256,3.758436918258667,3.0071427822113037,4.3089494705200195
ec256a6fcd05cedbd49655a62b4816a3,3,3.014650344848633,3.1454946994781494,4.316117286682129,3.2357983589172363,4.009758949279785
b61698f939001b6580104228205ee0e1,3,2.858053684234619,2.780836582183838,3.8298330307006836,3.601945161819458,3.7999322414398193
285924e772c50a618a11a52bb4cdd432,3,3.279510021209717,3.2803869247436523,4.288558483123779,3.5744972229003906,4.085382461547852
70d0894941067376c69aa679fe3d5903,3,3.635956048965454,3.4597957134246826,4.446205139160156,3.8712522983551025,4.378861904144287
76bad2a5ed0ccf5ce15ff87c5180e69b,3,3.5090296268463135,3.6117746829986572,4.581727981567383,3.601411819458008,4.449718475341797
fe9d0757ce5830f7c9c7af5eb5e11b84,3,2.7978363037109375,2.1689963340759277,4.200888633728027,3.6158287525177,3.9280009269714355
ba3063440702a9278e89344f4dec8422,3,3.5138630867004395,3.5422332286834717,4.3311238288879395,3.7305803298950195,4.34380578994751
4c3ed2e7defa4df68e0dc37a35ce4e5a,3,3.1135170459747314,3.0730843544006348,4.321711540222168,3.576019048690796,3.9965686798095703
d6a2123fdd5df2ff30b1e0d2afed0593,3,3.2069039344787598,3.0716116428375244,4.444331169128418,3.360516309738159,4.1979217529296875
9a87d16b5369cf1edd6fba67ecc5f3ab,3,2.752776622772217,2.414027690887451,3.581374168395996,3.2306041717529297,3.7774972915649414
5c165106a4dd58f2a0af629835373cff,3,3.1728689670562744,2.931032419204712,4.092500686645508,3.819667339324951,3.9594006538391113
a0b101d96038d84ee903ea4fdc298883,3,2.914309024810791,2.660512924194336,3.8943796157836914,3.135235548019409,3.6182830333709717
9517d91b7a77a9091c129ec7f6d82997,3,2.9302830696105957,3.44789981842041,3.455738067626953,3.1953678131103516,4.70858097076416
9fd535ed4fbe6a802ff841918edb684d,3,3.5028302669525146,3.417994737625122,4.304651260375977,4.016782760620117,4.2902350425720215
fe160991b9dedaf7a54966fb0d33df63,3,2.7990047931671143,2.7561450004577637,4.000178337097168,2.8207411766052246,4.138885498046875
818132f72b53ea8467b993f8f602851b,3,2.0869696140289307,2.0349862575531006,3.5181827545166016,2.9294278621673584,3.284874200820923
4a32a3e63075595215480c2854e9937d,3,3.050255298614502,2.593857526779175,3.9784905910491943,3.7702858448028564,3.6328701972961426
232a9cf5d9012adf0d0ef99094369c24,3,3.083057165145874,3.1849589347839355,4.275450706481934,3.33652925491333,4.037525177001953
60245d9446e65316b62b79ce1cb848b1,3,2.179447650909424,2.0368103981018066,3.279918909072876,2.957639694213867,3.447288990020752
a5a13e7c7d9e650b9c7fd11b0560c9f5,3,3.652135133743286,3.054565906524658,4.670993328094482,4.421218395233154,4.6197614669799805
c7bc9e70fc1f44eb469f8e99cb4f5a01,3,2.2298052310943604,2.319424867630005,3.497342348098755,2.6539230346679688,4.056352615356445
b587d9f5a28fec69797dc1c9d89576c6,3,2.994330644607544,2.4020025730133057,3.8115642070770264,3.8328733444213867,3.647822618484497
8d6f8c5bcb559a4749472d887c36205e,3,3.161956310272217,3.000397205352783,4.014904499053955,3.750093936920166,3.9448485374450684
56faa6b052eb518c52c3d2eb1e6722e2,3,2.8475520610809326,1.9146664142608643,4.080920696258545,4.041013717651367,4.142760753631592
dabdfa194b0530bb0b307ab5f9805b83,3,3.398348569869995,3.3889989852905273,4.194798946380615,3.94907808303833,4.175400257110596
85193003d21e8129927865edc77bdcdb,3,3.8228759765625,3.2651710510253906,4.624151706695557,4.458931922912598,4.613302707672119
5a3880347e2f50f9eb5056d1ad279cc1,3,3.3946051597595215,2.7502753734588623,4.295136451721191,3.736046314239502,3.8845560550689697
e98cb6387de8ae5fee394019a62b9f29,3,2.8753905296325684,2.6733107566833496,4.0896806716918945,3.8467586040496826,3.8309988975524902
535b1cd9fbd135b29ede271753738a8a,3,2.9137275218963623,2.467801570892334,3.355276107788086,3.1736960411071777,3.950010299682617
f97fff8aad551acea088f239f2ac4dc5,3,4.2319231033325195,4.054689407348633,4.948709964752197,4.879000663757324,4.9300360679626465
a57b1e2e5cc175076039e807ae94de41,3,2.6463608741760254,2.406233787536621,3.6634132862091064,3.2716941833496094,3.665471315383911
c6d2fa6e75987cee71d0656f88d38867,3,3.062584400177002,2.869145154953003,4.27310037612915,3.318686008453369,3.9819929599761963
d32cc3f9339012ad37a0c66bb053cd54,3,3.638528347015381,3.5796284675598145,4.582492828369141,4.1383490562438965,4.468356132507324
995b704b4562a4444f843f3c67f2cb6c,3,3.073188066482544,2.10249924659729,4.2148003578186035,4.15926456451416,4.248347759246826
462f5e925a35e1bff73daf76ebd6f9b3,3,3.342327356338501,3.5976884365081787,4.193451404571533,3.949831962585449,4.375243186950684
7bb0e4abaf552210510697dbc64dd2fa,3,2.6757402420043945,2.7248308658599854,4.084573745727539,3.394174337387085,4.354322910308838
50f4772a184912e3378fe81abc3a583f,3,2.4290213584899902,1.8795303106307983,3.470231056213379,2.9560749530792236,3.3936545848846436
c0704fce9ed64dd9cece7f7edc96cfd6,3,2.279313325881958,2.1863455772399902,3.7114810943603516,2.463927745819092,3.4175009727478027
eaf621e9db05c7e6a818a5899cf77acc,3,2.4709157943725586,2.398286819458008,3.759207248687744,2.4229116439819336,3.672419548034668
a57511425876182e4b518a9c78348f06,3,3.3990354537963867,3.2020959854125977,4.584486961364746,3.5302374362945557,4.168992519378662
2a971ab36052130f915e81e96b864232,3,2.1639456748962402,2.256983995437622,3.63942289352417,2.5943329334259033,3.5313880443573
bf0b2d41f387d3b1431bbf3bca456aaa,3,3.511160135269165,3.4072952270507812,4.290959358215332,3.8029916286468506,4.137170791625977
388295f9f1f84c734d7a38636c5aac3b,3,2.8453614711761475,2.797233819961548,4.274077415466309,2.976149082183838,3.8014817237854004
7ca8b2252a9a3da3d9fcc4487bce9c36,3,3.0363004207611084,2.6772379875183105,3.722439765930176,3.394794225692749,3.8543131351470947
e292acdb9d8b05d67fd347fb5481bfa0,3,3.1470797061920166,3.0595040321350098,4.308412551879883,3.347913980484009,4.067739963531494
cdc61b76f383ba58eeec62c4f59950f1,3,2.6104626655578613,2.2809841632843018,3.710606098175049,3.366478681564331,3.819258213043213
aa5b6c1456337ea77121371309d3460a,3,4.087886333465576,4.067654609680176,4.428157806396484,4.644433975219727,4.799894332885742
5ee79a01f2562ebbc6b7b4be0787081c,3,2.43792724609375,2.1775944232940674,3.542046070098877,2.8591227531433105,3.1290080547332764
d339e3aa427cd78ba7478cfff5956a3e,3,2.2410473823547363,2.3393611907958984,4.104926586151123,1.8804395198822021,4.208386421203613
c8ef3d2646e96a4bb00d01a14f32dea9,3,3.8673646450042725,3.4240975379943848,4.981446266174316,4.588588714599609,4.795956611633301
cfdc9b91d9b61db2b10ec8cf706c644e,3,3.524470567703247,3.2480764389038086,4.523892879486084,3.4096784591674805,4.323102951049805
ccb964005b2b3e48b77ca3a3d339a42b,3,3.580554485321045,3.4778661727905273,4.703514099121094,3.747682571411133,4.487555980682373
a970dcd0179dbbbde539116d63f84264,3,2.6865463256835938,2.427349090576172,3.4958863258361816,3.318549633026123,3.7071075439453125
671f4e21b47f4367d65e68d1b4a89388,3,3.3842780590057373,3.3385391235351562,4.481687068939209,3.4568231105804443,4.190290451049805
4c19b26575fba74034d27baa8dec44b8,3,2.3026649951934814,1.542703628540039,3.5195796489715576,3.175083637237549,3.5232415199279785
675ef835aadbedfe1994b9c1a847e43d,3,2.616971492767334,2.4792842864990234,4.246196746826172,2.6702539920806885,4.197397708892822
f9ce16c01eea757839b1293c51eebdf6,3,3.761251449584961,3.2043890953063965,4.865729331970215,4.780552864074707,4.6192626953125
29dcb978c08771953b41ff2fe09b4b0f,3,3.169614315032959,2.7500436305999756,4.3628058433532715,3.6014041900634766,3.9114506244659424
0f4176ab4f1e80307432d3a6551704b2,3,3.180264711380005,3.0449438095092773,4.424181938171387,3.4280080795288086,4.1152167320251465
68b74889bc1dd3df4e553c19d9d9af31,3,3.4140148162841797,3.1741833686828613,4.244533538818359,3.997617721557617,4.239133358001709
dc5ac77e6e3760998f631cc77638b27f,3,3.319413423538208,3.046365261077881,4.239092826843262,3.865346908569336,4.190186023712158
11e3e13f54202c0ce66358d837a80365,3,3.26857852935791,3.495371103286743,4.420969486236572,4.194412708282471,4.18902063369751
3b2c2f5aae87146c249dfcdc4ea85bdd,3,2.367555618286133,2.2710916996002197,4.270750045776367,2.0350418090820312,4.196520805358887
feffd452dea4086ba646abf85be78b51,3,2.705768346786499,2.4516618251800537,4.113670349121094,3.5462265014648438,3.831853151321411
48a4a1eb7962e1a946c4d1516077a403,3,2.813864231109619,2.748480796813965,4.1476569175720215,3.069735050201416,3.8343162536621094
fc05852fd8d7831621e2bd3151a245ee,3,3.943718910217285,3.3201732635498047,4.8855814933776855,4.876658916473389,4.777785778045654
88a5e9737d024f9727a0adf1ad5d8222,3,2.8518600463867188,2.153914451599121,4.034749507904053,4.091530799865723,3.994283437728882
691187da2ddfef87564e2dd79b4bf2a8,3,2.7507128715515137,2.805724620819092,4.159983158111572,2.580486297607422,4.1870269775390625
26b84ee11fd1c26a3eafa6597821dbe6,3,3.0385777950286865,2.7765276432037354,4.218664646148682,4.258021831512451,4.062805652618408
dc2eaad6e784e5b910a8d6ece0d4051c,3,2.987367868423462,2.8395071029663086,4.066658020019531,3.5538480281829834,3.8694448471069336
71ac92587ee502044516b690d7af003c,3,2.9929652214050293,2.2310266494750977,4.116361618041992,3.9577362537384033,4.251729965209961
103e0b30fdeec218a135361b5c9eff2e,3,3.469369888305664,2.7349295616149902,4.176416873931885,3.7100415229797363,4.459964752197266
2671709d50da3ea6a5467294b8f0280a,3,3.8910131454467773,3.515289783477783,4.763107776641846,4.711010932922363,4.663909435272217
8288e09fab02082a7996faf00a928aa3,3,3.5558791160583496,3.751523733139038,4.442222595214844,3.769644021987915,4.392199993133545
625bfd9b4f37aea53bffa815e6ab9d98,3,3.4413342475891113,3.3077151775360107,4.375110149383545,3.3910694122314453,4.317507743835449
9ecd8ceba6da2b491ac9bd40d71e40bf,3,3.0994133949279785,2.7622411251068115,4.104557991027832,4.33488130569458,4.296856880187988
7b698c8c5b3ce4afd83ea4c092f3b945,3,2.991159677505493,2.7192468643188477,4.330656051635742,3.3346424102783203,3.9516818523406982
2a59ce12a23b6bd439acb8fbaa6863af,3,2.870579242706299,2.761585235595703,4.049232482910156,3.502502679824829,4.027161121368408
ba883a64be78fcb041a27d277fb0a035,3,1.6897473335266113,1.792465329170227,3.4584593772888184,1.3884522914886475,3.3095290660858154
2d93228f40c548bb64b5f9a175166d52,3,3.208655834197998,2.5449087619781494,4.295163631439209,3.2591328620910645,4.318680286407471
962ac3d87cb74de2eb3d24695dac7ef9,3,3.241285562515259,3.302936315536499,4.085391044616699,3.6168875694274902,4.123207092285156
ef90738ba54e9a0e3779099904ff1589,3,4.305084228515625,4.362911224365234,5.061831474304199,5.003740310668945,5.130334854125977
f525955691eee3539f5e34954ea945b7,3,2.9991626739501953,2.782061815261841,4.425089359283447,3.147003650665283,4.125833511352539
732d6784bd16199a77be2b0ccf647a1c,3,3.7538840770721436,4.1093974113464355,4.758520126342773,4.569119453430176,4.6023688316345215
9d210f7be19b0939fa292937a52bf9c9,3,3.4296278953552246,3.2748470306396484,4.187207221984863,3.850698471069336,4.129676342010498
0d77d7093a69d1add20ec63071ccd44d,3,3.2756810188293457,2.2541866302490234,4.24165678024292,4.324178695678711,4.295231342315674
1b1806a1f983b40a60812f24bf99f36c,3,3.1479878425598145,2.9155523777008057,4.0024333000183105,3.8207895755767822,3.6504204273223877
36bb91cbad85c421eaa21cd71e864b8b,3,2.57022762298584,2.4587512016296387,3.6972384452819824,3.0424020290374756,3.814450740814209
7727bc53561ef5428a5e35cad7e92a37,3,3.180955648422241,3.3614602088928223,4.342339992523193,3.293220043182373,4.1410813331604
74b013c0837926a483ea56188534473f,3,2.3532235622406006,2.4074807167053223,3.8971519470214844,3.2956740856170654,4.264490127563477
c20384dcbffe4fde0dbd557ef130efa3,3,2.6842546463012695,2.4950509071350098,3.964690923690796,3.058598756790161,3.9660446643829346
3356d7bd3eac52174cab6995276c72fc,3,3.5164437294006348,3.0008597373962402,4.536495685577393,3.6892566680908203,4.449201583862305
55f595f04ce3575da9ffd8868457b5d2,3,3.219815492630005,3.133014440536499,4.482203006744385,3.5187673568725586,4.1654863357543945
506ea65fc822f8b57095cf2235f46eb1,3,2.410555839538574,1.9095960855484009,3.5752978324890137,3.690734386444092,3.667011260986328
358717e506ae4785439dd827b492483b,3,2.190948963165283,2.2680704593658447,3.7631783485412598,2.0181946754455566,3.3769915103912354
712069774fa02fc474a24c3ddd665bf8,3,2.9906868934631348,2.612820625305176,4.288480281829834,3.0281338691711426,4.311270713806152
cc8029a16ddd52e07970bd9b4476c013,3,3.044621467590332,3.212905168533325,4.374359130859375,3.7130017280578613,4.171880722045898
c2bdf0d38ed4f8045b81704638c37fdb,3,3.052224636077881,2.3874590396881104,4.248009204864502,3.105067253112793,4.293813705444336
0e70493674fb13ea7c61c8f6c01d90c0,3,3.0494320392608643,3.01930832862854,4.492854118347168,3.0484282970428467,4.294400215148926
86b6e1adad93abfc4f2cf04843d032e3,3,2.7745654582977295,3.1067440509796143,4.110854625701904,3.1315670013427734,3.9911911487579346
63b80a6707182da90d2640574725d15f,3,3.08001708984375,2.8597943782806396,4.3785400390625,3.3228766918182373,4.070719242095947
518ac7d178e7984616be0d54363dd1d7,3,2.501173973083496,2.2626585960388184,4.061073303222656,2.840651512145996,3.56140398979187
9959216032cc0ab8ff610806d42f3c75,3,2.7263100147247314,2.3112902641296387,3.799457550048828,3.649547815322876,3.7710952758789062
27928a44324189632b1e002a171482eb,3,3.0376594066619873,2.910820960998535,4.078962326049805,3.348717451095581,4.030023574829102
3a494925f16056999960117f69ca3fc1,3,3.147803544998169,2.978524684906006,4.1787028312683105,3.462284803390503,3.971529960632324
0c80d65dab23d98d2d72b3f6d4dcbb37,3,2.8313636779785156,2.46872615814209,4.088047504425049,2.8774917125701904,4.157819747924805
76e17dd10bad8bceaaa4c1f2be41a1f7,3,4.294927597045898,3.79880952835083,4.881348133087158,4.738883018493652,4.969239711761475
9dd1b8fa99bebe4a8564244781d51baa,3,2.884798526763916,2.6523475646972656,4.076635837554932,3.0826380252838135,3.6381888389587402
41ad89b3b62420df35dfacee570ed0b1,3,2.997309923171997,2.721755266189575,4.169671058654785,4.249250888824463,3.947949171066284
16d8f05072f0b1544971d222d3c123e4,3,2.7443573474884033,3.191941022872925,3.8713462352752686,2.986447811126709,4.426634788513184
e4b7dee43d4d1dd9a84e33533f591219,3,2.309662103652954,2.821497917175293,3.704089879989624,3.0107760429382324,4.0475969314575195
92df433e765bfbf21b4e607d38b3b9af,3,3.2536282539367676,3.1344990730285645,4.307167053222656,3.681067943572998,4.045614242553711
f28cfec34e470892693dc00d5aea2803,3,3.190505266189575,2.916203498840332,4.367283821105957,3.9144229888916016,3.983227252960205
2e61a59e4fe48ed4e371346678ec61ba,3,2.663228988647461,2.4184436798095703,4.115698337554932,2.6862521171569824,3.7477715015411377
2f3d9d376b40aa77dc2c12daa92f9ab7,3,2.6480648517608643,1.850237250328064,4.0339531898498535,3.913311004638672,4.046939373016357
d89edba489431401c9720cec849cdefd,3,3.266357421875,3.411836624145508,4.401875019073486,3.603522539138794,4.074962615966797
f6ba8dcfa6e182595f98e27b5a705413,3,2.5751824378967285,2.5230541229248047,3.917595386505127,3.1168570518493652,4.015410900115967
e9271b4ae4504c5896bd060f721e3a7f,3,3.014110803604126,2.970052480697632,4.218725204467773,3.4057092666625977,3.913734197616577
524d77ac3504c8e408f3a661db859eb5,3,4.289912223815918,3.573004722595215,5.106416702270508,4.999912738800049,5.075497627258301
0a7c852ec0923041d8be1070e04f5059,3,2.5319736003875732,2.2840607166290283,4.096623420715332,2.41215181350708,3.8268465995788574
a594531c9e6700df57168d4d172f7b39,3,2.2269935607910156,2.328733444213867,3.827376365661621,2.795426845550537,3.920464277267456
8defd47adb3244a780cc41a5c7e0b87d,3,2.552196502685547,2.2472403049468994,3.8792884349823,3.3190698623657227,3.709685802459717
aa43c67b98375042fd81c47134cfbcd2,3,3.029414176940918,2.3741230964660645,4.2530975341796875,3.4562957286834717,4.05032205581665
9fafdd2915f4228c681aec4bd50b646e,3,3.393930435180664,3.3378472328186035,3.639986515045166,4.289506912231445,4.205062389373779
0e88faf7b82cafee4c4f9d8b09848553,3,2.558262586593628,2.241736888885498,3.705369472503662,3.634662389755249,3.5698180198669434
2bcc53a41f1e02eb7ba480e5f4cd4102,3,2.557297945022583,2.5961153507232666,3.982957601547241,2.62115216255188,3.802366018295288
bba510b50d2b497d73b27b443fabd7c3,3,3.5008010864257812,2.5955958366394043,4.32936954498291,4.513942718505859,4.464297294616699
4e810fe6b42641b545f8ae4ed0258f79,3,3.247285842895508,2.9006540775299072,3.851045608520508,3.975862979888916,3.8151333332061768
6048e5c7a8171b75accaaf06f95d209d,3,4.266418933868408,3.6444153785705566,5.143736839294434,5.034106731414795,5.07705545425415
42644901cee1fb6215cfe36321d09731,3,3.372299909591675,3.4223973751068115,4.521934509277344,3.9193243980407715,4.115931034088135
c4e44c6f02b90f43ee3477f0191bea37,3,3.3230955600738525,3.5049526691436768,4.428215026855469,3.5270767211914062,4.237714767456055
d4628c941802ed0977f30e915b9d4443,3,2.6813483238220215,2.6575522422790527,4.101374626159668,3.072882890701294,3.63456392288208
8e33b442c1f6d27ffe5d2e4c27ccfcd4,3,3.2851505279541016,3.1649301052093506,4.410077095031738,3.558530330657959,4.17173957824707
767ae39a22b3cdb0e11825d4c5b5aaae,3,2.9985344409942627,2.8315415382385254,4.164686679840088,3.15487003326416,4.357222080230713
082edfc1fc6d1267ce5a93cccb05d7fa,3,3.1389942169189453,3.0321099758148193,4.30623722076416,3.128164291381836,4.341083526611328
8ab058078d46d34e69fd75ce49468b00,3,2.3637471199035645,2.170600652694702,3.6248397827148438,2.3450188636779785,3.6345057487487793
ffd8890d8075f8959f86aaee7f4fec62,3,1.91386878490448,2.1074018478393555,3.5160157680511475,2.4467110633850098,3.605816125869751
cf02a191070a7b3f7ea3345446f5d82a,3,2.7951815128326416,2.481367349624634,4.044120788574219,3.397739887237549,3.8087470531463623
ac2a3b9af162825458ed92c0a17916ea,3,3.5350961685180664,3.386579990386963,4.305117130279541,4.011289119720459,4.264594078063965
1dce54c6f784da01f12e3a7a79757c0d,3,3.0618185997009277,3.0657386779785156,4.253081798553467,3.353377342224121,3.9691314697265625
e585221a821f85cb2f8b2e9b843d0ca6,3,4.007404804229736,4.221586227416992,4.86222505569458,4.788437843322754,4.789689064025879
050c0ffda6744fba7054ce027d76d874,3,3.0634965896606445,2.1950631141662598,4.20296573638916,4.066713333129883,4.146788597106934
2487afefc5b7ee2d18ec81f759ef75ad,3,2.634871244430542,2.596876859664917,4.296886444091797,2.671125650405884,3.9675817489624023
12a9e1ac94906e645c7887c1bb507d60,3,3.123507261276245,3.0347015857696533,4.058115005493164,3.4727134704589844,4.044013977050781
bab441e3f691953ee55d3bed46935273,3,3.2772886753082275,3.226649284362793,3.7122721672058105,4.001649856567383,4.084969520568848
f2a7f81a86b56f10ff9ab9f3e1f13e92,3,2.9139678478240967,2.782705068588257,4.201639652252197,3.1351470947265625,4.078972816467285
f0719fa815caedcf8317da6a32f922ad,3,3.499117612838745,3.203545331954956,4.56453275680542,3.597799301147461,4.290079593658447
6f30e84b79d6ddd30b24897e015f9b0f,3,2.8871493339538574,2.8760249614715576,4.319212913513184,2.8593790531158447,4.257137298583984
9816bb141e0ac2bbf1719272e7049509,3,4.011097431182861,4.37246036529541,4.97847843170166,4.9248552322387695,4.99367618560791
007291869a380fd4874a529f65385d84,3,3.9415900707244873,3.1859827041625977,4.640962600708008,4.793708801269531,4.704701900482178
d44210ca992249e629a815bc1f524e79,3,3.5181093215942383,3.272623062133789,4.123140811920166,4.002142906188965,4.1996235847473145
875247a827d8e2e41b76198fd243a4e7,3,2.3081932067871094,1.9453119039535522,3.385650634765625,2.344851016998291,3.6142711639404297
33164e69d92ea9df565c99d8f3d2278b,3,3.198476791381836,2.7170779705047607,4.2435102462768555,3.8062682151794434,3.9873440265655518
0cf01f36b8b306121f0a1fb0306d484c,3,2.8705077171325684,2.535961627960205,4.356994152069092,3.2005040645599365,3.8941993713378906
139730d586c5c12051a295b24e75ecbe,3,3.336726188659668,3.2614994049072266,4.427223205566406,3.8762168884277344,4.2990546226501465
715289816960124d58de97321c5c5065,3,2.6704530715942383,1.9541741609573364,4.079753875732422,3.6790947914123535,3.8261163234710693
c98077478ef33eca404eaffefeffdb0a,3,3.517655372619629,3.374591588973999,4.391727924346924,3.831237316131592,4.149622917175293
f71f6460568a5aa3f00e8507d1512a26,3,2.950840711593628,2.6328344345092773,4.3214006423950195,3.0745315551757812,4.217843055725098
a05f1b6b7fbcaff7a9e7654fc7576eca,3,2.4878411293029785,2.1540210247039795,3.661123037338257,3.32352614402771,3.485151767730713
e203e0754ca71da392c94c6ef7f5663e,3,3.211979389190674,3.1638505458831787,3.9036693572998047,3.4061968326568604,4.216489791870117
d1d12e3d1f89ac01236aecd0cdf3cfa1,3,2.640481948852539,2.444573402404785,4.225473403930664,2.7674779891967773,3.974900245666504
83bdf6707ca73729bce1b24905f72a65,3,3.1345529556274414,2.4503588676452637,4.494174957275391,3.310021162033081,4.526211738586426
ed103b49c1c96f12ed30ee722ca505ba,3,3.0911107063293457,2.88866925239563,4.22264289855957,3.6688380241394043,4.029093265533447
7e7b44c0e64b83186659521cd95cbd7d,3,2.4259836673736572,2.8175549507141113,3.713923454284668,2.8234853744506836,4.444761276245117
22b19ce9de3cbebb0b38c321b9ad46a9,3,3.2754809856414795,3.206453800201416,4.401263236999512,3.4263532161712646,4.154665470123291
79ef5145fe3cac1b5898e9d05015873f,3,3.0034356117248535,2.7191998958587646,4.408510684967041,3.2201590538024902,3.934394598007202
971f9fc2fea09b46ebaebe7dfcfa5f42,3,2.499549627304077,2.7108821868896484,3.8004708290100098,2.7556161880493164,3.7852976322174072
5e01f17119fdf5235da63e24c22dba3c,3,3.916722297668457,3.4348554611206055,4.830677032470703,4.664606094360352,4.742629528045654
826786a53bc9602f2f8b52a3c1995fdd,3,3.2670576572418213,3.039726734161377,3.7640764713287354,3.8375356197357178,4.14037561416626
350f7b62ebe3883275995d5379681272,3,3.9031684398651123,3.412752389907837,4.574246883392334,4.596759796142578,4.933988571166992
7879a41c168dbfdda220db81e842a3bb,3,3.1572587490081787,3.2998692989349365,4.2214555740356445,3.439377784729004,4.107851982116699
62059b0a8453bf44f805a7734d003a4d,3,2.88295316696167,2.685577154159546,4.256649971008301,3.5550060272216797,3.801560640335083
8f13e66bf7a3ce63f9ba2804b739d65b,3,3.158456325531006,3.465404987335205,4.187446117401123,3.573692560195923,4.55208158493042
4a3f55f6ac5b12769b9cca7284601133,3,3.4344844818115234,2.427053928375244,4.218691349029541,3.9994688034057617,3.9880340099334717
35385f7fa15896ddbcd2c1896efdc9c4,3,3.000410795211792,2.0066416263580322,4.145106792449951,4.255184173583984,4.128775119781494
f057a4d5938d0eb78779562d9dfcc37c,3,3.3606765270233154,3.209423065185547,4.473012924194336,3.7886300086975098,4.308931350708008
c09d30e5a6cc1db6fad7b97832c353be,3,2.3593897819519043,2.3173274993896484,3.502882957458496,2.613158702850342,3.494879722595215
b90a9026fde141a7ea112724e9bc90da,3,3.2852132320404053,3.152350425720215,4.311220645904541,3.908292770385742,4.258109092712402
6a35b3337a4d4c4cccafd6686f6887a4,3,3.24613094329834,3.262444257736206,4.401577949523926,3.395010471343994,4.033562660217285
4ba6273c06bb28c308207e37230fb013,3,3.2736363410949707,3.3331644535064697,4.339552402496338,3.7581241130828857,3.8958523273468018
a9a44c0cbfec244851e0ea9088c8bd1c,3,1.8791455030441284,1.9721978902816772,3.3143463134765625,2.4403605461120605,3.3326594829559326
c275a763416885218198844d237cc019,3,2.7802793979644775,2.967669725418091,4.108981609344482,3.0261876583099365,3.7980411052703857
061aeeb40e08780f5cd824f146043bef,3,2.140514850616455,1.8626059293746948,3.7687323093414307,2.327653646469116,3.409031629562378
0344b6201227a11ee29cb270e051ed9c,3,3.18084454536438,3.2517576217651367,3.986856698989868,4.210850715637207,4.238797187805176
648a26bf1787ce15599cd206ad825d07,3,2.4089457988739014,2.2972633838653564,3.7401294708251953,3.105504274368286,3.7570643424987793
7ff0a38417ca1de6665d01ff51ff366a,3,3.486398935317993,3.4402456283569336,4.576135635375977,3.5476250648498535,4.3393330574035645
97dd25116b3f09bc6f941e46f58034c8,3,2.7085728645324707,2.102263927459717,3.4492340087890625,3.3656136989593506,3.8089048862457275
624cda239e48c411c76919269aaf5c40,3,2.9726932048797607,2.6655354499816895,4.0237812995910645,3.632244825363159,3.745643138885498
3c30ca3b30dd3f43e3646d1e2ba52922,3,3.2575502395629883,3.1032679080963135,4.117233753204346,3.787324905395508,4.056203842163086
37bb52c3e2f0574cfcf634573e1d07cc,3,3.4035964012145996,3.375117778778076,4.312101364135742,4.35678768157959,4.290038108825684
ebcd6a78c5c8d782be15119d0d49355e,3,2.9508421421051025,2.8069467544555664,3.578157424926758,3.9659745693206787,3.7533175945281982
f1e7fc819815ed3dda236ab6a91e527b,3,3.488241672515869,3.589010000228882,4.417405128479004,4.4190168380737305,4.374711990356445
3fc3bafd5d2d5efea3f05e60edd90760,3,1.8805272579193115,1.8229830265045166,3.636472225189209,2.2758736610412598,3.3045406341552734
a9ab9e090d8487d3587e60bb412f7ce3,3,3.9131109714508057,4.054071426391602,4.882573127746582,4.654792308807373,4.748063564300537
c08f0854954411461765081b63581c55,3,3.3374242782592773,3.2954554557800293,4.113752365112305,3.8654866218566895,4.104612827301025
7a3808b763b41b20452e2dc043e946bb,3,4.067793846130371,4.247541427612305,4.932685375213623,4.973742961883545,4.8925604820251465
0d896949cee4fd969fcbed7d7cf7fef2,3,2.13223934173584,2.327911615371704,3.9209659099578857,2.5015430450439453,3.69686222076416
be5781c3d4a75fbc02f8fa30863a46b9,3,2.769669532775879,2.59730863571167,3.8843042850494385,3.763906478881836,3.4701948165893555
52fc616040142d234f2edc115af5c21d,3,2.9574015140533447,2.4625093936920166,4.243951320648193,3.0880541801452637,4.36427116394043
8c88ad746dbd044a711344bc73fe61e6,3,2.6815128326416016,2.652508497238159,4.197044372558594,2.8058254718780518,3.749309539794922
caf917eae4a10ce016d4629b297e80d0,3,2.934580087661743,2.674981117248535,4.167050361633301,3.4607958793640137,3.899191379547119
60df261e6156612b6a61dff829c314a1,3,2.6915087699890137,2.475911855697632,3.8679239749908447,3.5053422451019287,3.4380199909210205
3fcf27a130b88e2ef30a76b0e71ef9db,3,1.9860033988952637,2.050962209701538,3.408287763595581,2.3013172149658203,3.689420700073242
64a86f485251410202c4b1ec52942aff,3,3.484246015548706,3.3628406524658203,4.546519756317139,3.7692654132843018,4.2272491455078125
35cdcea17ca61556e025cdbe14fdbaa5,3,2.3388938903808594,2.06303334236145,3.5144855976104736,3.18597674369812,3.320361852645874
87eaa05359d4d8f0b11829a15e0ec4b7,3,2.7210936546325684,2.1820011138916016,4.160501480102539,3.538917064666748,3.893988847732544
697d8ea096729c4bb5fb58bcd7e4fd4a,3,3.3258073329925537,3.533271551132202,4.229626178741455,4.347684860229492,4.281506061553955
fbf51a38ac199c42024950aafe5c8cb0,3,2.7897050380706787,2.4933786392211914,4.037786960601807,3.0505964756011963,4.00266170501709
eb56c687bbfc83d44b72db2e9fe466bc,3,3.542161703109741,3.464644193649292,4.510397434234619,3.6756834983825684,4.4937214851379395
e9f4a3de1fe2651eba95c4472f44c5ce,3,1.9255504608154297,1.5923726558685303,3.442416191101074,2.388871431350708,3.027416944503784
4b456c696c8ae341efb22ab25a3b1e83,3,3.5971016883850098,3.9303598403930664,4.740874290466309,4.618124008178711,4.6846842765808105
725504babbe154d3c346f903bdd98284,3,2.75949764251709,2.128383159637451,4.079036712646484,3.709200859069824,3.8452014923095703
ef95f499c50045d0da45a3fd61d437a2,3,2.6982719898223877,2.372352123260498,3.724391460418701,3.46476411819458,3.635998249053955
44e0128bc6f91298651bc0323eb9e76c,3,2.96683931350708,3.2930259704589844,4.213847637176514,3.4396393299102783,4.012552261352539
c40e4f36a801a000f0e61121a31a82de,3,3.376361131668091,3.361733913421631,4.534611701965332,3.695100784301758,4.203994274139404
db02801dbfa10a7602f90851539e4d11,3,2.3571951389312744,2.1605732440948486,4.072134971618652,2.3291687965393066,4.134655475616455
1bdca45432e11848a0b706d38d227268,3,2.785186767578125,2.469710350036621,3.7472565174102783,3.525485038757324,3.2616703510284424
927f752b6d46a0b4c4774dd71f8e720b,3,2.9470746517181396,3.1854655742645264,4.02027702331543,4.066616535186768,4.065800666809082
d3eba833a6242da589218ceb4f36ad80,3,2.977949380874634,2.9245479106903076,3.993591547012329,3.5356593132019043,3.8564183712005615
25866cdcbd8da96b215faef74075317a,3,2.767496347427368,2.55511736869812,3.9085516929626465,2.8873348236083984,3.7571983337402344
0b3bd0844df74cb794aa9ec556f697a2,3,3.232417583465576,3.378981113433838,4.2242889404296875,4.314370632171631,4.092222690582275
4eaecb6cb215fb9b5cbebd5460570a5d,3,3.971168041229248,3.3499934673309326,4.876387119293213,4.604308605194092,4.905836582183838
7218d0f449da69683d3aa30a788f6dde,3,2.565361499786377,2.425835132598877,3.9985108375549316,2.3985824584960938,3.647636651992798
79ade19ab277e3b116c05ccdd37aa6e9,3,2.2525453567504883,1.5814582109451294,3.6097512245178223,2.703824281692505,3.3238160610198975
5447121fee80959006ed99252c124e7c,3,3.153160810470581,3.0580499172210693,4.199965953826904,3.6128783226013184,4.058501720428467
06b0944be634db2e1bc63c2c6bceedca,3,2.838438034057617,2.538924217224121,4.5595622062683105,2.7796175479888916,4.447209358215332
4959879db640413e945b9afd6cdf3cf1,3,2.8332464694976807,2.056218385696411,4.261587142944336,3.9212687015533447,4.0019659996032715
36341263bd0702b227cdc7829f795f09,3,3.7274672985076904,3.2094521522521973,4.761735439300537,4.4011406898498535,4.545267581939697
7252dc3d34d440ebf4c4dbacdb75709b,3,2.1938648223876953,1.6099352836608887,3.3380613327026367,2.2137832641601562,3.217838764190674
64beb16c6d68ecb099b2b7d7669a93d3,3,3.135542869567871,2.0483145713806152,4.3012213706970215,4.194754600524902,4.348060607910156
079d0faf33d128513955ae104abc87e5,3,3.064751386642456,2.5673186779022217,3.966662645339966,3.64658260345459,4.059711933135986
479748eed36028e2b65f7ffe60a497c4,3,2.65897536277771,2.2179551124572754,4.074700355529785,3.1177804470062256,3.7883191108703613
4ac5b9f751f02e286111b54358f54648,3,3.035738229751587,2.5444045066833496,3.938035488128662,3.2373764514923096,4.362185955047607
8103733c4b3f5e3b1f2da79a7df16ff5,3,3.5998666286468506,3.532288074493408,4.547950267791748,4.1026129722595215,4.451999664306641
1e56ca8cb8d90203e966cbba509e2fd4,3,3.1357955932617188,3.237697124481201,4.343438625335693,3.4136624336242676,3.957540273666382
2bf339d6bfd6d429d14f8edf6023aea1,3,3.3845009803771973,3.1796791553497314,4.553463459014893,3.510310411453247,4.251827239990234
e82248acfc45270cadac171fcb40abf6,3,4.188779354095459,4.305727005004883,5.140347480773926,4.894392490386963,5.069748878479004
9d32a7d6eadb130c8e58d383e8d71b74,3,1.7791802883148193,1.8721468448638916,3.6192736625671387,1.6712878942489624,3.5902345180511475
0f84efdcde525d972ce9fe3be55ca7b3,3,2.5249276161193848,2.442915439605713,3.942741870880127,3.313933849334717,3.466856002807617
1fe4af8afa621cdc656b583b0352d9c6,3,3.2840540409088135,3.2576186656951904,3.8728160858154297,4.052642822265625,3.9610447883605957
fcc99603544bb8fef3da27f58361d7a4,3,4.196372985839844,3.595454692840576,5.208881855010986,4.751716136932373,5.069051265716553
cc4f566aa69128848faadfd91af1bd44,3,2.2649567127227783,2.0937700271606445,3.7787387371063232,2.4468705654144287,3.5977180004119873
ef167bf5254c80c089d5eed8126fcf2c,3,2.392914295196533,2.1786251068115234,4.24316930770874,2.4128623008728027,4.231093883514404
9be6cb24492489aa9807fa91fb3707a9,3,2.774599552154541,2.4695513248443604,3.9007441997528076,3.8327395915985107,3.7999444007873535
d69d75257dfb6bb5a8a5515e758f6077,3,2.8930976390838623,2.4361636638641357,4.407726287841797,3.145968437194824,4.043785572052002
75f2c4bf4193c136d147c87dc358ee05,3,2.824375629425049,3.0229530334472656,4.227637767791748,3.179215908050537,3.8455612659454346
92e363c97b289d7324814d4d00a3ce5c,3,3.3145761489868164,3.21390700340271,4.602458477020264,3.298795700073242,4.199387550354004
da6a5691a3d2936aa119b7e42e2d2040,3,2.3615710735321045,1.7561513185501099,3.4118428230285645,2.967423915863037,3.3497462272644043
a46f829ab9ee8f422786a3e176c8a668,3,3.64290189743042,3.4815332889556885,4.55084753036499,4.117449760437012,4.470634460449219
de6b4169e124fb08e6c0ca5cf8129673,3,3.341371536254883,3.0588772296905518,4.2587738037109375,3.915924072265625,4.04351806640625
878cb039a7cb9f2fecdfb40b5d568014,3,2.12308406829834,1.9705257415771484,3.7012407779693604,2.9592461585998535,3.2238521575927734
9a69884a7a7c03bc1cebd5f9e04a39cc,3,3.202178478240967,3.197134017944336,4.390034198760986,3.7637414932250977,4.064065456390381
d5fa788514614b580605405cb8afdfa7,3,2.6595704555511475,2.512406349182129,4.033514499664307,3.2317347526550293,3.8732714653015137
181af2c4fc8393cea4dbb197d5a2b5db,3,3.6016154289245605,3.440448045730591,4.699405193328857,3.6679458618164062,4.3177642822265625
dc4466d74342ac565821c50e1769dd50,3,3.4322986602783203,3.5447545051574707,4.482783317565918,3.7219910621643066,4.136330604553223
2f0ed23868767ac31de357b53601aec9,3,3.7439897060394287,3.6810028553009033,4.668661594390869,4.180241584777832,4.535584926605225
3ff8e3ed0edf6a4750b1efc19e3da4e1,3,3.7223451137542725,3.5892136096954346,4.604496479034424,3.9930028915405273,4.577614784240723
b4a3b50d447a83a56871c00c51bd5010,3,2.7491884231567383,2.3747358322143555,3.889630079269409,3.7617270946502686,3.51310133934021
e0dfbd0d42a9ec4b82a6c7d34a73282c,3,3.0200090408325195,2.973226547241211,4.3617682456970215,3.304267168045044,3.970818042755127
bd8b4c6f34c4ed502f58fb4b4a192bd1,3,3.2072913646698,3.0857021808624268,4.061463356018066,3.8855185508728027,4.205522537231445
2d2e1ce2a31b900637ea766a75708f5f,3,2.336968421936035,2.5143814086914062,4.084415435791016,2.1207523345947266,4.0158233642578125
7bbcb63a47e33e4e503647cb9ee97053,3,3.033449172973633,2.8863813877105713,4.22298002243042,3.5282540321350098,3.8941116333007812
48eb23740f51ca7e7def4296ee12a6fa,3,2.946889877319336,2.7122318744659424,3.8457751274108887,3.740523338317871,3.494180202484131
3f1fade73bb018c4a2d0091139dce03a,3,2.9349465370178223,2.4770500659942627,4.093103885650635,4.045799732208252,3.921719789505005
3937de186e00f766ea37d886080838e7,3,1.5905327796936035,0.9866689443588257,2.8640451431274414,2.5262327194213867,2.693297863006592
49c25ae0e9ed9b57cb5dc3af9a04b167,3,2.8458049297332764,2.4681663513183594,3.711639881134033,3.16308331489563,3.794865369796753
c018a7e51c5dadc104fdbfa82ac6066f,3,2.7644224166870117,2.2449512481689453,4.179520606994629,2.7834808826446533,4.158575534820557
2f7fa622bf5d26d72ba17bbd409ee9c4,3,3.164762496948242,3.3333864212036133,4.363737106323242,3.4058494567871094,4.045598983764648
4b598b6d44ada20e6e5d2cc18ea2bb5a,3,3.8368537425994873,3.24857759475708,4.871272563934326,4.769854545593262,4.768906593322754
c49c57a5851025482c09508fa1582cdd,3,3.1780240535736084,2.7314884662628174,4.157623767852783,3.981801986694336,4.060342311859131
3783c861d9b1bf27909a2f3a61297a12,3,2.9405899047851562,2.8370447158813477,3.9672036170959473,3.471003293991089,3.853794813156128
d0c057ea95f9d322161e0240eadf80e4,3,3.142242908477783,3.2719907760620117,4.118290424346924,3.4572629928588867,4.132967948913574
3a7094a7ef1148b4141192d7d77114c6,3,2.409564971923828,1.8421237468719482,3.4837801456451416,3.260937452316284,3.550873279571533
8a18c80f0a3044b3a37a6e9437df13ae,3,2.369349241256714,1.9500987529754639,4.064624309539795,3.190877914428711,3.721830368041992
5d99b6e1bdaae7115768a3648548176c,3,2.7097725868225098,2.132303237915039,4.168368816375732,3.4759671688079834,4.078625202178955
202081c664acb60cf27f5cd7bc92b2e5,3,3.983365297317505,4.218980312347412,4.608370780944824,4.703428745269775,4.746088027954102
a78ee77f7b249d03b3b9c7e47ccb4f66,3,3.3851425647735596,3.095999240875244,4.503707408905029,3.6478729248046875,4.051767349243164
7b9977811ee3da70a77c0245c195c7e8,3,3.0599682331085205,3.3809142112731934,4.148486137390137,3.157029628753662,4.121574878692627
ebd151ef5f681561c282d25489993164,3,2.7459120750427246,2.1923534870147705,4.230844974517822,3.5153348445892334,3.852128744125366
ba909774d9cd95d964e04c641b0d8bcf,3,2.5666985511779785,2.28918719291687,3.5258469581604004,3.0148818492889404,3.5648112297058105
17cabdbef504c32addd7f1a437bfbb3f,3,2.0364394187927246,2.172375440597534,3.9299349784851074,2.2914953231811523,3.5858356952667236
5529b483649cea64324137ac34f7615d,3,3.349761724472046,3.4027254581451416,4.426294803619385,3.7516391277313232,4.234519004821777
6f9e1e23f7727cd9a0e2287b2bf58092,3,2.6962175369262695,3.096407413482666,4.230513572692871,2.968778610229492,3.925150156021118
62ad6e5e42efac98feb30121b8a4854e,3,3.1676831245422363,2.965276002883911,4.3779096603393555,3.50185489654541,4.141417980194092
b6d65d5e5f5e4885edb92ccd0e4b26ac,3,3.3244528770446777,2.757371664047241,4.400368690490723,3.514735698699951,4.380743503570557
a260b66bd03965a9d42363eb6b7d2161,3,3.4239556789398193,3.592392921447754,4.546489238739014,4.219448089599609,4.277927875518799
50e37c7cfb3eee861fe4a040ac3e548a,3,3.6965091228485107,3.514193534851074,4.5650410652160645,4.142589569091797,4.452944278717041
8ff8fff5e1609cc0e137bb064b1a9835,3,2.8509721755981445,2.5642800331115723,4.21513032913208,3.176781415939331,4.187234878540039
d5fbfe87b4af5073fd3a3f8fe793419a,3,2.496459722518921,2.284390687942505,3.9050488471984863,2.3804707527160645,3.6546401977539062
6b4b86fa3749d4b2e788fa5a89de52c1,3,3.154163122177124,3.346083641052246,4.2273945808410645,3.890947103500366,4.166909217834473
5c1ca4ab2ea08a83d79bb9a9b819213c,3,2.7162535190582275,2.2224197387695312,4.10600471496582,3.859081506729126,3.9298512935638428
11bf6a3559d646495ccf76edd1da14a3,3,2.1473875045776367,1.9197474718093872,3.7351183891296387,1.8360251188278198,3.562376022338867
704c7d0f6bdf0eb3efa8822a463a2798,3,2.869135856628418,2.2905712127685547,4.171790599822998,3.755471706390381,4.197767734527588
77895d054b9406ce40687a013564cffe,3,2.2562716007232666,2.272967576980591,3.862217903137207,2.4618892669677734,3.696192741394043
0ce82be1ed8ded23fe3a21843c5b2882,3,1.5783276557922363,1.4595013856887817,3.09367036819458,2.242250680923462,3.0387191772460938
bf5dae024a93940fce71a0db947e0666,3,3.378941535949707,2.271733283996582,3.920585870742798,4.25147008895874,4.288442611694336
c89146022878650b31e22fd017b1381f,3,3.2905449867248535,2.9999265670776367,4.046328544616699,4.109825134277344,4.177623271942139
ed04403f2200d758f7777a531f91c32e,3,3.013766288757324,3.129986524581909,4.289199352264404,3.635817289352417,4.056747913360596
f1753ffd6f518c51722ede987862bd7a,3,3.758136510848999,3.734696865081787,4.82334041595459,4.4418110847473145,4.523584365844727
c7ec233022b46f30a426382ec5b53089,3,4.140962600708008,3.531313180923462,5.076210021972656,4.927241325378418,4.942569732666016
5e00f22f003bc7f158fca73a6be58415,3,3.3502197265625,3.3552212715148926,4.218466758728027,3.936417818069458,4.0495452880859375
482f45fc97505384a4f12be7aebcf264,3,1.8801913261413574,2.0646140575408936,3.654614210128784,2.354572296142578,3.397596597671509
fc8be4b5fd355882d87039dbc4afeb55,3,2.3301703929901123,2.1125872135162354,3.7122950553894043,3.313887119293213,3.2645604610443115
8b4382f1a35bdffe4417710093539409,3,2.648531436920166,2.638115644454956,3.8544230461120605,2.9480931758880615,3.9954144954681396
93776480ffbf6c912d1e1f7eb0e98cc2,3,2.8989415168762207,2.8105573654174805,4.141567707061768,4.162158966064453,3.8829798698425293
66e941dad603431003138d816af0a32c,3,3.364288091659546,3.337275505065918,4.462799549102783,3.495826005935669,4.372147560119629
eded38eb51886571d0977dffbc9d379a,3,1.7775012254714966,1.8065192699432373,3.4599404335021973,1.6610546112060547,3.1532998085021973
b66b9ca600bace0934017e7f2eb12d1d,3,3.8516018390655518,3.3620567321777344,5.005916595458984,4.553433418273926,4.71312952041626
7c6d18993e165cca40441ddeac017278,3,3.336064100265503,3.3774421215057373,4.532020568847656,3.808356523513794,4.338914394378662
dc2f7154ca42b38f05591c80e8772bf3,3,1.917810320854187,1.9029349088668823,3.3987817764282227,2.797149181365967,3.344007730484009
ad73870661f4f65a6959bd505faf9b42,3,3.02418851852417,2.827838659286499,4.058356761932373,3.4849095344543457,3.955871820449829
8b2b9de7366137ee8050a8cafdc040e7,3,2.847595691680908,2.605515718460083,4.03270149230957,2.6586008071899414,3.983835458755493
cf8149400f814380f96ba69d46116ef7,3,2.894878625869751,2.640429735183716,3.8837602138519287,3.606606960296631,3.5229992866516113
1a7b2810e35b03cdc9f35544525fda71,3,2.4617271423339844,2.026737689971924,3.9218060970306396,3.727281093597412,3.807101249694824
97f1dca9b8417258a2e3efd17ddb473d,3,3.0209097862243652,2.9010262489318848,4.347942352294922,3.4940543174743652,3.866919755935669
6157c9124324ffc415395af91815a453,3,2.554060459136963,1.8301063776016235,3.7864933013916016,3.4080772399902344,3.7174246311187744
8d38641c4c2278c61b0da081d07606b1,3,2.822112560272217,2.920287609100342,4.020171642303467,3.0028059482574463,4.032388210296631
089601ba74ef2ed7f9f2b69a46c0fef5,3,1.9327759742736816,2.067502975463867,3.525923728942871,2.5778348445892334,3.3636715412139893
ba922d7163dd118b74754731304e4eef,3,4.036581516265869,4.276416778564453,4.837946891784668,4.823677062988281,4.8175435066223145
4c9a9cb2fda2617937ab7d595631b0ef,3,2.699003219604492,1.9066272974014282,4.174355506896973,3.6505038738250732,3.7857203483581543
11a76a97e7cb249e58c9dcaf7d5fa5a5,3,3.392542839050293,2.831409215927124,4.432816505432129,4.240239143371582,4.256628513336182
426f0529712601d759280573719f2071,3,2.8883719444274902,2.34507155418396,4.11509370803833,3.47503924369812,3.884615421295166
34b0f2dece39d0ea8eba043b92a2ae56,3,2.149374485015869,1.8549695014953613,3.3928182125091553,2.7236223220825195,3.2091352939605713
4b3292f03d3ad8a64764624b8d2e6f58,3,3.042384386062622,2.041264533996582,4.104740142822266,4.047341823577881,4.17508602142334
9afe13fc49a541a81b07943adf17cafd,3,3.4757227897644043,2.555049180984497,4.172562122344971,4.223323822021484,4.416601657867432
bf57ef767e6b6596db36e411927014d5,3,2.408292293548584,2.6858577728271484,3.7111258506774902,2.6307506561279297,3.835667610168457
5f6a111ec8f5f3ae3f36140deff292b8,3,2.8299903869628906,2.671599864959717,3.8538434505462646,3.303880453109741,3.822493553161621
33587385f9f5d3032226850a5d2e9761,3,3.2377798557281494,3.188411235809326,4.346590042114258,3.7239654064178467,3.9558379650115967
5a4de5a03a95ee35d69c9f928b6daad7,3,3.1330251693725586,2.7380826473236084,4.345287322998047,3.453325033187866,4.113526344299316
7648967c17922ad18ee75a6b15fec106,3,3.2969248294830322,2.946833848953247,4.201910495758057,3.655841112136841,4.350246906280518
6cafe1feb0be4511a0f32a56d7dd0995,3,2.416959762573242,2.6561644077301025,3.45408034324646,3.105708360671997,4.359462738037109
51ec6a391f0bf0ead521a462a5c5e51c,3,3.330641984939575,2.9758501052856445,4.162912368774414,4.192087173461914,3.837461471557617
3dfd9f0ff0805e3d8b16aa11068974f6,3,4.243417739868164,3.7202069759368896,5.195207118988037,4.830758094787598,5.0583600997924805
0c8b3f3599dcdd1bc409ff7096ef86f1,3,2.7480309009552,2.769733190536499,3.9987220764160156,3.308753490447998,3.9780778884887695
f8cdc462814ac9ded1ba4a12c7337f62,3,2.3853743076324463,1.6539462804794312,4.016310214996338,3.5509960651397705,3.7150449752807617
4b3730fbb4a1def507dabec7fe9a9137,3,3.081037998199463,3.369380235671997,4.248617172241211,3.4033825397491455,4.055148601531982
12b516bbea9f256f5fb91ab896cecf9b,3,2.5056121349334717,2.390087604522705,3.500736951828003,3.25044322013855,3.122328758239746
1302b095ca21acaadf146bf47534f62d,3,3.19642972946167,3.2436792850494385,4.177063465118408,3.857771873474121,3.9773612022399902
56531778d009ac7fa960249b6b17ee7b,3,3.3623321056365967,3.4569427967071533,4.446417331695557,3.664700508117676,4.096217155456543
d73ab5a7c1116678266474dca0cf7422,3,3.2585175037384033,2.910183906555176,3.944495439529419,3.7589731216430664,3.9794158935546875
e2a2a927d14994bf6430e8715497d186,3,3.8157296180725098,4.034693717956543,4.57756233215332,4.694752216339111,4.509763717651367
df5789231795bc57009efe0bda131364,3,3.191178321838379,2.673065662384033,4.309807777404785,3.612452745437622,4.230739116668701
5ed56abacc89c0118e4ad31774fa7e6d,3,2.6856181621551514,2.5040910243988037,4.199163913726807,3.195380210876465,3.6810524463653564
2064f042b7a8e92c41be19b964266ad8,3,3.3249008655548096,3.1744799613952637,4.49314022064209,3.519848108291626,4.224854946136475
15f9739b205f8c60dcc9bae72e1eba61,3,2.9100565910339355,2.498715400695801,3.9312078952789307,3.511199474334717,3.4159646034240723
2ce2a217f17b33b369b72aecd6e5e34c,3,3.108705759048462,3.1341798305511475,4.401920318603516,3.3423140048980713,4.049302577972412
85f51d8a9828ea9ef63a8198e9f1ac0d,3,3.073575735092163,2.576385498046875,3.8859124183654785,3.877742290496826,3.7902255058288574
6ad45e2e0cae21a7a8bbde9ce87e5389,3,3.3049256801605225,3.090280532836914,4.447845458984375,3.6363887786865234,4.144751071929932
a0dd40095d5d38372d9261d29691c120,3,3.7439730167388916,3.800748348236084,4.437208652496338,4.569016456604004,4.396126747131348
36ecc67e28341074ae40a65845f732ef,3,1.9310067892074585,1.4119372367858887,3.1679651737213135,2.920628309249878,3.1110832691192627
66a60b8dc6eed88066bb663e6a1181b5,3,3.359917640686035,3.1874313354492188,4.4414801597595215,3.4601311683654785,4.163939952850342
7fd78549b3c2f79df4eda4421b870fdd,3,3.0865585803985596,2.9318411350250244,4.244098663330078,4.270598411560059,3.9289331436157227
c9ec8d7582a888f441cb52d3690a66bd,3,2.915290355682373,3.2430734634399414,4.206708908081055,3.3563601970672607,4.035924911499023
f5ce4f99b2406c93a6ea711703bd3f06,3,4.119565963745117,4.492317199707031,4.993910312652588,5.114432334899902,4.943055152893066
a558533af58ac4cb258f7f5020cd4097,3,3.0545108318328857,3.137784957885742,4.1620659828186035,3.3974742889404297,3.8770558834075928
f5d0d2ffb62ec9b19c088eb2b8a5cc14,3,2.622561454772949,2.2585902214050293,4.2132744789123535,3.0031065940856934,3.587808609008789
05e3e0778a00c487cbb2e1047516dc6f,3,2.492865800857544,2.2401914596557617,3.987952470779419,3.4018759727478027,3.4343652725219727
0e1e24bbac3bd1f88c76f563c507ba59,3,2.817835807800293,2.4952261447906494,3.700122356414795,3.551518201828003,3.743443489074707
45ba32381297236ff074543a763633f1,3,3.3997936248779297,3.2908575534820557,4.351861000061035,3.872077465057373,4.264925003051758
88b490175287f346b8cbb503d5ff0340,3,3.651275396347046,3.4178574085235596,4.633598804473877,3.8984124660491943,4.516118049621582
3616cead63e193aa6b27489eae993e4a,3,3.5117499828338623,3.651988983154297,4.4730143547058105,3.9710769653320312,4.328230381011963
c0b5e89b9289f05a77a5c12dfa5d2cbc,3,3.6268749237060547,3.5094618797302246,4.594927787780762,4.1126933097839355,4.388175010681152
5291e80202b183820d34d22fe6e2bfdb,3,3.604274034500122,3.4485015869140625,4.368041515350342,4.042998313903809,4.360074520111084
6336e2e650a6aab1506215a392cbdc67,3,1.8640472888946533,1.7397830486297607,3.68323016166687,2.6832284927368164,2.9140937328338623
4b78311148eeac67c8ad96063c930164,3,3.72829270362854,3.1026053428649902,4.659515380859375,4.323609352111816,4.547262191772461
5a9521906d59bf9387537ba32024451c,3,3.331728935241699,3.475839138031006,4.238780498504639,4.023114204406738,4.12061071395874
86de89fb2b73fd5ee2c9288d93caf116,3,3.3082075119018555,3.1106503009796143,4.16680383682251,3.7440481185913086,4.046281337738037
4006bde2f196573d97f6be55cbbc2cd8,3,2.4043164253234863,1.8807083368301392,3.606290817260742,3.094884157180786,3.4278552532196045
86bc3e00679cf90841e481ce433adfba,3,2.1769587993621826,1.9587204456329346,3.4092178344726562,2.235342025756836,3.3940329551696777
487b78e298b863b509de441abc33b78e,3,3.2481696605682373,3.218607187271118,4.369412899017334,3.5735912322998047,4.001686096191406
b29dc8f733dc9922eb19fe4da81e7d95,3,2.7612743377685547,2.6226444244384766,4.133626937866211,2.8973371982574463,3.940047025680542
1bfb7240838a61089b6571939d91e913,3,4.205029010772705,4.334104537963867,4.909099578857422,4.7782392501831055,4.9753265380859375
5a7b4267b0f774feaa3b30d9a6d97914,3,3.288771152496338,3.0848114490509033,4.13056755065918,3.637199878692627,4.0854620933532715
ac9cb159a8ba3ca2351269ae5d1a6028,3,3.098679542541504,3.1472513675689697,4.165733337402344,3.4393064975738525,4.063461780548096
be4e8340487741a82c6e8b7178d60dcd,3,3.985292434692383,3.43198823928833,5.057031631469727,4.7054290771484375,4.954476356506348
c414572bc73639db4f3b892a601b4323,3,3.1365597248077393,3.455230712890625,4.386085033416748,3.654219150543213,4.130671501159668
998c76457a8704fdfa7db3d9148ce276,3,2.379910945892334,2.3739755153656006,4.106459617614746,2.32302188873291,3.8318843841552734
b62a6f9ee062210888f27dea04bb3793,3,2.959583282470703,3.006798028945923,3.9841251373291016,3.4846813678741455,3.849625587463379
4a073290a2fdeb5815904dc203c0e1e4,3,3.065476894378662,3.1313695907592773,4.067287445068359,3.756511688232422,4.178073883056641
8f3f15399e64d1270bb0edd3449d7f73,3,3.0551092624664307,2.977733850479126,4.369332790374756,3.2760019302368164,4.123719215393066
9ccae8e93af52fcecd8f02d36d51d569,3,3.252821445465088,2.5091216564178467,4.225238800048828,4.47255802154541,4.338711738586426
b7149f642a1d06ad7a548e78b43a19e6,3,1.840574860572815,2.0031073093414307,3.5599186420440674,2.3282246589660645,3.4823479652404785
aba6433efb32ae308668c56e085eb5bf,3,3.434192180633545,2.904143810272217,3.9735827445983887,3.651547431945801,4.2020263671875
9ab22b794a2c947e840db33d22d4e498,3,2.88869309425354,2.014173984527588,4.262333869934082,3.841370105743408,4.029740333557129
00183ef8288a1fa478fa36819d70f35b,3,4.2138214111328125,4.574969291687012,5.0358195304870605,4.924359321594238,4.952269077301025
d5567ae431eea43e7f1b318115c99c5a,3,3.220792770385742,3.009570837020874,4.394899845123291,3.814350128173828,4.209953308105469
4be457395948de94e5a415a36343c1ee,3,2.9911131858825684,2.059610366821289,4.156651496887207,4.161850452423096,4.206488609313965
5d463456457a539b474f047ba901fe1c,3,2.952510118484497,2.3368890285491943,4.20405912399292,3.964240312576294,4.05032205581665
8fdd696bed416fed68345f4107cf09fd,3,2.294645071029663,2.147010564804077,4.164727687835693,1.7669212818145752,3.9116694927215576
3d9fd8c3d921e6e6d3e4fa5a06b79e33,3,2.5426278114318848,2.58286190032959,3.735518217086792,2.907708168029785,3.5864317417144775
e4159869bd8c1853bb0fa710de7aee07,3,3.5406455993652344,3.492767095565796,4.392881870269775,3.7745678424835205,4.33518648147583
03cba12eadbd64756d482df5d89f6ca5,3,2.0331902503967285,2.3908181190490723,3.664944648742676,2.0607805252075195,2.5566368103027344
4e00023d497c9d3bbf73e8a4a2a928ab,3,3.4773623943328857,3.391571283340454,4.386290073394775,3.5839478969573975,4.179905414581299
55bbaea05f561ad17fcf15aac5705afc,3,2.5238237380981445,3.08860182762146,3.80202579498291,2.9277403354644775,3.98482084274292
bbb32f2ed18babb8a1aa15248fa7b273,3,3.4931728839874268,3.616386890411377,4.294400691986084,4.359564781188965,4.3892717361450195
d3e05237c1eb945e22372d3ce007a0fa,3,2.777635335922241,3.0878007411956787,3.845513105392456,3.0199568271636963,4.061457633972168
61d74b558d0192d4128b46ea9bceeba5,3,3.5708260536193848,3.373821258544922,4.093980312347412,3.7680492401123047,4.1973700523376465
7cb11c9f63e122a5f0e56ff8e240beda,3,3.706655263900757,3.2515432834625244,4.770216941833496,4.594559669494629,4.532833576202393
4c89a142fef7784ad217dd803dd181af,3,3.6921017169952393,3.556497573852539,4.5794477462768555,4.0708489418029785,4.549797058105469
4a19eb1c266233e3f30d2e8a62a60cb0,3,2.108137607574463,2.1919844150543213,4.263848781585693,1.711216688156128,4.1706461906433105
2f1c23bbf01abf766715fb05ecd6bb07,3,3.632261276245117,3.5294294357299805,4.0827507972717285,4.2662577629089355,4.233753204345703
c08c4f4343fb44e5a0d30f76f9a7a8c1,3,2.125396251678467,2.390568733215332,3.986450433731079,1.7794028520584106,3.795149087905884
fe467479b682a14ceee996b9fab004cc,3,3.565429449081421,3.390188694000244,4.327909469604492,3.8725621700286865,4.411262512207031
14a76a631f18a9347b29f6318302fbaa,3,3.343475580215454,3.0795860290527344,4.061430931091309,3.6506826877593994,3.906827449798584
6783f2180894b9428f7374d945e8a737,3,2.731285572052002,2.0639615058898926,3.6326208114624023,3.5060667991638184,3.312436819076538
cca89f22a64592d9615ef8a7e2dfd6f4,3,2.8960165977478027,3.4882946014404297,3.816197395324707,3.1298928260803223,4.380497932434082
a92c5cfc3e59102047f77f703aea1ba9,3,3.254521608352661,3.0573527812957764,4.456985950469971,3.4691314697265625,4.182780742645264
cdca947790fad702fcdfd62266b3f768,3,2.5370497703552246,2.1680710315704346,4.087273597717285,2.8316473960876465,3.841094970703125
3f04434ecb4f92cdb0b613a7e69b4c56,3,3.179957866668701,2.8637144565582275,4.358169078826904,3.430662155151367,4.366774559020996
777596bff24272a88aa91e3e517bd98f,3,2.49662446975708,2.6290602684020996,4.026576519012451,2.8337697982788086,3.4173755645751953
a1113a1e2b112791d0dc96a5159ce4aa,3,3.2493882179260254,3.417714834213257,4.397947311401367,3.426086902618408,4.10371208190918
18d5cfce2f6fe2ab981c620a7a524219,3,2.779853582382202,2.637160539627075,3.4912610054016113,3.610629081726074,3.3846375942230225
fa021ae47a17be5e56cd2ea9dc4cc1c4,3,3.0937039852142334,2.0875720977783203,4.221529483795166,4.174374580383301,4.30005407333374
61245db55df266f5f9c53bfdb1a52a84,3,2.552856922149658,2.5639238357543945,4.053796291351318,3.210890531539917,3.8066930770874023
9097320afe06bd81dbcad08eee853804,3,3.6107664108276367,2.3357746601104736,4.020541191101074,4.454339027404785,4.497184753417969
d0c6bc4604cd81b38709ee23767a5766,3,2.1559085845947266,2.2365453243255615,3.787592649459839,2.4916443824768066,3.7205958366394043
47c9c403441897a2e247b8e54ade425e,3,3.144231081008911,3.28562068939209,4.3406081199646,3.8314342498779297,4.249425411224365
c3f929cbe7bd5ffef4c00d72870ae14c,3,3.196545362472534,2.8377339839935303,4.392928600311279,3.354712963104248,4.25152587890625
693c275afe634611f898dea0b11c6d69,3,2.5884509086608887,2.562283754348755,3.7404122352600098,2.7034244537353516,3.548243284225464
e03a6539004a799d48c57da9ef3e3c34,3,3.245387315750122,3.1874749660491943,4.402084827423096,3.696418046951294,4.253612041473389
7b7b7613df62abfe6cc1c0b630a5e9e9,3,2.42393159866333,2.267483949661255,3.9819869995117188,2.5987460613250732,3.8088650703430176
83b2556753932332ac5ed163a84caaac,3,3.27579665184021,2.445754051208496,3.839752435684204,3.773439884185791,3.882511615753174
5680fe489b6737b7a2d6bb20cace0dc8,3,3.1611275672912598,2.989347219467163,4.446345329284668,3.379359006881714,4.1044464111328125
59b07cab0292bc3536a73df51f085175,3,3.2473785877227783,2.9094676971435547,4.436258792877197,3.2803266048431396,3.556687116622925
8672e36587139012ad51e7b97c6f1e24,3,2.3407654762268066,2.2675256729125977,3.8971824645996094,2.2431840896606445,3.951173782348633
315ee2ea95b6756b87b1ad47876b71e3,3,2.791682720184326,3.208927869796753,4.005659580230713,3.1142361164093018,4.497323036193848
753961c9c53f47bb55a63836d32926c8,3,2.961554527282715,2.3666152954101562,4.036726951599121,3.3433115482330322,4.005425453186035
7666e934d51399f09600a61e1ff2cc8c,3,3.5653812885284424,2.8608293533325195,4.4568705558776855,3.6705071926116943,4.106091022491455
a4de9b185ac2572911fa770ad5205393,3,2.8704538345336914,3.167365074157715,3.570849895477295,3.273794412612915,3.953645706176758
f734a87a549f8d13e76bd4c0ba9d59b1,3,2.894892454147339,2.9792215824127197,4.255476951599121,3.0668253898620605,4.070443153381348
c360cfb737406f91167ad79a715011dd,3,2.054337978363037,2.220640182495117,3.550811529159546,2.5916810035705566,3.716827154159546
37d9a6ef3a65883fb7fcb37e3c3a2f05,3,3.4382681846618652,3.484365463256836,3.982457160949707,3.890235424041748,4.1753153800964355
a8766984226019c908583278f6a07740,3,3.1114871501922607,3.055314302444458,4.088642120361328,3.7392029762268066,4.139336585998535
9586cb468fa9a77da3ba62dadb2339e6,3,2.7170655727386475,2.3040883541107178,3.988515615463257,3.213365316390991,3.653982400894165
b30954f0421e055e5c2991a6ba8ce03b,3,3.120107889175415,2.836977005004883,4.379330635070801,3.4457952976226807,4.196277141571045
71cc78010d0ea8fc5e8a1e5aba67e4be,3,3.301675796508789,3.2980103492736816,4.327094554901123,3.7593350410461426,3.964362859725952
d291ebb715f7e0a5fef9376d0d2bfcfb,3,2.683112144470215,3.2381067276000977,3.206429958343506,2.9922537803649902,4.490948677062988
dc4661bb39b850c06cc0c53e265315d2,3,3.199500322341919,2.9087882041931152,4.1125054359436035,3.916843891143799,3.8314273357391357
06a6622d632accbe53d9dcf50ba70f45,3,2.277766466140747,2.175713300704956,3.8295156955718994,3.043370008468628,3.334486246109009
925c366c8e1608f6ba021e169f6cd017,3,3.508476495742798,3.311466932296753,4.51835298538208,4.037169933319092,4.420231819152832
0803dcaee884d0d0226ee1adb899d1ad,3,2.930652618408203,2.189760208129883,4.24088191986084,3.4017932415008545,3.583029270172119
262253a6cc5a5df18583652ea8898639,3,3.136582374572754,2.8435938358306885,4.206295490264893,2.825690984725952,3.831943988800049
0e707575ccdc0bd35966f96e11c9d526,3,3.263343095779419,2.945319414138794,4.119905471801758,3.897059917449951,4.148275375366211
f9d8f85d264e34a0337780dffefad93e,3,4.183696746826172,3.567857265472412,5.110330104827881,4.749249458312988,4.975372791290283
5e804884b2af578a5f6959f6fd8af563,3,2.3832204341888428,2.951310396194458,3.705533266067505,2.6667258739471436,4.157382488250732
978719229b125d74b9f755c955c2b649,3,2.8767027854919434,2.2981884479522705,4.114245414733887,3.294100522994995,4.14208459854126
34a2b378c48e2d1f1fee1bf02a12c003,3,2.95036244392395,2.397179126739502,4.2224016189575195,3.6325902938842773,4.159239768981934
3da51ef0ce862f1c53c14efe28895b8f,3,3.7149240970611572,3.2039198875427246,4.878419876098633,4.7982096672058105,4.743272304534912
ea71393a735359c21cd7dbe727f4b111,3,3.1447877883911133,2.968533515930176,4.444663047790527,3.6019320487976074,3.9795467853546143
2168bc5b13aa229c83b3d48301f74fe8,3,2.7991318702697754,2.4429473876953125,3.6046390533447266,3.0799474716186523,3.9166860580444336
d8943f702b904fa3f2dbf93fdbc32973,3,2.57576322555542,2.2169137001037598,3.8586461544036865,3.2232141494750977,3.8004069328308105
da9dc68f4343618e48d2737592fa4b6d,3,3.5026602745056152,2.9365017414093018,4.455317497253418,4.468408107757568,4.276054859161377
4463f72415734bee47e8316919a26f22,3,2.3721559047698975,1.9851858615875244,3.577261447906494,3.329732656478882,3.4647903442382812
323a2718f625938ff3f976ab0d5fd3ef,3,3.238509178161621,3.2314560413360596,4.2670722007751465,4.228960990905762,4.139416217803955
f147ff4af1b87713d6f18e420dae1839,3,3.145237684249878,3.538679599761963,3.8600876331329346,3.7405731678009033,4.382608890533447
cc8952351f3e389338766558a9e56af5,3,3.186751365661621,2.87538480758667,3.9825472831726074,3.863114595413208,4.257697105407715
061cf32f22c1aa8a507b81ce6d067bc7,3,3.060286283493042,2.5275940895080566,3.994769334793091,3.6546454429626465,3.6454312801361084
c4da7a8e4add4cf3aa2ba4691038ddc9,3,2.6410369873046875,2.684208631515503,3.945913553237915,3.0603408813476562,4.155237674713135
1b4a5fc920e2020e326cc9851dfc26e3,3,4.285700798034668,3.631537437438965,5.2141218185424805,4.9845075607299805,5.099544048309326
2ded25f909ec24dab1de86bdfb4d444b,3,4.230708122253418,4.259027004241943,4.922211170196533,4.851364612579346,4.904470443725586
5740dcedb26ec8282f29416ff12a475b,3,2.941234588623047,2.6258420944213867,4.119228839874268,3.2559103965759277,3.8809731006622314
effc3a2c24d5513e5795031e7b7c97fb,3,3.7054035663604736,3.578805685043335,4.613314151763916,3.751444101333618,4.556589126586914
0f0eefee1e301bba8a8f53baaddb3008,3,2.5546724796295166,2.637448310852051,4.074735164642334,2.872096300125122,3.9897146224975586
6702d7f2723cc1157a8c17e161ccd843,3,2.9746203422546387,2.654723644256592,4.097733497619629,3.6252048015594482,3.922260046005249
9a3a2b2b891cc6726533ca3cddf608fb,3,3.5075831413269043,3.4000368118286133,4.5295305252075195,4.066784381866455,4.455901145935059
4515572f990754d2cce79f23340338dc,3,2.851480007171631,2.608471632003784,4.066596031188965,2.970424175262451,3.9713494777679443
20e69da200b76cfe93f54f856dd53988,3,3.7243220806121826,4.110018253326416,4.769786834716797,4.498939037322998,4.750742435455322
a302808a8fe50879f5eb74020008c2a4,3,4.365758895874023,3.7280287742614746,5.165227890014648,4.874201774597168,5.125967979431152
b6ea7e82af20357d20e23c66d774cd2c,3,3.417361259460449,3.396894931793213,4.430370330810547,3.3694257736206055,4.301891326904297
9f2a993080c8a37887e984871d9170b7,3,2.320124626159668,2.055086135864258,3.856306552886963,2.425551414489746,3.5804030895233154
0cccbc70d6640e691e52abb0b619cc81,3,3.0706396102905273,3.064828872680664,4.363833904266357,3.628955125808716,3.8268473148345947
3959ef21e22a13fa20cda0735b683ac9,3,2.452385902404785,2.287707805633545,3.798870325088501,2.8078856468200684,2.6241135597229004
b1e6026a17316da439945969651a9f59,3,2.4722814559936523,2.2171730995178223,3.9508466720581055,2.3317151069641113,4.138449192047119
3b1573b22cfe642c1e11f5974ce40e2e,3,3.205702304840088,3.204538583755493,4.347324371337891,3.4328882694244385,3.8630287647247314
c317871a17d1a6a39d2ca477551ad1c3,3,2.6398212909698486,2.2798891067504883,3.7740135192871094,3.204970598220825,3.556006669998169
3192eb27041b4098b6fa068368544598,3,2.871389865875244,2.664126396179199,4.126531600952148,3.6904103755950928,3.833543539047241
34ea271c9c8c87ea4e60f6c3d9d86a5e,3,3.6544346809387207,2.59539794921875,4.67217493057251,4.540487289428711,4.495251178741455
14827a6ca82b1baa9616a7b4134ac188,3,3.199188470840454,3.1962404251098633,4.361526012420654,3.328049659729004,4.192573547363281
03aa7494c15424ec7ea5e219ec4adfcc,3,3.1557886600494385,3.0818397998809814,4.102573394775391,3.7133662700653076,4.066304683685303
b24395edda45050264f9c10ae2bc98a7,3,3.114117383956909,2.9879305362701416,3.8857815265655518,3.702873468399048,3.7505462169647217
9af3189f6eac9df29044dde91fd7128c,3,4.101393222808838,3.5592639446258545,4.99954891204834,4.650790214538574,4.856992244720459
559d0f723c03d3615ec2eca17af51663,3,3.3386893272399902,3.035564422607422,4.307357311248779,3.9156689643859863,4.1503987312316895
b6ddf7f342b67b1920e2741942315e00,3,3.267453193664551,2.920062303543091,4.133846759796143,3.8474385738372803,4.206044673919678
6128e7ae2322722f137e3dc1b423c49d,3,2.826596260070801,2.252803087234497,4.264279842376709,3.7680470943450928,3.9396016597747803
ef7b33aae604b6c96666e7ef56546064,3,3.2997381687164307,3.243335723876953,4.589048862457275,3.5866127014160156,4.24334716796875
9a9f3779b78c2bbbb4f332aef25d9505,3,3.3514223098754883,3.3625001907348633,4.246301174163818,3.9286696910858154,4.1079182624816895
2d2e3801f71d4ab5eac6714723ab2f58,3,2.0954325199127197,2.024104595184326,3.823559522628784,1.908352017402649,3.695521831512451
db7889989319acfc34cc41db12925c26,3,2.3215229511260986,1.6134769916534424,3.234480857849121,3.0865981578826904,3.438052177429199
f9db2f7957d82ee5334ba3d4c66fdcd8,3,3.171290159225464,2.827092170715332,4.186054706573486,3.60127329826355,4.256830215454102
76553a4a8f8f90384ee7b7c4d87b0190,3,2.951685667037964,3.2994368076324463,3.8400449752807617,3.779581308364868,4.081214427947998
da9c9c9489ed94ac376d463b24ba07a2,3,2.940946102142334,2.8832039833068848,4.224614143371582,3.1412813663482666,3.4628829956054688
27a83fee4d4c372ca2a2808434ede413,3,2.867730140686035,2.954650640487671,3.7384915351867676,3.6428306102752686,4.128434658050537
1cf0d64a4e22853f6953be7b235319d1,3,3.140195846557617,2.355236530303955,4.235157012939453,4.326483726501465,4.305474281311035
747ad01eb8f3b347458db0566c2155a5,3,3.1195170879364014,2.8917696475982666,4.196101665496826,3.9747848510742188,4.005708694458008
da690aacfab3f75c630ebbfc5da9aa7f,3,2.263363838195801,2.5112175941467285,3.8236727714538574,2.9562957286834717,3.782015800476074
dbbea5b0c9f3d867fb29265c7ca64a60,3,3.0390448570251465,2.987191677093506,4.185842990875244,3.1513874530792236,3.9946084022521973
fc082562b89e1a66cb450b5b87c956c3,3,3.4180946350097656,2.9339044094085693,4.342996597290039,4.087826728820801,4.244340896606445
1582418b84f50b961f4e23540212a3c0,3,2.9371497631073,2.682720184326172,4.208342552185059,3.879000186920166,4.030115604400635
61c10a4b9d5e26cddb0b433034b697f9,3,2.071878433227539,2.089928150177002,3.3234779834747314,2.405797004699707,3.453760862350464
ea616c06830f98a5069f9779e4054839,3,2.2757046222686768,2.2553763389587402,3.333911180496216,3.088963747024536,3.5680506229400635
223ceee137537b257c7e0ae005784655,3,2.7001774311065674,3.106670618057251,3.7019035816192627,2.8793392181396484,4.362832546234131
2f913326267fd7a287911e7ae734dd6b,3,3.557347297668457,3.2920167446136475,4.776773929595947,3.5703821182250977,4.461184978485107
a5c1386996304d13ceaaa680bef936ef,3,3.5532617568969727,3.467862606048584,4.310795307159424,4.117982387542725,4.43255090713501
338bf98ffec941e4c5d74cbdc75e1cfe,3,3.0430824756622314,2.7156240940093994,4.47654390335083,2.9957339763641357,4.372950553894043
bd0c94bed1e5d7b6c4560b7b027c9f08,3,3.3651111125946045,3.3468925952911377,4.0472588539123535,3.9042038917541504,4.183877944946289
278211af7cb775b3dd088a48b87af60e,3,2.3301842212677,2.2625582218170166,3.6961584091186523,2.6199469566345215,3.6262378692626953
4d748fd2140b7e6f3fd26c02e2763e54,3,3.351672887802124,3.1092636585235596,4.133770942687988,3.529465436935425,4.325258255004883
7a881d5558eec617c7eb72342ce66444,3,4.296669006347656,3.656360149383545,5.141340255737305,4.967388153076172,5.163737773895264
08b6cd1f4871b4675f8ce2071264cb31,3,2.0044631958007812,1.9691162109375,3.5305004119873047,1.9276434183120728,2.5827925205230713
3c3cfd2cd5698597675ef7120c0565c7,3,3.3850276470184326,3.406318426132202,4.489107608795166,3.913163423538208,4.303627014160156
dd9807fbe0dc2184acdc51b54e71af73,3,2.999523401260376,2.9789390563964844,4.161441802978516,3.3491039276123047,4.009591102600098
73913e9330ba93b1fe1f9642ee7ac4e8,3,3.416841983795166,3.285393714904785,4.476552963256836,3.701810836791992,4.068043231964111
319727740954485b405a1df74a797582,3,4.188323974609375,3.5484399795532227,5.160831451416016,4.854411602020264,5.029137134552002
05b0ed11f38b96c39195f29dcb030d04,3,4.1992573738098145,3.358891725540161,5.022469997406006,4.804910182952881,4.971060276031494
c8a686d51df6ce7e136e33aa4aa8c729,3,2.2564210891723633,2.276979446411133,3.6282918453216553,2.584014654159546,3.6551060676574707
6836e38e5fd0e249362f9aa88a72626d,3,3.582768440246582,3.7315287590026855,4.283641815185547,4.506117820739746,4.339969158172607
1ef138c7e329da1b2885194d2626b21e,3,3.208662509918213,3.0394790172576904,4.333030700683594,3.4672024250030518,4.045647144317627
967d0dd8ad09aa80d6a6cb5d8808e5cd,3,4.3785271644592285,3.593982219696045,4.958374977111816,4.9179277420043945,5.0173749923706055
954c1b9e6f7107aceaa9a1ec19072aa5,3,3.0636837482452393,2.744166612625122,4.219655513763428,3.5546884536743164,4.064014434814453
412dd80929572b1ef1073d5cd2a5456e,3,2.860295057296753,2.7510740756988525,4.161448955535889,3.2043886184692383,3.9451780319213867
9b78cd8303dd39079a751a36cc0f2b5c,3,3.504216194152832,3.2482082843780518,4.132475852966309,4.151569366455078,4.11004114151001
88e018ae58fbf425e596c5e3926b2444,3,3.0953361988067627,2.664705753326416,4.05629301071167,3.832282543182373,3.8647501468658447
adc258ffee4177849e872373c42fa818,3,3.3209447860717773,3.1584527492523193,3.9390087127685547,3.893376588821411,4.038623809814453
fff985c896f8e72e3117ce2696c00878,3,3.249825954437256,2.8852546215057373,4.148960113525391,3.6530001163482666,4.114694118499756
2583c3f8f353b77f08ce1a86f817fbce,3,2.044645071029663,2.082003593444824,3.589428663253784,2.7271060943603516,3.5274927616119385
707758e01bcd47b871cc44ac6fd3799f,3,3.2677066326141357,3.273258686065674,3.9635555744171143,3.67391300201416,4.113986968994141
9c30947453435e891f57b106d733a988,3,3.393073558807373,3.2333579063415527,4.370410919189453,3.5472211837768555,4.199991703033447
9595efefc229fed9e89355aec32f8f59,3,4.246909141540527,3.619553804397583,5.171854019165039,4.7832818031311035,5.085184574127197
3fe1ebf6528da3d20223a89c8a347504,3,3.0816197395324707,3.2962865829467773,4.1735944747924805,3.1269381046295166,4.340750217437744
3c8e578e67387093e65184393f9ce3dc,3,2.2463650703430176,1.9806867837905884,3.9234390258789062,2.3241121768951416,3.7929041385650635
473e9e82a115e96930937b05a6af7d17,3,3.061708688735962,3.726980209350586,4.139699935913086,3.778116464614868,4.516965866088867
f87b38c9fd05fe0618f0d52f19d03f50,3,3.8949215412139893,3.239835739135742,4.952662944793701,4.857784271240234,4.697826385498047
7ed88c7247ca79a5533d78d32242a6e0,3,2.69176983833313,2.7288403511047363,4.008401870727539,3.3741838932037354,4.107202529907227
da0438334d6b7082b33c8572db359526,3,2.9384005069732666,3.360349178314209,3.9730663299560547,3.4747776985168457,4.444465637207031
404c14cea8a9a074476a87a041c04c7d,3,3.2788922786712646,3.4403674602508545,4.286336421966553,3.775754928588867,4.0995659828186035
0757ebbb1bdf3e9ca995268f08939d6f,3,3.5590314865112305,3.765944719314575,4.493452072143555,4.433814525604248,4.2252397537231445
8a4001ac5ff007808591f125badef101,3,2.107119083404541,2.2768943309783936,3.847184181213379,2.225200653076172,2.5865094661712646
72d6b66fd92d7d40600ccfa3667ac540,3,2.64341139793396,2.148374080657959,3.7641730308532715,3.5131256580352783,3.6864466667175293
5cc2d18d4ed17fbac944f118d35733b9,3,2.9169955253601074,2.632256269454956,4.405158996582031,3.3488478660583496,3.9478938579559326
d27d2e44d562eb91bd1312cee8054eb7,3,2.671233654022217,2.175537109375,3.950589656829834,3.323411464691162,3.793362617492676
8671af778b154df5cff031129bfbcf89,3,3.2634143829345703,3.094817638397217,4.02457332611084,3.306504726409912,3.6571881771087646
133dc78fc07b986cc071a022c0f7885c,3,3.1287004947662354,3.319490909576416,4.276960849761963,3.658186435699463,4.043533802032471
6046c2c880db45f943b3f541781b49e4,3,4.363925933837891,4.3130035400390625,5.073728084564209,4.945724010467529,5.153572082519531
a412eed024b8247209ba451477f4466f,3,2.481090784072876,2.4312903881073,3.9679133892059326,2.9291954040527344,3.837944984436035
7b47be3a3f04b619fb06e5bf249cdff3,3,3.493360757827759,2.9391725063323975,4.532737731933594,4.454024791717529,4.48281192779541
fb360a33e04e3239a9725909672ec097,3,2.577343702316284,2.491776466369629,4.236471176147461,2.827831268310547,3.4219729900360107
c41115612d7eb9e4b42eabc882677ac4,3,3.198167085647583,3.465111255645752,4.397597789764404,3.869086980819702,4.6240363121032715
3222d6ba1df32c277c8a18d27fc18a62,3,2.703927755355835,2.6821041107177734,4.137134075164795,3.021360397338867,3.842182159423828
6cd5df30a81d96f996758ed6d86d3ca3,3,2.8398942947387695,3.11504864692688,4.218050003051758,3.2398910522460938,3.9268484115600586
c096784c51e57b0b4a47483e6954cbc9,3,3.04276180267334,2.8014371395111084,4.147758960723877,3.107913017272949,4.150758266448975
db988e47d3bf0b47a7d21a784e711858,3,2.755115032196045,2.989917516708374,3.8573286533355713,3.0788936614990234,4.236827850341797
87e7b6447687da6823792bd9fc8a5588,3,3.211285352706909,2.8128371238708496,4.130399227142334,3.4417262077331543,4.367559432983398
d064aab32ac6d07811a8e2ff22d72c47,3,3.2060465812683105,3.158926486968994,4.333370208740234,3.541968584060669,4.023997783660889
bca2074a621124a8ee35d7231615fd84,3,2.9955201148986816,2.7671141624450684,4.205008029937744,3.4412753582000732,4.00020170211792
430efd05f5ec74b90fac5f91a75fee3b,3,4.224903583526611,3.9183759689331055,5.071233749389648,4.915010929107666,5.061333656311035
0a5a1845538cc9c0b07462329aa99cf3,3,3.343102216720581,3.4483110904693604,4.325765609741211,3.829782247543335,4.234650135040283
07cf1fa1581afbd5d9860888be2e9807,3,4.109183311462402,3.5321884155273438,5.0404767990112305,4.768426418304443,4.935915946960449
240e3bebc54c4d33afc8713b51581f40,3,2.4031822681427,1.6090831756591797,3.6924076080322266,3.3766627311706543,3.570695638656616
044a034396ef702571636620c7a4ff33,3,3.226790189743042,3.114589214324951,4.037533760070801,3.664290189743042,3.868685722351074
9a90849244d1b68078128d9bca9de1fc,3,2.878232002258301,2.818141222000122,4.036964416503906,3.153914213180542,4.083357810974121
285d1f1a9532ca32d283f57c49a25299,3,2.3635730743408203,2.5214414596557617,3.7807531356811523,2.737994909286499,3.394698143005371
169f4e904415cf179b1808164d31239f,3,3.261453151702881,3.2575671672821045,4.1219635009765625,4.221981048583984,4.285129547119141
46fafdb2972a9cc98d796d05a6c7df3f,3,2.7279295921325684,2.334805488586426,3.3744969367980957,3.6892964839935303,3.6326098442077637
3cd74963c443b115694f195c3adad106,3,2.9147837162017822,3.3603835105895996,4.308576583862305,3.564833641052246,4.57472562789917
bdb884036bb9a092776efdbe27d61ac8,3,3.4104559421539307,3.1778769493103027,4.4306111335754395,3.8503410816192627,4.1095733642578125
929a2cacef5c365dc6da3e6a10b121cb,3,3.0736958980560303,2.814913034439087,4.258311748504639,3.370898485183716,4.321741104125977
e9a65516ad927ea83e4afbc9487ec454,3,2.5062966346740723,2.393094539642334,3.9170079231262207,2.6669681072235107,3.996344566345215
f7f3ceafd0fbce77e12a8eb7fbc8e73c,3,3.504624843597412,3.451925277709961,4.5345563888549805,3.5384793281555176,4.258697986602783
c5697928fc8ccb4a5b7f9802e4e8533a,3,2.8648061752319336,2.54323148727417,3.949206829071045,3.5730316638946533,3.859464168548584
d16fbb8a444d1c436906e21f5efd4e7c,3,2.8389463424682617,2.4141836166381836,4.383951187133789,3.2061703205108643,3.9062869548797607
8dc3bc86139242ed6bca2e7dcee5ad45,3,3.240398645401001,2.2305614948272705,4.176156997680664,4.073586463928223,4.128076553344727
3d468a9ef3c00d194ad937ac6c603916,3,3.5625970363616943,2.5753722190856934,4.3415327072143555,4.158080577850342,4.055552959442139
0f8cb185ad881169697dfff1f16684ba,3,2.024397373199463,1.9321622848510742,3.7050557136535645,2.055269718170166,3.633453845977783
7907604d44a48b18f90e9dcab771be51,3,3.5292282104492188,3.383570671081543,4.5283098220825195,3.928802013397217,4.3476715087890625
5c162b951b9400cab494353ce50ce5ef,3,2.818758487701416,2.648388624191284,4.012060165405273,3.4455273151397705,3.8020050525665283
b60123c5830e3a0f6a57f79c3854179a,3,2.488253116607666,2.2510616779327393,4.005237102508545,3.880918502807617,3.7590363025665283
2d856b2d5d5daa31ec3633c745147162,3,3.0634450912475586,3.4004557132720947,4.541191101074219,3.849595308303833,4.755218505859375
26207aece14d83a0777d5399d2df2bd4,3,3.0472347736358643,3.5295586585998535,4.159755706787109,3.7362608909606934,4.322467803955078
b023ad3748f585a5fb5b1d4fcbdfc73b,3,2.669684410095215,2.4848523139953613,4.130859375,2.4755990505218506,4.186403751373291
fafb6cbeb45a69718e12c9a2e2b15081,3,2.859982490539551,2.783158540725708,4.1683430671691895,2.98543643951416,3.2147512435913086
da62c22794e7706d472869c5779d44bc,3,2.6122710704803467,2.8430581092834473,3.954439640045166,3.006925582885742,3.8595774173736572
36a0f044aa195ace77fbabc8c5b5eff1,3,1.6145802736282349,1.7364189624786377,3.4697983264923096,1.9876161813735962,2.4817757606506348
020f8baefb3202adbabe474ca019e788,3,3.118182420730591,2.9234914779663086,4.291540145874023,3.3680360317230225,4.067052364349365
72127219579a6e904afa94047af92cc4,3,3.561647415161133,3.674623727798462,4.579410076141357,3.7791595458984375,4.588055610656738
abb5f2c7047edbba522f9fae749f059d,3,3.654843807220459,3.954195022583008,4.54948091506958,4.403164863586426,4.527708053588867
e7c6fc5aaa9be9085bf573f71a45fa6c,3,3.1128599643707275,2.920825242996216,4.253815650939941,3.7043209075927734,3.909130096435547
782ef180ecbcd412d330e8bbfb5d8b41,3,2.540529251098633,2.3629329204559326,3.685467481613159,3.368938446044922,3.361006259918213
7cb4de4ee828e43015b9376d53c0af4b,3,4.016106605529785,4.096566200256348,5.02130126953125,4.908844947814941,4.878077507019043
d7a7a1b5a2a844117d6cab7b300870b6,3,2.3342442512512207,2.081977128982544,3.3974294662475586,2.075782060623169,3.673153877258301
85a283c543205ebe852b5cfd7958de8d,3,3.529745101928711,3.5334482192993164,4.399502277374268,4.140902042388916,4.31052303314209
e2c1f1e204f264fb7f1d31f92800f575,3,2.0722105503082275,1.7654170989990234,3.4832613468170166,2.4819698333740234,3.134916305541992
eb28771304b9e6d8de5b0f8b2b130b36,3,2.9651010036468506,2.8706095218658447,3.9296579360961914,3.536123275756836,3.83770489692688
d28e910bb3d4147d72effa8e57d1dcbb,3,3.4135007858276367,3.368124485015869,4.482344150543213,3.687609910964966,4.191866397857666
e3189e48d1d8b414ea51f4ad5f87e122,3,3.1598167419433594,2.902099370956421,4.094174385070801,3.540347099304199,4.158808708190918
8f585822428e5058ca11e9cbef749449,3,3.0814197063446045,3.033830404281616,4.056814670562744,3.653022050857544,4.003220081329346
d336bb1266945c69e70ee7777a4e7a7f,3,2.9385437965393066,2.1007509231567383,4.177390098571777,4.243072509765625,4.180277347564697
bbe81f0e34546eec6466673c8b70243c,3,3.1082024574279785,3.0500712394714355,4.326769828796387,3.377436876296997,4.176851749420166
6b71f9c5052182689fed8172c8552ba9,3,3.033336877822876,3.050523042678833,4.285486221313477,3.0580992698669434,4.1412129402160645
3f71d00a7cdb011cf40aaa96f1899a10,3,2.6691834926605225,2.6373422145843506,4.060917377471924,2.904050827026367,3.81587815284729
c23b1d2e3c2777551491de9eaec5032a,3,2.705674648284912,2.8321175575256348,4.310329914093018,2.7785916328430176,3.9083750247955322
6ce191d67234414549009e4e60746a7f,3,2.591426134109497,2.5613770484924316,4.006301403045654,3.51051664352417,3.602076292037964
358d859cafd3cf6f5121d696ae67cf83,3,2.7026596069335938,2.435394048690796,3.6825695037841797,2.984881639480591,3.6307501792907715
f01221cc0164b985de95902c885e9bb3,3,2.8305675983428955,2.632317543029785,4.081474304199219,3.201539993286133,3.876096725463867
eeb42cf530587a7d8e15acd74cd09c9c,3,3.3159399032592773,3.294015407562256,4.378711700439453,3.369860887527466,4.179912090301514
675a79ddc995164232b7c08fed0d7ea1,3,2.055403232574463,2.240842580795288,3.685396432876587,2.264035701751709,3.594529151916504
045ef44eb4dea5ab54b71eac869a43d5,3,2.43872332572937,1.8810815811157227,3.642268180847168,3.1418616771698,3.2571990489959717
2bffff9ece4ef9d8ac104375775655a3,3,3.0301661491394043,2.615377187728882,4.354262351989746,3.020864725112915,4.357577323913574
7ec71f480f5bc1d7e000434f009083f0,3,3.047971487045288,2.202005386352539,4.149259090423584,4.076772689819336,4.186206340789795
1c646d35d6fc75322a281e79bf15579b,3,3.8689897060394287,3.524697780609131,4.532433032989502,4.072776794433594,4.164161682128906
2ea4c96e89ac2e8a9b47bab3671e01da,3,3.158681631088257,3.0494749546051025,4.312778472900391,3.6247997283935547,4.081675052642822
a759ebcb9305c6af502a64cf3bd880ad,3,2.8934805393218994,3.068512439727783,4.34722900390625,3.1824111938476562,3.922312021255493
88dc90b7c69d402daa5b070a26c7c5b1,3,3.115508556365967,3.113581895828247,4.266489505767822,3.101881742477417,4.190005302429199
111f4bb3f5f07d6a99394cad47788b3a,3,3.6548845767974854,2.5141448974609375,4.460639953613281,4.5042724609375,4.572118759155273
a07bf2848ad6b6a5d964a60179552685,3,2.3269758224487305,2.0506725311279297,3.616720199584961,2.8733973503112793,3.291353702545166
04bc03a37d9ea8ef3323304d4cc658dc,3,2.6098990440368652,2.2531261444091797,4.098834991455078,3.1239981651306152,4.002561092376709
ec67a668b004f98ecad4a3aaf8691670,3,2.9524548053741455,2.7208638191223145,4.309600353240967,2.9390406608581543,4.078879356384277
caa141123b078bf9209b0c0c67f259ab,3,2.998216390609741,3.1874325275421143,4.3043437004089355,3.5047826766967773,4.077874183654785
2bc9aeb561c38348432ac80b2b9f4618,3,3.337031841278076,3.1582417488098145,4.4828643798828125,3.49812912940979,4.184316635131836
18a186575b933c910a3950bcae979dae,3,3.6499502658843994,3.9688544273376465,4.542234897613525,4.21129846572876,4.681574821472168
42b0a77be13523173ea0c8b39adddb56,3,3.2228500843048096,2.9668169021606445,4.150158405303955,3.90419864654541,4.2339324951171875
878cf00b374b60ac28b35b7b4bb42913,3,3.1457393169403076,3.312201738357544,4.348666667938232,3.5702195167541504,3.9786319732666016
dc1423b1d1e58616b2fa8f8827fc3b4c,3,3.9975433349609375,4.029996871948242,4.396639823913574,4.6579179763793945,4.7064208984375
68864e7a4fa5b5fedafe6574b443add6,3,3.198392152786255,2.9926083087921143,4.028843879699707,3.9631619453430176,4.174489498138428
87e12f696d5b3eefbcb4f81fe1224059,3,3.0156402587890625,2.028303861618042,4.11781644821167,4.184548854827881,4.139311790466309
c5bf39bfdb9d862553280ffd36248ba5,3,2.295657157897949,2.809272289276123,3.6512210369110107,2.9687089920043945,3.5289573669433594
b384e9160cf78a4426dd6c333d35a7bb,3,4.260002136230469,4.054682731628418,5.084420204162598,5.077911376953125,5.0234575271606445
33b7c5822122a3d427e9c5a0c654e3a5,3,3.3448753356933594,3.370327949523926,4.485914707183838,3.8732638359069824,4.118988037109375
ed27918241656456630a577dcac9c1dc,3,2.673415422439575,1.9861174821853638,3.9925265312194824,3.554871082305908,3.8601369857788086
39c38f58f2eb07ebc95f5c5ed3bcc5de,3,2.6904213428497314,2.2092833518981934,3.9367895126342773,3.327216863632202,3.9924495220184326
01195348c86c97b6987a569e2b3064d2,3,2.687852382659912,2.286771059036255,4.119326114654541,2.988375663757324,3.758823871612549
261f7a2724377344bf37475a9e76a073,3,2.068880081176758,2.411121129989624,3.2755680084228516,2.41262149810791,3.6894149780273438
efeb22b19a7e0c6f78750b6b4cd00bc3,3,3.275261163711548,3.1707825660705566,3.6960642337799072,3.4747684001922607,4.030098915100098
deb52e17d31d56cf9ef7de75c0da2001,3,3.1352522373199463,2.775944471359253,4.225640773773193,3.8939619064331055,3.9925785064697266
8fa7217505f7c1ec441f00425595b48e,3,3.5037803649902344,3.5197501182556152,4.283515453338623,3.9090676307678223,4.245814323425293
ad185846c8ffbff49be38647e1ba0577,3,3.5195252895355225,2.642362356185913,4.395691394805908,4.398902893066406,4.462258338928223
3a6b08d437529aea8d4687abb3285602,3,3.6398746967315674,3.7971129417419434,4.453907489776611,4.369494915008545,4.3543782234191895
f5f54ef35db6373765ef353787420c5f,3,3.3282172679901123,3.491265296936035,4.298673629760742,3.7082626819610596,4.4205756187438965
b735b86818f0d04fe00ffbc956a49674,3,3.1688761711120605,3.127563714981079,4.403378009796143,3.544029474258423,4.064336776733398
1b02dff7327edc4cabfd15c6933d8c25,3,2.7761313915252686,2.429025888442993,3.4579989910125732,3.8023083209991455,3.6171927452087402
a9d6b7ffd2b477b16bb568b720bcd598,3,2.9450278282165527,2.6579813957214355,3.769526958465576,3.5236873626708984,3.8569252490997314
08c48f5f7d5c47996cb2716e21c921db,3,3.322606086730957,3.05444073677063,3.6899561882019043,4.121706962585449,4.247413635253906
5cb12ef68f086cfeb1d871ef2c20b7d7,3,3.5546278953552246,2.98411226272583,4.395025253295898,3.998891592025757,4.478515148162842
25b1cf05aa345ff7fd8eae15071dcb64,3,2.521440267562866,2.1737911701202393,4.111103534698486,2.685516834259033,3.1826720237731934
ca34b05a92b663d58fe065d19d219109,3,2.9547314643859863,2.7526657581329346,4.348775386810303,3.4903366565704346,4.013307094573975
44e9b8846c05da8e72ab76ca2357ac9a,3,3.195067882537842,3.1589503288269043,4.333570957183838,3.4843695163726807,4.150180339813232
ea23b6765ea1e9052c7a31ff8debf826,3,3.983891248703003,3.8871617317199707,4.869884490966797,5.109276294708252,4.977675914764404
730e2dfdeebeb3bfc1aee5a294ec9417,3,2.9312093257904053,2.601767063140869,4.315103530883789,2.956019639968872,4.381781578063965
1e883e605f7a7f4b3f3adf76d8b6673e,3,1.5835508108139038,1.7099729776382446,3.641637086868286,1.1908175945281982,3.697314977645874
a2914b712d63354fc5927ed4112fb18d,3,3.3339896202087402,3.0966804027557373,4.265732288360596,3.9225285053253174,4.071935653686523
74e82a7f5978253cfad31cc983161715,3,2.5247137546539307,2.596669912338257,3.848318576812744,3.091806411743164,3.8479864597320557
9c41242d25ed882b18a71d5932c7cda6,3,3.213992118835449,2.6682753562927246,4.32090425491333,3.4368529319763184,4.345166206359863
a5871211c062d2a54f8a578175cd77ea,3,3.746777057647705,3.8997721672058105,4.221966743469238,4.578619956970215,4.512040615081787
423e1e1b0a1ea77527fa7fc882cdd503,3,3.357517957687378,2.3822455406188965,4.3664374351501465,4.3870439529418945,4.376121997833252
bd3102702ecaa1023906bed97cd08d47,3,3.6742169857025146,3.6632137298583984,4.632731914520264,4.102668285369873,4.4821696281433105
c04ba560628583c1a46571993529b5c8,3,3.206061840057373,3.1177568435668945,4.209542751312256,3.4419102668762207,4.142687797546387
ccb8e2d0084306c852e7221e8c020163,3,2.3389012813568115,1.9903720617294312,4.103142261505127,2.224602222442627,3.9053878784179688
1747100170787ed6271e284f4dc0d6c6,3,3.468902349472046,2.8898229598999023,4.421509742736816,4.149293422698975,4.236645698547363
51b745f98409dd412745e75464bf3c77,3,3.543473482131958,3.4409005641937256,4.562321186065674,4.05417013168335,4.4250335693359375
1c7019a33cc97e13c1564cc861dcd4b3,3,3.4250266551971436,3.082791328430176,4.143301486968994,3.629722833633423,3.6632299423217773
4a638e9bb0c0847cd5abc47c9a48ba1e,3,2.6921472549438477,2.7225582599639893,3.9143824577331543,3.1299889087677,3.882765769958496
db886d2e20f2c12583d4238deb8c3089,3,2.490169048309326,2.7091031074523926,3.8213422298431396,2.744478464126587,2.9704084396362305
e0abf9ef71ad258148e69923f5455d3c,3,3.3238186836242676,3.2670421600341797,4.3807148933410645,3.648923873901367,4.201826095581055
3678e73f82e0106681f27121ac80cd73,3,3.2418363094329834,3.1479601860046387,4.46945333480835,3.551076650619507,4.110039710998535
563f6eebc075d0e9edc644acbc04151b,3,3.191866397857666,2.9363324642181396,4.284234046936035,3.374844789505005,4.141385555267334
bdac8413f39718b34c07d06683bd5df5,3,2.456421375274658,2.3244805335998535,3.8684308528900146,2.079812526702881,3.149648904800415
73f8d5b37ab791f553c7fec9c535df6c,3,3.539745569229126,3.271059036254883,4.271151065826416,4.09622859954834,4.152047634124756
dfedf46fb31622dd3d73fb6680b1996f,3,3.1156656742095947,2.763322591781616,4.236870288848877,3.424844264984131,3.829876661300659
42f5d67a14c5d9ceea66f598221ebc0f,3,2.4045116901397705,1.95052170753479,3.546705484390259,3.142150640487671,3.235990047454834
abb748518da324a40ccd78503e4cc5fc,3,3.2716140747070312,3.2430930137634277,4.497410297393799,3.596583366394043,4.109220504760742
176b97dfdce5fb65c9836712633f8910,3,2.336402416229248,2.084383010864258,3.712446689605713,2.9446933269500732,3.698955774307251
78404cd21e5f6bbe0d05943ff1bab52a,3,2.2935333251953125,2.438396692276001,3.5660645961761475,2.8002190589904785,3.8597183227539062
1dfa5483567b00cc9325c2457d355ecf,3,2.6733813285827637,2.544801712036133,3.8193256855010986,3.199009418487549,3.675604820251465
16e65bf1c34a3670e26a37cd9b6380c8,3,2.809365749359131,3.2382209300994873,3.3015973567962646,3.1107540130615234,4.512538433074951
b67cd7bb96b3051fb70e36a88dccd385,3,2.9237892627716064,2.5675313472747803,4.09292459487915,2.983034610748291,3.6536705493927
a9b3a48e9be802a5790ca82cbb9edbe9,3,2.8624424934387207,2.4779114723205566,3.966632843017578,4.197193145751953,3.9558260440826416
764614a90f3e95e7d0c256eee275fde8,3,3.126925468444824,3.3403830528259277,4.2644267082214355,3.4336352348327637,4.061447620391846
b12f6284ff19fb20862abcfea8226122,3,2.201489210128784,2.048853874206543,3.32883620262146,2.190084934234619,3.3364474773406982
422857b63088b860d0568a7e8e5869c0,3,3.186103343963623,2.5064659118652344,4.451704978942871,3.5460164546966553,4.478892803192139
e30362733a02399518c46be71bf7c15a,3,2.9806830883026123,2.9630212783813477,4.077408313751221,3.1727540493011475,4.035671710968018
79cb19db7d0ef3f24c18202d0b2a5158,3,2.8871304988861084,3.276228189468384,4.262610912322998,3.171036958694458,3.9457762241363525
b74a72b966d5394e4b95390a486554e3,3,3.102867603302002,3.2019691467285156,4.286378383636475,3.3773090839385986,3.9785280227661133
a7300180266cb7679e1443cc780d7264,3,2.6345772743225098,2.8769900798797607,3.6659932136535645,3.368302822113037,4.141307830810547
2dac2000891dd1eeab9f6b5069149707,3,2.309401035308838,2.4407544136047363,3.8322606086730957,2.7520883083343506,3.711591958999634
c38f873b8ecdd0a0c7f932c454a16257,3,2.9398722648620605,2.923346757888794,4.171631813049316,3.27028226852417,4.03811502456665
673d4e9699d328976330db056c1f309d,3,3.4584031105041504,3.1867079734802246,4.4727582931518555,3.8741471767425537,4.332889080047607
e93447724534c03968e3b5b6c536977b,3,4.040801525115967,3.667546033859253,4.89621114730835,4.87286376953125,4.874687671661377
c31e0c48a46ed033db2f892f79b791ad,3,3.8503835201263428,4.225876808166504,4.442574977874756,4.6283183097839355,4.751294136047363
b6d42a84112dd7d2c90e3689f96b25eb,3,2.814178943634033,2.188002347946167,3.761340618133545,3.7239022254943848,3.5622239112854004
b51b4c62d91580e2b8ccd76681ef4746,3,2.9862060546875,2.109743356704712,4.1865410804748535,4.208062648773193,4.239691734313965
195a094b48e865e0c963186558027476,3,3.0537004470825195,2.6740808486938477,4.142279624938965,3.6661572456359863,3.876347780227661
049602a246d131feabbe6b84cf89f6f6,3,2.992841958999634,2.586843729019165,4.213159561157227,3.2108774185180664,4.325572490692139
3e4f34e78e90eaab6fb2e41ac769a746,3,3.395010471343994,3.351275682449341,4.489473342895508,3.5866105556488037,4.13760232925415
9a9a24287d37fcff1170372e09e038b3,3,2.9873554706573486,2.1472387313842773,4.295162200927734,4.287859916687012,4.295980453491211
007a5319a8348a47d2f6ccf841478257,3,2.766608715057373,1.994231939315796,3.8337419033050537,3.780689001083374,3.8126351833343506
506b025290679662ba90f54e60ece57e,3,3.1260082721710205,3.2863333225250244,4.261242866516113,3.5228328704833984,3.94927978515625
89884cd73b1c2d687e76cc45b66fce23,3,3.541991949081421,3.572246789932251,4.39237117767334,4.398058891296387,4.408159255981445
e2e12ae484c902231f5fe2d99e19b5ca,3,2.2231109142303467,2.2954397201538086,3.6209473609924316,2.754730224609375,3.541527032852173
a2d7903012b2804f5b1761a3166ac0c7,3,3.2903850078582764,2.953749179840088,4.21456241607666,3.8676371574401855,4.051794528961182
d92b9d701d2df7b26fd774b778c65ac7,3,3.113828182220459,2.1404850482940674,4.437434196472168,3.8040378093719482,4.412273406982422
b9763656b4dc3620edf10e899e36fe51,3,2.186108350753784,2.2740321159362793,3.8033058643341064,2.9961442947387695,3.3624513149261475
f0647e47147aedf40d27e517d49528ec,3,3.3108088970184326,3.535125732421875,4.442089080810547,3.8644964694976807,4.339024543762207
eb0a06dc0b183969e3e83546f4b8df16,3,3.8720428943634033,3.9180946350097656,4.739940643310547,4.1234331130981445,4.553372383117676
30c1e2ebba892071c1b69a364b50cc36,3,2.4025514125823975,1.7514822483062744,3.883164882659912,3.356985092163086,3.60679292678833
cdebf1df37af7c73e19e12be4fbd3caf,3,2.957447052001953,2.613870859146118,3.528597354888916,3.6572954654693604,3.9246740341186523
056eeab9ab05ef87ca18396ba1b7dbb5,3,3.888448715209961,3.956272602081299,4.4862751960754395,4.534021377563477,4.60541296005249
1bd0659eec31a55ebd95c8d70dd5efa0,3,2.2204816341400146,1.25639009475708,3.286897659301758,3.2609972953796387,2.9930732250213623
4e6464a5dda3faa953cf497ff1d5641c,3,2.853604555130005,3.165283203125,3.9758739471435547,3.176363706588745,3.8168892860412598
0693ca95a9afa818e7b829da03b29966,3,3.074162244796753,3.090553045272827,3.854231119155884,3.4471771717071533,3.969330072402954
17e4672bcbe8514aa50ac6b1ce1096b4,3,3.532130002975464,3.6631217002868652,4.390875816345215,3.8966851234436035,4.406444072723389
17f5490f3abbb4b0aa702751789eb3cf,3,2.2250895500183105,2.0544991493225098,3.9503235816955566,3.016228199005127,3.4850289821624756
3a5b72dd29d177bb7ef637d38e8fb042,3,3.065480947494507,3.4799110889434814,4.328393936157227,3.7531802654266357,4.549386978149414
095c444b24c31284036f9b8ba3a2c42d,3,3.849311351776123,3.1556482315063477,4.810446739196777,4.985323905944824,4.676517486572266
ba907a0ef975853a571aa4ab46e3dcad,3,2.2510318756103516,2.08467698097229,3.282048463821411,2.9245076179504395,3.6722195148468018
f7bc7e20958df293d5f8b2e24b88c3f1,3,2.389404296875,1.8837655782699585,3.8360838890075684,3.6876847743988037,3.751619815826416
229b512476e25b5ba8616ea33ecec2c1,3,2.819981336593628,3.293278217315674,4.090909957885742,3.180015802383423,4.3358564376831055
64f6b3b9066e9aa346c78083def61102,3,1.888928771018982,1.9898757934570312,3.5286386013031006,2.021486759185791,3.4426534175872803
83a91eb8aa6cf7ee386add536f4318e2,3,2.72137451171875,3.0457675457000732,4.103204250335693,2.997272491455078,3.898914337158203
839f89568c9a48aa80246e620e4f6ac1,3,3.0653812885284424,3.078575611114502,4.338132858276367,3.7545578479766846,4.229131698608398
2f773cbcd347849a6339d3f8cad6f49c,3,3.1574628353118896,2.9560718536376953,3.873898506164551,3.700458526611328,3.9785587787628174
50d860f309e05fdabd3a13928d755147,3,3.1566596031188965,2.2980523109436035,4.396129608154297,4.040140151977539,4.165380954742432
8fbff6218401369bb09e24dd78029303,3,3.054267168045044,2.4164464473724365,4.141671180725098,3.872344970703125,4.1410980224609375
f7a8eba1df96ce6258f339b774a64362,3,4.131814002990723,3.6594810485839844,4.982810974121094,4.7411298751831055,4.917511463165283
d549636dd57c4e0f1d7554d324671ee8,3,2.6560237407684326,2.293339252471924,3.984675407409668,3.0774035453796387,3.107550621032715
794bbbd230923b65ec143c5ada290555,3,3.541299819946289,3.454819917678833,4.440518856048584,4.002231597900391,4.42136287689209
1398734d0dd8aec4dad8d1d89c583d66,3,3.0649044513702393,3.109545946121216,4.109129905700684,3.3989663124084473,3.875995397567749
0bde9a32cba3c7106969b0c2646d6c7f,3,2.498488187789917,2.2423477172851562,3.428464412689209,3.128932476043701,3.4290590286254883
df1e28fe1db94fc556e758b17a44ed9f,3,3.2442004680633545,3.2425246238708496,4.262864112854004,3.7285683155059814,4.047301769256592
26e8e677da294af5bb654b8911707764,3,2.107499122619629,1.985965609550476,3.517448902130127,2.202357530593872,3.527444362640381
622fd0d0eb024659f21ebb1e28f25136,3,3.0241096019744873,2.8967299461364746,3.9273953437805176,3.19958233833313,4.100294589996338
c8fb456af8f8a0e25e69d17a64a257d1,3,2.719390869140625,2.6566710472106934,4.156942367553711,2.7350096702575684,3.9894847869873047
8a9e722cc46ca08af4967312e4c1bd8a,3,2.8932862281799316,2.5912625789642334,4.081143379211426,3.615938663482666,3.868133306503296
9c0a31f23fdde3033fa235faa2e532a5,3,3.01314640045166,1.9351255893707275,3.7895092964172363,3.8810160160064697,4.219505786895752
12c4c1965841eb3b7331a599783c6d10,3,2.2443602085113525,2.4428300857543945,3.532623291015625,2.962474822998047,3.6271917819976807
80cd8a576237c8f4809b5d0d2b158694,3,3.420705556869507,3.669964551925659,4.435214519500732,3.9284555912017822,4.2746663093566895
23f3b4c5ccdb12ca005c88f431182a36,3,3.396245002746582,2.363671064376831,4.320790767669678,4.384182929992676,4.375059127807617
0034038acc658ad7b484a69209f6d993,3,2.5126454830169678,2.2775988578796387,4.065320014953613,3.1893556118011475,3.5687062740325928
0b559e01452173d8b44a14700a60245f,3,3.567049264907837,3.6007280349731445,4.136188507080078,4.280406951904297,4.368597984313965
c75148a8c7a1455965d8599dd20623e0,3,2.433810234069824,2.3135104179382324,3.9388999938964844,2.396127223968506,3.3828864097595215
bf7d1cc874becd1087675444918dd00d,3,2.1339285373687744,2.394639730453491,3.7750837802886963,2.334083318710327,3.610910654067993
0115f007e329d01245d5a72d278f40cb,3,2.700852632522583,2.493290662765503,4.060412406921387,3.600447416305542,3.7059988975524902
8ed492b92b0a31d064441ca337fa10ac,3,3.0950934886932373,2.8226816654205322,3.9782068729400635,3.2745120525360107,3.7820394039154053
4b9e5b525b31beb9e1bb6f75f6490762,3,3.134713649749756,2.8450217247009277,4.029024600982666,3.805776596069336,4.041720867156982
cdeb5db0eb42ef408e5047b0f1763659,3,3.292898416519165,2.7548270225524902,4.073325157165527,3.5423827171325684,3.9592909812927246
4664f7f48c51d41fe65c17605e100054,3,3.4900238513946533,3.7039027214050293,3.7900025844573975,4.316807746887207,4.292238235473633
0cdc703942c907a49b7b6176c5ab33d6,3,2.881185531616211,3.1040351390838623,4.1497602462768555,3.250272750854492,3.9607362747192383
e9efef6a45c007936f6918530ba10572,3,3.1092283725738525,2.7850520610809326,3.7971761226654053,3.7603557109832764,4.047248363494873
af3bebe2020bf2feefb02034a7fbf942,3,3.1860241889953613,2.8026182651519775,4.094990253448486,3.7315561771392822,4.081821441650391
ab5204ecfce5431942a6e33e7cc65ca9,3,3.476226329803467,2.744166851043701,4.390257358551025,3.7723124027252197,3.9668357372283936
75206b5fccab640804aaa9e58efc2aac,3,3.1876819133758545,3.2417705059051514,4.238256931304932,3.8784244060516357,3.7757439613342285
558aee575f88c662d1138506cc9a3973,3,2.8099775314331055,2.965524435043335,3.9525580406188965,3.016165018081665,3.982111930847168
db8347eb1b636ea6e7e0cef7c890a108,3,4.263358116149902,3.5825235843658447,5.176130294799805,5.024238109588623,4.984177112579346
1400fa24b00ca03d0d459ee919e34b0c,3,2.956357002258301,2.6049370765686035,3.9012746810913086,3.390073299407959,4.166067123413086
7102cd5625c1602225d9fd618ac3bf6f,3,2.8939661979675293,2.4053242206573486,4.2938151359558105,2.727344274520874,4.359994411468506
0757257006f0f926ef8963d46d428094,3,2.979979991912842,2.9768741130828857,4.085346221923828,3.4401321411132812,4.034058094024658
505ef034aff3acfe0ae714362622755b,3,3.1137068271636963,3.6188676357269287,4.230871200561523,3.7553446292877197,4.525083541870117
decc07c4e111e5eeb5a263af6ecde26c,3,3.5804991722106934,3.3481311798095703,4.529775142669678,4.179646968841553,4.294034957885742
f22781757970f786a3e0e68fd861c14b,3,3.043450117111206,2.9164469242095947,4.357863903045654,3.323773145675659,3.942619562149048
73cad4fa73f18c5e57fcc744b7c43d59,3,3.1063716411590576,2.858586549758911,3.8768341541290283,3.103001356124878,4.13598108291626
9a8a1e1f8d65e6e3d768518596af474e,3,2.6459946632385254,2.5584611892700195,4.0529398918151855,3.455965042114258,3.584548234939575
15557cebf54eaaabd728389796ae48cd,3,3.2379844188690186,2.892138719558716,4.245452880859375,3.7821710109710693,3.7818260192871094
804f17e4083a2597774c54cc9eb8571d,3,3.2355422973632812,3.0345680713653564,4.111567497253418,3.7986369132995605,3.998267412185669
85782f9f73ff5f35392a87835b4507ed,3,3.2290425300598145,3.6771297454833984,4.2416911125183105,3.781597375869751,4.459681034088135
da257733ea4181980e71497d6c44c3f2,3,3.4640016555786133,3.4758737087249756,4.539995193481445,3.7009453773498535,4.298492431640625
79e2884a33354763b6052ea038c184ad,3,2.843576669692993,2.7773709297180176,3.883415937423706,3.3469417095184326,3.7420058250427246
d54b96256ad4dedab78e477c3b78dd03,3,3.1694259643554688,3.0734949111938477,4.303688049316406,3.570404291152954,4.031024932861328
1ee66a4f50966b4a4f99ac0a21e14bf8,3,2.266826629638672,1.8892625570297241,3.7195544242858887,3.0185790061950684,3.5299625396728516
e3898e9a82986438ba69c6b3983415e9,3,3.50515079498291,3.4191529750823975,4.441676139831543,3.4615519046783447,4.316108703613281
753687000af7bf2cdd61e993affd7e09,3,3.639177083969116,3.5807578563690186,4.5630717277526855,4.1148786544799805,4.433623313903809
1a9a963779ed31e970bc4d803da37ade,3,3.2073519229888916,2.817420244216919,4.291010856628418,3.4102227687835693,3.9159812927246094
4741b2d43d068515e7fcbd6d58cb9097,3,2.3878793716430664,1.8070241212844849,3.983243465423584,3.1538169384002686,3.562037467956543
29d73a44544cf93d1c04e3b66b26816f,3,3.231823682785034,3.315777063369751,4.166985988616943,3.874978542327881,4.079834461212158
5cfb459f66dffafb62bbcfe352cbf7c0,3,2.794956684112549,2.5183849334716797,3.73098087310791,3.2145543098449707,3.595390796661377
e8c3321a4782c6c72ebc41cf44ba94ea,3,3.450777530670166,3.425504684448242,4.325385093688965,4.053531169891357,4.131776809692383
ba62277617e9a05aa0d9386d66458689,3,1.655350923538208,2.3161230087280273,3.471487522125244,1.7688679695129395,3.979684352874756
93465a587e0991becd1cc1ac0f64990e,3,3.013146162033081,3.2422292232513428,4.027218341827393,3.650153875350952,3.8391199111938477
ffab489f639b7acd44c26f09511a4587,3,3.1981008052825928,2.7498011589050293,3.7162723541259766,3.9544012546539307,3.769472599029541
6472e8fce0914aa6350a8c9d873fcfb3,3,4.14164924621582,3.48549747467041,5.117612838745117,4.873814105987549,4.965522766113281
d699317a095907f392403a4fc1ff37ce,3,2.9663050174713135,3.1230080127716064,4.366791725158691,3.301020860671997,3.842498779296875
00e549d66e049bddc6f272bf4231656e,3,4.108349800109863,3.633721351623535,5.06964111328125,4.909345626831055,4.815638542175293
640625659ba4e56eeb7eb5444d34f473,3,2.8488714694976807,2.4263370037078857,4.164450168609619,2.8437037467956543,3.8360860347747803
1fdf0fbc95a0758b9df22ba9e85d4dd2,3,2.5971744060516357,2.2636518478393555,4.08597469329834,2.2549824714660645,3.7762091159820557
c8a863d6b780e77e06e8f46e47bb7ebb,3,2.8896162509918213,2.090259313583374,3.706427574157715,3.872284173965454,4.0446038246154785
1b57662d28b7948291b1a34ed588c062,3,3.1228911876678467,2.4314584732055664,4.1974873542785645,4.225100517272949,3.995628595352173
6430366c6c99bc355c5f380210f65922,3,3.441232681274414,3.3590087890625,4.492030620574951,3.6820390224456787,4.270197868347168
9f6cb45969795817c5b1d025a577fdf4,3,2.056652307510376,1.7298510074615479,3.1588833332061768,2.9665117263793945,3.1547749042510986
f8f090f900354017b85f91b054aab737,3,3.2935869693756104,3.1717402935028076,4.13397216796875,3.9789702892303467,4.07756233215332
41388610cae528c82dadcce439a4618a,3,3.706827402114868,2.595853805541992,4.4517693519592285,4.717479228973389,4.6091485023498535
f17d3ac1ce3c11f05e1c2b7527b641c9,3,2.598449230194092,2.408433198928833,3.7909128665924072,2.732109546661377,2.8361098766326904
7234cdf0e54efc7bf61feb47d83b1f1a,3,3.0320851802825928,3.487652063369751,4.332374572753906,3.3695647716522217,4.383866310119629
ddb3c792a201eb31501afdd0acd436cb,3,2.2023544311523438,1.7558672428131104,3.8554368019104004,3.0546460151672363,3.409578561782837
278f96fac49a05f01186a5dd0567d519,3,3.213649034500122,3.283308267593384,4.400858402252197,3.6493546962738037,4.129351615905762
c0eac1f840b42d00a8122f958494bff4,3,3.6747679710388184,3.60028338432312,4.472442150115967,4.462352275848389,4.427377700805664
07f1c9638f449237877ee9d943c8c55a,3,3.153324842453003,2.8551509380340576,3.8494019508361816,3.7759571075439453,3.8216404914855957
a3d39b1c2b24721b290c4f0576a4dea0,3,2.3938941955566406,2.0519323348999023,3.7418763637542725,2.282381057739258,3.09143328666687
217df07753d9b13b99a115df0b6f24a2,3,3.601269006729126,3.583660840988159,3.84890079498291,4.327727317810059,4.355497360229492
33e72faaa2c4e7c7964be54feb79980d,3,4.163700580596924,4.2554497718811035,4.997502326965332,4.929184436798096,4.965672016143799
ecd5cd3046f74ca32daf24cc7a6cac26,3,2.4196720123291016,2.4413201808929443,3.7400946617126465,2.423022985458374,2.925144672393799
6b5c1cf2708dfc07af534f7befeb33c7,3,3.953065872192383,4.165105819702148,4.77382755279541,4.681784629821777,4.681441783905029
877354842096a269a1f1d3552184d37d,3,2.8148393630981445,2.939324378967285,4.33762264251709,3.289802312850952,3.815013885498047
a6efd35bfd22fe8d22071e173f3f9377,3,2.693148136138916,2.5267865657806396,4.0587663650512695,2.5737972259521484,3.387303113937378
ef62ad0b701ab5fe9f615b56743a58e4,3,2.6702308654785156,2.8273372650146484,3.805635690689087,2.873441696166992,3.861809015274048
531c6322bac6a68171bf901a3def98d2,3,3.1414566040039062,3.011359214782715,4.1860127449035645,4.326450824737549,3.9822838306427
6e4ef9b8b28c495bba844bb19e4d51fa,3,3.4266746044158936,3.2641210556030273,4.31411075592041,3.9798970222473145,4.162594318389893
fda6941fd8764b51af139f6f60f8833c,3,4.369597911834717,4.46449089050293,5.117822647094727,4.907473564147949,5.101150035858154
98a3de22177b11732e2df493cd74911f,3,2.909263849258423,2.255491256713867,4.245476245880127,2.858842611312866,4.341114521026611
55d4e85745b6c9e9aeb37bfcefc08834,3,3.0938611030578613,2.6512699127197266,4.1737895011901855,3.887098550796509,3.7423012256622314
a7017676d18feb233f7bade571032d36,3,2.5943641662597656,2.1151459217071533,4.033353805541992,3.0451884269714355,3.7305784225463867
c4941efa7e322f11d3cab8001aec8a60,3,2.5928261280059814,2.516779661178589,3.8433690071105957,2.6926794052124023,3.610276937484741
e4ea59c942af5f47dd89515a04e0a215,3,3.0911552906036377,2.3212687969207764,3.630814552307129,3.824303150177002,3.885329246520996
04bef5c7ce3aa1b278e050744769df1b,3,3.1499786376953125,2.8035333156585693,4.031679630279541,3.3932766914367676,4.334645748138428
2cfd62311a892ba96198337131a88235,3,3.5407333374023438,3.6080002784729004,4.255652904510498,4.339935302734375,4.429425239562988
f5b02772cc98e575f31172d183e57934,3,3.283165693283081,3.5898938179016113,4.4289422035217285,3.879241704940796,4.221925735473633
a1d1bc631a3f9cc3f1679c6594bcbcf3,3,3.0790178775787354,2.5237607955932617,4.252866744995117,3.501371145248413,4.015430927276611
cbc1ceeaf1f76bf7d92d6c9515f23442,3,3.1140871047973633,3.431743621826172,4.194289207458496,3.8280467987060547,4.124684810638428
c998cfb378433f0d49b139872b495789,3,2.725712776184082,2.375946521759033,4.064007759094238,3.932295322418213,3.847536325454712
ae76505555f32d791f306b75beada88b,3,2.2033939361572266,2.406407117843628,3.586480140686035,2.6795904636383057,3.5834851264953613
928e9869fcf54c9eb37f24ce9defd22a,3,3.442981719970703,3.4822587966918945,4.485806941986084,3.8880903720855713,4.228947162628174
74ad32fa0b0982a4d10749c461c8f3fd,3,2.8915205001831055,2.096390724182129,3.4631314277648926,4.083426475524902,3.879938840866089
9c77f1daa11a2f09948f7001624c3146,3,3.2965588569641113,3.101860523223877,4.205206394195557,3.9512901306152344,4.198622703552246
09fcb1c63f89efd6d8facfc695abb58f,3,2.622398614883423,3.1865923404693604,3.833233118057251,2.839794635772705,4.042067050933838
9958b2dc1678f5d7c827eb85ee9028b9,3,2.3936164379119873,2.309230089187622,4.138782501220703,2.38053560256958,4.058732032775879
d9df07620a98f56c425e20674ce8a523,3,3.886404514312744,3.341148614883423,4.745828151702881,4.733348846435547,4.6035284996032715
fc6b388a32318f604652a3e4a96c3144,3,3.054723024368286,2.831289291381836,4.350226402282715,3.38349986076355,3.987318515777588
89cc706af5cfd1bf1e94175fb12f9ab7,3,3.2638838291168213,3.593935012817383,4.218425750732422,3.592712640762329,4.226078510284424
aad6f8adeeedd97d1acae92ba35fec6f,3,2.9458115100860596,2.7541871070861816,4.22299337387085,3.2217442989349365,4.126860618591309
359de5ab255d02583740c93c2359c5ac,3,3.412583112716675,3.258167266845703,4.298063278198242,4.045336723327637,4.157568454742432
e65807c15fed0b8a30a0e84ec3c5ccaa,3,3.0683743953704834,3.0532748699188232,4.562046527862549,3.1280627250671387,4.166884899139404
186aa025b8ef63b3b4a8173a0d42508d,3,3.421128273010254,3.3043508529663086,4.023883819580078,3.5208818912506104,4.227875232696533
bcecd61dd8d146ec1e34bffb98323719,3,3.451143980026245,3.5204975605010986,4.436905860900879,3.5441744327545166,4.229655742645264
19cdd20213457afb84afc89e5e445e9b,3,2.9797654151916504,2.87813138961792,3.9081668853759766,3.498361110687256,3.766170024871826
bbc06d306de01621f203157fe6810ed6,3,2.797765016555786,2.5555052757263184,3.791945457458496,3.732177734375,3.8060388565063477
ff5909505605484e59ab6b7d303b11ce,3,2.9468703269958496,2.1458253860473633,4.119117736816406,4.045559883117676,4.060648441314697
55dc3c068f61ebf9fb0210a58944c293,3,4.052061557769775,3.5014123916625977,5.144584655761719,4.814700126647949,4.924442291259766
58dfa70763a3968c0739a6796d6f54c0,3,3.727522373199463,3.891299247741699,4.577615261077881,4.064772129058838,4.753104209899902
a22ed971df736c0b38b55b1a5ba79304,3,2.4802911281585693,2.8433048725128174,4.181974411010742,2.632913112640381,3.9146156311035156
ee9a6ae17a118c2eec03168e6a28f2f4,3,3.4168481826782227,3.385176658630371,3.973989486694336,3.710994005203247,4.235140800476074
11b4dd9bddcf6247d492f0da429a5b61,3,3.298022985458374,2.5938093662261963,4.05685567855835,3.582745313644409,4.370458602905273
4378468c1c25289d4d3f437ba3fb2ed6,3,1.6167649030685425,1.7344433069229126,3.947317600250244,1.231855869293213,3.6677606105804443
56a4c5650606a88a7af699a74f095517,3,3.6024153232574463,3.397303342819214,4.566549301147461,4.119795322418213,4.464116096496582
2404d516fcc164c89eb2f222a6a87958,3,3.078427791595459,3.0096540451049805,4.105226993560791,3.4339640140533447,3.899883508682251
86658fc69b3f3a68405bf921e0408d5f,3,3.0719897747039795,3.0089142322540283,4.407139778137207,3.4027483463287354,3.9369726181030273
80aa23d215ad4e487f6f8a14c599cdca,3,3.302690267562866,2.9218909740448,4.2212443351745605,4.265066623687744,4.163443088531494
0af21f53cae31fe9d10f0e63136fa375,3,2.5192229747772217,2.273237466812134,3.986605167388916,2.7684900760650635,3.624434471130371
1b099f7557e196553d1b010fc5e25884,3,3.4049198627471924,3.5835916996002197,3.7367687225341797,4.242248058319092,4.3291707038879395
371a9e99a1270bd12748c7f3df8236f9,3,3.5155622959136963,3.486290454864502,4.204347133636475,4.039944648742676,4.071859836578369
bbae40c6c2557b599403b51ab9025844,3,2.640984296798706,2.4888012409210205,3.581827402114868,3.002750873565674,3.04410457611084
92370cdb0fac7401e86514f97b2af659,3,2.644225597381592,2.5067055225372314,4.049429416656494,2.8242340087890625,3.861990451812744
eca6306dcf0bc1237d1c4e2fe950d6e5,3,3.4649951457977295,2.475520133972168,4.159183979034424,4.273402214050293,4.387475490570068
31f0bbd930aeebc392845b68c1047208,3,3.138211250305176,2.870765447616577,4.145759105682373,3.411147356033325,3.8541576862335205
1cfe160ce8d4f5a64e2ba68f66fd1b68,3,3.1021814346313477,3.173119068145752,4.242938995361328,3.3909051418304443,3.812183380126953
195af373d7178fa40bf699e969ff05e3,3,3.135467767715454,3.263241767883301,4.267261505126953,3.5200109481811523,4.193530082702637
de3302fe161df3aad2047cb822277c55,3,3.9139885902404785,3.4983651638031006,4.934044361114502,4.736301422119141,4.7571892738342285
dedd94e04ac51eb07afd982402da86eb,3,3.4711170196533203,3.368610382080078,4.085846900939941,4.044111728668213,4.129858493804932
f843c093be5121aad78804d7f485ecc1,3,2.932142734527588,2.0728678703308105,4.119701862335205,3.8668978214263916,4.100985050201416
9f1cc9780e0f969b3767864375e0f543,3,3.0492732524871826,3.5482583045959473,3.9656822681427,3.4131808280944824,4.684746742248535
e087b40562ddc0dcec09dcd9ae281a39,3,2.7176172733306885,2.628530502319336,4.07850456237793,3.6093313694000244,3.925992488861084
0349df1bba99ab858d7e530eac9ec1e6,3,3.214956045150757,2.8806591033935547,4.242530345916748,3.9655816555023193,3.9865190982818604
528642406496c7aef2342f3d8be7c4fe,3,2.9682583808898926,2.8862693309783936,4.346134185791016,3.2769651412963867,4.204795837402344
0a9fd1edfe5a6c936a69f057e84ec0e6,3,3.237882137298584,3.041595935821533,4.3715291023254395,3.4298927783966064,4.1029052734375
526e51a7f91ba74ec79bb7f70ba36159,3,3.3587486743927,3.369274854660034,3.988968849182129,3.6798226833343506,4.298130989074707
b1782a065711a6da1a0b036822ba0f12,3,3.6584067344665527,3.600496768951416,4.554867267608643,4.055630683898926,4.444843769073486
a00994041b235e9439ed7d908bb8a462,3,2.6479709148406982,2.296337604522705,4.0327959060668945,2.8207497596740723,4.03419303894043
cf539067e8f4ffdfa664784886778d76,3,3.4086802005767822,3.4186739921569824,4.631381988525391,3.496872663497925,4.423401832580566
3ee77f2658ef76a8ff7f790a1e0249e0,3,3.0854222774505615,3.022602081298828,3.7728347778320312,3.3797833919525146,3.961324453353882
f4156e1baa0381bd7d693489353b66e2,3,3.16658091545105,2.944995880126953,4.248745441436768,3.3369154930114746,4.166597366333008
383609dffb4e11178e898dcdc671a319,3,2.1248223781585693,2.1346075534820557,3.5199410915374756,2.6897268295288086,3.3188858032226562
c5826f08e561bcf0e62fcc5a897bcdd2,3,2.8926682472229004,2.6177406311035156,3.6617770195007324,3.630535125732422,3.5235066413879395
e73b75f85d5efee3d4097a4ab4311d01,3,3.2825722694396973,2.704256772994995,4.062633514404297,3.8601202964782715,4.289973735809326
7f3b8cfdd70af81a41ff753770e582e8,3,3.1387555599212646,2.949174642562866,4.283099174499512,3.4953157901763916,4.022594451904297
1f2da88187ca022f4163aefed5f4779c,3,3.1933364868164062,2.7756872177124023,3.4903573989868164,3.5896995067596436,4.1364665031433105
96c74e3d10d5f91c562f5bac1a4d399d,3,3.294567584991455,3.20009183883667,3.9995687007904053,3.9569473266601562,4.097703456878662
412e1822a01667a72bd23a29cea6b716,3,2.266622543334961,2.519334316253662,3.6955745220184326,2.824920415878296,3.551048994064331
ab365f06633ce544045aa2854503d711,3,3.0101020336151123,3.3000857830047607,4.3289570808410645,3.4015274047851562,3.9626262187957764
b3ba1b9696b64c0abda7ad2950604132,3,3.02104115486145,2.75773286819458,4.152102947235107,3.6106040477752686,3.960172653198242
ab1028dd769ca26a14c313a02fc15aec,3,3.3695449829101562,3.2136988639831543,4.470654010772705,3.5788414478302,4.146160125732422
52d391c9a5d4dcfe093239dc0899c0f4,3,2.70274019241333,2.080679416656494,4.166055202484131,3.818243980407715,3.9312455654144287
579f3c693d72606ecee5f3205e526268,3,3.183633804321289,2.3543038368225098,4.11894416809082,4.397021293640137,4.194277763366699
dc348018115a4b78ff9aec4ab81027d1,3,3.4115922451019287,3.347257375717163,4.438889503479004,3.4548768997192383,4.236591339111328
47156f1d4686cb3f1a51f9bc5986e6a5,3,4.1741557121276855,3.650019884109497,5.157083988189697,4.774170398712158,5.0358099937438965
f2295d2c26afd7185dc42d231f4a197a,3,2.448486566543579,1.6933015584945679,3.2447423934936523,3.8681042194366455,3.591144323348999
37e80efaf53fbd3857491c74353c2e0b,3,3.969743490219116,3.3847110271453857,5.045840263366699,4.838818550109863,4.747353553771973
eb1a8e377b58541eb67f70188671c67d,3,3.1684188842773438,3.1445295810699463,4.196811676025391,3.4663894176483154,4.118383407592773
7c9060a53140962669a0c4ce69ce4d63,3,1.3931671380996704,1.626839280128479,3.416043996810913,1.7749178409576416,3.165525436401367
3fb326d6fdd4f74ee0d2bfab0d668335,3,3.6454670429229736,3.493412494659424,4.54592752456665,4.436578273773193,4.428008079528809
541fd5c063be299184c5f23c3a6995b3,3,3.21347713470459,3.0197672843933105,3.9949471950531006,3.8402252197265625,3.9341630935668945
cfea246aaca871f5ece54decafafe1ea,3,3.246581554412842,3.192690372467041,3.828317880630493,3.662984848022461,3.9697136878967285
fa071ae135cf61214fab6e27bf53d1f9,3,3.382143974304199,3.1772992610931396,4.458125114440918,3.5915842056274414,4.117035388946533
8dfbbdb40b54d5fabb2ca8ee4be12959,3,2.197180986404419,1.974334955215454,3.815727710723877,3.1383297443389893,3.315411329269409
253c216907a3395652761d8c2ff9d4f8,3,2.9515199661254883,3.5046889781951904,4.001171588897705,3.2771260738372803,4.765654563903809
b4d0e81e6bab6df34b997d7ef346db12,3,2.504183530807495,1.6282668113708496,3.6468443870544434,3.6753969192504883,3.7542548179626465
58733e91c14535189b8f56ff95b65cca,3,2.92564058303833,2.8342044353485107,4.017074108123779,2.828077554702759,4.33388090133667
081d20f358986c6bdd33f249bcfd3750,3,3.3374571800231934,3.069899797439575,4.201448917388916,3.8314919471740723,4.016386032104492
3574abf3f50b576d75f64a0aa96dc3d5,3,3.0980756282806396,2.6615307331085205,4.140442848205566,3.289912223815918,3.764768123626709
2b456c3f6ad0b6215eeca9f12ecbe478,3,2.962648630142212,2.2032783031463623,4.143327236175537,3.9709858894348145,4.083828449249268
69779325a6071112d91b93b2f28d306a,3,2.9157896041870117,3.226091146469116,3.9111101627349854,2.893630027770996,4.451107978820801
c5b48c9f90e850527f8e9858cdfaebdf,3,2.739823341369629,2.398683786392212,3.6779587268829346,3.821352005004883,3.5099334716796875
985390ad7041dd4c575a1d524ef5a3cd,3,3.1313962936401367,3.078098773956299,4.356351375579834,3.29106068611145,3.929772138595581
f7cad26c97945aec865bd72e416a0376,3,2.9382057189941406,3.165039300918579,4.204164505004883,3.366410970687866,3.962568998336792
815ce8653fdf5f52805a209bd282a451,3,3.210207462310791,2.762538194656372,4.0360283851623535,3.4974734783172607,3.44710111618042
d070a8635ac3631b15816e3ddaae7a13,3,3.1322104930877686,3.5211987495422363,4.360349178314209,3.7175309658050537,4.582733154296875
632638133ae3b5b20ee1423757c954ac,3,3.1438112258911133,2.9632084369659424,3.752852201461792,4.0649189949035645,3.847259283065796
7cac30b2df202f863afce2bf1708680b,3,2.921100378036499,2.9618659019470215,3.714311122894287,3.6660406589508057,3.7226555347442627
080e92b27b7b65f112dda29f6ad3c9b4,3,2.406160831451416,2.2504711151123047,3.9167234897613525,2.5337038040161133,3.708439588546753
5c765006af3eda2b808acc4b841e20f6,3,3.066502809524536,2.6698250770568848,3.99515962600708,3.9044063091278076,3.531665802001953
c370f563d5249eb78351d8fba7d4a30f,3,2.4330363273620605,2.7384872436523438,3.776411533355713,2.7229249477386475,3.729083776473999
33f8d8580be8e54b30e6bf349ba5d870,3,2.7969303131103516,2.3230643272399902,3.8936100006103516,3.478898048400879,3.9319372177124023
54701d5cf0bed5416abbfb25f2b21d28,3,2.9564783573150635,2.5381598472595215,3.8810548782348633,3.480278968811035,3.9785687923431396
be773f347dd6390ca534172f2f5be7e3,3,3.274088144302368,2.8926029205322266,4.5015788078308105,3.5417280197143555,4.222001075744629
9ffea9027ac3e9eb739e1caabee06178,3,3.0861237049102783,3.0795021057128906,4.271053314208984,3.3145480155944824,3.879160165786743
68e55879c70a9ae8b83bab8bbbc99bb9,3,2.458043336868286,2.359182596206665,3.6887052059173584,2.7872538566589355,3.6584553718566895
cca793410b23af2c7606380b3bc4bb94,3,3.246464729309082,3.310220241546631,4.436293125152588,3.7357943058013916,4.150827407836914
99fda72caf6980467f0c3caff45d0d79,3,3.7359237670898438,3.207566261291504,4.51528787612915,3.9248971939086914,4.490106582641602
25fd278945998f1b5cdadb413114d7de,3,4.381558418273926,4.338767051696777,5.031205654144287,4.948605537414551,5.13560152053833
147192507f9921a31dd5ecf368e3fee9,3,2.989748477935791,2.885329246520996,4.166723251342773,3.632221221923828,3.981738805770874
2e74ec98de20a3e046abde3d5412ad13,3,2.4327526092529297,2.674206256866455,3.864893913269043,2.7929506301879883,3.668170690536499
b7450069178a91b560f3bfb55604bdb0,3,2.2271342277526855,2.3549718856811523,3.512385129928589,2.7672555446624756,3.897585868835449
358c463dfa8d8c7850de485ae2bfda06,3,3.208970546722412,2.929880142211914,4.149312973022461,3.9970359802246094,3.8015267848968506
b7da65ec840bf16f9542285b0905d15d,3,2.3701577186584473,2.3494343757629395,3.893867015838623,3.1578927040100098,3.691469430923462
ac4161956dd03ef2bcb6c3e887603c4b,3,2.970755100250244,2.6160473823547363,3.8530237674713135,3.812340021133423,3.7809531688690186
255111e1eb17353d26f16969b0114083,3,3.620791435241699,3.3598899841308594,3.9928042888641357,4.159181594848633,4.37741756439209
b675a11857626150f9d8ba9699389ba8,3,2.5982396602630615,2.471134901046753,3.8034751415252686,2.8413209915161133,3.5993661880493164
5e9e068be0df99cfdebeac08b0adde15,3,3.341282367706299,3.5182909965515137,4.561779975891113,4.4275126457214355,4.25023889541626
86bfb7a831b85c126209566f371582ba,3,3.4091029167175293,3.039850950241089,4.464479923248291,3.53900146484375,4.225248336791992
b554c3d477a74a798dbb28768159c70b,3,3.2408244609832764,3.7202956676483154,4.290647983551025,3.8073554039001465,4.6447367668151855
989de77528eb26d863b51f64a012277e,3,2.580639123916626,2.478498697280884,4.047272682189941,2.915175676345825,3.9095921516418457
4a1af5e4de2946b3db55f944e295bd0c,3,3.2133541107177734,3.3879270553588867,4.190127372741699,3.575357437133789,4.253843784332275
f90a2c0dbd97821ed23ef0e6cb5882c0,3,3.572620391845703,3.7914657592773438,4.522506237030029,4.425144195556641,4.4629597663879395
a45fbf8a9bda2586160b47eaad706f40,3,2.807344913482666,2.8673288822174072,3.9620754718780518,3.226848602294922,4.06827449798584
500b104ca29b33ed56f77428022bad24,3,1.9077059030532837,1.7369003295898438,3.3854401111602783,1.9498307704925537,3.267698049545288
d8df59fea87caf892634e9cde5363a5e,3,3.414597511291504,2.660966157913208,4.10348653793335,3.977897882461548,4.392313480377197
5d964e5da9a3075f9d8c550b3f7e6d16,3,2.4498064517974854,2.3722329139709473,3.9122469425201416,2.9847464561462402,3.7113170623779297
4e8c85a9b780358a376c5d1b39669253,3,3.2926151752471924,3.1009278297424316,4.387231349945068,3.6988348960876465,4.120826721191406
755bb660101587b8dc99093d5bf19c09,3,3.0896451473236084,3.0619137287139893,4.388202667236328,3.349717617034912,4.09262228012085
64f8461c0c7b0640a53774663588ebdd,3,3.1242685317993164,2.589806318283081,4.312277793884277,3.495014190673828,4.333672046661377
49831880f79dc69ffa396fb8f5d4c404,3,3.988863229751587,3.319065570831299,5.067852020263672,4.647279262542725,4.857021331787109
1c4fe0bf2c01d894fc01ec6c073a9a91,3,3.7570414543151855,3.2334508895874023,4.7969584465026855,4.791801452636719,4.681554794311523
ed0b862ffe6612c5fd2704d297780156,3,3.1520204544067383,3.379563331604004,4.311953067779541,3.366743326187134,4.225728988647461
338cfb12b9a1ca90a95fbbc580bcf44b,3,3.283301591873169,2.909588575363159,3.9008829593658447,3.5349879264831543,4.090823173522949
b0e5fbdbd938136035381d62e73c20c4,3,2.6230063438415527,2.242978811264038,3.6760010719299316,2.5968048572540283,3.72344708442688
21bdb221f7f0d03c13dd7c60b88f953a,3,2.9974312782287598,2.664444923400879,3.9323694705963135,3.533867835998535,4.233889102935791
7b5bd051d6db330aad352580836f7ae0,3,2.6311795711517334,2.676760673522949,4.042271137237549,2.158864974975586,3.7493231296539307
782bdfc712bd37be696f8ba2a8eafe79,3,2.7739758491516113,2.6087710857391357,3.861252784729004,2.6916487216949463,3.8834543228149414
f07b490219625a2ede90c3183d02045c,3,3.09122633934021,2.928083896636963,4.275177955627441,3.531682014465332,4.092691898345947
ff698dc3cf8190ecd599e8f6afa7fc87,3,3.2350833415985107,2.901944398880005,3.6426284313201904,3.8155553340911865,3.9078526496887207
73b51019d2d0058b7be1abb33fcb0eba,3,3.5912795066833496,3.7886126041412354,4.473729610443115,3.9051527976989746,4.602799892425537
8887aeb4bbd3c46e0b7c3ff283aea5b3,3,3.0749056339263916,3.2549331188201904,4.216366291046143,3.282994031906128,4.126613140106201
125ae31cd7ea4e55d13b5d5ba54aefc1,3,3.014038324356079,2.569591760635376,4.102596759796143,4.121933460235596,3.989506244659424
3ba992f902e3b317994703eb2b738eba,3,2.9784858226776123,2.7315635681152344,4.412845134735107,2.9693055152893066,4.318479537963867
903ddc9c79cbe1e678b6b33d97f6046e,3,2.808936595916748,2.754626512527466,3.968034505844116,3.4054529666900635,4.029736518859863
fc8a164220d638e3199843c55bc800fb,3,3.1435680389404297,2.6682374477386475,4.357645034790039,3.459566831588745,4.10525369644165
d0492bb91b5b3ecfe651a74fb2a98c58,3,3.3878118991851807,3.141099214553833,4.600194454193115,3.3305416107177734,4.29965353012085
0e6b131b7984b0b88d179394bae1f885,3,3.4563732147216797,3.385563611984253,4.3728179931640625,4.022044658660889,4.221920013427734
cc2756c3471eb59f98b9224fc9f82572,3,2.3926782608032227,2.0633630752563477,3.9298388957977295,2.39607572555542,2.945352554321289
438f6cdaf3325c8cd28ff8d1bbc9fe2e,3,3.4559485912323,3.02891206741333,4.447211742401123,3.6582510471343994,3.926603078842163
e1916b95ce1193c9ff23bcd3d2f6d0d8,3,3.2775988578796387,3.2452003955841064,4.140559673309326,3.610469102859497,4.334282398223877
342166b9757bfdb75b2621fd794f69eb,3,3.276621103286743,3.4062438011169434,4.458309650421143,3.615278482437134,4.007598400115967
73d62bbaa2769ff0fa37901e3dcf0f50,3,3.1000306606292725,2.566805839538574,4.270418167114258,3.829393148422241,4.137304782867432
4c1e97a1e35c8e0eef912cc69e812a7c,3,3.976834297180176,3.3796982765197754,5.072256565093994,4.749664306640625,4.954087257385254
3c6c0bedb10251f19a90ebe80c92d145,3,3.299464702606201,3.3853065967559814,4.310611724853516,3.759061336517334,4.081696033477783
bca460b08d42fb2b484f9d3805bf35f1,3,3.0808684825897217,3.2531960010528564,4.329343318939209,3.721083879470825,4.084589958190918
a8f1e6b4791a978ded7ae00af1f072a5,3,3.3195648193359375,3.3167855739593506,4.181285381317139,4.069487571716309,4.120347023010254
c0abe304590433e4c7aa08579d40c458,3,2.491328239440918,2.3869431018829346,3.8406996726989746,2.5053842067718506,3.472522020339966
449465ef95d2221737bf1cd78892db16,3,2.422679901123047,2.4936935901641846,3.614976644515991,3.033108949661255,3.7402944564819336
86c8f17bb4762ca5ee064ae194c05e0b,3,2.652010440826416,1.9277348518371582,4.0895915031433105,3.7847635746002197,3.9649083614349365
71bbac5f2c12efeea029b28bfa1d0d25,3,2.8982973098754883,3.3057408332824707,4.0298566818237305,3.607480764389038,4.364939212799072
60f7fd819bc72a0dcdd00200d3eb51ff,3,3.267538547515869,3.5456652641296387,4.4586005210876465,3.674306631088257,4.1278815269470215
78e46eacde248f3de68bef15d2e63fc6,3,2.9296300411224365,2.905229091644287,3.987008810043335,3.2009122371673584,3.9930922985076904
9b14e0d01a86d3a4c1d6013c9d7f7b8d,3,2.0322513580322266,1.815346121788025,3.517124891281128,1.7002514600753784,3.629204034805298
fc3927b518fbce93e4572d520d95b166,3,3.041090250015259,2.491152286529541,4.271592140197754,3.23360013961792,3.5498809814453125
a714de5804187dcd4262331af54cbfb1,3,2.387495517730713,2.115511894226074,4.042138576507568,3.3435568809509277,3.454946517944336
0565413fbd4431a49d3ac4597414d0b9,3,2.577726125717163,1.8667534589767456,3.9626622200012207,3.4160635471343994,3.6636123657226562
b8e8ccd0e48ff7fd07e44f2e9c215814,3,2.3614749908447266,2.5290355682373047,3.8490514755249023,2.6676511764526367,3.728180170059204
8168c84a1243a1e28b6d4cec2e6a6ebf,3,2.792609691619873,2.463106155395508,4.437456130981445,2.8491265773773193,4.385098457336426
7c64ded5a77cf25d4b7ede824899d413,3,2.9816744327545166,2.6357388496398926,4.237531661987305,3.622650146484375,4.018831253051758
3f7d36ba8dd9390cb8f4fa1facf90876,3,3.061251640319824,3.1798155307769775,4.419631004333496,3.404552698135376,4.084393501281738
d3bd1d6f6cf954c8cf0578385165cdc4,3,2.709458589553833,2.827389717102051,3.8937621116638184,2.564577341079712,3.098360538482666
03e097db40695ee026ef011d2ed50877,3,3.1646595001220703,3.1146130561828613,4.123263835906982,3.819120168685913,4.190082550048828
51244d0c6093c208a5f87773714f0983,3,3.281412124633789,2.6645233631134033,3.932434320449829,3.5987164974212646,4.045126914978027
dd59e6e8fe8d50d06238f18362a234ab,3,2.9110822677612305,2.387707471847534,4.004123687744141,2.918595552444458,3.482792854309082
21085e983476303e2ce7d1d094cb13d2,3,2.3882741928100586,2.388251543045044,3.8787012100219727,2.0908095836639404,3.80767822265625
cfba3d57fb329af597c0eb71323b72fb,3,4.140069007873535,3.4362411499023438,5.039972305297852,4.898970603942871,4.912753105163574
b2a0dcac1fea9aa6708c519831241736,3,2.2039217948913574,2.0369961261749268,3.9522781372070312,2.283820390701294,3.799276828765869
099a316c69bb4c7735dc29e7d16a0742,3,3.189136266708374,2.6285905838012695,4.319781303405762,4.445193767547607,4.0960211753845215
d119e7f17e19902af04f9849d10b8c90,3,3.092245578765869,2.6881754398345947,4.319645881652832,3.6172752380371094,3.8749942779541016
f62e0732679d06b368d5e52c164b7fdf,3,3.615830183029175,2.9639651775360107,4.151334762573242,3.7240970134735107,4.07446813583374
19134edb49b717e3c8aef10429375914,3,3.055093288421631,2.6099159717559814,3.86749529838562,3.4460506439208984,4.1500654220581055
89161231cd105a51ef2c69a9b395a6d4,3,2.6959853172302246,2.7952024936676025,3.8519983291625977,3.253221273422241,3.717879295349121
0617f9c0b4e06256af25236e05561923,3,2.192596912384033,2.2590341567993164,4.075754165649414,1.5566301345825195,4.062506198883057
20cc571ffb794519513a181181b73d4f,3,4.333524703979492,4.405933380126953,5.160135269165039,5.016385078430176,5.243128776550293
5c0eb39648a17417c6731672f1f020f1,3,3.3898117542266846,2.6717097759246826,4.320718765258789,3.499804735183716,4.074382305145264
739532f58de53dd2536ae9b5394b9e9e,3,4.154154300689697,3.616405487060547,4.975770950317383,4.741732120513916,4.8808441162109375
065c8194667942a31b0e4a13695e5a3a,3,2.732165575027466,2.735538959503174,3.8645694255828857,2.909813642501831,3.94242000579834
5a52d9a26d8c15d7262a817286a879bc,3,2.487016439437866,2.65142822265625,3.7116732597351074,2.47597336769104,3.748589038848877
02d4a283c428284dd441f6684d4dff8a,3,2.0176634788513184,1.8043283224105835,3.8489861488342285,2.471144199371338,3.3866772651672363
6c1348bb142794131a04772beccae513,3,2.757237672805786,2.2321112155914307,3.722127676010132,3.4631388187408447,3.279031753540039
f833e57df29d70000442ed88b67d24a8,3,2.6757302284240723,2.1446874141693115,4.05153226852417,3.431393623352051,3.77282452583313
5b5fdd6f4687af76be855173fc749602,3,3.4172191619873047,3.4407145977020264,3.822183847427368,4.090029239654541,4.162073612213135
7bcb352aff0e3b4574e1974bf6255af8,3,3.2791099548339844,3.288985013961792,4.284029960632324,3.6545231342315674,4.176568031311035
3554e1c8cc69482b301673cd3edf025a,3,2.9776034355163574,3.006727933883667,4.2267656326293945,3.208432674407959,3.997396469116211
3bd544a198cd0db33def1e07b0f82083,3,2.627986192703247,2.283201217651367,3.726680278778076,3.0895748138427734,3.314692258834839
c4c58c46ba89b63b26bb83f0631f311d,3,2.9470255374908447,2.805874824523926,3.894068956375122,3.7632267475128174,3.8336503505706787
0f62109fbea4e27ac5d6319f0ee6e533,3,3.807337760925293,3.8767526149749756,4.499284744262695,4.116152763366699,4.802044868469238
83e814684f4263ae0d4d2d106716f76d,3,2.3004324436187744,2.1022300720214844,3.561427354812622,2.2265796661376953,3.658822536468506
15a53173bccd9a70b74208821e81f4f5,3,3.9897422790527344,4.00953483581543,4.764482498168945,4.243622779846191,4.77114725112915
cf434266dab70dae7abc7cfb31c608b9,3,2.341355800628662,2.294215679168701,3.623319149017334,2.6092028617858887,3.4118993282318115
12609399166abbb3d40ad0e911a2e0ec,3,3.028898000717163,2.8920183181762695,3.7506487369537354,2.9448180198669434,3.8376502990722656
8d9feefaa8163e000122f19f65f3a9ca,3,3.1125941276550293,2.677969455718994,4.3183393478393555,3.4391114711761475,4.07323694229126
888d70e86f3f8d17ca27719507b60598,3,3.2381441593170166,3.2501425743103027,4.349046230316162,3.8010194301605225,3.940086603164673
f3012f06cfc68150f923065764c53d94,3,3.234013795852661,2.9370527267456055,4.373427391052246,3.8196001052856445,4.184256076812744
5c7d0791e9c3319ee77797c4d49f651f,3,3.3207614421844482,3.082386016845703,4.636320114135742,3.359015941619873,4.2050461769104
9b6a44d095c6d96709a800e03e101ad3,3,3.259859561920166,3.2546935081481934,4.519106388092041,3.555306911468506,4.180172443389893
0f4e0900e48d2e5d847c1b4302e9a4fd,3,2.901515245437622,2.554903984069824,4.126425743103027,3.0389037132263184,4.153701305389404
168b21325a066af6736a381f8b0eb901,3,2.7773361206054688,2.5458526611328125,3.742734909057617,3.451138973236084,3.6419198513031006
b2aae23c2d876c4c7d242c62f8566c8d,3,3.334774971008301,3.1114864349365234,4.54094123840332,3.4570062160491943,4.188068866729736
67a2d32783ad9efa60e79409e80dc0d3,3,2.8913919925689697,2.431175947189331,3.604238510131836,3.0000088214874268,4.011587619781494
2c318ac43df2e5b4ebdeef6ffa146556,3,2.7611539363861084,2.7302346229553223,3.8491146564483643,2.8314905166625977,2.9982597827911377
42327094a0e8d221cdca3ebb0d7af1ba,3,3.81002140045166,3.5887019634246826,4.235823154449463,4.530385971069336,4.594369411468506
7087a810dab1f2b601c68b3209f95972,3,2.6010007858276367,1.9235610961914062,4.148922443389893,3.8374533653259277,4.039253234863281
dc5079f8db9f516f603495ee268ca004,3,3.107170343399048,3.008294105529785,3.869692325592041,3.466447353363037,4.025825023651123
365f7d1c8dd22a44149f4a564d52a6cd,3,3.269862651824951,3.422673225402832,3.7962441444396973,4.208130359649658,4.026268005371094
2e1a8fef97bb8225f04ce5fb4c8e0462,3,3.3046939373016357,2.729621410369873,4.409667015075684,3.273268222808838,4.346189498901367
a988916dc693b6bc55eda0d0aeac7a5a,3,2.9457411766052246,3.475783348083496,4.058650493621826,3.197946310043335,4.512609004974365
615974bb74fa359700c8da951dcae21a,3,2.5674726963043213,2.2717480659484863,3.6437017917633057,3.0448827743530273,3.4141721725463867
6a51077ddc43eca83d65c4480f2810ee,3,3.0736913681030273,2.706627130508423,4.310190200805664,2.877103805541992,3.961942195892334
3874fa4c076f54a2fb69d67d3bde5986,3,2.2817623615264893,1.997016191482544,3.685349941253662,2.3874874114990234,3.555176258087158
5a618a951bca8dd09018602aacfd6729,3,2.390425682067871,2.5153985023498535,3.6819021701812744,3.0830798149108887,3.841735363006592
ba701c3b53ae5700fba3326108154730,3,2.962355613708496,2.6561455726623535,3.3252482414245605,3.881880283355713,3.8025400638580322
6f76b4dc84990f16500fe1e3a429dfc0,3,3.2151036262512207,3.1105353832244873,4.010412216186523,3.7661960124969482,4.026679039001465
b44f0839f80cee5ec1e5c18cc0660c24,3,2.7339985370635986,3.327434539794922,3.9032704830169678,3.01444149017334,4.398713111877441
06cc8ca5ed81d67cb2084de0d6d90113,3,3.156947612762451,3.0668089389801025,4.131119251251221,3.378303289413452,4.100223064422607
26a662dbbf20fd557c6b25fa41c170b6,3,3.307337999343872,3.107696056365967,3.9995245933532715,3.8380091190338135,4.069864749908447
5f6a4aaba10e9b9b84763566316f5746,3,4.034194469451904,3.5790162086486816,5.051624298095703,4.701800346374512,4.901390552520752
1b37df34e6e1777b081f7af37a698f83,3,3.4220759868621826,3.207503080368042,4.250467300415039,3.9334444999694824,4.318742752075195
5abc96f342bb29b4e43e8a89e628827b,3,3.0728843212127686,3.5120975971221924,4.356569766998291,3.7802398204803467,4.498448848724365
58009478f0c50b24152af4be419726f9,3,3.380645751953125,2.4948418140411377,4.214035987854004,4.431002140045166,4.415336608886719
d5a859a8e0d7dad77d284d3ecc5aa89e,3,2.7556443214416504,2.3853025436401367,3.8615121841430664,3.62056040763855,3.812062978744507
8efc8f592fb07feac422caad498e97ff,3,2.715709686279297,2.4093878269195557,3.8232898712158203,2.6181485652923584,3.869903802871704
6b7b937223ff581cfa7596d11141d548,3,3.3557798862457275,3.5488879680633545,4.206798553466797,4.443330764770508,4.242465019226074
45a8eff94f507fcecff2f91cde1905c6,3,2.825230836868286,3.1123995780944824,3.9231908321380615,3.5058515071868896,4.166324138641357
d291284000045363ac230e9a3a7768ff,3,2.93318510055542,3.0203661918640137,4.261369705200195,3.4126834869384766,3.949012041091919
4e1aac9b3a41360078bae766ea714162,3,3.5641443729400635,3.1570687294006348,4.361374855041504,4.292475700378418,4.110367298126221
44c442edb163fda72b82033ef773d8e6,3,3.3975470066070557,3.5526351928710938,4.434356689453125,3.8416101932525635,4.225297927856445
21b9dcf15c2f52e8476e4f0acc4dac41,3,3.2835700511932373,3.0387330055236816,3.843533754348755,4.072543144226074,3.967139482498169
b1bf383c9d98e2fe5e6d3ef24fdcc7a0,3,4.1502766609191895,3.704498529434204,5.036894798278809,4.71896505355835,4.922063827514648
ac9ac964b2f3c2b71627e44eeea9927b,3,2.666579246520996,2.336245536804199,3.709930896759033,2.8255913257598877,3.9525701999664307
8176fd42d48a69c71882f7bcca452db1,3,1.8618618249893188,2.0729880332946777,3.2885799407958984,1.5377578735351562,3.2137489318847656
aa7780576f57e2ebcc2bc0eb39620542,3,3.477877140045166,3.2517216205596924,3.533707857131958,4.400511741638184,4.2272491455078125
65d0067821c10f40746456e978fef2f5,3,3.1390221118927,2.704627275466919,3.9189889430999756,3.7301015853881836,3.8591971397399902
51d7baae88f7be548d000063795b7731,3,3.040024757385254,2.9007182121276855,4.3222575187683105,3.4813411235809326,4.037891864776611
67013119ac18c8640f6690fa88169973,3,3.129685640335083,3.2960102558135986,4.1666107177734375,3.4814116954803467,4.081509590148926
9ca2918608e92bf3542c3cbb67bdc752,3,3.2713234424591064,2.9732859134674072,3.8709709644317627,3.5216662883758545,4.197907447814941
a0af63a5b1b54d6ba78154875a0c1654,3,2.7876648902893066,2.8393776416778564,4.1043806076049805,3.526843786239624,3.5661439895629883
f6ab393639e7ea925277e4cabdf800f2,3,4.092852592468262,3.5513062477111816,5.0024518966674805,4.972002029418945,4.91194486618042
6f58d6e746532afd219f97532efa23e9,3,3.588883876800537,3.5463714599609375,4.395611763000488,3.866377830505371,4.340292930603027
ee4b715b2d2010d20e1475b395e35b80,3,4.0587615966796875,3.4748120307922363,4.095552921295166,4.930813789367676,4.681353569030762
14db758bb1f1c3ecf96808531f098bee,3,2.4376072883605957,1.9186313152313232,3.614132881164551,3.1491971015930176,3.5200440883636475
48eb4223e2a3df500d77e1ad288d6b0b,3,2.680811882019043,2.695162773132324,4.0077338218688965,2.622762680053711,3.0248913764953613
eb4063bd4f0a56f46be63670191fc205,3,3.0156946182250977,3.5457184314727783,4.344481468200684,3.8081765174865723,4.492401123046875
15f218eda5880c0c427450d419eb4af1,3,3.8001461029052734,3.7387068271636963,4.602373123168945,4.05721378326416,4.617898464202881
16188ec2258a47b0bd2e76a119e8baca,3,2.970101833343506,3.3652405738830566,3.978628635406494,3.262299060821533,4.591798782348633
482f75d6a5a3a8c41759e189ffe2dc42,3,3.729517936706543,3.584963798522949,4.450490474700928,4.566043853759766,4.567277431488037
b033ecf17ef040aab45df0c7dfeae13f,3,2.4638917446136475,2.567565679550171,3.7557435035705566,2.7787187099456787,3.8222484588623047
31542c9757c31c83bf17ca4a6d80154b,3,3.296945571899414,3.4131972789764404,4.532125949859619,4.19506311416626,4.290224075317383
ee3a37e3d592f324ae74c2c479b3925b,3,3.504112720489502,3.1890623569488525,4.369555950164795,4.166060924530029,4.228682041168213
141aed3dbba889d250dca99434178989,3,2.216952323913574,2.234510660171509,3.7324955463409424,2.84171199798584,3.8716225624084473
073093da37ff5126c357785c18ecb2ad,3,3.3994107246398926,3.450251579284668,4.363677024841309,3.657876491546631,4.146839141845703
44fbe0fbe70fc75fcf85aa7334565c12,3,3.121044874191284,2.425215482711792,3.5056681632995605,3.7944958209991455,3.823286533355713
47c6f3b6ac19218598b170ddc27266e3,3,2.8030812740325928,2.710319757461548,4.21651029586792,3.014533042907715,3.54341721534729
de4659f3875857f36dfd1c39aee2b0c2,3,3.0133583545684814,2.5710856914520264,4.0638909339904785,3.587066650390625,4.126189708709717
9b95d1700137312d2847c98e9c9f0fa7,3,2.9095969200134277,3.1456828117370605,4.217751502990723,3.0725622177124023,4.11131477355957
2f083fd5d4f4bab8f6d0ca2eda80179a,3,3.880361557006836,3.957104206085205,4.637541770935059,4.559239387512207,4.62322473526001
442fd8ca5ce1a0d69cb9f9dececf5053,3,3.1922688484191895,2.8697736263275146,4.044373512268066,3.439932107925415,4.079838752746582
a1afac1852e93b115ac0f342c45b16f2,3,3.369507312774658,3.381537437438965,4.426370620727539,3.705265760421753,4.107460975646973
4d7c28377fd98023719975ff4355ed58,3,3.048081398010254,3.5064072608947754,4.219069004058838,3.470378875732422,4.010186672210693
cc0b474d2430cd5e08f0709f6843e3f3,3,3.5031661987304688,3.122147798538208,4.415898323059082,3.8210113048553467,4.050014019012451
b1d93eeca2a3538a49145902e5ab1b91,3,4.024587631225586,3.351902961730957,4.952113151550293,4.537598609924316,4.813644886016846
1df01b32f4b765822351c6d60a6e2447,3,3.385735034942627,2.8940043449401855,4.657443046569824,4.292089939117432,4.343266487121582
30ef8397b9c1383865e3541cedc47820,3,3.0508387088775635,2.5803909301757812,3.5049474239349365,3.753425359725952,3.765711545944214
33cd78a7680b4d70da1d0b8ae8d6785a,3,4.100276947021484,3.3659510612487793,5.005455017089844,4.850970268249512,4.909568786621094
2cb62402432ee6aac40475eb531240aa,3,3.168325424194336,2.7322583198547363,4.263755798339844,3.938842296600342,4.142606735229492
2935a27a365f78c1b0a35c54027e3346,3,2.8174662590026855,2.638359308242798,3.711904287338257,3.485809326171875,3.7346606254577637
fa87ed4fb618e324faf5e406892f40a7,3,2.3314223289489746,2.4102189540863037,3.961472272872925,2.1826934814453125,3.276597261428833
7f79242d53ba095566178ad166934e8e,3,4.179463863372803,3.6740641593933105,5.175438404083252,4.979528427124023,4.957833766937256
ed8eb49e057b08fbc65a26cb35923855,3,2.617124557495117,2.4970920085906982,3.909250020980835,2.802812099456787,4.112862586975098
6cec2de14e274fad0b67f93369f57491,3,3.127362012863159,3.296339750289917,4.19941520690918,3.7550151348114014,4.09895658493042
03865e35489daf771186a17b24a5a9c1,3,4.173323154449463,3.3831946849823,5.099341869354248,4.9204020500183105,4.9555158615112305
8bb9633aaf440efbd47a187c1e24cb22,3,3.5789129734039307,3.400275707244873,4.5899481773376465,3.8730032444000244,4.32037353515625
93cd34201848f7ddc99e6da2b5eef0c3,3,3.1690969467163086,3.1410844326019287,3.7580413818359375,3.3741953372955322,4.122021198272705
7ab08767386009faf678dbfb4dd8539b,3,3.5524001121520996,3.080674409866333,4.515674591064453,3.592874050140381,3.883885383605957
1e7ace83e6cd2f20a0c0529f6489c28f,3,2.740426778793335,2.871262311935425,4.037965297698975,3.192957878112793,3.854438304901123
11f3f842b95e01db69b4cac3152ae60a,3,4.1376566886901855,3.8193182945251465,5.031285762786865,4.996257781982422,5.027026176452637
1c4595df6842cce124201e89d894a789,3,3.0308170318603516,2.1686089038848877,4.247287750244141,4.248346328735352,4.21983528137207
9c147e4dde780c70019c65269fe57a68,3,3.5315380096435547,3.5705347061157227,4.647494316101074,3.7302892208099365,4.554790496826172
28cd03f10eccf36299d37aaa30050f0e,3,3.135223388671875,3.6303532123565674,3.9717230796813965,3.4728000164031982,4.8525567054748535
f5f0460980ce9efc22d4db4bc5964fc8,3,3.0974173545837402,2.876739740371704,4.254483699798584,3.0957517623901367,3.3614988327026367
3708fe1977988272d3d5e3976303ed1a,3,2.3400886058807373,2.371595621109009,3.8855974674224854,2.573485851287842,2.6248040199279785
412eef90f14e00247a36df30815c6f56,3,2.5329749584198,2.4809014797210693,3.6363813877105713,2.3484511375427246,3.761526584625244
9ad32a68fb97df66af77f1b101bddb6f,3,4.263481140136719,4.331688404083252,5.078039169311523,4.880479335784912,5.095498561859131
56f7c4389a669dd8ca41956afd97fd8c,3,3.248281955718994,2.9011545181274414,4.106482028961182,3.7624382972717285,4.131239414215088
36766f87fbf24d206ffca5f4d6f98a33,3,3.103511333465576,2.9868621826171875,4.446115970611572,3.344850540161133,3.9488558769226074
96b5d3e83124ad95ebb265ddefee6d1b,3,2.6345267295837402,2.755220890045166,3.9048006534576416,2.967988967895508,3.9682693481445312
eb88064f897d981e0f9ffdf616871f02,3,3.047365427017212,3.0298819541931152,4.110851764678955,3.230576515197754,3.611579179763794
3f46e0f8382c79e172f5cdd478d85954,3,2.6702189445495605,2.695063352584839,4.036668300628662,2.749211311340332,3.884038209915161
d23aba323dc3d2e1fa2fd47418080958,3,2.8574843406677246,2.5445668697357178,4.07999324798584,2.9083940982818604,3.3347489833831787
da6ab4f6ab70f949a7918e5730d45d9a,3,2.7167065143585205,2.562633752822876,3.999876022338867,2.47169828414917,3.5693936347961426
801e9ed81f595245127f2315592e7323,3,3.0337085723876953,2.4343910217285156,3.949557304382324,3.9808127880096436,4.017223358154297
701b504b0a751fea9b642de716919704,3,2.631711006164551,2.790933847427368,4.2294840812683105,2.693737030029297,4.038265705108643
ccbb291cfc2b41ed540ecfec6cec8e38,3,3.1426784992218018,3.656137466430664,4.203895568847656,3.765747547149658,4.666228294372559
7a922d442e3b8a9689854443a50fa63f,3,2.8389058113098145,2.425793409347534,4.03317928314209,3.6192495822906494,3.8645195960998535
9046ac5f98b5a939f05d8f638d05d5fc,3,3.247371196746826,3.11271071434021,4.305590629577637,3.440227746963501,3.9131100177764893
f3a45dd034c1b565dba79973e9456718,3,3.2919869422912598,3.2131967544555664,4.483767509460449,3.5726795196533203,4.157883644104004
dd3a8714effd6b3c29277bccbfefd93a,3,2.810967445373535,2.956303119659424,3.970111846923828,3.3434383869171143,3.708233118057251
7d5d334b21d97bcd5efdcb14db8c99d6,3,2.936264753341675,2.701669931411743,4.167418003082275,3.074169158935547,3.7965757846832275
fd9421276662d7e67e598b57ed01255f,3,3.1623916625976562,3.046900749206543,4.381202697753906,3.6768481731414795,4.233881950378418
03197df231be12dbe0767673f41900a6,3,2.623755931854248,2.0764212608337402,3.930225372314453,3.448854923248291,3.6640985012054443
9367fca929eb8fe130f13f96019094e4,3,3.469362497329712,3.0142905712127686,4.109663963317871,3.9675612449645996,4.176810264587402
ef0b3c3ba5fa5a1b9c573365434c5060,3,2.992368221282959,2.663428544998169,4.353142261505127,2.272714376449585,4.291492938995361
a01d5c8a94e035feb0906a8fca04ad4d,3,3.4562535285949707,3.1897833347320557,4.529864311218262,3.629469633102417,4.225702285766602
416a05e364227d147867813880d7a7a4,3,2.696021556854248,2.4267849922180176,3.672089099884033,3.447262763977051,3.429187059402466
ed48632a83f9c7b5dcf5ecdc06b642cf,3,3.4202773571014404,2.5462543964385986,4.677866458892822,4.024415016174316,4.5568156242370605
556dec47a4cb3f02c649d26d5d8c12c2,3,2.360626220703125,2.410336494445801,3.553441047668457,2.9361116886138916,3.6419219970703125
bf170ad6c2ec035221d9af87a67d9362,3,3.7649712562561035,3.7023940086364746,4.355569362640381,4.502060890197754,4.577341079711914
3dc7fd3dd2c1952f49651df2ada523bc,3,3.0576460361480713,2.555453062057495,4.179540157318115,3.7167818546295166,3.928447723388672
021a5cc96b7a420b1af89042040247bc,3,3.001896381378174,2.7498912811279297,3.890857696533203,3.505622148513794,3.900573253631592
b6a2f99a1a836105328c3e3045d4327f,3,2.8715648651123047,2.802605390548706,4.133428573608398,3.489887237548828,3.8807525634765625
1e8ad4d4cd84f527e2ee8829c638181d,3,2.715477228164673,2.6693944931030273,3.691214084625244,3.344266414642334,3.7073326110839844
e10f6175462cecfdc924818dbfb8dcbc,3,3.401550531387329,3.2510862350463867,3.8612260818481445,3.645799160003662,4.026254653930664
c9d144abdc14f6f39e9016cddfee608c,3,3.234121799468994,3.5064303874969482,3.8514981269836426,3.838245153427124,4.393326759338379
eacffcafe40572888b7e65e0dbbb6aaa,3,3.977365016937256,4.25512170791626,4.948342323303223,4.7473039627075195,4.765907287597656
ea34e54c8fb3f9c26eaedfb871570907,3,3.076578140258789,2.7163383960723877,4.294848442077637,3.9840071201324463,3.979491710662842
ddad836c332bc5171d5098a9330c2682,3,3.7828378677368164,3.9229674339294434,4.664604187011719,3.9942173957824707,4.664357662200928
f6fdd9ffc3142bba039013922e4225d9,3,3.7368242740631104,3.185196876525879,4.908885478973389,4.543954372406006,4.584362506866455
2118ca169804407e6312472e6ed1a6c1,3,2.7749152183532715,2.79886531829834,4.1499433517456055,2.899068593978882,3.8664305210113525
2aa45cd5c95f3444755560e90a74af87,3,2.7561535835266113,2.333995819091797,4.0364885330200195,2.4394798278808594,3.9455323219299316
8feda97f4876f37492c06836ff1ba6f7,3,1.7989047765731812,1.5906589031219482,3.3398702144622803,2.0982885360717773,2.712101459503174
2e2bd451a682eff803dc8751ace3a7dc,3,3.218665361404419,3.1013588905334473,3.4851744174957275,3.8679699897766113,4.032994270324707
ea824be991a71e9d3bd379be8935de43,3,2.830519437789917,2.925431489944458,4.284243106842041,2.9172146320343018,4.151111602783203
16986519cb15ed83d4087f7f92efe44c,3,3.4128170013427734,3.419395685195923,4.473789691925049,3.7480437755584717,4.288913249969482
f68e4dcc65acc4c9cc02c899fbc9afe8,3,3.1951184272766113,3.299800395965576,4.427002906799316,3.7573297023773193,4.312130451202393
b6818a4097c35ca614bf117d9f616f44,3,2.4504377841949463,2.442318916320801,3.7726728916168213,2.474954843521118,3.346217632293701
851efa5e35da8aef6ca73f4915e80175,3,3.1609385013580322,2.9933247566223145,3.8410582542419434,3.985880136489868,3.7885584831237793
8250adc08e3f8b89ac5d12ccc776b675,3,3.092160224914551,3.2961318492889404,4.214471817016602,3.3794987201690674,3.9948225021362305
adf8a332438d7b00b4a487ca8ee2a476,3,3.2288365364074707,3.054190158843994,4.219419479370117,3.907474994659424,3.954740047454834
e362fcd6e3aa97dc67c0cd40e4cdd5cf,3,2.9083971977233887,2.908724308013916,4.3126349449157715,3.3048460483551025,4.003459453582764
bc50bf9a3e8298ec0392e1e80a6e1bef,3,3.486811637878418,3.559126377105713,4.342284202575684,4.367847442626953,4.448452949523926
0ae7f1aeb0d0f2feb5b08ca35f0594b9,3,3.0256431102752686,2.6696434020996094,3.909787893295288,3.883681297302246,3.67063045501709
b6e7d7a917da68b3644159d494c7fffd,3,3.1701462268829346,3.0189356803894043,4.450079441070557,3.5855159759521484,4.067227840423584
7859ba99543559afcf70ac0a0f77d76a,3,3.514871120452881,2.6428756713867188,4.393901348114014,4.333390235900879,4.433856964111328
096604a27244b3ac9b9782bbfc751b78,3,2.6690170764923096,1.964137077331543,4.053401947021484,3.9166157245635986,3.9385428428649902
756b7ccc1720538b4c16907f28b6101b,3,4.02509880065918,4.066726207733154,5.002084732055664,4.778107643127441,5.008789539337158
17177a3af82fe99ccd174699941d57a8,3,4.311190605163574,3.9934821128845215,4.56064510345459,4.9681572914123535,4.928109169006348
f276a86e3fe66e360265541f2c518a09,3,2.9030797481536865,2.263382911682129,4.195125102996826,3.824017286300659,3.9153900146484375
32e102322c15cf61185521752bbb9e8d,3,3.1203362941741943,2.692157745361328,3.7670438289642334,3.961405038833618,3.791347026824951
84de6b566bf2f20ef772bdf92ee29e01,3,3.089844226837158,3.4320731163024902,4.424036979675293,3.8011317253112793,4.674998760223389
0f914bb14266a11e73c6510af71aa069,3,3.363374948501587,3.320014476776123,4.4448394775390625,3.474785566329956,4.15367317199707
dc2f2468a23cd00202f92a8d9e939078,3,3.2797274589538574,3.060600757598877,4.4247260093688965,3.3890702724456787,4.305695533752441
6cd12ba67b5bf3ef69f8f377012c1fef,3,3.297893524169922,3.2514989376068115,4.333992004394531,3.7055139541625977,4.028862476348877
9cb01fb423197d6ab719b0ac25d7118c,3,3.0259993076324463,2.779553174972534,4.041348934173584,3.369661331176758,3.7487711906433105
1e1b780909300bf6ead5a91a8a6a3d1e,3,2.671372413635254,2.4281387329101562,4.187530517578125,2.476585626602173,4.143131256103516
163dfecdc18cf24da59d39d16c6c9578,3,2.8891072273254395,2.6549625396728516,4.154168605804443,3.2577474117279053,3.781795024871826
771e0e23a1152e3d65bfb38f88feeb24,3,2.143115520477295,2.3187806606292725,3.5656676292419434,2.521359920501709,3.5363657474517822
ae6694044cd462f665884e6f1a331e16,3,3.20947527885437,2.967893600463867,4.188253402709961,3.7592074871063232,3.893563985824585
33d69bb4266be1b284fa0896e4ef252b,3,2.501936435699463,1.881068468093872,3.4541077613830566,3.052276372909546,3.3534655570983887
ad8c0b03d36e3309e61bd18aaca148d3,3,2.5209929943084717,1.9481265544891357,3.9700794219970703,3.271528482437134,3.683502674102783
ca80f8f0131511ceb224bd09422b45a5,3,3.320828914642334,3.1953647136688232,4.291399002075195,3.505772829055786,4.132531642913818
f2460d9869ecd0b26673a14231eb3744,3,2.6301839351654053,2.795261859893799,3.6495137214660645,3.3307833671569824,4.023980140686035
37a8573843a267e59b8678b66b74aafc,3,3.455857515335083,3.430124044418335,3.9603261947631836,4.073319435119629,4.132070064544678
91d6288a1a74f59139824696cf5d8708,3,2.7194275856018066,2.452348470687866,4.289463043212891,2.244108200073242,3.7121098041534424
6a596697ad707adb87f79fb159637ef4,3,3.4219183921813965,3.4395487308502197,4.070537090301514,4.169564723968506,4.1435933113098145
2654b1adb94adf8683a40cce8626ffb8,3,2.206611156463623,2.3021936416625977,3.5131659507751465,2.9106667041778564,3.8010990619659424
a4ce20912bf95facb663fb71f8ae4905,3,2.7476553916931152,2.1229734420776367,4.253838062286377,3.288435697555542,4.179040431976318
a05e9e8f45b9db696f99d1b5e64e4a7f,3,2.955796241760254,2.766968250274658,4.151058197021484,3.783405065536499,3.973162889480591
f1071786144c713eb7a1a0848ad2b203,3,3.516510486602783,3.8537912368774414,4.5344743728637695,4.276383399963379,4.41879415512085
00b58be44b4f97f26b17c0f974c33a5c,3,3.414487838745117,3.6476545333862305,4.293112277984619,3.9006268978118896,4.53397798538208
d770f56b8dfca462d98e805dbe5bab76,3,3.2157692909240723,3.16961669921875,4.453248023986816,3.6030125617980957,4.105851650238037
2124a1d3083a4321f33bf30ebfb706a0,3,2.18339204788208,1.9355270862579346,4.100548267364502,2.619082450866699,4.131197929382324
297cf2078c5bdc3f22b0d6b403100930,3,3.3562746047973633,2.8405511379241943,4.806703090667725,3.3772034645080566,4.331006050109863
1d70f66b06d8bb2972aa7c3e5436d184,3,3.8573250770568848,3.82039737701416,4.678738117218018,4.060854911804199,4.624447345733643
5a4574d7a4d2b33ea9c874613eee09d0,3,2.7806921005249023,2.632582426071167,3.7806344032287598,3.5911002159118652,3.6080358028411865
a17c684a7fc1c5f0298604e2614b0d06,3,3.4272356033325195,3.3068456649780273,4.168962001800537,3.777953624725342,4.166447639465332
61b5e9432201621d119b1a8e83abd13a,3,3.354365587234497,3.393719434738159,4.431535720825195,3.8445558547973633,4.144363880157471
b65047d0079ee37eeba6663a5874d022,3,3.5458030700683594,3.0239815711975098,4.54502534866333,4.496991157531738,4.45501708984375
a750cc387d2495cd6cca881c3562dea0,3,2.875417470932007,2.6052019596099854,3.875488042831421,3.2007174491882324,3.103229522705078
343481e89d77d3edcf04c53b54d1ec99,3,2.6927168369293213,2.8892414569854736,4.151468276977539,3.073096513748169,3.9202938079833984
345772c5f2beeab764b2c17ec7a6d30c,3,3.2912139892578125,3.2718887329101562,4.281307697296143,3.5089292526245117,4.34046745300293
d9fa5f8f5d5603c7e99d890958e11e7d,3,3.4690229892730713,3.137173652648926,4.185168266296387,3.6084165573120117,4.342263221740723
76b6e70dd3bde113d0c8d57f02626aeb,3,3.2777507305145264,3.0510079860687256,4.120036602020264,3.9233102798461914,4.008300304412842
972c95bf11b666e2f53b95b858295bf7,4,1.5618306398391724,1.6208676099777222,3.07265305519104,2.5007247924804688,3.1910347938537598
c6b7fc8f8ab0f0b95a9858a9c5002534,4,1.5162642002105713,1.3570905923843384,3.3132107257843018,1.2058203220367432,3.4895131587982178
f5ec892fa11699b61136d93cdd3ccd7a,4,1.7458692789077759,1.8439271450042725,3.163503885269165,1.6604264974594116,3.746272087097168
8f1e7aad3e1fb1c4ee1b7375da95e8af,4,3.264932870864868,2.8552660942077637,4.198871612548828,4.059597492218018,4.2069621086120605
10b61cde1d91bd952572796221212376,4,1.9310227632522583,1.9612634181976318,3.6523847579956055,2.571038246154785,4.024835109710693
dc27b6089a4f7082d46f601690772847,4,2.4001986980438232,2.313059091567993,4.046015739440918,2.3969595432281494,3.8881630897521973
dc9b7300c744fd2e6bebd799786a437e,4,2.9315123558044434,2.921234607696533,3.83540415763855,3.1022119522094727,4.010960102081299
b11b4d910c9c6e1720452a047c054377,4,3.2674410343170166,2.9394049644470215,4.178210735321045,3.872680187225342,4.248063564300537
3bc5991f980d4dc9942134a3d57b2bef,4,2.6675448417663574,2.7695093154907227,4.041977882385254,3.722557544708252,4.212682723999023
2ba94d5d51363fd3bd1c0b6d7da508ec,4,2.001765251159668,2.2806713581085205,3.515437364578247,2.3643927574157715,4.013946533203125
dfb953f91da1ebdadb6b206c6566efa1,4,1.6141277551651,1.739791989326477,3.107126235961914,1.5072338581085205,3.787315845489502
af4584e94296f439b25c71e32468b4e0,4,1.608536720275879,1.7857749462127686,3.147254228591919,1.6822625398635864,3.4364330768585205
c1de1aab06bcf2428903b13ec026ba47,4,1.9829576015472412,2.151280403137207,3.699954032897949,2.7000370025634766,3.909364700317383
b92d2b4edc563cde9488722337dd4cb6,4,3.3079674243927,2.8410804271698,4.497064590454102,3.236410140991211,4.430685997009277
893ad011d63f7d7bdccf8e6950b5d43f,4,3.2933130264282227,2.6423840522766113,4.147985935211182,3.184054374694824,4.328562259674072
3e7f3084c3c1838aa356fb66e474ba3d,4,2.5591561794281006,2.5833780765533447,3.9792654514312744,2.927924871444702,3.898893356323242
e18ea4ae8082872ccb23a5cd0532a89b,4,2.779399871826172,2.9931654930114746,4.163685321807861,3.1119446754455566,3.8945772647857666
f157f8301a020dc26eb958694496b956,4,3.1169545650482178,2.527992010116577,4.149173259735107,3.6388137340545654,4.166969299316406
fd134442e701e619786dcd0a700db508,4,3.0618934631347656,3.073362350463867,4.148715972900391,3.3147804737091064,3.878215789794922
852e93e83f81b7970ef07a7ac2bde921,4,1.8948255777359009,1.703904151916504,3.097580909729004,1.7630356550216675,3.1458067893981934
82bc957562afa9647e35b58a4d1af7f8,4,3.4837965965270996,3.039492130279541,4.501476287841797,3.716735363006592,4.323640823364258
b95c0db277b42cde4c5697b066774ce0,4,3.1222903728485107,2.850998640060425,4.095926284790039,3.856113910675049,4.145541667938232
c8d0472a21130c9cce3bb64f94963b0e,4,3.9620397090911865,3.758112907409668,4.8265557289123535,4.035013198852539,4.852661609649658
bb311716cd08d14960bc63e82479037b,4,1.6101096868515015,1.683255910873413,3.238166332244873,1.6903047561645508,3.646223783493042
9179b8e45a6ff36a2d0c9164daf8d543,4,3.032301425933838,3.242690324783325,4.329448223114014,4.068587303161621,4.302934646606445
ea6d65e5f9cf69b360142bf8d8e73fcb,4,3.197669267654419,3.236514091491699,4.1096296310424805,3.537722587585449,3.895219087600708
3e5a6b45e9d824f12eb0a362f4ff573d,4,2.6174700260162354,2.1684136390686035,3.923752546310425,3.3650622367858887,3.4639523029327393
6a3b8199c66f089314f9e7003481c1d2,4,2.0956714153289795,1.937685251235962,3.452174186706543,1.80759859085083,3.41927170753479
2ba1f730c93da2f05c3b7f9dba2be64a,4,3.0259618759155273,2.924419641494751,3.6713674068450928,3.6484103202819824,3.8940083980560303
dcecfa7d044ca62025f3e589b7a30b16,4,3.8856520652770996,3.6266191005706787,4.808013439178467,4.047737121582031,4.700540065765381
fd93bfb225601008df3cc98e01b15053,4,1.5631940364837646,1.6224335432052612,3.8122143745422363,2.505122423171997,4.0207672119140625
01cff1d94ba9c2a2b75b9518cfc63641,4,3.003187894821167,3.282460927963257,4.194286346435547,4.153985023498535,4.239635467529297
1acac3ca55d44e7d7f2a02caaffcf003,4,1.2842727899551392,1.3949006795883179,3.28810977935791,1.8475875854492188,3.0191071033477783
dd05e129d3629291169aeda010d82ef6,4,2.9316532611846924,2.751110315322876,3.7712764739990234,3.0963525772094727,4.012710094451904
8118c7f42fa5938adf1a877426b43ba3,4,3.534827947616577,2.81339430809021,4.495253086090088,3.884272813796997,4.412415504455566
68c786ebdab47dc8d3e27b8be513c9bc,4,3.0880773067474365,2.7410573959350586,4.1855244636535645,3.5086581707000732,4.222890377044678
2bd82ff24b58565828c2dbb2a289cdce,4,1.8224068880081177,1.8594834804534912,3.482805013656616,2.1826820373535156,3.9239988327026367
5719e3b2778f1deea1deee3c6fa9d903,4,2.3379344940185547,2.369542121887207,3.6253397464752197,2.8020870685577393,3.25791072845459
06193092adf4ffeffaa30a32270e1885,4,2.6526241302490234,2.4235377311706543,3.8978183269500732,2.566007614135742,3.8062119483947754
ca703aa679ab330b6c86fef7a6dfc1b0,4,3.0031793117523193,2.943204402923584,4.368381023406982,3.3088245391845703,3.957063674926758
7ba7fee47ec14a19ceae25d737eb93d6,4,3.058671236038208,3.448479175567627,4.18638277053833,3.872169017791748,4.126742839813232
c4529aaf2b4abd33c1fa18c0244e9d74,4,1.8243299722671509,1.9709453582763672,3.4250917434692383,2.2456696033477783,3.593717575073242
d7252307845be58f40488623d876671b,4,1.113565444946289,1.186773419380188,3.05713152885437,0.9740955829620361,3.719043254852295
37d3b7329cd8eb96f265cf2b4797532a,4,2.5842554569244385,2.4012906551361084,3.8876631259918213,2.276705265045166,3.7839200496673584
61891711abd6e535f82d11dd8e13c464,4,2.7348852157592773,2.6666905879974365,4.12256383895874,3.2924904823303223,3.905947208404541
3b18e6a669beaadfa32c6c0bb8d64fcd,4,3.3166306018829346,3.1788759231567383,4.127339839935303,3.074549674987793,4.323261737823486
0690cfd8fd897332b84713300e521e52,4,1.296001672744751,1.5912281274795532,2.9680256843566895,1.142723560333252,3.623441457748413
ebded5c2b523d0158df4ddb62be6e5f2,4,2.6064209938049316,3.028177261352539,4.217810153961182,3.7486467361450195,3.9605295658111572
96a6d0c6e14a9f858555a863572408eb,4,2.461334228515625,2.105351448059082,4.019042015075684,3.0487029552459717,3.7074532508850098
a308a0c9708a3eeca0ecf8c86187ef34,4,2.56221866607666,2.807300567626953,4.047519207000732,2.6469039916992188,3.8979270458221436
80de81da9f95710f67f19b7a248f69e6,4,3.1182639598846436,2.9874954223632812,3.919656276702881,3.3747329711914062,4.158568382263184
0c74af91de7af78964c12c7cd547e51a,4,1.191606044769287,1.595667839050293,3.265455722808838,1.3993632793426514,3.96541428565979
db01db0e63928daae95446957047fe30,4,2.7500364780426025,2.926475763320923,4.1346259117126465,3.7856006622314453,4.044322490692139
b6d2f97c32beaaa23e2cf0c62fe7f562,4,1.2693499326705933,1.5410112142562866,3.2983450889587402,1.3530020713806152,3.8608102798461914
22839fc4bd44060195385638b2d894fe,4,3.29000186920166,3.2559001445770264,4.283302307128906,3.6776862144470215,4.100928783416748
6062aa0c42c2a58afdf3bc8f0f3778d1,4,1.5389128923416138,1.8071705102920532,3.3673832416534424,1.7343928813934326,3.894056558609009
6b9a72e0054203c743ebdfd38bd778e7,4,2.802058696746826,2.416470766067505,4.133134841918945,2.7406997680664062,4.065725326538086
fff7a7cd6c2863908426215e709ee57d,4,3.1268038749694824,2.8248164653778076,4.06886625289917,3.3865041732788086,4.034343719482422
cc9f148e9b276e20e5db450a23c6e051,4,2.574295997619629,2.8927624225616455,3.6881277561187744,2.8854360580444336,3.6881656646728516
1c4d56e27c1a86c30c0da6ea50e309d2,4,3.172727584838867,3.082796812057495,4.091612815856934,3.2843682765960693,4.170190811157227
6172ef9015c56b7294b0133a09994f92,4,3.6928508281707764,3.5815834999084473,4.68482780456543,3.5841431617736816,4.4306254386901855
479bad7cbc59156d114c4b7c247a9f1f,4,3.2517952919006348,3.134883165359497,4.260965824127197,3.5309975147247314,4.339052677154541
e1eef755d72501cba4270dc71402dad7,4,3.8523311614990234,3.693544864654541,4.816134929656982,3.9373676776885986,4.8070783615112305
b8360f91fbb58307eae9d3d463b8d4a2,4,1.857859492301941,1.7424615621566772,3.1922128200531006,2.788717746734619,3.347665309906006
59cc1570407a4d57e1f1ebde9ce511ef,4,1.1678723096847534,1.3707834482192993,3.2265381813049316,1.2188606262207031,3.8958966732025146
271a906c324b7a357bc028772b846584,4,2.9043924808502197,3.223001003265381,4.147268295288086,3.9450879096984863,4.177624702453613
e96d1bc09b0a798cde65d5a6d49d72a9,4,3.3622567653656006,2.9159739017486572,4.526875972747803,3.5507025718688965,4.454410552978516
dd164d5e612e80914a6fdf26e49dc26c,4,1.8202623128890991,1.9850549697875977,3.250231981277466,2.6279194355010986,3.3773257732391357
eb61ac488ae56098f41a3ff1ca631511,4,3.3125433921813965,3.05837082862854,4.093098163604736,3.5443990230560303,4.539410591125488
d5de07f6410c1cc6bd2938f32087977e,4,3.356858015060425,3.011631965637207,3.986553192138672,3.648738145828247,4.403791427612305
a3a148fbce18b73663cee7a92eb52361,4,3.0461254119873047,2.7613117694854736,3.897432804107666,3.348851442337036,4.169070720672607
ca6a5507a35fd191746de044536f9064,4,1.657435655593872,1.8621643781661987,3.7902867794036865,2.6539700031280518,3.790781021118164
21bc4a9182267f957f51964e0ce8917f,4,1.2644665241241455,1.0428853034973145,3.3312389850616455,1.0210862159729004,3.854543924331665
c205290e23a1c156433f156e55a38696,4,3.1240522861480713,2.8417932987213135,4.104686737060547,3.3674228191375732,4.348540306091309
15a71ab51abbcdcdfcee90db54469212,4,2.2016468048095703,1.4597090482711792,3.57243013381958,3.154971122741699,3.1104962825775146
4d84b37824e41b109b3dfffd6d5e66c7,4,2.7468345165252686,2.540419816970825,3.975409984588623,2.794379711151123,3.9205784797668457
03cb253ac05865dadd3ae69e055e8dcc,4,3.3960044384002686,3.244523286819458,4.304924964904785,4.20466423034668,4.446718692779541
a3185baa4ad64ad69304681294cfa6e7,4,2.78941011428833,2.8895156383514404,4.019973278045654,3.734111785888672,4.119666576385498
831d93c4423e7551b056f140d6c74483,4,1.5889335870742798,1.6968977451324463,3.8608357906341553,2.6338694095611572,4.098294258117676
7cdfe3306349b0cb0a4b265ae1a2c8df,4,2.2190637588500977,2.3834328651428223,3.3976807594299316,2.3682515621185303,3.810887098312378
c62f27c296a6e3d7cbc0fea23054ab75,4,1.9069762229919434,1.998072862625122,3.3731532096862793,1.9661959409713745,3.931217670440674
6b73e44f05e9b999197e0f7d4752a924,4,3.9322972297668457,3.771585702896118,4.629650592803955,4.442171096801758,4.778334617614746
416d3fbe618753d52796f1b7cb56405f,4,3.5289340019226074,3.3563218116760254,4.551090240478516,3.660834550857544,4.529470443725586
d803bad43bd8bb758a1c94e339a2960b,4,3.0134921073913574,2.7114803791046143,4.0388360023498535,3.285104274749756,4.007524013519287
20a4d1f75208af5c7075eb7f773058e3,4,2.004279613494873,1.922648549079895,3.3806939125061035,2.1627540588378906,3.3538308143615723
d5dce291959680aa383f30f3dba39366,4,3.030792236328125,3.188109874725342,4.114107131958008,3.2399208545684814,4.052827835083008
2db3f9adea7d7d84b2f424484e6eafaf,4,1.3866355419158936,1.6893696784973145,3.1617956161499023,1.4142282009124756,3.6666786670684814
4a8e4759e582ee4b50c4226d69ff0203,4,3.0054402351379395,2.6898465156555176,4.0271501541137695,3.863384962081909,3.784605026245117
a0a5802ca3c06d887c469f30b40f4f75,4,3.333524227142334,2.881035327911377,4.264763355255127,3.7366130352020264,4.162630558013916
6bbaafad7afad11db8da8673853b549a,4,2.159726142883301,2.259361505508423,4.051217555999756,3.150054693222046,4.081263542175293
41e178fee581f3aa17843624efa58552,4,3.4424216747283936,2.8906853199005127,4.600144386291504,3.9959962368011475,4.446901798248291
9825683ead1af8c5ec3314d104ca1902,4,3.2152628898620605,2.873645782470703,4.25631046295166,3.6083309650421143,4.160150051116943
82c319ecefdfc2cf4b425d4fa0a92419,4,3.2834551334381104,3.088332414627075,4.309487819671631,3.6737382411956787,4.151549816131592
13c5a29155a92186a86a8b57b3ea6c39,4,1.5036647319793701,1.6875219345092773,2.9826159477233887,1.4696264266967773,3.668440341949463
872c0221320cb701af3e5d27e8d546f0,4,3.0781915187835693,2.9040751457214355,4.10001277923584,3.8119683265686035,4.063514709472656
3c7d8a1428432766432e6296402c6d4d,4,3.413475751876831,3.1827309131622314,4.5402679443359375,3.5225467681884766,4.330827236175537
aa5cbe14ca745094a29f3becfd1134e1,4,3.3959240913391113,3.5209600925445557,4.249975204467773,3.5918188095092773,4.396389961242676
a73628c9d1bbd25661ea269570b50e54,4,3.3017847537994385,3.1674280166625977,4.146005153656006,3.7403934001922607,4.179889678955078
4387fbee3b4bd38822cd6cfc568a2a9f,4,3.7457010746002197,3.6018271446228027,4.223954200744629,3.7463674545288086,4.72114372253418
ba64b493920bc42d1732beb4c8920c2e,4,2.817462921142578,2.855485677719116,4.022055625915527,2.846348285675049,3.831066131591797
455578ebf1c4758c623564121dcaedb3,4,2.069430351257324,2.0860886573791504,3.408414363861084,2.1737794876098633,3.8689470291137695
d07b3271da164a62585831bb45be74ce,4,2.0656254291534424,1.607501745223999,3.127133369445801,2.0558624267578125,3.059659719467163
6470a71111ce0bbc7b1b1fc7a3395749,4,1.6019898653030396,1.6952656507492065,3.20424747467041,1.7830826044082642,3.4548630714416504
6b832dce620c8649b703b78ea39ba27b,4,1.5801390409469604,1.7635517120361328,2.9303860664367676,2.2146949768066406,2.8536124229431152
e442143eaa0e108bfcd6aa75ae20e65d,4,2.93729829788208,3.3168044090270996,4.252092361450195,3.863016128540039,4.159500598907471
0e2deb06b25bb0de677a20cf78763f5c,4,3.5219461917877197,3.2532317638397217,4.282597541809082,4.159152984619141,4.647806167602539
c743fea4fec5d6201093fa6645c70451,4,3.733445167541504,3.4763731956481934,4.680856227874756,4.002046585083008,4.675260543823242
5ad113733fc24bc388dc91c4c659418f,4,2.893829584121704,2.787369966506958,3.786177158355713,3.0830600261688232,3.9474499225616455
6c2486a8925541b47b0ada896ebc6a68,4,3.0378100872039795,2.8624985218048096,4.279446601867676,3.4657211303710938,4.0280914306640625
9a82f35365e763be8096a9c8bf406077,4,3.44344425201416,3.1959383487701416,4.453200340270996,3.686589002609253,4.456079959869385
3f3a33e8878ae7b8456da17e29b249fa,4,3.3322739601135254,3.181959629058838,4.05099630355835,3.5015714168548584,4.4283223152160645
8f2934610a6c809c6f016016b9b16ac9,4,2.8626058101654053,2.616368055343628,4.091428279876709,3.77767276763916,4.044797420501709
59730a5093e0a29c6fe2bd679636d88f,4,1.4333505630493164,1.6639546155929565,3.2665326595306396,1.6765947341918945,3.6213529109954834
474a94a417a673f9ab56dd56d9006b02,4,2.965930938720703,2.5731558799743652,3.951768636703491,3.6196627616882324,3.862521171569824
5bffe885475ef1f6a5b014f0e5b49127,4,3.897188901901245,3.681546449661255,4.872408866882324,3.958193778991699,4.714500904083252
71a397ab6ee3f5e6ce7ebcb1740591e3,4,1.6620091199874878,1.7258325815200806,3.007094383239746,1.9959343671798706,3.1050939559936523
7af47977955911934b18ce5be0f5b74e,4,3.2868235111236572,3.354092597961426,4.309070587158203,3.978027820587158,4.248232364654541
231a767c77dd54823f9b2eced18a0f79,4,4.061105728149414,3.8752570152282715,4.84177303314209,4.150869846343994,4.781931400299072
813bbdbfd48dd121ce0c4cc6c666178f,4,3.2150681018829346,3.438581943511963,4.272553443908691,3.6252596378326416,4.296322345733643
b1af42c1ccce80d5d60b7bea04938ad2,4,3.396009683609009,3.2568392753601074,4.476744174957275,3.6205484867095947,4.196629524230957
2505dcffeef086efd23210690d1106cf,4,1.553801417350769,1.113434910774231,2.919175148010254,1.5210540294647217,3.177532196044922
b48da0b4d666e73a13d5c60987b00a6a,4,2.7301454544067383,2.381019115447998,4.08297061920166,3.6778368949890137,3.5160396099090576
17177e5e871f8d51dfa68615c04102f8,4,3.3905158042907715,3.356088876724243,4.1965460777282715,3.8424479961395264,4.264612674713135
02511b7be84344810b30bc8c1c93577d,4,2.928269624710083,3.2926783561706543,4.205286026000977,3.9791932106018066,4.219564914703369
6df712562cf1b9826bcfc3bbb9c363f0,4,3.049893379211426,2.9956583976745605,4.100484848022461,3.2593796253204346,4.186429023742676
896ecd13c9e631fb37eeebdae40c3fe0,4,3.148090124130249,3.0766959190368652,4.154406547546387,3.14410400390625,4.083711624145508
eacc8fbb2ab659368194d8ab26c56202,4,2.83600115776062,2.733016014099121,4.119993209838867,3.807088851928711,4.086376190185547
c02f4a39dfaa44a5191ca10aea9f4829,4,2.2676005363464355,2.4023075103759766,3.8397023677825928,2.722083568572998,3.6672773361206055
23b30725c56d7df9bc6f2088d5f2d3b1,4,2.752344846725464,3.039397716522217,4.208747863769531,4.027649402618408,4.312442302703857
68f155a61791f8eeffc70c01d3e71c3d,4,2.030586004257202,1.5105819702148438,3.3281259536743164,3.0120272636413574,2.8920137882232666
0ced78eec9f61d7253a435d66211a1ca,4,3.254305601119995,2.9507853984832764,4.30636739730835,3.610506057739258,4.2309770584106445
e76138bf3b7d9739da377c3821b028d9,4,3.4157097339630127,3.595777988433838,4.438364028930664,3.917530059814453,4.2488694190979
04124dc732022931da88172a9e4de4e8,4,1.1214699745178223,1.3320859670639038,3.159062623977661,1.049933671951294,3.7759931087493896
2a427a37b9cd2713898019fdc5cb8168,4,2.9156107902526855,2.7504725456237793,4.076851844787598,3.822619676589966,4.084650039672852
b2c3f95ec2114629be108d4902f64038,4,3.1401619911193848,3.1355199813842773,4.197920799255371,3.634456157684326,4.188325881958008
1d5b831d1d0f1fc4fd98b8a9d98052b3,4,2.944944143295288,3.451503276824951,4.084036350250244,3.9811620712280273,4.106109142303467
69db00d9bcdacb331efb1ba1b8c3b67b,4,1.6098802089691162,1.6327656507492065,3.1770570278167725,1.914900541305542,3.2854580879211426
b91bb11c1ab7490a6166b160d09c6f3d,4,2.821418046951294,3.0534942150115967,4.322071552276611,3.02542781829834,3.981480598449707
d288c50334ddefed0680257beb252e37,4,2.167795181274414,2.1574389934539795,3.6216793060302734,2.3301796913146973,3.5982091426849365
3b45feff48465ea7f0907e9186a2c70c,4,2.125293731689453,2.1683175563812256,3.4960169792175293,3.2106268405914307,3.0210275650024414
b8c8070d331849865ed7cbb0ec0c3ff9,4,2.8727307319641113,3.467393636703491,4.291173934936523,4.055385589599609,4.204495906829834
83845a5c364b41fed242a8ec7f9928d0,4,2.949941635131836,2.994110107421875,4.211334705352783,3.1114449501037598,3.808054208755493
08dfb236f922810647db09e0bce53e9c,4,4.055582523345947,4.014534950256348,4.895969390869141,4.141197681427002,4.821343421936035
cbb34aeab3ec0f7882570c5860cfbc84,4,3.8030381202697754,3.5354268550872803,4.747416973114014,4.209840774536133,4.6871113777160645
3e871b07e099ebb42e208d0b123f755c,4,3.0061395168304443,2.5014564990997314,4.074894428253174,3.507427215576172,3.9987740516662598
ebc55c658c7d38e1eff60b1151ed7230,4,1.2945579290390015,1.4358636140823364,3.235548734664917,1.3270270824432373,3.7745115756988525
69bdfeffc2c1980551f41c114142e826,4,1.9779404401779175,2.0715386867523193,3.486359119415283,2.6782331466674805,3.706789016723633
e3802125ba86758c78a79ee1ee2bac22,4,3.2353341579437256,3.081772565841675,4.301608085632324,3.2803151607513428,4.140735626220703
696728435560304658363f26e1315368,4,3.0007097721099854,2.916954278945923,4.166252613067627,3.61881685256958,3.7613162994384766
6f46ac3bdc376bfabc162599bb54b6c8,4,3.1295411586761475,2.844372510910034,3.8973779678344727,3.140695571899414,4.109109878540039
72f07e9311aa1dc0c118b984702bd6ef,4,2.587585210800171,2.296548843383789,3.417104482650757,3.031343460083008,3.4730398654937744
ca46f84654e9d168145696fcf9fbda82,4,2.2806758880615234,1.6576814651489258,3.546837568283081,3.066213607788086,3.2913010120391846
5395f54774c495b68cf8dee1feef8293,4,3.4416959285736084,3.0809972286224365,4.2399139404296875,3.6112842559814453,4.4751081466674805
6bff1f99a82766cf54a1ab7dcf83e834,4,1.9295932054519653,1.9946613311767578,3.417921781539917,1.9847214221954346,3.964305877685547
f47ee810d059605f723d46bb6f0114f9,4,3.5926594734191895,3.525268316268921,4.164453983306885,3.6794016361236572,4.585660457611084
976d1192457cfabc1727fd545373a16d,4,2.9716365337371826,2.5951199531555176,4.091951847076416,2.9705944061279297,3.9844346046447754
61c637e656a75e35fb9b996cebb8e264,4,2.62616229057312,2.833068609237671,4.0062384605407715,3.458913803100586,4.003360748291016
4936fbc472e1fb9b6d8ce551b15f2f9b,4,3.0124571323394775,3.2252676486968994,4.082198143005371,3.410449504852295,4.072319030761719
9749a21ccdec34049c47742eb71eda0c,4,1.562563180923462,1.664588451385498,3.242941379547119,2.567840576171875,3.2391791343688965
673795fc49277484f4f36426d14e873f,4,1.3636199235916138,1.5392800569534302,2.9973676204681396,1.3366656303405762,3.2693941593170166
deb8f324133868ea42f0baa72e8c0748,4,1.8863887786865234,2.121708631515503,3.9912688732147217,3.0692625045776367,3.996377468109131
f3ba6ca0f5a0ecec5e94d03821ecd0f5,4,3.089341402053833,3.334129571914673,4.163164138793945,4.1810479164123535,4.271824359893799
181e238a3613590fb89796690c9d46d2,4,2.1787753105163574,2.397240161895752,3.533297061920166,2.3328187465667725,4.097129821777344
085270a21851b3d9c2fb536113278403,4,3.0072810649871826,2.8848729133605957,4.306369781494141,3.200411319732666,4.148769855499268
d3938ee0458e43056259ae05d0bcf508,4,3.085655689239502,2.756049633026123,3.994236707687378,3.7203991413116455,3.9603681564331055
84f9379a222f12a1bff9b8fecfd34187,4,2.872272253036499,2.7890398502349854,4.081449508666992,3.9165449142456055,4.124824523925781
bcb8746a44e0fab116aa6037dde54c80,4,3.0742390155792236,2.947923183441162,4.216756343841553,3.6904520988464355,3.961223602294922
397a37bab98136260e25dce80e738aec,4,3.6440610885620117,3.2898316383361816,4.609208106994629,3.9141290187835693,4.524211406707764
fe95ecb0fd536f0e7629dd0e16d8ea69,4,1.10243821144104,0.9392024278640747,2.7556145191192627,1.0677471160888672,2.982410430908203
39ca8a96f30c83320ce368eba14e3aec,4,3.087909460067749,2.763939380645752,4.003007888793945,4.170042037963867,4.075756549835205
2cf702ba0410fcbfc3d9a0742ab791d7,4,3.2700343132019043,3.049447774887085,4.247940540313721,4.075016975402832,4.265987396240234
af084b1c3cbafaf30fdead2ba16b7ab7,4,2.9315876960754395,2.933123826980591,4.257950305938721,3.07354474067688,4.286486625671387
ff504f3e851adbcae55e6af786c7fe39,4,1.3672560453414917,1.3571840524673462,2.901048183441162,1.6040972471237183,2.783121347427368
65c1b3a94068df2ef803df6e153ba469,4,1.5123549699783325,1.51029372215271,3.150282859802246,1.436004638671875,3.725308418273926
75669d3ffbb754d2587ceedc0c7a19b7,4,3.2453086376190186,3.194650650024414,4.294748783111572,3.616748094558716,4.5635199546813965
a3debaae5efc49294f5baa860f04afec,4,3.2407774925231934,3.1042184829711914,4.153112888336182,3.417762041091919,4.277146339416504
02e291436d847f33f440100cf90ac4d3,4,1.5684430599212646,1.7451573610305786,3.2941877841949463,1.743436336517334,3.7261881828308105
2436d69e9ed1faf39ea93d18a11cd583,4,1.923019528388977,1.990095853805542,3.3853282928466797,2.767585039138794,3.555978298187256
2751f357fd31c9bc28859f2e1565762c,4,2.003261089324951,2.087583541870117,3.618412494659424,2.442018508911133,3.6222386360168457
65d6e24d918703ec83263a6f6276690f,4,3.0355494022369385,2.9968602657318115,4.205752372741699,3.1016314029693604,3.9808332920074463
760c7091675a47736e8e0461ea591ee1,4,1.8227007389068604,2.1828908920288086,3.625671148300171,2.6744236946105957,3.8495256900787354
6fdf0ed4896d210dc96e6df3d9ff5872,4,3.6827399730682373,3.3929717540740967,4.544388294219971,3.992837905883789,4.469405174255371
17f7d735422154640867b7826184782b,4,2.960688591003418,3.0249974727630615,4.248317718505859,3.865781784057617,4.029106616973877
5817a103e81ffa2d1b0be5e81a6beb68,4,1.4542694091796875,1.2233885526657104,3.117408275604248,1.3816757202148438,3.5200634002685547
614ca5f15d5ab29c5cf4a582a3f8faae,4,1.8255882263183594,2.0249929428100586,3.3704986572265625,2.7982754707336426,2.8588030338287354
cd5a8224f58913ad2eb3217a778c40bb,4,3.0954010486602783,3.583958387374878,4.32238245010376,4.082258224487305,4.285745143890381
ecdbe51a42b665e388c82264bb0eea8c,4,2.9042654037475586,2.9820001125335693,4.187836170196533,3.802868127822876,4.0983686447143555
e56bc59e122594247e51a40848c3c181,4,1.5951346158981323,1.577425241470337,3.0765743255615234,2.410891532897949,3.2403976917266846
99f1c4a39386f7ad12e26b067167832a,4,3.5353097915649414,3.1262059211730957,4.503368377685547,3.8247971534729004,4.497900485992432
d6da283985a232de66ef914395d02ceb,4,2.939528465270996,2.4198896884918213,4.100458145141602,3.2241039276123047,3.792858362197876
0a5787846233ae8b2c1a3510bb56a728,4,3.0613441467285156,2.6644585132598877,3.9954140186309814,3.0835702419281006,3.8045430183410645
b3f922de1e916491d992a34361f56f5d,4,2.0772101879119873,2.241184711456299,3.6173150539398193,2.246263027191162,4.38543701171875
d2242658f87230837faf6ae6abd26c71,4,1.3611420392990112,1.4591360092163086,3.0136523246765137,1.3589873313903809,3.4112462997436523
4e685dfc660dad790a65f933d7c9d4d4,4,3.097905397415161,2.774963855743408,4.044929027557373,3.7468137741088867,3.8826913833618164
02231baafaf869e8e871adba1e643063,4,3.3325746059417725,3.2122349739074707,4.032081127166748,3.6042213439941406,4.438122749328613
ca6e93f76ff7e94453a8b784a4d04e89,4,1.7063127756118774,1.5146349668502808,3.227315664291382,1.2487976551055908,3.283374309539795
d95d8e50c1c1a9766637ecad400d2263,4,3.586273670196533,3.310089588165283,4.411700248718262,3.898118257522583,4.460733890533447
d8e5ab4b6b5303ddb8352869b796375b,4,3.618849992752075,3.121506690979004,4.3652024269104,4.053744316101074,4.428946018218994
8ece04381319269e10a44f68e3a4c2db,4,2.6413674354553223,2.611494302749634,3.888810634613037,3.619079113006592,3.8998703956604004
c7ac1390bfcadcd8a71e04c874de71c1,4,2.793494939804077,2.156125068664551,3.9148333072662354,2.605217933654785,3.919720411300659
a755be89b8e52ca026bda46eda0cf5b5,4,2.9440906047821045,2.900604248046875,3.9388351440429688,3.635937452316284,3.8499112129211426
9551eab14af4da3575587bc74f3c6043,4,3.514756441116333,3.2340192794799805,4.596887588500977,3.7953460216522217,4.374614238739014
62efbadc497e4e2a731b55e0ae863630,4,4.000086784362793,3.92270565032959,4.871274948120117,4.091334819793701,4.746760845184326
e58cc97ffeefb3c12bfbe45e4535e978,4,3.6869168281555176,3.7005531787872314,4.437930583953857,4.2603840827941895,4.443719387054443
4dcef2603f49f1edb30b15e27af038d3,4,3.4419946670532227,3.238206386566162,4.513204097747803,3.683586597442627,4.24658727645874
d23e720995096e85efa4719c84cca7b8,4,3.121295213699341,2.9849936962127686,3.8474535942077637,3.448190927505493,4.252755165100098
e4630463a91c536fc62638c99e97137c,4,3.3257923126220703,3.13639497756958,4.316040515899658,3.466992139816284,4.185802459716797
fc283ebd8bcb988e443dc42ed13b2445,4,1.457637071609497,1.699426293373108,3.232757806777954,1.833593726158142,3.6501364707946777
f4134c28d2ccb5d0dbdc9cbec616edc6,4,1.9999380111694336,1.8157025575637817,3.1797425746917725,2.3090929985046387,3.0607008934020996
e3a66ae3209e66db7f2ae14a1e8e6fce,4,2.983336925506592,3.0234408378601074,4.341970443725586,3.1565444469451904,4.052251815795898
e6fa7b00a9196ceb9bd561f3fb5d44fc,4,3.8127286434173584,3.716893196105957,4.7500433921813965,3.847026824951172,4.655933856964111
65da38e2639cbe1aae174049e7cdb146,4,2.933330535888672,3.3144993782043457,4.244626998901367,4.091553211212158,4.204246520996094
882c587f35542fcbe44fd5fa5e36aae2,4,1.5801745653152466,1.7797969579696655,3.252842664718628,1.651647686958313,3.580949068069458
d5a82fa2039d4b627243c76fd3334d4b,4,2.0611119270324707,1.7683652639389038,3.6578476428985596,2.4703001976013184,3.3748879432678223
b3fbaef12f1a8cd9f15968bcc8ad4270,4,1.7499819993972778,1.9052555561065674,3.257969379425049,2.2973551750183105,3.424259662628174
69dad1dd7e15cd963911c3db78e470db,4,2.9564452171325684,2.905296564102173,3.9284048080444336,2.823563575744629,3.9481329917907715
777deedbbfd84fde6e40cb9b403194ec,4,2.6454129219055176,2.0392353534698486,3.96173357963562,3.3495736122131348,3.6119565963745117
3a0e08108be332b698844adc997c9684,4,3.4981672763824463,3.2629013061523438,4.164433002471924,3.861315965652466,4.522550582885742
7e0423600a7d5ec67d9b6518866752fb,4,1.1481542587280273,1.3450381755828857,3.0578653812408447,0.9831092357635498,3.6731505393981934
e989a23252a050b1b7ad09625bf4fc3a,4,1.1908152103424072,1.4177343845367432,3.0231571197509766,0.6882178783416748,3.5695366859436035
985ada8c161c8066432409c97e0c9845,4,2.9157726764678955,2.5883443355560303,3.96995210647583,2.9498698711395264,4.0364580154418945
f670d0d8698823c72c7d259f761e5de8,4,2.863778829574585,2.5039942264556885,3.9298434257507324,3.1581711769104004,3.8680973052978516
0c9b5cf40db7391af01ab40375b17004,4,3.4923834800720215,3.275556802749634,4.06503963470459,3.7281813621520996,4.624752044677734
3bc87b85ae3ea54c7186c4e8e49a1b0a,4,2.4689173698425293,2.6547768115997314,3.898630142211914,2.3947348594665527,3.8179221153259277
d2238248a00749f36fb7071dfd4065f5,4,2.944150447845459,3.469679117202759,4.32585334777832,4.014149188995361,4.1397905349731445
12107d6aaf58bb19bd15d9cdee002817,4,2.7126402854919434,2.875631332397461,4.125534534454346,3.731067657470703,4.082993030548096
7f53334602907eb3d26993150fe955c3,4,3.3878049850463867,2.876035213470459,4.441549301147461,3.9723219871520996,4.0083818435668945
0761337399096a0f49429ca6e7880a53,4,3.186904191970825,2.710177183151245,4.04466438293457,3.8904690742492676,3.9245543479919434
309f75062f74eaede1e8625413499aaa,4,3.650817632675171,3.2837119102478027,4.685206413269043,3.8601603507995605,4.507351875305176
1cf017d85ee61837a0b2096526e518f1,4,3.7338268756866455,3.5234322547912598,4.7176008224487305,4.013880252838135,4.556262493133545
579d104a656d06435b3d1ba8172b2721,4,1.2342369556427002,1.3572841882705688,3.042534828186035,1.1183805465698242,3.718090772628784
9f78c00481ee39ac5ba65a9481d420a0,4,3.550821304321289,3.2251787185668945,4.67979097366333,3.6140899658203125,4.325366973876953
b0b3eac1db2cd282951af008d7078757,4,3.102395534515381,3.0660555362701416,4.3727707862854,3.300767183303833,4.006774425506592
12640a93fa97936f12149cb6bafc6270,4,3.205842971801758,2.974538564682007,4.2227301597595215,3.433105230331421,4.1049652099609375
eaef5b8cc2d0a369301194182defe7d1,4,3.095360040664673,3.1984376907348633,4.251900672912598,3.332697868347168,4.091933727264404
f6c4f56d84d3483cfa6734a9273d3e4f,4,2.802912473678589,3.1245832443237305,4.150053024291992,3.829267740249634,4.145271301269531
567774bbbf60b8d0ac4b726773ccf09a,4,3.852665901184082,3.4837751388549805,4.6775617599487305,3.884627342224121,4.6047234535217285
e9a2962c71422003186146915e7a9248,4,3.005326271057129,2.7425594329833984,3.989755630493164,3.3720476627349854,3.9968626499176025
df8a072aa6afdb760e083b1918cf6fe3,4,1.5793062448501587,1.7867748737335205,3.8011624813079834,2.537581443786621,3.8732821941375732
b26198d5863e0a433d7e17a09639e83c,4,3.1654696464538574,3.143990993499756,4.415241718292236,3.2600626945495605,4.059173107147217
f217bb9e2f0d8c2ded08e78641b4a8cb,4,2.0202789306640625,1.669745922088623,3.056607246398926,2.59658145904541,2.938356637954712
6fe6cab161dd93931dc313ebd74a68ec,4,3.524562358856201,3.059173345565796,4.191361427307129,4.284841060638428,4.595163822174072
74365dd414b2d982ac35fece3a5a4187,4,3.8897101879119873,3.7899065017700195,4.7586188316345215,4.0751848220825195,4.735841274261475
da775429441e610e07683beb7aa73a2b,4,2.37502384185791,2.5367913246154785,3.8608949184417725,3.1882059574127197,3.4594743251800537
bd965939c7651aa6e790b0cc349ad717,4,2.827284336090088,2.9842278957366943,4.258481025695801,3.258629322052002,3.9185187816619873
502750a75290aabe38b353c6d0ea6bbf,4,3.667860507965088,3.4760665893554688,4.63633918762207,3.897721290588379,4.459883689880371
c00b9bab1a8c58824ed356575dfd678a,4,3.1179394721984863,3.1903834342956543,4.184887886047363,3.7449398040771484,4.218194007873535
b587b5772c98ba7119ab524322dd54ce,4,1.9447836875915527,2.042874336242676,3.417691230773926,2.0730104446411133,4.1228108406066895
44d55d366b1137a2ac4d65fc2a359945,4,1.7497602701187134,1.5318143367767334,3.2636218070983887,1.931846261024475,3.2514426708221436
62b854611bc623d25af54b0ae47fa0ff,4,2.7322680950164795,3.0611650943756104,4.168085098266602,3.6051113605499268,4.010315418243408
01359d151651cd4f405593ca9b046341,4,2.3369369506835938,2.329164505004883,3.9778153896331787,2.6965830326080322,3.6300063133239746
1ed0c5e012a86d2010c8ce679dc35a55,4,2.8332924842834473,2.5044784545898438,4.019959449768066,3.010908603668213,3.9090077877044678
ce6352ca4b7aee80e5cf34d3ec241953,4,3.9568333625793457,3.49515962600708,4.670393943786621,4.234947681427002,4.710452556610107
c1fa85b788ab32611a9dfe7cc417b9a5,4,2.5946993827819824,2.5173285007476807,3.9307661056518555,2.920011281967163,3.8258211612701416
705e0c48c711181abb8e0c2178fad9e5,4,3.246021032333374,2.8159019947052,4.307287693023682,3.5173516273498535,4.281798362731934
b24b9d2721e614c285b628cc50dfb67d,4,1.0223338603973389,1.2501243352890015,2.811443328857422,0.8788981437683105,3.239278793334961
076a299fe28a11dec93b9f498c71712f,4,2.795926094055176,3.173013210296631,4.106711387634277,3.6669793128967285,3.9988481998443604
afbef87e8864c58dadb1b3032db4ef63,4,3.321747064590454,3.2601428031921387,4.236021995544434,3.723989963531494,4.603486061096191
ba2f81fd77af9d491f519f5595c1e9f4,4,3.3040807247161865,2.915891170501709,4.175329685211182,3.5684680938720703,4.241946220397949
893a52f3682f9cb1991ed67617bae9b3,4,2.8537745475769043,2.721585750579834,3.899064064025879,3.24444317817688,4.18544864654541
8b36a9fe76776afe45b8f64f81113baa,4,3.776578426361084,3.559873104095459,4.73870849609375,4.136048316955566,4.79142951965332
aa1f33266572357cb0618d67eaaa54c7,4,2.266225576400757,2.586402416229248,3.8002450466156006,2.6802191734313965,3.8194174766540527
3475190521b7f2f8d6c3e0f0d854ab49,4,1.585960865020752,1.7826626300811768,3.153594493865967,1.7667655944824219,3.7349350452423096
9c292eeda372093f7ee4c9327ba82c8a,4,3.0905323028564453,2.733762502670288,4.25279426574707,3.8441247940063477,4.226373672485352
7ec8338ad00b659dbee8fb37877081ce,4,3.052192211151123,2.845177173614502,4.13827657699585,3.457620620727539,3.7526559829711914
32d28eb4e0e3e97dc5d0e8dc7157fdce,4,2.839775800704956,2.4483749866485596,3.9890804290771484,3.0723958015441895,4.017469882965088
7459cf463d7f40f6479f001f8c60c079,4,2.5507562160491943,2.102116584777832,3.709524631500244,3.0377702713012695,3.4996211528778076
108b0c20d19a55c89d1fcf853da1ddfd,4,3.2946653366088867,3.0764670372009277,4.058367729187012,3.415602207183838,4.466497421264648
c7efb26a49986ac270eb8323ea824b7f,4,3.3741519451141357,3.136838674545288,4.267813682556152,3.5296897888183594,4.213113784790039
4c5740c34300c76fa1a6d2ca99dfb30f,4,1.4325871467590332,1.310673475265503,2.7705063819885254,1.545020580291748,2.639246940612793
9bde037ed69f9e38df9e7daa6199a1a4,4,3.012103796005249,2.8413889408111572,4.205089569091797,3.315394401550293,3.9706621170043945
071e0bc831f5e9ca1d1e0151e3171d57,4,1.3976788520812988,1.3072060346603394,2.964632511138916,1.272745132446289,3.2775044441223145
2cc70af96d38652979ea694c58e70e36,4,3.3929340839385986,2.9789466857910156,4.367452144622803,3.740694999694824,4.1089887619018555
ecd4267ebd8093a5549650665775005a,4,2.927851676940918,2.7102556228637695,4.0734686851501465,3.7124571800231934,3.9516210556030273
b92dad3b1d6dfc156cc97cf8102b1627,4,2.9627983570098877,2.8064048290252686,3.889949321746826,3.2941226959228516,4.164219379425049
2a3300ee2e277c33f6b4cfb5eba277c0,4,3.371159791946411,3.4033310413360596,4.377073764801025,3.6787431240081787,4.256994247436523
39f8776110c5755967aa59d2df053f28,4,3.317138671875,3.0371716022491455,4.19835090637207,4.017116546630859,4.367594242095947
cfaa9cd04776f7791e09751bf4c41b43,4,2.203217029571533,2.2068288326263428,3.6924238204956055,2.7696681022644043,3.9505064487457275
db6ae1eca26831135d4effa4f7df275d,4,3.0448920726776123,3.067089557647705,4.196120262145996,3.7924861907958984,3.872493028640747
3ccf16f8f4772001d4c4e77f678c78c3,4,2.019801616668701,1.9523524045944214,3.6476950645446777,2.249502182006836,3.1348347663879395
ba0782eb62743aaf490e550f419adeb6,4,1.6779078245162964,1.5502647161483765,3.3467020988464355,1.4858789443969727,3.572374105453491
1b626540a0675558b3be09fa058a8e84,4,2.449248790740967,1.9242043495178223,3.803079605102539,2.913379669189453,3.728088855743408
cc19f175efcfd4d5d51acb7a9865d376,4,2.4987637996673584,2.581632614135742,4.000439643859863,2.525989294052124,3.6288137435913086
a1ae2800d71b8b9aa16cc5dcd8d7e70f,4,1.6695547103881836,1.9583520889282227,3.3827178478240967,2.0691208839416504,3.7655467987060547
31c8e5b333a9fa0c13c658ebb1e99e0c,4,1.6712368726730347,1.8295543193817139,3.2068684101104736,1.7302632331848145,3.2123026847839355
53a4a109a6291bf4579c56c9a2f5cd29,4,2.408034324645996,2.195272922515869,3.8739829063415527,2.92651629447937,3.864802837371826
b403a436f0507347e988556cd8b778f0,4,2.4505972862243652,2.5763485431671143,3.952298402786255,3.512051582336426,3.783966541290283
31fe7b12ce2da1a3aa2b9c57841c8113,4,2.8216195106506348,2.88867449760437,4.158604145050049,3.965374708175659,4.200854778289795
143d2afce56bd5432234c0b49bdd96bb,4,2.5628674030303955,2.193930149078369,3.9082260131835938,2.5619704723358154,3.9212582111358643
953d445ac5d063d6d1b07bf0f5b5cfef,4,2.6753458976745605,2.838573694229126,4.275527000427246,3.1250693798065186,3.612366199493408
04abecb5246621187a6629e86aead1d1,4,3.2707879543304443,2.9819109439849854,4.198991298675537,3.905174970626831,4.22534704208374
0d1ae2f16d2656ed6a62855040c4660f,4,3.0037460327148438,3.3054916858673096,4.2388505935668945,3.8289098739624023,4.258798599243164
68f740731ae7a98eec865974348f8fb0,4,3.799386501312256,3.4376721382141113,4.158085823059082,4.0489702224731445,4.729762077331543
b4a16d33ec69053ff3e946862f8d8362,4,3.276238203048706,3.322633981704712,4.1765241622924805,3.771848201751709,4.37373685836792
da277290f701eb73a7290a03099ed970,4,3.2054457664489746,3.1508593559265137,4.004950523376465,3.583498954772949,4.213427543640137
78563f036520855bbdc1bfb8ec6864e0,4,1.5301074981689453,1.551917552947998,3.0548524856567383,2.431046962738037,3.044649362564087
51147c3a894a2fafd8ac794ca1dabd97,4,1.643552541732788,1.898863434791565,3.8919665813446045,2.677762269973755,3.9196698665618896
39c468f75f5e767a3fde2b318fc9da1f,4,3.332415819168091,2.9872281551361084,4.338704586029053,3.5983006954193115,4.170809268951416
d31fd3ec72a308a19bf44fbe0a3656dc,4,3.922898769378662,3.787938117980957,4.844621658325195,3.908358573913574,4.748608589172363
69a74333ef06a42d44654040a0dea926,4,3.789828300476074,3.550114870071411,4.622807502746582,3.832472801208496,4.4663848876953125
2c47bc02c74b8ead86e4593dcd47c7ce,4,3.9740777015686035,3.9557931423187256,4.737901210784912,4.171855449676514,4.671508312225342
393dfd9085ee86083baa0a9f83f0058d,4,3.001811981201172,2.6713171005249023,4.270340919494629,3.6408159732818604,3.847900867462158
a36a952b2b2c05081be046f71590a477,4,1.6060237884521484,1.7791062593460083,3.2297770977020264,2.715240478515625,3.2536568641662598
a6551ae00f2a73f62541099821f918b7,4,2.726459503173828,2.704615592956543,4.096032619476318,3.0891952514648438,3.995136022567749
c07a3c9f65a670fd3795e652c47ba963,4,2.967660903930664,2.6201605796813965,4.325100421905518,2.9439754486083984,4.454013824462891
ec27879f3d7199de9ee1b8d7fe4c9388,4,2.571868658065796,2.126521110534668,4.152703285217285,2.583439826965332,3.8639776706695557
3c80a0f9651adf07ee6c6dbadb5945f5,4,3.383957862854004,3.180145740509033,4.294424533843994,3.810701847076416,4.1839680671691895
6e4eb7f964c53bc368b6be79b28a4800,4,2.0398566722869873,2.2121329307556152,3.486571788787842,2.1768603324890137,4.022630214691162
22ac57cba45b74388db56c48f526b211,4,3.135261297225952,3.0255017280578613,3.8903448581695557,3.2394397258758545,4.149638652801514
1d63228acb6036b617c5e8329f2bd867,4,3.186056137084961,3.3651583194732666,4.193753719329834,3.5891170501708984,4.320389747619629
33b43ceb52905d204349c54cb2c81920,4,3.579925775527954,3.53344988822937,4.534969329833984,3.7594432830810547,4.463951587677002
4a74e2106da86b577212e4a341a49d73,4,1.2292977571487427,1.4586132764816284,3.080510139465332,0.9933686256408691,3.48250150680542
5922eac44a87a7a854f363c754e32ade,4,3.524280071258545,3.2017529010772705,4.231438159942627,4.090348720550537,4.594734191894531
1c4581aa6a5c6c1540de0dda549e76f3,4,1.9273595809936523,1.9355913400650024,3.4006383419036865,1.9427131414413452,4.17172908782959
7a3926c97d4c982259f2c48f78f13b91,4,3.036839246749878,2.7056355476379395,4.1663079261779785,3.2941548824310303,3.865548610687256
3efa0252a415f079aea607ebc08a1d12,4,2.827230930328369,2.5187747478485107,3.9129014015197754,3.1263816356658936,3.8220574855804443
b53b4df7721f7cf248ea3240d78960d1,4,2.74471378326416,3.144765615463257,4.137040615081787,4.087711811065674,4.147979736328125
f74338d0f872726420511c46b1906d51,4,2.8813464641571045,2.9683899879455566,4.177394866943359,3.006007671356201,3.8945162296295166
d93a42021e9cee6812728400c23b85e5,4,3.072805643081665,3.26583194732666,4.30192232131958,3.5019829273223877,4.031654357910156
60652ecdd335d29970777aae12073d48,4,2.234058141708374,2.4382245540618896,3.777667999267578,2.9651236534118652,4.010552883148193
122479c437a5b37363c8f794a96ed1ca,4,3.002981185913086,2.8154475688934326,3.815014123916626,3.417207956314087,3.9256043434143066
cc3b7ba30262dc2c7ff15615c48d0416,4,1.8520277738571167,1.7518537044525146,3.220881938934326,2.7412891387939453,3.3702850341796875
4164ced263fcb965d13074dace591596,4,3.728634834289551,3.4441943168640137,4.685572624206543,3.9352056980133057,4.666584014892578
01f3637121cb2f40fa66ffe8ceafdda7,4,3.6606740951538086,3.564828872680664,4.519250392913818,3.8433752059936523,4.537412643432617
b8dbc2ec0bea71c53affc62c368b84af,4,2.8843746185302734,3.006282329559326,4.133321762084961,3.9816670417785645,4.109386444091797
7cdc1218dd277a86a115637bfe170597,4,3.4288015365600586,3.0133860111236572,4.258876800537109,4.153059005737305,4.530779838562012
6c9f2b9ef31aa1687301c502ee2d58aa,4,3.7296760082244873,3.5830905437469482,4.590423107147217,3.9487650394439697,4.574682712554932
93cc20a36a90c55ffdf0a1fd7e43598d,4,3.129239559173584,3.052544593811035,4.213790416717529,3.3462164402008057,4.0688252449035645
5204e71d344c5b0ebc23ab4bfb5ac397,4,2.8615798950195312,2.3420798778533936,4.027622699737549,3.0199522972106934,4.118536949157715
ae6235e85a9a52f17f28acf6e3bc6c18,4,1.420353889465332,1.4645355939865112,2.9564590454101562,2.3530521392822266,3.077688217163086
dbdd15ca5ec19d4b48a9969d6511435a,4,1.896996021270752,1.645275592803955,3.2649242877960205,3.2014412879943848,2.8035244941711426
25a2bd8dd6ccb422ec15f43891cc042a,4,3.3034591674804688,3.246183395385742,4.352851867675781,3.569791793823242,4.163022994995117
681547f56d170370ee90ff1888fde07b,4,2.9168686866760254,3.3264482021331787,4.184552192687988,3.7892279624938965,4.090440273284912
25b685f301b7b6cf294a051ad8cc0fc7,4,1.4732892513275146,1.6764622926712036,3.257392406463623,1.4496946334838867,3.3943328857421875
2a005e1972fc4446f9acf205d6def429,4,3.590327262878418,3.2818143367767334,4.442015647888184,3.740973949432373,4.345448970794678
eabd569ee919914be82f0b3820e2795d,4,3.7253258228302,3.409639835357666,4.244438171386719,3.5362157821655273,4.750270843505859
d875f1f76976e83bfe71943fc63d1699,4,2.33225417137146,2.357335329055786,3.535400629043579,2.4984140396118164,3.9434926509857178
f3472909e96ce2019637927717f4730b,4,2.644291877746582,2.032289981842041,3.860867977142334,3.064711093902588,4.018563270568848
0ab45f410f4ab3ea81b75f4d23cb9060,4,3.658240556716919,3.234334707260132,4.369653224945068,4.031642913818359,4.504209041595459
6ba3e3906f6aa89fa057652bdbd4d6da,4,2.167116165161133,1.9657869338989258,3.832136869430542,2.368049144744873,3.522006034851074
89b39c5571e0face38c6bed0150f3980,4,1.5626016855239868,1.699951171875,3.141808032989502,1.7223345041275024,3.552267551422119
30adc45d7e3a3b53837e829d886b6d6f,4,3.1976544857025146,2.7315690517425537,4.137908458709717,3.9764552116394043,4.3667192459106445
e8d332e7e223ab30018d2dc35b6c63c9,4,1.7575092315673828,1.7520925998687744,3.3688535690307617,2.7601535320281982,3.4162468910217285
5ae2ab5825fcf81e316dcdf0dc72415f,4,2.690775156021118,2.822551965713501,4.122585773468018,3.5814082622528076,4.076786994934082
7f8654737a3cadf0c230214b7c608dc6,4,2.879319190979004,2.7660818099975586,4.197236061096191,3.9159467220306396,4.070173263549805
79b642972d6880e1f9706ffb93ccaac3,4,2.9531662464141846,2.5643067359924316,4.043039798736572,3.16517972946167,4.037773609161377
29edf3ea275c53de92ed1f429b69ebea,4,2.1447701454162598,1.730512261390686,3.531069755554199,3.1402347087860107,3.116054058074951
d3fb36ca2f871707fdf9f3518820e025,4,3.726447105407715,3.4702210426330566,4.296798229217529,4.078620433807373,4.790158271789551
6d8abf4cf4ffdd770684c50613c07ed8,4,2.929981231689453,2.6538655757904053,4.084045886993408,3.389633893966675,4.080117225646973
ca4db337c80b191e90f61291271d536d,4,3.3755435943603516,3.2770235538482666,4.428070545196533,3.6180009841918945,4.275195121765137
1f381963cefae13e467b8646201cda4c,4,1.0040431022644043,1.2285338640213013,2.9725489616394043,0.7019088268280029,3.3795154094696045
bc334975b2c0bb8be037932357f2d152,4,2.762190341949463,3.024895429611206,4.076782703399658,3.453486680984497,3.577056884765625
e89bb07aae25790b46945a3a2813a64d,4,3.6346311569213867,3.3518335819244385,4.1288042068481445,3.709721803665161,4.590635299682617
ce84d73115d5a61fab2d3ff14765d28b,4,3.516885757446289,3.3873419761657715,3.8992486000061035,4.0938568115234375,4.569087505340576
2492735d1935f468a28574d4ba83d7e2,4,2.5171093940734863,2.6442089080810547,3.9653403759002686,2.7397260665893555,3.7367043495178223
091740fa81f041b91bf9c74dc40d59ee,4,3.02241849899292,2.798145055770874,4.248050212860107,3.251579523086548,4.0749640464782715
d7aeacf869e363122254aa0597c27b5b,4,3.1381711959838867,3.0204405784606934,4.073755264282227,3.6611886024475098,4.055088996887207
2ae6a685f2c80687df8c1fb6c14fc037,4,3.0434608459472656,2.9442214965820312,4.3011884689331055,3.300198793411255,4.125582695007324
281a2de5b9c793e54eced2298d13cad6,4,3.552931308746338,3.365558624267578,4.46311616897583,3.8214211463928223,4.414088726043701
9ad51441a460ede251517a5093e17546,4,2.9734089374542236,2.250304698944092,4.188930988311768,3.2514145374298096,4.219051361083984
493dbefed487befa562511d862c30a48,4,3.2457077503204346,3.3151817321777344,4.35092830657959,3.888002634048462,4.236818790435791
94ad06ffbdb9b2f7b2a2b30edc3d89e2,4,3.4242019653320312,2.8961660861968994,4.272040367126465,4.371337890625,4.493899345397949
785d5f44536fb04b6bd50608f1f13faa,4,3.4869275093078613,3.335970878601074,4.278216361999512,3.6987075805664062,4.451629161834717
664257670c4bb5256942ef2b3fbf1858,4,2.8872179985046387,2.290318727493286,4.142094135284424,2.899554491043091,4.089627265930176
01d9699fdfec8753f8da607507c44540,4,3.2071571350097656,2.925969123840332,4.214171886444092,3.9531972408294678,4.184777736663818
ebc97972aa287cc9baf4b2c2a4b989fd,4,3.144411563873291,2.9743833541870117,3.906513214111328,3.7895922660827637,3.941617250442505
39b9bd84b8e4faad617327bfa34337af,4,2.144134283065796,2.3048181533813477,3.5548973083496094,2.3946878910064697,4.203269004821777
62101ee3ca4b6700aee3c651682b577f,4,2.7371037006378174,3.0010859966278076,4.120865821838379,3.5847830772399902,3.711336135864258
99eebe06434e6be4eb722deba0be647c,4,3.0060062408447266,2.8602397441864014,3.974090337753296,3.094669818878174,4.162407398223877
522ff79743548a6b924d550f8429ab14,4,3.020183563232422,2.6499955654144287,4.083761215209961,3.3371448516845703,4.105020523071289
7f38124407ba78de2a738d706d4dad50,4,3.284086227416992,3.13193941116333,4.354687213897705,4.019054412841797,4.289770126342773
4720cf44d48f45ec49e8c8735286c8a9,4,3.0261919498443604,2.970184326171875,4.193647384643555,3.7707326412200928,4.176167964935303
47060c911d2e90cccc878dbfeefcb5e0,4,3.7977468967437744,3.431027412414551,4.632394790649414,4.175718307495117,4.497204780578613
d34cf9a0dbd65fbefb2ce0e3e2c8a9bc,4,3.7447643280029297,3.356431245803833,4.540194511413574,3.8912386894226074,4.540485858917236
7206329d59e12ce218ab33b8d8491650,4,3.372349739074707,2.9801621437072754,4.437057971954346,3.44282865524292,4.266715049743652
a0fc86b030b24d20a5bf4195e866e07d,4,1.4990514516830444,1.568597674369812,3.17258882522583,1.8924869298934937,3.3568623065948486
41af850ac1cc8bff1942d67927cabb88,4,3.536116123199463,3.3344902992248535,4.154749393463135,3.8660316467285156,4.506289482116699
b0e89e62ba312ecdd96a8cc4775fb62b,4,3.6937437057495117,3.646993398666382,4.2612385749816895,3.78680157661438,4.466158866882324
4036700bf01e231cab1fa555f13ed63f,4,2.816336154937744,2.399553060531616,4.012380123138428,3.021901845932007,3.9598073959350586
62d85b4dde1e68914a8532b62e7390ef,4,0.9357223510742188,0.9251782894134521,3.0123040676116943,0.4661276340484619,3.310077667236328
c2bcb487b5d8f6e6b6f08c71ff6df001,4,3.0954089164733887,2.985836982727051,4.184229373931885,3.0295212268829346,4.12814998626709
6ace4c4b8fba52fd504963f5303022a8,4,3.4003841876983643,3.339280128479004,4.25834321975708,3.850388288497925,4.43626070022583
980e725cec93d3966a82c5357f3f553e,4,2.5677099227905273,2.2046351432800293,3.99399733543396,3.5251636505126953,3.662198543548584
acc306173f9639d4ab4e4d04cccb1993,4,3.515618324279785,3.2047297954559326,4.260677814483643,4.3474955558776855,4.576679229736328
9317deef4adc12c39b6d7dc946fb2f92,4,1.3594491481781006,1.480553388595581,3.110649824142456,1.3769612312316895,3.6170499324798584
2dc67b5e37eda88385c8dd07d5073813,4,3.6344003677368164,3.6102116107940674,4.607654571533203,3.8788342475891113,4.520720481872559
d64d519182e2dbe0888ae89361e776a3,4,1.1277271509170532,1.318657398223877,3.1622021198272705,1.018582820892334,3.6659202575683594
e22c2745b40c0cb0c8035747f53b0486,4,2.7060203552246094,2.9780988693237305,4.25019645690918,3.177216053009033,3.9749178886413574
a2df7771b4df0a0bb8382c06de480ddc,4,3.51979398727417,3.3467254638671875,4.255370140075684,3.870906352996826,4.077709197998047
960a559b3c6b0d7ea2f2f016aef32db6,4,1.8374751806259155,1.9616942405700684,3.3766942024230957,2.3476617336273193,3.566174268722534
71f0d2193312101c67e99ee84c53dfa1,4,1.5609428882598877,1.364532232284546,3.0378785133361816,1.4216687679290771,3.1170923709869385
cd0f38c2e1aac66ff48326e86b19d361,4,2.9427568912506104,2.579892635345459,4.0562520027160645,2.9068169593811035,3.854313373565674
a54978acb3e9f4c30c010bde491c0347,4,2.681795835494995,2.739367961883545,3.9709434509277344,2.8667550086975098,3.566230297088623
315683e730b9b6227b599453051848fe,4,2.887199878692627,2.857250452041626,4.085530757904053,3.3480005264282227,4.3137898445129395
a91d741ab0909e379197e6276ca2ca59,4,3.666994094848633,3.246706008911133,4.360250949859619,4.408204555511475,4.467674255371094
5f5add485c8f29d21292f24faed8a382,4,2.9137980937957764,2.7364659309387207,4.055181980133057,4.117818832397461,4.0296525955200195
b9b7b3622472774156ba848ccf75cf24,4,4.032381057739258,3.6415350437164307,4.871833324432373,4.047066688537598,4.739567279815674
c4958e8c0067c3bae2946ffc808773fc,4,2.3499813079833984,2.149778127670288,3.6125235557556152,2.271923303604126,3.337559223175049
7af9bbf890f2dabfe89b5bf2ca56c888,4,3.457839012145996,3.2324509620666504,4.3133039474487305,3.937833070755005,4.209339618682861
daafeb9f4b6d8d34303ed27f3e187a3b,4,2.4610061645507812,2.308373212814331,3.590665340423584,2.379049062728882,3.2547495365142822
45e550671c81ae9f7b50c246d9903e0c,4,3.445984363555908,3.0521342754364014,4.216279029846191,4.170389175415039,4.333800792694092
f038a69747ca84ee265a22c2d94be084,4,3.8054637908935547,3.580118417739868,4.252038955688477,3.8318490982055664,4.862852573394775
6edcf8dc26ca3d5b7b3eb135a8890112,4,4.049583911895752,3.7832753658294678,4.914894104003906,4.261947154998779,4.81308650970459
6774ac27b93048335dff0439dbaceb05,4,3.07901668548584,2.678868532180786,4.03455924987793,3.609952688217163,4.1606035232543945
1842ae67b8e2426728572075d2e66875,4,1.452422022819519,1.7451822757720947,3.291076898574829,1.6147589683532715,3.77191162109375
a84f7fd1ee9e1fd111429100afa922b3,4,2.3473377227783203,2.001527786254883,3.6563920974731445,2.426974296569824,3.2925145626068115
7c7389394817944578168afee8d0e7d5,4,2.5392794609069824,2.593325614929199,3.8463826179504395,2.928699016571045,3.8870110511779785
bc1d274a3fe8849e5f82afffd608dbf4,4,2.9991345405578613,2.9541313648223877,4.206739902496338,3.8947837352752686,4.128239154815674
84cef98d902a302de012b3f7d0b4d41f,4,1.5380103588104248,1.7261075973510742,3.457099199295044,2.340641975402832,3.6669020652770996
422ef58acd1db44ae62863bc20ad9fd3,4,3.1217823028564453,2.9302992820739746,4.433095932006836,3.2269303798675537,4.076699256896973
04e043cfc56542958194c8462b2cc202,4,3.6111509799957275,3.3301095962524414,4.732046127319336,3.739785671234131,4.536520004272461
75c4157ac2d3466e64ab2b382254dc14,4,3.4535610675811768,3.624363899230957,4.354760646820068,4.0313029289245605,4.357077598571777
22a5417dcbbeec95596fdef56f6c3c12,4,1.3451499938964844,1.338974118232727,3.2048099040985107,0.8988723754882812,3.3828909397125244
ff3b67c691232ffc9be5b236ea0218f6,4,1.5200964212417603,1.7814863920211792,3.2354214191436768,1.458678960800171,3.6276979446411133
694211b0f74516f619763780d027922a,4,2.8486642837524414,2.7453672885894775,4.080605506896973,3.20760440826416,4.008545875549316
c77ae76d32f4c7f50c3c240d761ee687,4,1.7558889389038086,1.8540098667144775,3.25197172164917,1.7700532674789429,3.844902276992798
7f4d3ad6447fb1914a774cd73583657b,4,3.1095938682556152,2.9552645683288574,4.237338542938232,3.460695505142212,4.085892200469971
7d9ffb0bf63e2bb13d454973ac4bb55a,4,2.0433425903320312,2.2352070808410645,3.4297170639038086,2.4534945487976074,3.692695379257202
0647e586cc3fce4382ddbeaf8d12cd5e,4,1.556247591972351,1.6547874212265015,3.241821765899658,0.9374003410339355,2.954364538192749
76b78e24a0429984156fa5392bb33ce2,4,3.723418712615967,3.1440908908843994,4.5846638679504395,4.040879249572754,4.49738073348999
a11cd6fae6ec25607129dbf1ceda865b,4,1.239883542060852,1.5665074586868286,3.2647902965545654,1.1280033588409424,3.8774290084838867
8d49698046d8001837ce4af4f2e81293,4,2.054363965988159,2.2039785385131836,3.682103157043457,2.683873176574707,3.9877686500549316
38657036ddec33f29da97ca04fcbdfaf,4,2.4567346572875977,2.6199629306793213,4.092523097991943,3.5288896560668945,4.019277572631836
2871f918a2a8345d85ada448a974ce01,4,1.4713746309280396,1.7478421926498413,3.268907308578491,1.7296979427337646,3.5779216289520264
be128abe5f76104e4b4973423bc1489d,4,1.7416795492172241,1.8222203254699707,3.0983550548553467,2.146000862121582,2.790682315826416
0120d5124ee9b6f67c004af15e421b7b,4,3.5449562072753906,3.274182081222534,4.579436302185059,3.5674350261688232,4.802310466766357
9d89d449e7834e992c8020e9c23d622a,4,3.173475980758667,3.211336374282837,4.186179161071777,3.476311206817627,4.463775634765625
1623d094730e9da01a7d6f683e7e512c,4,1.23664128780365,1.43753182888031,3.057948350906372,1.1378657817840576,3.8188211917877197
efca8d99d0145d05d22cba0e4da3876e,4,2.993934392929077,3.0959062576293945,4.299554347991943,3.3118083477020264,3.981509208679199
e273576fa006d22b06d0765cfd48ec7d,4,3.5845577716827393,3.3053619861602783,4.517173767089844,3.8664982318878174,4.381053447723389
9188488680b2d963f761879d1dfc8c9b,4,2.389469623565674,1.9391324520111084,3.8750627040863037,2.771113634109497,3.714043617248535
e69360a2b794826622d6396eb320323a,4,1.747275710105896,1.8874515295028687,3.24509859085083,2.547060489654541,3.413149356842041
a30909902c7381ae25fa9f17279d3d47,4,3.325547933578491,3.3103344440460205,4.241633892059326,3.8194849491119385,4.377241611480713
780f1bc44ecea8913bd8855a47d134eb,4,2.8088505268096924,2.8721203804016113,4.15737771987915,3.845993995666504,4.024603843688965
5d914206bab1bc4b381e522c81391962,4,2.5311641693115234,2.0373711585998535,3.9327869415283203,3.1926486492156982,3.8297741413116455
0a0151e3bccc5f42f33e8ab9a32d315a,4,1.6274555921554565,1.7281197309494019,3.0934247970581055,1.5338470935821533,3.767122983932495
6ad38b44a39a1c26e847cc1eb44dee0c,4,3.6835415363311768,3.561149835586548,4.757681369781494,3.719038963317871,4.498090744018555
e7ea3ab835dc38dda477108d5b4ce415,4,1.7934526205062866,1.9409486055374146,3.609152317047119,2.0788731575012207,3.4924356937408447
35a0ffd4388a5319bea5ab91eac671c7,4,2.9090521335601807,2.470886707305908,4.261019229888916,3.2660152912139893,4.048572063446045
7da221ab5263a57bcaaad3ae4b1670cc,4,2.6578173637390137,2.9184885025024414,4.036306858062744,3.753412961959839,3.877377510070801
1607d0ccf8004499ef9e16ab4e543473,4,1.1933965682983398,1.5899559259414673,3.2150442600250244,1.1403017044067383,3.9597978591918945
6e721430e220154650faf7de1020098c,4,2.004566192626953,1.9570204019546509,3.250886917114258,2.8418283462524414,2.408247470855713
392f2cddfca0c8d3da95e5f73872ef27,4,1.439130425453186,1.585048794746399,2.912325859069824,1.3777515888214111,3.1667380332946777
0be365050c32bb13edc5d54e4c46249d,4,1.620557188987732,1.8517720699310303,3.3964858055114746,1.665053129196167,3.732274055480957
a4c390742f9e91602b673efc33c62576,4,1.6294232606887817,1.912170648574829,3.415332794189453,2.1256678104400635,3.8460943698883057
a163c2e88e642dcfcdb635c7cae37c3c,4,1.3078519105911255,1.5718178749084473,3.3163094520568848,1.2851452827453613,3.879631519317627
3690c479e4b32abd373a7d61469a15b7,4,3.8142669200897217,3.7231853008270264,4.686872482299805,3.688267230987549,4.604344844818115
ada6964bf24122fc8912b46a9e22f976,4,2.7293214797973633,2.247736930847168,3.947965383529663,3.319779634475708,3.912731170654297
edb930d969def26701ec482ea860d919,4,4.086340427398682,3.989231586456299,4.90419864654541,4.018381595611572,4.812520980834961
fee1120a44bda35fd6cbbfa24779f795,4,1.5641815662384033,1.7733476161956787,3.270037889480591,1.7050092220306396,3.596888542175293
849fb65d7e62f5621b1b2575c9f9197c,4,2.1979000568389893,2.2499868869781494,3.5496397018432617,2.971195936203003,2.9260075092315674
c7daedb9732d6f1a41ab066d2a9e6c0d,4,3.2708241939544678,3.4174177646636963,4.370795249938965,3.605086326599121,4.1976847648620605
ca92676615d4927b323a192a35800e82,4,1.423487663269043,1.5873216390609741,3.188854932785034,1.202214241027832,3.315154552459717
07da47a29c8ce6518a6de9846a3a1422,4,2.9420433044433594,2.816317319869995,4.160775661468506,3.7159125804901123,4.167803764343262
5cbdf0253d904488ba5227c647a7a32b,4,1.700138807296753,2.101508140563965,3.2717504501342773,1.8515764474868774,3.7857699394226074
736e90d88dff07035bb07664d1504f30,4,3.9210922718048096,3.674858808517456,4.778695583343506,4.029300689697266,4.724367618560791
34626a8c6824baabbe18667ad77d7ff4,4,2.5191125869750977,2.314565420150757,3.8195035457611084,3.146644353866577,3.6241002082824707
ad35aab0398a070f70a72b69b58f4328,4,3.3705992698669434,3.164113998413086,4.427138805389404,3.477992534637451,4.308218002319336
93895fa16620e3faa2b8e50de780765f,4,2.749269485473633,2.3256664276123047,4.048940181732178,3.632122039794922,3.8311307430267334
8271f1c8740ca59f068401acd1e7fcb7,4,2.5456106662750244,2.485833168029785,4.163949012756348,2.8586854934692383,3.8101272583007812
a4ebda7000a79cd3883e3e4e6e52c8ab,4,1.7373164892196655,1.6356903314590454,2.80971622467041,2.1081128120422363,2.2227425575256348
bd3b4279c013abab8d159e1ce7fc7065,4,1.8591989278793335,2.1382694244384766,3.5755677223205566,2.666520595550537,3.815969705581665
36c6a878183aab71db35e1124e51b7e4,4,3.2194790840148926,2.6598408222198486,4.287898063659668,3.6902389526367188,4.03092098236084
31b47eb5a4fbff050f7428d588006844,4,1.5857200622558594,1.8535988330841064,3.7111940383911133,2.570624351501465,3.8127970695495605
1a410b050dcd435e7a5ad95166178409,4,3.0584897994995117,2.6319549083709717,4.08640718460083,3.596010446548462,4.006404876708984
cb6ee950274687c5b126afdf1907cf11,4,2.128321647644043,2.5364818572998047,3.765932083129883,2.54500150680542,3.644953966140747
6fb47cbade2710d21cdcb46ff3aa238d,4,2.8292696475982666,3.0677647590637207,4.037624359130859,3.318143606185913,3.5763864517211914
ce1c0849af9c69ce5ce92fdf7ab5971b,4,1.8074685335159302,2.278956413269043,3.39345383644104,2.046607494354248,3.8869712352752686
a742e6d3952b2bdebf6d6cab5a1be381,4,3.2397818565368652,2.759690284729004,4.23846960067749,3.487255334854126,4.252730369567871
b8121e49c474acdcc30a58c16bb3688b,4,2.8903591632843018,3.138702630996704,4.254266738891602,3.851792335510254,4.079124927520752
19c89994aa65d10bd8de7dcaf26983e8,4,2.662482738494873,2.7985968589782715,4.249373435974121,2.9688446521759033,3.9484097957611084
acc5cd668083689d22362f0d6953cc2a,4,3.107301712036133,2.8608343601226807,4.029510498046875,3.3839502334594727,4.142021656036377
07a2c6c45a9c2a53a3d393ccd8ca8a62,4,1.896135926246643,2.0043325424194336,3.9558990001678467,2.849475383758545,4.045546531677246
123488b98c6dee22dd17c8f127686b36,4,3.1866886615753174,2.8785486221313477,4.153749465942383,3.831996440887451,4.214969158172607
236581e339ea99d06302a7a21fbc1556,4,2.519228935241699,2.5519981384277344,3.9998886585235596,3.0133767127990723,3.66374135017395
8c5d9241af6a1e1d2d63b44c4c823e47,4,2.1362009048461914,2.0982348918914795,3.945584535598755,2.467405319213867,3.3422226905822754
8dd9bc8e5199bb465811a6b79ce1fd87,4,3.0666732788085938,2.8776185512542725,3.9609694480895996,3.419874906539917,4.1399245262146
616727afa336bb98ead433412332c12c,4,3.3517346382141113,2.9837160110473633,4.240975379943848,3.7625677585601807,4.36714506149292
05368498688a70d86c8dc60d59012832,4,3.4113221168518066,2.9517786502838135,4.232126235961914,4.305464744567871,4.367288112640381
6c874b4d65341972061b74db437f7098,4,3.434368133544922,2.9625446796417236,4.3759765625,3.7684643268585205,4.314770698547363
9bda175100b4de35bc56a3d2fd9ca943,4,2.8920865058898926,2.4965572357177734,3.8653697967529297,3.2832634449005127,3.907362699508667
e931a20c259973666f28c5f029b04575,4,3.024690866470337,2.6848795413970947,4.353456974029541,3.154297113418579,4.13682222366333
ffab210c0ed7f8979c58b14bf6cb3767,4,2.9292290210723877,2.6586732864379883,4.3384575843811035,3.6928961277008057,3.7685298919677734
4542dd3366b1c937a1096ede36bcb147,4,1.4678508043289185,1.924793004989624,3.374570369720459,1.5892584323883057,3.6429996490478516
4a7c435b001440687bd99c8488b10505,4,2.5416057109832764,2.6419403553009033,4.019134521484375,3.0209603309631348,3.8409583568573
9179fbd949eaa90ed4df53d127e588e0,4,1.5218031406402588,1.4024485349655151,3.2785305976867676,1.0574989318847656,3.376464605331421
a1a2c9c8e79041d5c126def9e720c454,4,3.2538537979125977,3.5616328716278076,4.40183687210083,4.186944007873535,4.2746992111206055
2bf56f15892657930df3779aa96e21bc,4,1.428878664970398,1.62520170211792,3.196141242980957,1.4099674224853516,3.5714919567108154
035f20b85073e3cf0c6f09a0c8223879,4,2.959106683731079,3.020902395248413,4.039490699768066,3.886101722717285,3.9052040576934814
95a5d7ba89092dd191b50bff0710761d,4,3.1113359928131104,2.9084863662719727,3.7986433506011963,3.3683483600616455,4.231490612030029
acefde56477b27282587a5a82a504fa4,4,1.743970513343811,1.8814418315887451,3.6090235710144043,2.104198455810547,2.9777560234069824
d0f245c1f4b57f4afbeff8043da74396,4,2.501207113265991,2.384011745452881,3.6634347438812256,3.0171797275543213,3.474108934402466
1eb4ee9538eaf4fbef107a0101fba55c,4,3.221652030944824,2.7419090270996094,4.110174179077148,3.696460247039795,4.215242862701416
3382dcfc4a7bf03921374fdeae5f209d,4,3.5529513359069824,3.334047794342041,4.542830467224121,3.7840757369995117,4.501297473907471
8a7292d01eda0f64e6e1b80254486661,4,2.7907967567443848,2.700364589691162,4.10390043258667,3.7765254974365234,4.04339075088501
b598fd1b52e3e5704287219d9295ba12,4,2.481644868850708,2.331369400024414,3.8414883613586426,2.3721728324890137,3.4632997512817383
3a0b2382e6569e8abad011b4243d1843,4,2.754338264465332,2.527744770050049,3.954329490661621,3.1938679218292236,3.9316306114196777
a691c533c92ca47423d58479f55e641b,4,2.583735942840576,2.4287495613098145,3.8559579849243164,2.8382933139801025,3.8443329334259033
3405ab81fd34743b3b0f2ac39c98b45a,4,2.4242498874664307,2.275935173034668,3.542144298553467,3.029233455657959,2.5770344734191895
6c26d991e6c824c9ecf2fb2e9c5dbcf9,4,1.936702013015747,1.8746676445007324,3.181670665740967,1.8621196746826172,2.732503652572632
84ef44ebc48fae4007aefd8495fee4e2,4,1.2116377353668213,1.1890019178390503,3.1870737075805664,0.7580134868621826,3.6089346408843994
04e5bcafdc05907a03fda46f5e690303,4,2.1203365325927734,2.3256239891052246,3.7542645931243896,2.8065261840820312,2.969691276550293
c325072f4610d2578238c0f7081c7598,4,1.6075857877731323,1.726184606552124,3.3798413276672363,1.7933199405670166,3.8115744590759277
cf7268a820457e4da92fe424140a45eb,4,1.1030067205429077,1.2484800815582275,2.8872671127319336,0.9806807041168213,3.4702651500701904
f92155da6951588b9e3b1854b40a3b9c,4,2.19966459274292,2.009040355682373,3.523993968963623,1.8284926414489746,3.3437845706939697
8832e22b25bcde94e5bb5b37d7bf5032,4,2.5849952697753906,2.7577576637268066,3.9960248470306396,3.449578285217285,4.026119232177734
25affac30774f46ada0d0b2a5ebdf78a,4,4.055163383483887,3.761526584625244,5.0458598136901855,4.032610893249512,4.743292808532715
90207c2adc8de47eb5b6ae2f0ee820e5,4,3.4417831897735596,2.9011449813842773,4.258997440338135,3.9311363697052,4.214432716369629
487504e0e3134311762a917cf74b162b,4,3.2621684074401855,2.7630257606506348,4.152297496795654,3.3689136505126953,4.207519054412842
276b61415268b2ee1555ba5fb68d2bb5,4,2.0134687423706055,2.2784080505371094,3.4572131633758545,2.1010560989379883,3.9964981079101562
68150e0e5cda0d68206ab8c62e5cf13e,4,1.581865906715393,1.8817229270935059,3.2410085201263428,1.3340256214141846,3.6576616764068604
99a201536d68508d36b676ba9c2e3230,4,1.399680495262146,1.5732203722000122,3.242873430252075,1.3719065189361572,3.8453996181488037
7008675f42863e01c3281ebe5c36e637,4,3.131006956100464,2.9667553901672363,3.919013738632202,3.3806991577148438,4.215457439422607
88150731769e28d29d27f7999879e6b3,4,2.062058448791504,1.9160025119781494,3.4028749465942383,3.196796417236328,2.7358994483947754
50c172342e2cd4e4862b32cebdcdce36,4,3.0762016773223877,3.3528506755828857,4.077540874481201,3.563143253326416,4.1783127784729
e4c498923dd28911586e27b95c4e4050,4,3.1593854427337646,2.9350359439849854,4.320096492767334,3.9565069675445557,4.2963643074035645
04a090ed9c8ec7bab8d54a3c6ab3732d,4,3.809230089187622,3.674166440963745,4.7771501541137695,3.9659006595611572,4.655098915100098
df63441e86b79ddad444249350901f21,4,3.1688575744628906,3.019972562789917,3.952150344848633,3.3593826293945312,4.176921367645264
629371b657f412b54f8d482e1a046aff,4,2.849588632583618,3.090552806854248,4.2078022956848145,3.7696187496185303,4.190764904022217
fe72bbaabf5c390af8633d74186185e6,4,3.7732059955596924,3.550455093383789,4.611217498779297,3.952486276626587,4.642270565032959
923e11f902cdf2b8ee599de03b6b839f,4,3.4889698028564453,3.773693084716797,4.414127349853516,3.9303271770477295,4.421310901641846
48c157f6f817e8799ab71fdb7d3fc6a5,4,3.2239761352539062,3.166114330291748,4.389707088470459,3.539964437484741,4.035935878753662
de3c3fb6d513073775cbe9e35da236fa,4,3.572844982147217,3.6076035499572754,4.544887065887451,4.057932376861572,4.260983943939209
0271577a7c530798dd2f7ab357d5094c,4,3.130794048309326,3.498401403427124,4.35744047164917,4.26283597946167,4.359850883483887
59e1c3d40835bbaf57046e6b6c9cf420,4,1.8406028747558594,1.8889034986495972,3.3866071701049805,2.236222743988037,3.802873373031616
42f38c5a80479942f82ba15c59ac1807,4,1.6661418676376343,2.000951051712036,3.871917963027954,2.7388219833374023,3.9337546825408936
250934d5de840b88b7dcbe5e2874ec55,4,3.1671512126922607,2.726362705230713,4.114850997924805,3.0588955879211426,4.13429069519043
4ffd94c1d960c1631da2376b654a32c2,4,3.520108222961426,2.989633321762085,4.284045219421387,3.655884027481079,4.453063011169434
e6b09548881c29252b06ba4419c29417,4,3.148455858230591,2.6499183177948,4.197879314422607,3.4032504558563232,4.344879627227783
7f67f122a9c5e762e21139f3f86d4cdd,4,1.6549986600875854,1.3239920139312744,3.0520782470703125,2.354128360748291,2.898508310317993
d97524571ec6540cc4efbf4ea7fc6a75,4,1.2557443380355835,1.2264736890792847,3.2465240955352783,1.0158350467681885,3.6820569038391113
6c80d7058b9245affa8fc5fe52912363,4,3.3106539249420166,3.1925606727600098,4.314801216125488,3.4797866344451904,4.040159225463867
cb3c5817fa386137ff97cbf3c45f1335,4,1.4081801176071167,1.6093239784240723,3.262153148651123,1.219433069229126,3.9284143447875977
abbcafa862d95b18823fe07bf5fdc1d8,4,1.890929937362671,2.1896395683288574,3.7007980346679688,2.6867856979370117,3.957508087158203
f4047a80140add088524650ccbe5287d,4,3.088162422180176,3.1194992065429688,4.14827823638916,3.5093865394592285,4.280791282653809
dc856bb33fd6f3fa1a3cbe41900290a9,4,3.3880271911621094,3.44488787651062,4.432375907897949,4.014170169830322,4.23690938949585
87343203462239e85f2587805f804b39,4,3.5121850967407227,3.1550517082214355,4.498010158538818,3.755520820617676,4.443201065063477
5f173d5cd6bac785621a65aaebadab8b,4,3.237025499343872,3.267864227294922,4.3257832527160645,3.649310827255249,4.490221977233887
ed8076c9c686b040a786ce95c467d0f8,4,1.9227160215377808,1.9912002086639404,3.9570701122283936,2.9381351470947266,3.981494903564453
deeb4352f1107d9f7ec00644618ad276,4,1.5303388833999634,1.6902837753295898,3.6141860485076904,2.244569778442383,3.7327775955200195
18115035d5aef10e793afa78c9cf546e,4,1.8241639137268066,1.7844579219818115,3.2406692504882812,1.9714868068695068,2.768096446990967
bdea86ffad89196d33e16cace074847e,4,1.7564321756362915,1.9418597221374512,3.5006940364837646,2.565681219100952,3.6721572875976562
898fcb184c86be22fc77a3b88eaebc2a,4,2.8610754013061523,2.7229580879211426,4.1196722984313965,3.703630208969116,3.996690511703491
5def1b0fe5a8336b8ecec633dc56f493,4,1.3714430332183838,1.587077260017395,3.0845441818237305,1.344162940979004,3.4012808799743652
e8336903a61480087d7cc92a881ea446,4,3.4329833984375,3.1907525062561035,4.024613380432129,3.6990907192230225,4.3500237464904785
dd7f12992a0f18403d3361da6b337467,4,1.403693437576294,1.7660386562347412,3.2378077507019043,1.5427350997924805,3.5411152839660645
4b589bf1c49fc83b0e968e5d9222f55d,4,1.3939059972763062,1.548681378364563,3.221450090408325,1.4161396026611328,3.7927000522613525
66248902304694af42614fd9ae9c2cb6,4,1.5799286365509033,1.7085955142974854,3.0866243839263916,1.56632661819458,3.1771364212036133
da000ed437be1f98c8a0214eca74d5e3,4,3.884706735610962,3.5278286933898926,4.343109130859375,3.9085628986358643,4.948877334594727
8979cbc3717c42423b886f95cfaa3faa,4,3.87731671333313,3.649660110473633,4.748735427856445,3.9587063789367676,4.754650115966797
7b29b7d73d24aa49dd6d0df020bc2238,4,2.4814095497131348,2.277876138687134,3.8037028312683105,3.0739588737487793,3.3160016536712646
63b589606ff1ebb5bed858a2fb84b0b1,4,1.1666994094848633,1.3267120122909546,2.8098268508911133,0.9667761325836182,3.3041892051696777
95b5c80fe1c279bc1b1746e5e77be2da,4,1.4039455652236938,1.1320562362670898,2.9209671020507812,1.1639900207519531,3.5026211738586426
2d7838d1219b412c9f827311ed312eee,4,1.5519225597381592,1.7220627069473267,3.072392463684082,2.136474609375,3.099618434906006
b28707ac178b7cb924467bfa885fa4d0,4,3.715660572052002,3.931617021560669,4.542941093444824,4.269628047943115,4.670742988586426
648b909e6f7cef09c7a08805230b1561,4,2.301652669906616,2.817695140838623,3.891730308532715,2.898494243621826,3.49800181388855
c6cdaba316a89040963f9f5ae150f5d9,4,3.476382255554199,3.1114253997802734,4.52827262878418,3.7525296211242676,4.597023010253906
af5dcaea823a9e1162474b61bfd7fe10,4,2.1078059673309326,2.015061378479004,3.543792724609375,2.8219492435455322,2.8282461166381836
d3951ce5823033a0cfe7223ca4d3a7da,4,3.2707149982452393,3.161926746368408,4.19580078125,3.688930034637451,4.449145793914795
fb5fe311cfb4376359d7db9298ce1837,4,2.188512086868286,2.168973445892334,3.5426526069641113,2.3210642337799072,2.893042802810669
db6687f099ff170dfbe0a3fcde447831,4,3.0480427742004395,2.8526320457458496,3.9184751510620117,3.52016019821167,4.197351455688477
f6562dab7db0d2d3059e7b4a212b2508,4,1.588958978652954,1.7865092754364014,3.5324747562408447,2.634885787963867,3.5823018550872803
0aca669f74bf7428b67e6dd348ee21bd,4,3.5970253944396973,3.1302971839904785,4.335024833679199,3.9659805297851562,4.398292541503906
a2db68322849e55e3b4aba66bf6bd005,4,3.13718843460083,3.1674771308898926,4.122869968414307,3.780073404312134,4.083312511444092
f3d7a8f6e91657729aa839ce1ac4f6a1,4,2.636340618133545,2.770982027053833,3.896944046020508,3.503687858581543,3.8870484828948975
1f5239d7f9134bc70b63e6c6e3822281,4,2.8655736446380615,3.0317256450653076,4.194278717041016,3.955962657928467,4.055489540100098
c03f1013d885a105c2918c6fe18ca43d,4,3.1987180709838867,3.0114238262176514,4.11444091796875,3.8937675952911377,4.197561740875244
ad59909c28d348536aa9d47bf05ef44e,4,2.9073104858398438,2.675471782684326,4.121949195861816,3.340106964111328,3.717393398284912
a07d2b68528663b3a55e46f9245f08b5,4,2.846479654312134,2.7975330352783203,4.000939846038818,3.4442198276519775,3.9345543384552
d9ceb199066b24608eb8f0b712a43619,4,2.8488125801086426,2.897806167602539,3.832784652709961,3.1181747913360596,3.983346462249756
8484ab1dbe6f56487414934439c95896,4,3.256378173828125,3.106813430786133,3.9073262214660645,3.546818733215332,4.312072277069092
d8ff84fc4b46db084abbeadd112b0362,4,1.2514145374298096,1.5474121570587158,3.127257823944092,1.0030369758605957,3.9028429985046387
8d634d67390c7cb824dc953cd0ec4fe1,4,3.2491614818573,3.1385345458984375,4.222241401672363,3.7154417037963867,4.076864719390869
dfa534055830bf83959839b346babe57,4,3.378462314605713,3.31038498878479,4.428478717803955,3.8613312244415283,4.153946876525879
9cd9560866b1060b3696d1cd5f163669,4,1.9142911434173584,1.785788893699646,3.1672563552856445,1.6681827306747437,3.0240697860717773
d0498299c7180b5b9dd1d2ed9b003b47,4,2.5921339988708496,2.574071168899536,4.058159828186035,3.603731632232666,3.96927809715271
86a62691331b8e1961d7952d8c5db237,4,1.3610680103302002,1.6958729028701782,3.2829747200012207,1.5514061450958252,3.9177825450897217
2641c6b9327e96de36d4b04e08c838ca,4,1.590861201286316,1.7238303422927856,3.1989479064941406,1.7963663339614868,3.4680891036987305
a4fe734da935128e94f7bd8f4b7cd95c,4,3.5325000286102295,3.324469566345215,4.520893573760986,3.6604154109954834,4.291762828826904
db26132b75b6204e02a33bfe81e19f34,4,2.904628038406372,3.1002469062805176,4.264254093170166,3.882518768310547,4.077592849731445
e6609689321b2eed5e409873ab508bb4,4,3.0262088775634766,3.0873055458068848,3.9855315685272217,3.5351784229278564,3.93068265914917
5f7a0ff3aea616b2d6cb0a0b510c40be,4,3.8965063095092773,3.796013355255127,4.752645492553711,3.9148168563842773,4.694695949554443
f73927d3a73c8f4958f277062e601335,4,3.1111977100372314,3.124051809310913,3.934044122695923,3.5563905239105225,4.272600173950195
02df74b6f8cd3cc0964d4cb60d2aae1e,4,2.66127610206604,2.061652660369873,3.927403211593628,3.065274238586426,3.7928307056427
fea53a86a10bd5f6d48d5603889798b8,4,3.236666440963745,2.837892532348633,4.025719165802002,3.7525200843811035,4.254598617553711
23d328822f1984f14754a2953a2668c8,4,3.2911314964294434,3.425266742706299,4.311036586761475,4.053388595581055,4.208099365234375
3f80fbdadc51b87e6f5ed3748ce281a2,4,3.2080633640289307,3.2384164333343506,4.178493976593018,4.3740339279174805,4.357719421386719
82d12e5a955c9184fec962d98537047b,4,1.2284904718399048,1.549058198928833,3.1594510078430176,1.0676698684692383,3.7826812267303467
4bbbc315955384394732b7f9dfb9c651,4,2.386493682861328,2.600226402282715,3.862623929977417,2.7391319274902344,3.4961581230163574
7a6b1247a9303d4a80b759c9ed43c7db,4,1.204964280128479,1.4252548217773438,3.094013214111328,0.8837084770202637,3.541517734527588
7cf6acde16ee339628d6da7d983684eb,4,1.4488933086395264,1.5664663314819336,3.6105082035064697,2.238396167755127,3.762890100479126
50b935978b729357576409c181a54868,4,2.838521957397461,2.8710849285125732,4.070592880249023,4.076474666595459,4.162613391876221
9debf9c76555e8172591cc8970d2f660,4,2.2754111289978027,2.3247084617614746,3.740769386291504,2.7750277519226074,4.075535774230957
6f6525ee1d6199f0e7f74fc4852d63b1,4,1.5173659324645996,1.7801755666732788,3.2366154193878174,1.6167566776275635,3.486973762512207
956d4a3452eb04d7317655e834926a6e,4,1.5377284288406372,1.6308842897415161,3.2798209190368652,1.600375771522522,3.6100854873657227
b85289dacc1024199e09065b03496517,4,3.1725282669067383,3.0192952156066895,4.199436664581299,3.748901844024658,4.023494243621826
04c9bcfb473d5e06bfc3e3d0f880b0be,4,2.677870750427246,2.358499050140381,3.9515810012817383,2.816250801086426,3.9692225456237793
74a118ae7306eac4cc1e38f88e811da5,4,3.6661627292633057,3.332958936691284,4.310065269470215,4.38524055480957,4.676528453826904
ae4d0ace6001da5f91578131b0c7df6f,4,1.8481745719909668,2.0337886810302734,3.2477164268493652,2.092465877532959,3.6559484004974365
336b110ddbd0f55139e2e54a6ed759c7,4,1.008746862411499,1.188583493232727,2.9588937759399414,0.6472318172454834,3.6318202018737793
78f99d495801a4180d177cebc24e0f80,4,2.3767788410186768,2.042309284210205,3.6186330318450928,2.3928146362304688,3.3899080753326416
f8c042b7258f0bbed61eed20d8fcff88,4,3.288538932800293,3.245912790298462,4.270735263824463,3.7164289951324463,4.456759452819824
6b8a1efbe6a7f585416c01190086176e,4,2.862086057662964,2.3558461666107178,4.162733554840088,3.4830055236816406,3.39910888671875
47b7fdadefdba83191ef4335d5188baf,4,2.8433473110198975,2.89164137840271,3.9837186336517334,3.2282495498657227,3.7391879558563232
42de8626e12db4a6a926dc2933c6eb28,4,1.6362991333007812,1.7995649576187134,3.7107865810394287,2.521150588989258,3.7410778999328613
724e4eff581395a091ac89ebbc153e68,4,1.5271843671798706,1.6429868936538696,3.2565832138061523,1.4489250183105469,3.879866123199463
3d9cd14444a894d43e4a5895cf81c5bd,4,1.4224574565887451,1.6090261936187744,3.3933587074279785,2.1275875568389893,3.5950145721435547
3739d98da6485db00f49146177d50cf5,4,3.5917720794677734,3.199176549911499,4.544515132904053,3.6985960006713867,4.484583854675293
fd97b727a2af232ed8f4ee39502bc2f6,4,3.469709873199463,3.329803228378296,3.9758503437042236,3.7370593547821045,4.399501323699951
fe0e2201095dea63f4bd11db3561f65e,4,2.355386257171631,2.189518928527832,3.9662845134735107,2.565897226333618,3.283726453781128
849d9ba37925f84b36aaa9e271855f02,4,3.8105499744415283,3.5716686248779297,4.688244819641113,3.953164577484131,4.764134407043457
548c90d28ab7098bc0dc7f262e9c028a,4,2.6327097415924072,2.6816647052764893,3.976522207260132,3.1547939777374268,3.3358452320098877
684b0bcfd87f449703a94cbcec49b7d3,4,3.8282346725463867,3.370924472808838,4.463970184326172,4.521343231201172,4.753614902496338
1c18a25981bdf014bcd35c39d82ef0e5,4,4.157641887664795,3.8447699546813965,4.936601161956787,4.239228248596191,4.866676330566406
aa6d07d560885b3ffba7e10f5b44caa6,4,2.6210083961486816,2.7092554569244385,4.079916954040527,3.560940980911255,3.990769147872925
c65ed6befb7c54080f294eedc617b1e7,4,3.021820068359375,2.709594488143921,4.27623176574707,3.489891767501831,3.8859307765960693
afefa17fc72c63a676e62e4d77ca337f,4,3.1740190982818604,2.8122568130493164,4.30850887298584,3.5814666748046875,4.072484970092773
b3a39ae98e1c6552974fbd885de49a6b,4,2.43117356300354,2.1554274559020996,3.8915061950683594,2.908055543899536,3.7879440784454346
eca2d4db2368d70f972c26746af92b55,4,3.290529727935791,3.1155359745025635,4.186315059661865,3.8140218257904053,4.177349090576172
e0a2143718e50551c4c74a8673ff8acf,4,2.626018762588501,2.916861057281494,4.136824607849121,3.750925302505493,3.9623498916625977
f9a72803b71ab05041941af6689264ad,4,3.2181761264801025,2.9149210453033447,4.0933403968811035,3.655768871307373,4.378917694091797
2c809fd0b6cf40d488359a4e31d0b518,4,3.343156099319458,3.348060369491577,4.2015180587768555,3.7202084064483643,4.456161975860596
897900a9ad72bfb58c5034d8166c84a9,4,3.2721426486968994,3.2599239349365234,4.351709365844727,3.2763116359710693,4.336917877197266
fe72324ecfc98eecb35f6392b6ef6446,4,1.520892858505249,1.6512669324874878,3.065606117248535,1.600220799446106,3.2615482807159424
05412808e64e275d39223c92fa183904,4,1.7110425233840942,1.9285961389541626,3.7961559295654297,2.6548426151275635,3.8050451278686523
8d082d64a003c286f0f92a2ca8f5da37,4,3.235564947128296,3.159050464630127,4.259786128997803,3.594609260559082,4.520724773406982
385f31cdc5545bdaa0afbea11dff06d8,4,1.5718605518341064,1.7435939311981201,3.1722819805145264,1.335331916809082,3.6456282138824463
70b703b4a9b87f30a54f940c88b94dfc,4,3.369781732559204,3.1413066387176514,4.086037635803223,3.731304168701172,4.2297844886779785
eb08c21c2dd632709eaf4b614aa2b5d1,4,3.7546582221984863,3.560131549835205,4.700311660766602,3.868433952331543,4.566549301147461
0ba178453a2e1af03e388b233eb3cf62,4,2.460981845855713,2.713581085205078,3.8660407066345215,3.225827693939209,3.675013780593872
28582a9513c059aa2516a56d5ff98a08,4,1.6949883699417114,1.7699739933013916,3.2369349002838135,2.47298526763916,3.31750226020813
98341a9efaa9dba64d99383c0c04eab0,4,3.197146415710449,3.113469362258911,4.002538681030273,3.6435906887054443,4.217317581176758
b66dcaba0fcd71db8cd64217627390db,4,2.5939860343933105,2.1888437271118164,3.970686197280884,3.101640462875366,3.1728808879852295
656237cc3affe29687d463f9c75763a2,4,1.9044185876846313,1.9231019020080566,3.4079830646514893,2.2026028633117676,3.6085166931152344
b5a6df283ba8710bdb36b48a436c67ff,4,1.73563551902771,1.7594386339187622,3.344477415084839,2.7215280532836914,3.341817855834961
328569d52e56983aa10656ec0efa29e4,4,3.471207857131958,3.2632651329040527,4.367556095123291,3.66713547706604,4.282125949859619
422e98adc5d3745034f1ebd6a5b9aa1f,4,2.414731979370117,2.0272903442382812,3.868044137954712,2.692095994949341,3.8840088844299316
9d73f73ed6cbf1b330cc232414439395,4,2.950932264328003,3.0042645931243896,4.203355312347412,3.973675012588501,4.111397743225098
8fe6910831af827edc3d54b512a8e11c,4,3.0152933597564697,2.886590003967285,4.150047302246094,3.02190899848938,4.006480693817139
84af5d7df46c2497e67408ad29fe493b,4,1.224496841430664,1.244728446006775,2.9923768043518066,0.8140149116516113,3.071833610534668
6c7b87d56ff6c8918b7aef3c52d54389,4,3.663235664367676,3.4323461055755615,4.570268630981445,3.885545015335083,4.500824928283691
7f1526ab48690b306ecb0b2a1b0a8313,4,3.032090663909912,2.858454465866089,3.9008688926696777,3.182433843612671,3.998626947402954
5221c1f5a57a1a763eefefc7e976f3d8,4,3.429884910583496,3.3200149536132812,4.413604259490967,3.5130155086517334,4.3905439376831055
0f00f14eef52d497b617ff246a9f3138,4,0.9939563274383545,1.0125550031661987,2.804378032684326,1.06182861328125,2.3074395656585693
6c958c991b418ae2deb2d7c44efac6e0,4,2.83119535446167,3.1687376499176025,4.2034101486206055,3.9032726287841797,4.09322452545166
ccef457eb09e179e5106afc9006671d6,4,2.9836628437042236,2.8906283378601074,4.109360694885254,3.327787160873413,3.8077964782714844
c3c923a8fa5865530eb08f1d9b7fe910,4,3.391641139984131,2.9351344108581543,4.419318199157715,3.633523941040039,4.310689926147461
f56e50da57574b3d624fef31944a9aea,4,1.5564501285552979,1.4221959114074707,2.966200828552246,1.1403193473815918,3.165355682373047
1f7e17913d2cab34cd889716c17309fa,4,3.3604888916015625,3.1355056762695312,4.219337463378906,3.5772337913513184,4.153341770172119
e1d5fa21a9e94b5e885c5406024790ee,4,2.3371164798736572,2.5092756748199463,3.730412483215332,2.691422462463379,3.7156143188476562
d39bc5dc6f5f319121fda56ed5dc94a8,4,2.710953950881958,2.7162904739379883,3.9585251808166504,3.3686530590057373,3.6669514179229736
4852e2ad7732da90beffd976b135d175,4,2.373505115509033,2.3144359588623047,3.9409053325653076,2.729471445083618,3.8020050525665283
969b3cdbad68e63e97a00391b8cb3fa2,4,1.440689206123352,1.5000101327896118,2.8321290016174316,2.2587087154388428,2.7493057250976562
24abbc5d5aba1f84a6e07cd3e32d80c6,4,3.0867927074432373,2.9059865474700928,4.325885772705078,3.5617640018463135,4.070074558258057
50832cc8420b0b5d4ed4c1ebc641547d,4,1.606616497039795,1.9093501567840576,3.7886204719543457,2.5107245445251465,3.9110076427459717
f1075f0b9e75f25ce5821e2616d825ab,4,1.8064366579055786,2.035291910171509,3.5499775409698486,2.573629140853882,3.791294574737549
7995270efd0cf230df920b9da588b272,4,1.5007232427597046,1.5293388366699219,3.1375784873962402,1.6607004404067993,3.515730619430542
28fef429006e00026db655748dfde835,4,1.8259536027908325,2.213897705078125,3.884603500366211,2.8009400367736816,3.9911441802978516
54b8cfa5ef1097b753a75b656322700c,4,2.311091184616089,2.367736339569092,3.6812798976898193,3.1092793941497803,3.273895740509033
ac3e1a1940797697124d436e7a542ea8,4,3.8778038024902344,3.5389564037323,4.26514196395874,3.859088659286499,4.786301136016846
1c580906a5c38392b8cf6d729ffba0aa,4,1.9298139810562134,2.0905706882476807,3.441072463989258,2.1488094329833984,3.509207010269165
eaf2943e6c5313e1c2f0fc6988fcd97d,4,3.2615065574645996,3.2373385429382324,4.190566539764404,3.5921361446380615,4.463959693908691
2e1e5b521cfe40da162f5dc326777e45,4,1.7322481870651245,1.8256211280822754,3.8853697776794434,2.7356181144714355,3.9206018447875977
1bcc7fa7adf3b34db9a859656eae1eab,4,2.2043328285217285,2.4741156101226807,3.7727599143981934,3.069634437561035,3.9420642852783203
ba45b35106ef35fa14d0fc9aca5198d3,4,3.2954769134521484,3.190906524658203,4.1992692947387695,3.8926966190338135,4.2252116203308105
16f21c6e5a957c5f376c284aed2e51c5,4,4.040485382080078,3.6202335357666016,4.748006820678711,4.2322611808776855,4.755249500274658
93af5829d6ced7ce39767e469a9fc2cd,4,1.5338940620422363,1.6187013387680054,3.121791362762451,1.5208616256713867,3.704425811767578
67dc58eca812297cf994df241d95d6c3,4,2.7255687713623047,2.095264196395874,4.198851585388184,3.723600387573242,3.7292280197143555
f0e010f6f81c56f1312bcec17c5f269f,4,3.776972532272339,3.602816581726074,4.684908866882324,3.9649951457977295,4.5760602951049805
1403f4d790f44c198a0f3efd79345bac,4,3.292332410812378,3.4215877056121826,4.275766372680664,3.7650039196014404,4.384754180908203
da12d4d8ce4ff8ff8e93139182032baf,4,3.019249677658081,2.855642557144165,4.039466381072998,3.324183702468872,3.907069683074951
ab82b01a2f600772fd7d802e897078e6,4,3.0624094009399414,3.2136359214782715,4.293615818023682,3.9136829376220703,4.168585300445557
7f48f0d4e64c4aff276d99b826794fe8,4,3.186633825302124,2.9513776302337646,4.168378829956055,4.03270149230957,3.9598498344421387
f14e13aae3a4d678b112510baca9dc9a,4,3.6274733543395996,3.370894193649292,4.564818859100342,3.8587775230407715,4.586911201477051
f4490ada8bced522a3a7c75846f8ab35,4,2.94929838180542,2.5539605617523193,3.9723434448242188,3.155853033065796,3.933577060699463
e25f7d16274a94fcfcbdf5ad99d3fd2d,4,1.9717873334884644,1.8184239864349365,3.334601402282715,2.789752721786499,3.4170351028442383
5a2da635aa05dc5ccf44f98a8df28e07,4,2.7074201107025146,2.40462589263916,3.996401786804199,3.228057622909546,3.263265609741211
6d7311bf3aa600e459edf5cf5bbf56ac,4,3.867377281188965,3.714463710784912,4.937405586242676,3.7832796573638916,4.6378679275512695
008d0b8743d1961396fb41f2d6aac97e,4,1.3223823308944702,1.4816251993179321,3.0371580123901367,1.5347137451171875,3.4627137184143066
7caeb18cddc26a5b6cf171c5b24c17de,4,1.737932801246643,1.931236743927002,3.676539421081543,2.67899751663208,3.667729377746582
893745c9e0e442c57d1a57ff6c926c90,4,2.3182835578918457,1.8336095809936523,3.7997851371765137,2.9429149627685547,3.165764331817627
d3369defa27ec42bdf93ace327240aed,4,3.1842503547668457,2.9951655864715576,4.15060567855835,3.184236764907837,4.112125873565674
596ccce83fa72b7ba3fc4d67ee0f3854,4,1.8570436239242554,2.032972574234009,3.293473243713379,2.1751108169555664,3.0673184394836426
eaecf48079dcf4d5d61342e120ca11ec,4,1.601449966430664,1.6264359951019287,3.202226161956787,2.392144203186035,3.254514694213867
4f5799cf5f1fa1df8179861c940e23f2,4,1.7476404905319214,1.6627490520477295,3.3248519897460938,2.0480244159698486,3.4373583793640137
a2138de8f181d359aaee3cbf221e17e2,4,3.1610054969787598,2.8682806491851807,4.0228447914123535,3.291438579559326,4.147594928741455
0b33a50fa716b37dec4c5ecfd16545ea,4,2.2831950187683105,2.297218084335327,3.550473690032959,2.77055025100708,2.8103809356689453
938956f67ac0d347383e1aa740a2ffdf,4,1.862778902053833,2.1306962966918945,3.304226875305176,1.800666093826294,3.9229042530059814
b4b002df0e259b9658ccec750533ddf1,4,3.2813801765441895,3.454585313796997,4.490185260772705,3.5533342361450195,4.073895454406738
70c2fd61c06b188191b7b5f4846d5c72,4,3.4428749084472656,3.339470386505127,4.210416316986084,3.7165513038635254,4.393213272094727
3c909b31453340e3b49a847350887aeb,4,3.1964828968048096,3.088730812072754,3.8850858211517334,3.5107405185699463,4.165199279785156
ac5a0237bff100714bd6dc614d78d239,4,3.5664265155792236,3.0379438400268555,4.558507442474365,4.067787170410156,4.290425777435303
bc15da400052506d0566adf303006486,4,2.9453413486480713,3.064235210418701,4.186765193939209,3.8732635974884033,4.102838039398193
60fbc6248fec43c910275760e56588df,4,2.883075475692749,2.3737363815307617,4.15442419052124,3.3758597373962402,3.7851080894470215
2804c43c99b501eefbafd82701306182,4,3.081342935562134,3.1991443634033203,4.1547322273254395,3.9596877098083496,4.084238052368164
3d8a305fc3d388ff9d38780c57a8e3e4,4,3.097080945968628,3.0682148933410645,4.028090953826904,3.838780641555786,4.049956321716309
d2f28b4eea13c56d127d7b66451f3d03,4,1.8683054447174072,2.030885696411133,3.9341132640838623,2.9930076599121094,3.890528678894043
904946b08fdc207e603937b654dffbe1,4,3.1809778213500977,3.253300428390503,4.289503574371338,3.5472493171691895,3.98343563079834
3b0f9f26452b1f422f48fbc5ca3aeb7d,4,2.8232362270355225,2.6141319274902344,4.049578666687012,3.016667366027832,4.136500358581543
bda01b3eac036875b01065787288a8f3,4,1.271079421043396,0.9857802391052246,3.185471534729004,0.8362257480621338,3.5802206993103027
b0e40132be5face1223ed387f19c9070,4,2.407841682434082,2.3324317932128906,3.807704448699951,3.1235063076019287,3.5335936546325684
022e2b63470feb28968e6df5138af618,4,1.331525206565857,1.5009962320327759,2.890695571899414,2.040405750274658,2.900634288787842
a5dfd49c196e77262b802bfb03372e38,4,3.6343770027160645,3.192674160003662,4.379754066467285,4.206876277923584,4.587798118591309
e7e15e84e262175f8fda2ec9890a9f75,4,2.9782190322875977,3.2754955291748047,4.154934406280518,3.3636419773101807,4.21542501449585
03c874c1aeb7fb3fa12dfa6ee647c93e,4,2.6356639862060547,2.415462017059326,3.8924169540405273,3.1146299839019775,3.8585166931152344
79a14a4eeb5a2ea4f30015b47e3ffe7c,4,1.6325329542160034,1.8860691785812378,3.416160821914673,1.7614768743515015,3.8212978839874268
1d5aacdcbeaef7c90f0d66ea75d02bea,4,2.15806245803833,2.3029942512512207,3.696199655532837,2.5284266471862793,3.5212013721466064
92e0f3e8218b88d18d0af25237653175,4,3.0314526557922363,2.7902138233184814,3.9227066040039062,3.564976692199707,3.9188578128814697
fa4007521ef05eb714560287f43db9b5,4,2.643885612487793,2.7280585765838623,3.9566991329193115,3.2789852619171143,3.5845067501068115
ec350aeaa4c280928fe24a07a63b7db7,4,2.0387802124023438,1.6545348167419434,3.6288537979125977,2.9356741905212402,2.7592554092407227
84b8c47f3f34274ab784dea7c06bc59a,4,3.232478380203247,2.962742805480957,3.9457433223724365,3.8908498287200928,3.8699634075164795
fee861b77183a1be5ddd64ef108395bd,4,3.789637327194214,3.32812237739563,4.317368984222412,4.0223565101623535,4.6063103675842285
1340ba68f5bc61dcc5e9ac45c1c7d74f,4,1.7668933868408203,1.9995441436767578,3.8735857009887695,2.772670269012451,3.984532594680786
fb9f2ed1424c8906cf879ad11dc6de6b,4,2.881596565246582,3.020671844482422,4.161670207977295,3.8495779037475586,4.085046291351318
1c20d686186c8f056c46658680dd78c8,4,3.3667616844177246,3.052821636199951,4.195650577545166,4.057476043701172,4.33267879486084
3dfaed6fa24ffc04c70dd366f99a8910,4,2.0395050048828125,2.082512140274048,3.471921443939209,1.9714596271514893,4.235870361328125
815e40360928b100479e7ebb3a355fc5,4,1.6162155866622925,1.6649781465530396,3.023543357849121,1.6862596273422241,3.2430810928344727
0525ef3f638a572ce924c0ed4e0b5279,4,2.607304096221924,2.5004072189331055,3.7226221561431885,2.7858569622039795,3.6991994380950928
5d3c07f41d94e2d3ef6d76896c407ab5,4,3.058457851409912,3.175448417663574,3.9759011268615723,3.524129629135132,4.071608543395996
a2fd79a327f642ea6c39528a39cd4ee0,4,2.5081052780151367,2.6843836307525635,3.9836089611053467,2.6458699703216553,3.6723248958587646
48d88cf64cc113345718b19abda91d33,4,3.7786431312561035,3.508232355117798,4.634068012237549,3.9315555095672607,4.59791374206543
1a0fa6d7e311feafe45903b251cf713f,4,3.2427451610565186,3.1854496002197266,4.211920738220215,3.743004083633423,4.260425090789795
2f06295652bac7cf4d285d69c20f6b29,4,2.851914167404175,3.1241493225097656,4.256722927093506,3.8099730014801025,4.092215061187744
d8b1b60e0019f34b10505531de28217d,4,3.001605987548828,2.900956869125366,3.9019131660461426,3.2905361652374268,4.0402607917785645
8e58402e1a8b7edcdbef1956a99964c8,4,2.4840543270111084,2.9387176036834717,3.9518375396728516,3.024238109588623,3.924635648727417
b640a55203a9465a95e4eef51011c081,4,3.320988416671753,3.1153130531311035,3.9696762561798096,3.294726848602295,4.161247730255127
54cbee0baf589d40281e19737375ea6f,4,2.963667869567871,2.9238104820251465,3.8392486572265625,3.319835662841797,4.085931777954102
b97aa35a886ad3bd41effc31fe1b8b4a,4,3.996642827987671,3.619555711746216,4.752561092376709,4.212527751922607,4.702966213226318
53913dd81915befb14a345cda34b48c1,4,2.1916961669921875,2.3445258140563965,3.6788105964660645,2.6846976280212402,4.125550746917725
f739b916c492d3ff706b633f04fd6168,4,1.415408730506897,1.3532480001449585,2.833280563354492,1.0649380683898926,2.915677070617676
afbb2c3993d561663e32501df55461da,4,3.1920323371887207,3.0425946712493896,4.364377021789551,3.4414682388305664,4.249136924743652
cb6e813eb8eb1104c1b002a09295ae9a,4,2.0936789512634277,2.158839225769043,3.475787401199341,2.127915382385254,4.042176723480225
aa1fed288102141b808e07ecdd1ff93a,4,2.771397829055786,3.10107684135437,4.209741115570068,3.68855881690979,4.081343650817871
6e663c517d11358cde1d88a160223e5c,4,2.675142526626587,2.982922077178955,4.056682109832764,2.9218969345092773,3.8325955867767334
f7f23544b5e4b66501635675b24408d6,4,1.9976211786270142,2.2187728881835938,3.464717388153076,2.7796032428741455,3.654719352722168
8191d0e657f2d20ea70f2556983626ed,4,1.7332526445388794,1.8866424560546875,3.53218150138855,1.8445069789886475,3.895332098007202
8507104dfd15031edb22de8ace1f977d,4,2.471325159072876,2.4899582862854004,3.642066478729248,2.646618127822876,3.221618175506592
d2086d671f24c18eb06ccc0f9826d7ef,4,2.7391371726989746,2.397502899169922,3.741699457168579,3.4236390590667725,3.5471346378326416
09b055fa2e8b6893d08e4305feb33779,4,2.8013861179351807,2.8603498935699463,4.108560562133789,3.4623830318450928,3.865858554840088
15d9317c20b3a5ad2f78d34f4429236b,4,3.5366220474243164,3.2912192344665527,4.505056381225586,3.495788812637329,4.321475505828857
e171644e003be7bc28bfe27be7d2a733,4,3.1794137954711914,3.056945562362671,4.337605953216553,3.2216408252716064,4.138289928436279
757ab9c16483b41f9647a3ece491484a,4,2.8326849937438965,2.9644839763641357,4.09177827835083,3.6255486011505127,3.974410057067871
942f3fd822201e82115cf817e87eeec0,4,2.426882743835449,2.3463549613952637,3.6810712814331055,2.712797164916992,3.334674596786499
fbea0a77411527f5d4f282b429a380b1,4,1.9002830982208252,1.9826257228851318,3.310096263885498,1.9080288410186768,4.080379962921143
fcbf9a9713b3efe3d3308ec3402dd6a6,4,2.5520167350769043,2.4857139587402344,3.873089075088501,2.888237476348877,3.363204002380371
f21f85ae156b1ce49ac7a2002705c766,4,2.9743547439575195,3.1110544204711914,4.256606101989746,3.9914016723632812,4.151561737060547
7ecfd5ee941035bab50df3a2afa42027,4,1.426499843597412,1.831834316253662,3.312645196914673,1.4585011005401611,3.6969118118286133
5a2d0851cd3a5f07c2fa1f345d4040c1,4,3.583448648452759,3.3116455078125,4.393793106079102,3.8370676040649414,4.499249458312988
2f1f09d379f4188a4fd987a7ac67fc54,4,3.0207605361938477,2.8476712703704834,3.9280333518981934,3.080747604370117,3.929492235183716
562920e26d046dceb0ab1542b012c092,4,3.5054678916931152,3.1108016967773438,4.4931464195251465,3.695892095565796,4.455745697021484
a2d2c4361e68e24c988c8981f444f038,4,3.08980393409729,2.5881106853485107,4.035332679748535,3.280250072479248,4.129251956939697
acd5e4df7e8a91c48fbeaa445b1b0654,4,3.7492213249206543,3.6906518936157227,4.367430686950684,3.807243824005127,4.524598598480225
f915262502379626ab432a872908a984,4,1.6993435621261597,2.1435298919677734,3.5841712951660156,2.352242946624756,3.255892276763916
d8bb720308c68f926ad0cd0b7659522c,4,1.5953073501586914,1.5526951551437378,3.29144549369812,1.2892768383026123,3.3893396854400635
77e486dd55fca823ed44b31062c7d9be,4,3.116680860519409,3.2391531467437744,4.220197677612305,3.685678005218506,4.032652378082275
276a9124900b493536302f2647389722,4,2.2312607765197754,2.0783987045288086,3.8888180255889893,1.8704354763031006,3.801582098007202
93ac3308d07472528d92034f531aaa9b,4,1.3203868865966797,1.6473515033721924,3.266301393508911,1.331172227859497,3.96565842628479
dc83af0af5139661d2746a41a3777298,4,1.6243667602539062,1.9020543098449707,3.285205364227295,1.5902612209320068,4.012764930725098
c9c11c677b9779119743941978f74c62,4,1.5702580213546753,1.4725292921066284,3.1601407527923584,1.7937358617782593,3.5448555946350098
3eb7145d4b352b40a2fb86397812c3c9,4,3.2880513668060303,3.1527974605560303,3.956101655960083,3.6545727252960205,4.318864345550537
cbc5843f254bbf884d0d4ab5d022a6e5,4,2.200606346130371,2.2097198963165283,3.572838306427002,2.0069470405578613,3.426435708999634
2eab24cec65b3b5448e4378618d4ca85,4,2.4341981410980225,2.1537702083587646,3.590684413909912,2.4962987899780273,3.442498207092285
433e2920e0c97273984cd4622c0a6d0c,4,3.7882256507873535,3.639120578765869,4.242019176483154,3.85726261138916,4.732733726501465
26b3e3e40510d130837264028ac051d2,4,1.88198721408844,2.061004638671875,3.3870370388031006,2.5665462017059326,3.6593899726867676
d34508932750d38f253952d048c963ed,4,1.303243637084961,1.5564422607421875,3.2433018684387207,1.4137442111968994,3.786871910095215
1d2eb035dbb08aed0112451185cf38da,4,1.3912822008132935,1.6363329887390137,3.260457992553711,1.5323548316955566,3.598287343978882
220d5a80ce8125ff27c6b51631c324c4,4,3.001877784729004,2.6997158527374268,4.072053909301758,3.2789828777313232,3.94010591506958
297f055defda4b07d054f368a329867f,4,3.0110414028167725,3.0747358798980713,4.303987979888916,3.925837755203247,4.152036666870117
186e170801081e78485088d3f13e7de7,4,3.326854944229126,3.2625463008880615,4.202725887298584,4.017796039581299,4.482938766479492
e08681fa95d82ee7afc1a68d41c3037a,4,2.9538097381591797,2.7947912216186523,4.32161808013916,3.553819179534912,3.9319050312042236
7e904715d4a0270b284b9ff630a7f2b4,4,2.942905902862549,2.8127248287200928,3.8631696701049805,3.159214496612549,3.963771343231201
3610d226e459990e06692848d195185c,4,2.73061466217041,2.3479866981506348,3.879443645477295,3.0353565216064453,3.784184694290161
ee29b7855dd1ac979370be97c51c700c,4,2.063598155975342,2.0047566890716553,3.3285579681396484,2.0065364837646484,2.9628536701202393
5187ccac45861c615f8513e3790d983d,4,3.4036977291107178,3.0428626537323,4.348037242889404,3.6147072315216064,4.332845211029053
32f2bc2a9c64f0c96b1ee95e7a894c90,4,2.4722070693969727,2.1554532051086426,3.7541661262512207,3.0522420406341553,3.5373568534851074
dce9d403e7c4af227be51f1c2bd0715d,4,3.4563233852386475,3.537975311279297,4.293707370758057,3.8427088260650635,4.27975606918335
7bdd77d748e927f5701df3c8f2c82d47,4,1.2176209688186646,1.4904745817184448,3.20723295211792,0.9177796840667725,3.6956145763397217
70a9107c23742b10581170dc919c60b2,4,1.6950424909591675,1.936418890953064,3.5508692264556885,2.2867271900177,3.8658366203308105
d1e16f25838509f849cabe8b34d648da,4,3.8037683963775635,3.718388557434082,4.817677021026611,3.7646169662475586,4.610063552856445
3d3e22b3ac772c6de6d6bc25e0979ef5,4,3.132540702819824,2.790426254272461,4.096968650817871,3.525691032409668,4.160280704498291
66ee535b0fa7f61350c98c79174e90aa,4,3.588695764541626,3.077193260192871,4.497172832489014,3.7827231884002686,4.418042182922363
8c5e06e583eec8f058a5b5be27614ce9,4,3.629642963409424,3.333233118057251,4.616525650024414,4.055456161499023,4.541508197784424
136e1714f46ce75f1a4dc439c6781bf3,4,3.7394204139709473,3.452620506286621,4.6081223487854,3.9315013885498047,4.530757904052734
6a956d5eee9a6d61af3cf26ec72f163f,4,2.523557662963867,2.652068614959717,3.896801471710205,3.072216510772705,3.664870023727417
5f247f03410bf0d50e027c4432e99c74,4,3.967358350753784,3.894725799560547,4.8203229904174805,4.0990095138549805,4.699273586273193
fef87f9ec3155ba1fdd3c6bff2df4a22,4,3.381326675415039,3.18454909324646,4.523956775665283,3.5695700645446777,4.24625825881958
4d55c606b749fce5654c1381257785f3,4,3.2389683723449707,3.2136895656585693,4.136070251464844,3.656195640563965,4.280313968658447
f5d7efa2b7241699b82e2ddb36829f3b,4,3.558192014694214,3.1710221767425537,4.505075454711914,3.6722397804260254,4.487978935241699
5cb28d22582e152f70b33f5b2d9b8e47,4,1.946225643157959,1.7809470891952515,3.277085781097412,2.6252098083496094,3.437727689743042
5422ce82e1f8d36159636aa5a035fb9e,4,1.9417157173156738,2.139000415802002,3.6899282932281494,2.6283352375030518,3.9331605434417725
d69bb06d3e4657d414e57ae30b75b56a,4,3.0242867469787598,2.9933571815490723,3.8787527084350586,3.26526141166687,4.223363399505615
7b5b46a96752f875c0fe691882ca04b7,4,3.3088021278381348,3.2089991569519043,4.351777076721191,3.523413896560669,4.161483287811279
5e0cf002146da5ea16802d209a3b80cf,4,2.9152657985687256,3.155975341796875,4.257573127746582,3.3361258506774902,3.887697696685791
a606de9158cbf637b1bed8d011cacb55,4,3.8286921977996826,3.743417739868164,4.148043632507324,3.922877550125122,4.584073543548584
570b830334424764f3fcd3d6163d412e,4,3.4107611179351807,2.786442995071411,4.5082621574401855,3.986053466796875,4.300120830535889
557b676a1f3cc3cbae2ae8669cd11138,4,1.6576666831970215,1.8091851472854614,3.0783729553222656,2.633495807647705,3.070420026779175
0eb9cfdadec22b461fc9a6a9a451ef52,4,2.3852391242980957,2.069990396499634,3.8574724197387695,3.3605730533599854,2.930694103240967
4ec0bb4801ae791d461522ef636ef3da,4,2.740485429763794,2.189971923828125,3.959075689315796,3.5012290477752686,3.857947826385498
c9fb2b1ab724dcbdb7f3c7dc4833d44c,4,3.4440507888793945,3.250011682510376,4.254266262054443,4.1948370933532715,4.445624828338623
32d4362aa5b86f707ffae33fa94e8804,4,1.144572138786316,0.9532136917114258,2.7350051403045654,0.720980167388916,3.0582504272460938
9c31cac0f5962c8fcd2d52a1043fa925,4,2.8041489124298096,2.951686143875122,4.123989582061768,3.9496915340423584,4.137698650360107
c2b7eb44b14ba5ba4124035427a93ffe,4,2.8962438106536865,2.9577319622039795,4.092758655548096,3.7278177738189697,4.065820217132568
29119360dab910c144d8ae0482504580,4,3.421194314956665,3.584395408630371,4.391550540924072,4.051084041595459,4.301929950714111
c7b7ef84ee010dbf819381d017bf09b6,4,1.5174994468688965,1.788306713104248,3.729862689971924,2.2902133464813232,3.868129014968872
4a80fb00a59318a0773d1a67d9ece82f,4,3.506333351135254,3.278484582901001,4.487733364105225,3.6492116451263428,4.358275890350342
1f38771481b09b834c89014ce68fda54,4,3.0404646396636963,2.737243890762329,4.008373737335205,2.9843382835388184,4.100531578063965
cb6cf713548e758d26e916fbb12045cf,4,1.740683674812317,1.7025021314620972,3.0432944297790527,1.6443177461624146,2.8189525604248047
3ffce4ed4c9d7293ea53c61d99b0e3a4,4,2.951510190963745,2.520989418029785,4.000299453735352,3.5179247856140137,3.8833789825439453
ec5d10894a581d7b19a1a536e463dac1,4,1.8119789361953735,2.131348133087158,3.5686302185058594,2.5800626277923584,3.8179969787597656
70b13095fae162f497f30335d120e269,4,2.6118738651275635,2.4968483448028564,4.089595794677734,2.9641470909118652,3.809863567352295
ef4eb5e9132e73565a90d24a9d2b345f,4,2.994188070297241,2.940467357635498,4.2127909660339355,3.440751075744629,3.87153697013855
81f669b371225a2403a79a72fc489fff,4,3.0510342121124268,2.7283875942230225,4.34045934677124,3.0320210456848145,4.2224440574646
85059ec593f2f3b1de69da3c8e5d971c,4,1.625678300857544,1.7767608165740967,3.137965679168701,1.8103597164154053,2.3722262382507324
760f3540c3589a311ffb54622951c852,4,2.4590888023376465,2.2319836616516113,3.884737968444824,2.649463653564453,3.5735177993774414
4c9369c4ffe4d8f91d2d0670a358a780,4,2.8961658477783203,3.446958065032959,4.288381576538086,3.8907203674316406,4.186075687408447
d15acb1f07510a28a66730aafab68c5f,4,3.0951120853424072,2.965773582458496,3.874026298522949,3.2830286026000977,4.023190498352051
f25e965c14383013540986077f386085,4,2.8284311294555664,2.756011962890625,4.1586408615112305,2.8275868892669678,3.8285324573516846
1a9050c81e7953228783b9568c330aa6,4,2.7121424674987793,2.289412021636963,4.100503444671631,3.6508660316467285,3.85225510597229
9bdb9b54288db4f9051cd270c44d9c41,4,2.171060562133789,2.1825740337371826,3.6539337635040283,2.841827392578125,4.011842250823975
821086c01c3c66ce81e01a9c2d2e2501,4,3.4464728832244873,3.52608060836792,4.30194091796875,4.008940696716309,4.200423240661621
3868d1c72f53ba11f17f1a8f8b9f0b0c,4,1.7798192501068115,1.9565743207931519,3.2975406646728516,2.5694313049316406,3.4813637733459473
4d77373e2a83e833e6eec58b9fb175f9,4,3.397177219390869,3.171882152557373,4.256252288818359,3.9923934936523438,4.342763423919678
ac30e5569406aee50ada49835980dfaf,4,2.1915109157562256,2.498225212097168,3.5869290828704834,2.555414915084839,3.894108772277832
ab0a10435d2c3cc99a1072ba4629eeba,4,3.2523446083068848,3.209183692932129,4.28555965423584,3.7670464515686035,4.4879279136657715
e14d3e57ff92fff5bd1164b4972991c6,4,1.5007236003875732,1.553541660308838,3.1305131912231445,2.306941032409668,3.182382345199585
2e39ceb3277cbc7efdfa1bfff73c0df5,4,2.3850831985473633,2.612006425857544,3.61905837059021,3.154564142227173,3.4416441917419434
42dcb3b419304ac4027c0df5d799764c,4,3.2045860290527344,2.8156888484954834,4.159959316253662,3.7079226970672607,4.270003318786621
7d9ec32ca29acfdd4b2b4cf6e6ed5d6c,4,3.152891159057617,2.8440279960632324,4.097810745239258,3.5822067260742188,4.248053550720215
7b9a3a3a0b4a906dab2ab1ac645ca871,4,3.1385302543640137,2.410308361053467,4.286533832550049,3.823136568069458,3.5955395698547363
9f94e1b80389947466e26cbe874aaac6,4,3.247453212738037,3.347403049468994,4.161440372467041,3.7588162422180176,4.33582067489624
c932380e59bd3bfe3d0f5ed5f8838eb2,4,3.4093799591064453,3.231748580932617,4.229336261749268,3.680220127105713,4.162948131561279
1472b5b716e74c9f5a389e9354d5ca48,4,3.6461520195007324,3.500033378601074,4.281525135040283,4.096147537231445,4.428014755249023
fb0932b1986d904d115db02c1f6bf497,4,2.7101047039031982,2.395979642868042,3.9300570487976074,3.160165309906006,3.9145026206970215
a5c92ecf181aeaf49eae939ccb74597d,4,2.84182071685791,3.1321346759796143,4.2526373863220215,3.0240914821624756,3.9554009437561035
14230bcd7c4954a30f585f1f1042db97,4,1.3440994024276733,1.2585092782974243,2.823225736618042,0.872553825378418,3.065638780593872
2ff1323619df31121cb21648afe30e23,4,2.0890707969665527,2.298431396484375,3.528696298599243,2.635925531387329,4.008846282958984
3c9e0c01deb6251c4872a2402b8241fe,4,3.6442558765411377,3.2562766075134277,4.55974006652832,3.7633557319641113,4.447115421295166
f9626814e001cd0ec7cbed0c5acc5e02,4,3.7867367267608643,3.302840232849121,4.597828388214111,3.960353374481201,4.620082378387451
8beab853e2caf2c6bc4b5d4fc0b99cbf,4,1.277854323387146,1.478075623512268,3.098747730255127,1.273587703704834,3.660865306854248
51e1247020d9b7887b0885b576e5461d,4,1.9105783700942993,2.194622039794922,3.9996509552001953,3.0685677528381348,3.9836249351501465
b18523756dff34783f4cd6ba2e863080,4,3.373060941696167,3.241126298904419,4.27793025970459,3.2031569480895996,4.390041351318359
65815982be89d8dad46391222d3061ee,4,3.58070707321167,3.392993450164795,4.629861831665039,3.8380227088928223,4.390148639678955
65ef4faff921c4291d3d73e317e4a750,4,3.5237367153167725,3.1786224842071533,4.291812419891357,3.68752121925354,4.349297523498535
cebe6a36a314e92f7a51044a7fc6167d,4,1.4679499864578247,1.610105037689209,3.2245211601257324,1.2662379741668701,3.3302624225616455
51b0bca97a442dcf651694ed0e2fef03,4,3.1720757484436035,3.078228712081909,4.208677291870117,3.8576910495758057,4.04888916015625
e4fda777981029a75013013228fa4deb,4,3.508760929107666,3.528618097305298,4.416664123535156,3.9568493366241455,4.338040351867676
a4f1a41974ab45b97aabf17b78bc7a3e,4,1.5889838933944702,1.9276010990142822,3.4743926525115967,1.8694980144500732,3.9269142150878906
a4e0f8581d7cee99b54ab86e1735ab18,4,1.2256371974945068,1.2776192426681519,2.974654197692871,0.957573652267456,3.606910467147827
7b7067779612513b3690247b0cce7048,4,3.66317081451416,3.2248690128326416,4.370573997497559,4.254117012023926,4.718388557434082
732e83d260d8792cb5b40fed83ac455b,4,3.0125880241394043,3.3262722492218018,4.291436672210693,4.027307033538818,4.273045539855957
cdc8df63672c088b76aa41d05624b294,4,2.4500112533569336,2.7134621143341064,3.86441707611084,3.186056613922119,3.6414716243743896
fb5e2c08c0919b50e5d0bba6a61d64c2,4,3.7158241271972656,3.4250149726867676,4.7004241943359375,3.994378089904785,4.570330619812012
b2a8e4704c1acabf8e3b72696751c3e0,4,3.082491159439087,3.2204363346099854,4.414922714233398,3.3612518310546875,3.9774184226989746
f1f774560b5de305a2fae674538c62af,4,3.1412739753723145,3.397451639175415,4.270452499389648,4.255324840545654,4.305756568908691
cf6190bfe7cfc7f09ea73e4cd7e61d25,4,2.8574278354644775,2.9227051734924316,4.163053512573242,3.864126443862915,4.118165493011475
c3570e3ae361561b243bb4e77d1211ca,4,3.444956064224243,3.298337459564209,4.454451084136963,3.639976978302002,4.24576997756958
4fb969e1cc191c96faada899e077b57a,4,2.625418186187744,2.8087496757507324,4.021812915802002,3.6775364875793457,3.8778676986694336
6e92e5acb280e50e15c9912db145d9c6,4,3.2509965896606445,3.3923556804656982,4.248047351837158,3.8876121044158936,4.173954010009766
0d47aed37e8bffba543911a9f401f72c,4,2.9763271808624268,2.7391889095306396,4.152000427246094,4.044204235076904,4.120371341705322
af73950ed1962ff967ec976b14744b78,4,1.452713131904602,1.407731533050537,3.2928004264831543,1.1348681449890137,3.4204177856445312
b77faabcfdf3fc7ca8a0fe9ea3c1423a,4,3.234785556793213,3.190060615539551,4.420712947845459,3.6472787857055664,4.133887767791748
3a9a1d28400675babd2df4b14f859227,4,2.6345949172973633,2.629655361175537,4.040539264678955,2.971848964691162,3.903132915496826
5111722e5ad9c33aeeeb8089aaa9afea,4,1.5124719142913818,1.4645599126815796,3.214836597442627,1.161794662475586,3.692836284637451
88477573b75c6bf8c5aa6b403557b9e2,4,1.8710246086120605,2.0828051567077637,3.478996992111206,1.914851427078247,4.16251802444458
3b9224171dfaf1c3b46ccdcff744c7ec,4,3.829169988632202,3.6257617473602295,4.696340560913086,4.060851097106934,4.747671604156494
71e5e0819208e7db7ae90fca2f67d4d8,4,2.838359832763672,2.885972023010254,4.165323257446289,3.436546564102173,3.7338101863861084
ba7a8cd1e8f4f49e160c81b6c2a6e2f3,4,3.268826723098755,2.7144455909729004,4.134781360626221,3.309072971343994,4.28507137298584
02cca79c424b4393757d5708fa53b33c,4,2.941145658493042,2.446253538131714,4.0444841384887695,3.449639320373535,4.096014976501465
bfd87ced8a309bcb2fc72d4ca54f57e5,4,2.961890697479248,3.345078229904175,4.33668851852417,4.146223068237305,4.282619476318359
cc56d93df05844ce3d2f16f82d5f7819,4,2.5752906799316406,2.2925074100494385,3.989745855331421,2.791938543319702,3.7294061183929443
e9f6a8797b9c3f80685b351e9d5efae0,4,1.961954116821289,2.2428863048553467,4.019501209259033,3.0326404571533203,4.022201061248779
ecfb0c7b0fb52f56c6ddd39c06059ab4,4,3.3107893466949463,3.1526873111724854,4.046532154083252,3.6361982822418213,4.19097900390625
a1d4b06f7047e23de9feddb707f60510,4,3.028768301010132,2.198063850402832,4.005361080169678,3.3329858779907227,4.175868988037109
ed35580a9483c51ff243f726e3e7fd84,4,1.6276686191558838,2.0018582344055176,3.430713176727295,1.7352439165115356,3.847571611404419
2ab589e895f7795c3818aee52f79b48f,4,3.061063528060913,2.5955886840820312,4.1041998863220215,3.1983020305633545,4.102748870849609
69cadab2ad804bc5c099ab698b876641,4,3.4497194290161133,2.8734474182128906,4.323483943939209,3.9654901027679443,4.377617359161377
7eb5498ad8ecc951cafd6bd69ff6f9c0,4,1.3471237421035767,1.6974084377288818,3.196685552597046,1.2592971324920654,3.776921272277832
c0658867816f3836418c2a2800f0305a,4,3.3197379112243652,3.1437149047851562,4.283918857574463,3.5493533611297607,4.315500259399414
a0729eebbbcbe8c9274bbbc2eb6f85b1,4,1.3055869340896606,1.4638479948043823,3.054980993270874,1.128434181213379,3.408080577850342
6e6e4e5ac9982db6153374b9bdb2c967,4,2.775035858154297,2.325075387954712,3.8961100578308105,2.9238600730895996,3.688750743865967
115d4b3bc91004b760163955fefd8917,4,1.30556321144104,1.3653675317764282,2.98152494430542,0.6471855640411377,2.8280491828918457
4c33885321ef73fa6614b48dea3dc5ff,4,2.9043898582458496,2.809396266937256,3.893698215484619,3.0267655849456787,3.983445644378662
f72021f7a31f12ba24ff38ca238f5a5d,4,3.3692283630371094,3.316243886947632,4.3892669677734375,3.541311502456665,4.157777309417725
f0f0cc14399a71ee6432f7735ae0cc4c,4,1.6611523628234863,1.7851747274398804,3.2735893726348877,2.5368752479553223,3.364445686340332
3bf2e314a59a996d673b0f2a652a9f50,4,1.530619740486145,1.6772103309631348,3.3849949836730957,2.1371726989746094,3.667534112930298
3cf201921e65f2b8ecce89168fdb955d,4,3.144723892211914,3.005391836166382,4.230003356933594,3.7990829944610596,4.291487693786621
2143304011f3bc0514a8899d3d1ae826,4,2.868034839630127,2.23146390914917,3.9576194286346436,3.170498847961426,4.073668479919434
c358b4cb2c4e3a2d83bef630175daec5,4,1.1869615316390991,1.4891449213027954,3.242605686187744,1.1778504848480225,3.8320624828338623
28ce7d92e4db5b7b575afcb64f5b76f1,4,1.9746860265731812,2.2059881687164307,3.9636712074279785,2.9910006523132324,3.988663911819458
fe876973b4301e3d26c1e2dcea2abe92,4,2.7873990535736084,3.040806770324707,3.9546923637390137,3.9836554527282715,4.091938018798828
30ff40fb1f1ce6a5d80ef256327ed6e4,4,3.484994888305664,3.4833381175994873,4.140380382537842,3.681267738342285,4.405716896057129
1dc0135c69833315906585f717f230f8,4,1.6748316287994385,1.8937153816223145,3.8969051837921143,2.7252161502838135,3.978844165802002
fa3e88bc7fb2350c83a133896ddb347e,4,3.027029275894165,2.552215099334717,4.106498718261719,3.430065631866455,3.9414494037628174
0cde895bc0526d3ae7dd2204c58401f4,4,2.568279504776001,2.744246244430542,3.963463068008423,2.627892255783081,3.75610089302063
252a39ba4ebde9e5e2b654270a3e3a79,4,3.2589240074157715,3.1799683570861816,3.887892007827759,3.421644926071167,4.173374176025391
1b1544fa302627a59c3400b447c1e5ac,4,4.021947860717773,3.954080581665039,4.866311550140381,4.0508246421813965,4.816197872161865
08f553a00dd743902fe02cb94b072b53,4,3.142116069793701,2.961346387863159,4.242315769195557,3.532951593399048,4.089382171630859
7e91873fdaee1604a82e70f1fe7daa45,4,3.792447090148926,3.565253257751465,4.316051006317139,3.9774932861328125,4.515711307525635
f702cc1dc4fc91c70b0cca6c5ddc4954,4,2.8654520511627197,2.6880459785461426,4.15150260925293,2.7606101036071777,3.8362293243408203
0940c297e334427f7a85c9e5183c2b3d,4,2.681428909301758,2.4004299640655518,3.9050750732421875,3.100881338119507,3.8323440551757812
a1601e1bfb3d35c896df621dd831e672,4,2.5963528156280518,2.847334146499634,3.837416410446167,3.0490479469299316,3.621392011642456
a3d4088d740a228e49de3e0ab346e156,4,2.772050380706787,2.6452252864837646,4.035131454467773,3.1007497310638428,3.7809243202209473
31d6bd45b1e286991ec7ed3e0750eec1,4,3.591020107269287,3.1787405014038086,4.631067752838135,3.925117015838623,4.554271697998047
3d296ceb4aaf854f932fb64a3636f3b9,4,3.0880579948425293,2.6950809955596924,4.130059242248535,3.8789172172546387,4.064242839813232
cf96283f79d7da7e5c74608b6bc90cc4,4,3.4294826984405518,3.602651596069336,4.2860822677612305,3.949061870574951,4.290221214294434
3732fbb87462f873f1617f0c9a049817,4,1.8022140264511108,1.814148187637329,3.422881603240967,2.9050676822662354,3.369847536087036
2d6fb9204457a491d3b642f7a7eaee60,4,3.5491466522216797,3.5681941509246826,4.369970321655273,3.871027946472168,4.337062835693359
cd27c9169497dda1a934034622579951,4,2.4637441635131836,2.197827100753784,3.6757984161376953,3.3531265258789062,3.1427013874053955
3588b497555666d0ccd94fcb63a48048,4,3.379927396774292,2.9596216678619385,4.218879699707031,3.9586429595947266,4.33251953125
fdcbe3ab9fb141db998cda9945fc9600,4,3.1702356338500977,2.7349801063537598,4.154116630554199,3.9254069328308105,4.128580093383789
b8a7b570e85358b034c1c8ea31685839,4,3.733609437942505,3.653806686401367,4.438022136688232,4.027967929840088,4.539203643798828
abd033282a02706ca33c781006afd3e6,4,1.827780842781067,2.1196045875549316,3.578171491622925,2.4316976070404053,3.9267866611480713
63674e02fb1fc950147311828124d9f7,4,3.1900036334991455,2.5760185718536377,4.2795891761779785,3.761244773864746,3.6970160007476807
c9c225fde6118b2a7b915c6b66811d87,4,2.45145320892334,2.057570457458496,3.821462869644165,2.972595691680908,3.237806558609009
188036f0cd7d09aca0a2b804c8032252,4,3.712357521057129,3.3888893127441406,4.099580764770508,3.9105172157287598,4.657373905181885
1b496fe4707a3068e868d8928eab2411,4,1.9436373710632324,2.0581490993499756,3.6671719551086426,2.4505786895751953,4.084280014038086
f3d59d1693aaf8901142d52186aa842e,4,2.776134967803955,2.6170434951782227,3.8268566131591797,3.2008602619171143,3.760347366333008
d9ec23bb206f9b8a667a8803c0b9445b,4,2.8052656650543213,3.0196049213409424,4.177806854248047,3.7238638401031494,4.080844879150391
8adddcf3ae25239f23d932f38a9caebc,4,3.4407126903533936,3.2588768005371094,4.04438591003418,3.700864315032959,4.3502302169799805
10c3cff9f51b05c2bd9b93f86a108847,4,3.864194393157959,3.422745704650879,4.705052375793457,3.8871512413024902,4.638679027557373
14e1342d97d312dcc9bf86ee1fe5ed8d,4,2.536635160446167,2.3682501316070557,3.6514387130737305,3.548739433288574,3.361224412918091
5eecd3c6f91d9a32544600a37f03aa75,4,2.3860995769500732,2.1862311363220215,3.9370718002319336,2.134188652038574,3.8802080154418945
f52d53f2c850f82ae5d70e57578af517,4,3.0810177326202393,2.7388103008270264,4.167813777923584,3.380333662033081,3.9689528942108154
e8deec0e246f824719f27b02d1c7dc1c,4,3.8996121883392334,3.853644371032715,4.801395893096924,4.029750823974609,4.632468223571777
9111eef1deed627fa63ac93557c51581,4,3.1512041091918945,2.4629151821136475,4.17445182800293,3.7994203567504883,3.9365642070770264
51d0aa2bdd06c0d267790b4501b23110,4,3.223445415496826,3.329857587814331,4.352282524108887,3.8343913555145264,4.232320785522461
edf8637197541810da131bd5b77948fd,4,1.8531324863433838,1.9747092723846436,3.683159112930298,1.7548584938049316,3.2722063064575195
408c945d96143a5f455e520c944c5a53,4,2.919813871383667,2.9548051357269287,4.299875259399414,3.1284286975860596,4.187745571136475
0dde1a9f14d8066d1ece4a5844d0b7ad,4,3.237727642059326,3.281451940536499,4.284533500671387,3.863955020904541,4.029207229614258
97d3e1b447981ff4615cefabcdaeac06,4,2.9772000312805176,3.0992050170898438,4.143664360046387,3.994119644165039,4.003965854644775
2f4f07d1cb6d871ddcc5b387e6dacb14,4,3.937938690185547,3.860506772994995,4.512358665466309,4.108375072479248,4.743394374847412
b912e67ecef7104ed2326a3d5474ae21,4,3.615851402282715,3.3974645137786865,4.665813446044922,3.7710652351379395,4.362785339355469
de502654520047c37c1288ec303a679a,4,3.1731221675872803,3.5220086574554443,4.555714130401611,3.5390937328338623,4.259982109069824
30d7644c85dc90db752182ee70de28d8,4,3.769714832305908,3.5518789291381836,4.667694568634033,3.9368717670440674,4.6178364753723145
3172e34cbce80002e52a7ce94d4027a2,4,2.410452365875244,2.1312153339385986,3.740063428878784,2.693387508392334,3.663092851638794
46ddc874879fcecdb640bd299ca6a06b,4,2.8766045570373535,2.3759915828704834,4.082254886627197,3.0049259662628174,3.726978063583374
ff6d02995aa83b47fde43f39df957ee4,4,1.2755165100097656,1.3587785959243774,3.593736410140991,2.027539014816284,3.7056636810302734
f2a8cef6b6dbe7b40950afd547a49cb5,4,3.613985300064087,3.2989819049835205,4.562744140625,3.8381032943725586,4.5034613609313965
5aaf9d20b8fcc9216982a03b369f05a7,4,3.134711980819702,2.9917426109313965,3.980377435684204,3.1830224990844727,3.945586919784546
a2b0758beae33b87ac100531ecf57f98,4,2.837320327758789,3.158291816711426,4.149516582489014,3.788968324661255,4.058699131011963
ad4c68ff7c5fc378160da75d6beff204,4,2.97402024269104,2.423442840576172,4.213019847869873,3.4209065437316895,3.6600069999694824
94819195d421d0c19cba71b5961142d9,4,1.6248801946640015,1.8687682151794434,3.404027223587036,1.8619290590286255,3.7351651191711426
3fc6e8f2c466b5935830b1a975087d6c,4,2.8184351921081543,2.8097431659698486,3.9789650440216064,3.1132469177246094,3.74603009223938
6dc5d0a5dd019097f664b99ebd4e956a,4,0.9810028076171875,1.173998236656189,3.123322010040283,1.318357229232788,3.060865879058838
7563e77b0aa67564b928db086188547f,4,2.493155002593994,3.0311317443847656,4.115848064422607,3.4185848236083984,3.7924416065216064
13ae06f3c663e0cf79b710fdbaeaa911,4,3.333022356033325,3.464933395385742,4.282090187072754,3.856943130493164,4.172521114349365
2ad53d04b20e249677f1eaff07b54403,4,2.0236194133758545,2.2987849712371826,3.580249786376953,2.278646230697632,4.098784923553467
e9bd08a8add14b870bfca562b7003558,4,1.2840629816055298,1.4352089166641235,3.104814052581787,0.9544696807861328,3.7282629013061523
b2c7a4d1e763e7ccdb28770e255beed5,4,1.7146000862121582,1.9083738327026367,3.855072259902954,2.723827362060547,3.862996816635132
9a08779421c14168081a0e46bb3fe0ca,4,3.0795562267303467,2.9328033924102783,4.101720333099365,3.2092337608337402,4.123903751373291
19c1d3d2f4c7a9dddafa107c54d091a0,4,3.3509042263031006,3.0546631813049316,4.275613307952881,3.6757333278656006,4.278874397277832
05f95ff07c2b1f1686573db6607af57b,4,2.651717185974121,2.5923004150390625,4.035317420959473,3.5399575233459473,3.8916828632354736
9a781ecedfa3fc9404e0f22fb8f2f696,4,3.6106252670288086,3.169414520263672,4.337822914123535,4.2145466804504395,4.75462532043457
b7e3e357035545f3ce6063eb864bb3f5,4,3.259549140930176,2.7414140701293945,4.415744304656982,3.425025701522827,4.361692428588867
179c76dbf99c57ed2ec3a48ce05cc1e8,4,1.5673686265945435,1.5976340770721436,3.125688314437866,1.391319990158081,3.693547248840332
5748ab5f534671ab7465ea832db3e11f,4,1.2204903364181519,1.0452426671981812,2.83939790725708,0.7741498947143555,3.395251989364624
8006cba919f7b2ab66ea51a26b10b575,4,2.96274995803833,2.295971393585205,4.212212085723877,3.2567973136901855,4.064455032348633
6798c4d79c8fe08714215e0c97ff5797,4,2.6202802658081055,2.8044183254241943,4.109374046325684,2.9810216426849365,3.6420235633850098
170479754bcb2fd2e9a868f2a605fe87,4,3.170056104660034,2.6963555812835693,4.059617042541504,3.977151870727539,4.026323318481445
0be23161967d8aa00bc48726ef875ca1,4,3.173609972000122,3.147980213165283,3.925652027130127,3.570420742034912,4.228303909301758
9e3681c17143149567d35656c89dc3a1,4,3.244598627090454,2.781440496444702,4.225532531738281,3.5145504474639893,4.204631328582764
22383b96a1a6b1ed2f86d0f6a0faa338,4,3.6845293045043945,3.1931073665618896,4.466710090637207,3.9663615226745605,4.482302665710449
7e65b98decfcac7188346f0b979d94eb,4,2.5530648231506348,2.6652252674102783,4.037442207336426,3.0878124237060547,3.6254873275756836
704d54c23e109b79067c623716b5782f,4,3.8432939052581787,3.6467576026916504,4.61936616897583,3.9720914363861084,4.70810079574585
cd68865fbf26ec8455c02f4345e02126,4,3.995347499847412,3.8710403442382812,4.7912139892578125,4.125640869140625,4.838037967681885
57211907b6ff41c1d86ff3657e610947,4,3.975410223007202,3.757467746734619,4.751142501831055,4.188930034637451,4.818492412567139
cdb0cbf2f5f805345940e42347952e57,4,2.8984434604644775,3.1952176094055176,4.316714763641357,3.883369207382202,4.227972984313965
b8059770bac589e56569bb12b2fba0ef,4,1.8629674911499023,1.8815033435821533,3.4373574256896973,2.9263992309570312,3.4827675819396973
30054dd3c7d7eae1f6dfb537a77059a9,4,2.1585559844970703,2.202122449874878,3.693352222442627,2.8464818000793457,3.895883083343506
4ccabd8e1116a933250a3dd07ce7df53,4,3.1561899185180664,2.820904016494751,4.181206226348877,3.3239922523498535,4.123528003692627
7edc4cd190335e16991be7337c9fe0b2,4,3.745607852935791,3.601421356201172,4.571065425872803,3.7275092601776123,4.569812774658203
eb8517e721434fe0d002263443bda0b8,4,3.394826889038086,3.0233006477355957,4.546721935272217,3.268871307373047,4.498047828674316
0e181a87af53ceaa7911ba5eb007d447,4,2.972554922103882,2.6871633529663086,3.9723689556121826,3.163210153579712,4.051095962524414
bfcf434ff73342e456841c8c44939cf9,4,2.041367292404175,2.2827415466308594,3.7792177200317383,2.814990282058716,4.138094902038574
cd193c33194fdb1734e93ef55df49d3b,4,2.9456870555877686,2.6448051929473877,4.111952304840088,3.813310384750366,3.7133405208587646
d90972ae85870be6224c1ecb4c03fa1e,4,3.366088390350342,3.232930898666382,4.517391681671143,3.7200841903686523,4.352256774902344
7dfe22844e16eb6f8bf6d333f7dba7b3,4,2.974421977996826,2.3765389919281006,4.085749626159668,3.221005439758301,3.804701805114746
7928489d86f07d29feaee594a4c3af6e,4,2.6636533737182617,2.5297305583953857,3.906074047088623,3.619750738143921,3.4636266231536865
9d188ad050e2fbd4f0b08506062836c6,4,3.198272228240967,2.81394362449646,4.1954240798950195,3.519200086593628,4.1764655113220215
550cd653d05becc0cb8f50e7853d8e96,4,2.8427462577819824,2.443894386291504,4.094000339508057,3.411057233810425,3.4164695739746094
1a6135d08342112e48f5ee46b63d9868,4,1.389744520187378,1.679619312286377,3.105109214782715,1.4370408058166504,3.6029739379882812
b4457400b4488f95db848b2d591d0e3a,4,3.4359443187713623,3.089826822280884,4.19776725769043,3.837873697280884,4.365811347961426
8002785e36edaa2b1df1273663e3a5e4,4,2.952791929244995,3.205779790878296,4.100602626800537,3.7630629539489746,4.0281500816345215
aea08c22ffa0c97a0be31cb75f65395b,4,2.901313066482544,2.813678741455078,4.096975326538086,3.754061698913574,4.023172378540039
1a842de5b361f8b5863b198a7ee429fb,4,3.6461894512176514,3.584658145904541,4.198976039886475,3.8594820499420166,4.6582159996032715
59b85fb17a428bd501955f83d264946f,4,1.734598994255066,1.7032413482666016,3.1779396533966064,2.437546730041504,3.1947646141052246
bf60de3ea97fca4f5284a339bc956924,4,3.140000104904175,3.094698905944824,4.145230293273926,3.316734552383423,3.9923198223114014
d42513a34d02d7be1df9ce9753025156,4,2.486947774887085,2.5726852416992188,4.0446858406066895,3.577784776687622,3.8828959465026855
43cb26436b0668c5f56e338139a1f6dc,4,1.860852837562561,1.7652888298034668,3.4293642044067383,1.5374336242675781,3.280360460281372
a51ef4fcc68603b64a5c764ef748dda3,4,2.869696855545044,3.103602170944214,4.200472831726074,3.959678888320923,4.135544300079346
3bc8b57a84c619c884c9247c350ca4db,4,3.766523599624634,3.620546817779541,4.634809970855713,3.965925455093384,4.650961875915527
76426f0706194331a12063f2e62bb629,4,3.0335004329681396,2.6859891414642334,4.043394565582275,3.508770227432251,4.199263095855713
ca23bda44f3f530367545f6b4261642f,4,2.628322124481201,2.2224583625793457,3.9207072257995605,2.8913190364837646,3.9067955017089844
104096f8da7ace5eba87f37124958c82,4,1.8935694694519043,2.17642879486084,3.9962942600250244,3.0738399028778076,4.018830299377441
6de726dc23d4c6e10c673769aa37d9ba,4,2.862090587615967,2.9497759342193604,4.129247188568115,3.7064101696014404,4.091305732727051
aba02944848073e0382049e3668977b3,4,2.6210150718688965,2.3458900451660156,4.0500946044921875,3.204814910888672,3.3517401218414307
a7c08ad36537a739dbaaba337ffbdfc1,4,3.3632736206054688,3.058974504470825,4.180008888244629,3.816924571990967,4.328591823577881
706f0bb4b80ebb09a875384b6405e431,4,1.8827834129333496,2.1190905570983887,3.9509575366973877,3.004859447479248,3.9992384910583496
c4d8ad1cfed11bc73595730ae6553258,4,1.4218822717666626,1.337117075920105,3.132063865661621,1.0781705379486084,3.3137030601501465
ba59e39e99ba08981525026525daa710,4,3.6875510215759277,3.7645342350006104,4.341663360595703,4.083592414855957,4.633561611175537
3387e9f7c5e9a3106e0cd8e0227273a9,4,1.4364378452301025,1.5875589847564697,2.998919725418091,2.126953601837158,3.0187737941741943
a5a135d5cbce220fcf75e4a0c600ce37,4,2.3293356895446777,2.24503231048584,3.625316619873047,2.3363795280456543,4.3310546875
84c911daf26b6d87792b99bd986bfd48,4,3.3204941749572754,3.203242778778076,4.325992584228516,3.391596794128418,4.207124710083008
4d29fac59995a75d7b248082051d1135,4,3.579681158065796,3.038952589035034,4.4616289138793945,3.924870252609253,4.324173927307129
0c6ee8d652c067a5735999c0d7012333,4,1.9880317449569702,1.8270654678344727,3.5457653999328613,2.3298845291137695,2.8956804275512695
9e3073820d7cf1e86e1e470534b20597,4,1.7646379470825195,1.929997205734253,3.279543161392212,2.6460793018341064,3.3850507736206055
267c4b0004df56f6a1ffa125a8a9a0ab,4,3.2735812664031982,3.2318341732025146,3.999115467071533,3.7337677478790283,4.151464462280273
f995ef70c74b3e80a6a21219a634ef28,4,3.958037853240967,3.688572645187378,4.857828617095947,4.04086971282959,4.551219463348389
b493b735c14e1ac69f35e2bffc8e6146,4,3.2474498748779297,2.789741039276123,4.141793251037598,3.5522308349609375,4.135711669921875
3b0811d22e0e9467bb0d62fd5d5c2cf3,4,2.802635669708252,2.5770883560180664,3.9122607707977295,3.2394165992736816,3.9657340049743652
4ae6596e76cecdbc2d209b9f844fbb52,4,3.0148684978485107,2.7407405376434326,4.074071884155273,3.0567073822021484,4.090258598327637
ebd625fd9bb02e11c35526b62210716f,4,3.394096851348877,2.9725615978240967,4.2841949462890625,3.753798484802246,4.212560176849365
f68eb8cb3d97f5d2c6176899f739e14c,4,2.1276755332946777,2.2370095252990723,3.6981706619262695,2.7945215702056885,3.9843389987945557
47ce04c2a078cf0c59a051329ae9ac84,4,3.4831464290618896,3.1618094444274902,4.479212284088135,3.7398393154144287,4.440372467041016
e319b3e62c00e58f13ca8f0c66368032,4,1.779694676399231,1.9122079610824585,3.9274940490722656,2.908862590789795,4.011285305023193
dd902918783dadf4298aa414f1438402,4,1.5880721807479858,1.674149513244629,3.646437644958496,2.5303125381469727,3.67692494392395
9328dca1f55c8ee906897d6bf269e928,4,3.1718430519104004,3.124985456466675,4.375411510467529,3.492267608642578,4.0457048416137695
884cc6d2c3382fc64b9d73f3e8bcfcc3,4,2.8528599739074707,2.28663969039917,4.067220211029053,2.9928529262542725,3.956838846206665
57ff2911c0947ebd40b98cc2a6d1d6c6,4,2.137544870376587,2.294238328933716,3.6619296073913574,2.7144486904144287,3.6287074089050293
07bcc721bc77aeca78409091ec0a2efd,4,2.952306032180786,2.736786365509033,4.006568908691406,3.3402676582336426,3.8887779712677
8902b22a4b5deeae3a99b9f45f50dbbc,4,3.1255197525024414,2.8552088737487793,3.9272301197052,3.3815760612487793,4.012576103210449
ced45cdd1606800727f3cf2211b21442,4,3.667576789855957,3.5175890922546387,4.103977203369141,3.8050849437713623,4.46821403503418
6b39be0fb1958713b8ff9a366c812767,4,1.3197221755981445,1.3096681833267212,3.2881479263305664,1.9064942598342896,3.434293031692505
b3538206b49f50997d20f64216ba990f,4,3.6614673137664795,3.488553285598755,3.998676300048828,3.777869701385498,4.511569023132324
f5522e173ac7f1b14b13c00f93169293,4,1.7930742502212524,2.0015172958374023,3.3849804401397705,1.930672287940979,3.4458208084106445
f94b4edd540f90c26b9619cc48d0ffa8,4,3.2113025188446045,3.3046481609344482,4.323234558105469,3.6576144695281982,4.094241619110107
7565a20c559e34e47b0ea3744c690679,4,3.3775389194488525,3.3828296661376953,4.446208953857422,4.146729946136475,4.171219348907471
899e6081d714f15fb60dc13b0fe9bb2a,4,2.740149974822998,3.0961461067199707,4.075988292694092,2.980600357055664,4.068325996398926
fe012786deb0c930d45f81fa7165e772,4,3.3337044715881348,3.427084445953369,4.314342975616455,3.8092312812805176,4.246105670928955
e7b1fcdfc46ab656e31fc7b27d5497ac,4,3.103692054748535,2.90850567817688,4.0204176902771,3.5268337726593018,3.9277093410491943
4e1590aa021eb9245dd66121e9d4461b,4,2.772681474685669,2.8365750312805176,4.042991638183594,3.4032325744628906,3.797670364379883
d66efca745e3fc26d7473278ebff714e,4,2.822744607925415,2.5805628299713135,3.841219902038574,3.052015542984009,3.8100976943969727
10fff71b271561faa6462e16f499bf1d,4,1.3508319854736328,1.706611156463623,3.1682276725769043,1.2659015655517578,3.748427629470825
a43e71a7378313980f85cf4df77908d3,4,2.9493556022644043,2.824389934539795,3.8848154544830322,3.0293331146240234,3.9523775577545166
af9613c6f589993d60952d35a2640db5,4,3.142979145050049,2.6533424854278564,4.113012790679932,3.581144332885742,4.291244983673096
8a9084b599d2412c867314a49c8bdf1e,4,2.1942546367645264,1.898409366607666,3.554485559463501,3.245230197906494,2.7349555492401123
f0b26aa6a16527e434f249c76da54a5d,4,2.251526355743408,2.3210678100585938,3.7904136180877686,3.1640470027923584,3.6878268718719482
dfa8bc10db4be2114b23bbd8754029cd,4,2.2481837272644043,1.9293904304504395,3.861056327819824,2.613201141357422,3.4798011779785156
71a5b86d81b2d054d62799ed8dd8c495,4,3.805523633956909,3.239881992340088,4.6340532302856445,4.135885715484619,4.614702224731445
2c53d1102db2400900a8d11be646a1f8,4,1.3041821718215942,1.5902758836746216,3.279604196548462,1.3116588592529297,4.009662628173828
5a81a4aa20122bd6a4c4c1bf6f94c8f9,4,1.6782267093658447,2.0633277893066406,3.3720901012420654,1.922416090965271,3.7933719158172607
e6b660d9721dd8689607e41839438a9a,4,1.9764928817749023,1.8002997636795044,3.6725544929504395,2.6029703617095947,3.3894739151000977
64294bcfbdbbeb451311e13043415dc4,4,3.4573240280151367,3.267241954803467,4.031688690185547,3.6610615253448486,4.370131015777588
d06bee43baf29eb7890e1d2cffca5269,4,3.169581890106201,3.300443649291992,4.254922389984131,3.5770773887634277,4.092174530029297
c6c7c7dc9240ee0ec75865db8559c490,4,2.747429132461548,2.450998544692993,3.7832679748535156,3.148674964904785,3.834048271179199
c5e47e70269ba2d6e52f6cfc31089412,4,2.0226686000823975,2.0548205375671387,3.4266200065612793,2.0465774536132812,3.995917797088623
52abda359dbe07c534dd3e06e537f071,4,2.6471621990203857,2.0421247482299805,3.8125128746032715,2.758969306945801,3.7151260375976562
fac639768233d77d8ddc36316d0b0860,4,3.3341054916381836,3.5363776683807373,4.354492664337158,3.9529449939727783,4.304612636566162
6151354118ac7c371918c8a07b16ea25,4,3.418175220489502,3.280895948410034,4.32645845413208,3.846503257751465,4.1544036865234375
eb8bd33f784170c3a9fb95cd64936d81,4,1.6706792116165161,1.735376238822937,3.1952075958251953,2.500913619995117,3.230517625808716
1bb02f152e3147729422a5c9cc85da69,4,2.987928628921509,3.358081579208374,4.242700576782227,3.885802745819092,4.168912887573242
cdd76ceca4c4a540f54436ac886e2001,4,2.032953977584839,1.7438968420028687,3.534853458404541,2.600987434387207,3.1737558841705322
a51164f1d3aba0824f28650dc5aa10d8,4,3.1934902667999268,2.8617873191833496,4.136983871459961,3.991873025894165,4.135365962982178
c51ba1f03fcb38698abb8ffe83c454de,4,2.8383710384368896,2.7689099311828613,4.023691654205322,3.0823793411254883,4.150524616241455
968e2278a0ac8a80e160bf6529232fcb,4,1.3690787553787231,1.500901222229004,3.08504056930542,1.1874303817749023,3.520139455795288
4ed68911d3447ace50bfce2db95a4b52,4,2.835242509841919,2.732588052749634,3.945659637451172,3.2731800079345703,3.900325298309326
aedf5071a32f1700dcd5c2d823c75413,4,1.8090696334838867,1.960382103919983,3.349011182785034,2.5125670433044434,3.6028881072998047
0c46fa076699cf5ba0fb7b89e83ac736,4,3.0858070850372314,2.496199369430542,4.3260674476623535,3.244307518005371,3.984757423400879
4ed47fd2f8a8c3752ed9b50d7fad2dc7,4,3.1539461612701416,2.9584717750549316,4.279101371765137,3.4538443088531494,4.2556681632995605
6368169ecc37ba8c06266139abe9d6cc,4,3.23445200920105,2.6930899620056152,4.312262058258057,3.3614234924316406,4.165186405181885
5a017fbb67f0a05564a1ddeebab213e9,4,3.023550510406494,2.957822322845459,4.081809043884277,3.5098671913146973,4.061191558837891
afc6f42a30f9e4eeb82b08bf2fffa845,4,1.9559475183486938,2.223940372467041,3.4471893310546875,2.0318808555603027,3.990175485610962
35ae4d06aadf65f79717299672b754eb,4,3.800562858581543,3.6240015029907227,4.526515960693359,4.1430134773254395,4.723789691925049
00f1934a1d0f24aa45f7cc3cf96c7003,4,2.04601788520813,2.1546554565429688,3.5109636783599854,2.2919116020202637,3.8673624992370605
202aa27ae14922c399eca8a637fdeba2,4,1.3193492889404297,1.5669094324111938,3.2056307792663574,1.4338021278381348,3.7436635494232178
3f6d2d4d2bcb59dcd35e65711da7e202,4,2.7679810523986816,2.438603639602661,3.770451068878174,3.0748634338378906,3.3940134048461914
177eaec2d01b7735ec2e469b0029cb3c,4,3.530827522277832,3.213761806488037,4.387657165527344,4.072655200958252,4.452878952026367
ccf4d08c9c455e0f088a72fc24b2e1cc,4,3.330284595489502,3.282973051071167,4.341704845428467,3.6986005306243896,4.174652099609375
c9465b5c80bd73dd133bbc1efe965598,4,3.2278952598571777,3.0708632469177246,4.292835235595703,3.3198015689849854,4.176198482513428
6559b2cc93aed590452dfc6dc4a519b1,4,3.1027607917785645,3.0736725330352783,4.173097133636475,3.696101427078247,3.938131332397461
b2a6568c113b4ad36f6bd6124f3279bf,4,2.384777069091797,1.8000094890594482,3.7011613845825195,3.245327949523926,3.1858301162719727
3824db3346b09c52fd107631ce1b588d,4,3.905458450317383,3.4998056888580322,4.184075832366943,3.8142690658569336,4.745547294616699
05435307797fc155e063f0e6a33cedcd,4,3.608551263809204,3.358839988708496,4.132434844970703,3.8689422607421875,4.504160404205322
8c15dbc8fe94a04688a47f70dd862205,4,1.310765027999878,1.5780583620071411,3.2280774116516113,1.3280694484710693,3.938523054122925
6fab56a5acfda0daf4b92d9cd6d7f507,4,1.661317229270935,1.5689313411712646,3.095539093017578,2.540452003479004,3.175313949584961
b8b322d479891da624b1430c0b0b326c,4,2.4183764457702637,2.51171612739563,3.813849449157715,2.8274476528167725,3.1566803455352783
a7f08bca0e96f03a70a24284e614735f,4,2.499582529067993,2.8786749839782715,3.9226908683776855,2.9685397148132324,3.8839714527130127
df7facdcc55c432797a0e19a0827daa2,4,1.869329571723938,2.1104793548583984,3.5702743530273438,2.5033717155456543,3.8282175064086914
485c4022f7665276750cd7d0ce8d4e34,4,2.488970994949341,2.8280458450317383,3.941098928451538,3.429802894592285,3.811398506164551
e5bec1690d96db1248f74e24db30d732,4,3.056669235229492,2.7793145179748535,4.0819501876831055,3.0908780097961426,4.078969955444336
4bdd7723157063e13f7f64326d9df8ec,4,3.675455093383789,3.7731502056121826,4.391029357910156,3.835045337677002,4.4366230964660645
da5614f61d5cccd071160b4dbb55aaf2,4,3.309490442276001,3.425642490386963,4.302201747894287,3.88969349861145,4.192430019378662
56c4f9f80d2eafba01a702884a088ef0,4,2.2139885425567627,2.48162579536438,3.829340696334839,3.1185426712036133,4.128899574279785
8413b271db0189ae5a3fafc46912527c,4,3.125051259994507,2.988416910171509,4.174952030181885,3.6226108074188232,4.163130760192871
8aebf80d557ae694fab6e415fa3c1af0,4,2.7312235832214355,2.350741386413574,3.971086025238037,3.1948981285095215,3.8572897911071777
28f51df4a138218a705eb1301d3262ed,4,3.314819574356079,3.241480827331543,4.255012035369873,3.7625865936279297,4.345377445220947
165400b2932337665a5ca751b7fabd78,4,3.291135549545288,2.993772268295288,4.102423667907715,3.6630241870880127,4.164414405822754
e8a0f642d8c2d59e8da82ad505a934ca,4,3.18609619140625,3.324714422225952,4.439446449279785,4.174355506896973,4.417461395263672
d1236bfd60875afa495dc0c56db29f34,4,3.0573909282684326,3.0539193153381348,3.961937665939331,3.553891897201538,4.1479105949401855
047eb6506a5f4ca14c0bdee629bbfe6e,4,3.1892104148864746,3.2031118869781494,4.405664443969727,3.4723727703094482,3.96050763130188
e8d8142c19833db58e32fdd753248eb3,4,3.227471113204956,2.9839601516723633,4.245485305786133,3.3360743522644043,4.255472183227539
14281856f787e429fadb5c9655ccf5de,4,1.3740314245224,1.5766079425811768,3.2445549964904785,1.2253987789154053,3.8087685108184814
eb5ae16441046c07d7f5e3cf444313c6,4,2.9428369998931885,2.816530466079712,4.146974086761475,3.8654489517211914,4.131136417388916
006e63b5a820c0efe958479d60b7ef83,4,1.5280450582504272,1.4804563522338867,2.9958319664001465,1.4202508926391602,3.045846939086914
6f3ece57f7ac51fde4e691478a114c1f,4,1.5467523336410522,1.8533369302749634,3.3364298343658447,1.895161509513855,3.818417549133301
bdc33cf9ac5c1fb58df61d7ea57e6bf5,4,1.750740885734558,1.561360239982605,3.1623363494873047,2.5768003463745117,3.31962513923645
c7687ac25a183ec37088d334976961a0,4,2.049555778503418,1.9014148712158203,3.3733248710632324,2.611891508102417,3.037729024887085
f581c6eb09441b5a0f7c03457907d5ed,4,1.8934117555618286,1.839350700378418,3.287853717803955,1.736260175704956,3.8017961978912354
dd27b6cb0343e2d771c79baa7423ef95,4,1.5340216159820557,1.7746388912200928,3.382847785949707,1.682371735572815,3.7552096843719482
96b07ec450f5ce28468acfdbdabdfe3b,4,3.496157646179199,3.5090928077697754,4.390328407287598,3.7672994136810303,4.226868629455566
da00390d98d481849f2c67bc2f0b918e,4,1.300814151763916,0.9701189994812012,2.787104606628418,0.920459508895874,3.3007683753967285
1ad4518d0747f64666bbf79ede37b7e8,4,3.439789295196533,3.488041400909424,4.465932369232178,3.862037420272827,4.305323600769043
24fab206047c39be812232b4cd7d2c1d,4,2.3141281604766846,2.041208505630493,3.7200520038604736,3.5482077598571777,2.8129687309265137
bbeabe164d4b57dbb696ceab6372dc5d,4,1.7942553758621216,1.5596771240234375,3.0965192317962646,2.068434000015259,2.6805856227874756
31676e639197ecd9b7902986040b626a,4,2.7229158878326416,2.6691319942474365,3.9823880195617676,3.2435975074768066,3.812889814376831
27550dc8b815e88ac2ec69969d6154b2,4,1.3640375137329102,1.472928762435913,3.1138107776641846,1.2750389575958252,3.4155209064483643
cc1034d4ee6270aba7bd0d4b2c09ed5c,4,2.870041847229004,2.40303373336792,4.181427478790283,3.094834327697754,4.095200538635254
0d78d83b0529e8118955eea88a4e1d2a,4,1.2906107902526855,1.2310144901275635,3.0577690601348877,0.7708349227905273,3.3217968940734863
38f74f3253a6f457ba64659602b676cc,4,3.2619194984436035,3.1492183208465576,4.3600850105285645,3.6247060298919678,4.143270969390869
4152e20925768704272b178f8481c7f6,4,3.724653482437134,3.522548198699951,4.538135051727295,4.088604927062988,4.63633918762207
1276068ed268a32b1ab441ab900aaa2a,4,3.2023301124572754,2.880643129348755,4.021045207977295,3.3833773136138916,4.211222171783447
a574e36908fb256b2de64a1a6a9a22d9,4,3.2799160480499268,2.925374984741211,4.117475986480713,3.2190518379211426,4.317347526550293
3b5b77d8d3d97232146214b5d7fd2b40,4,3.8244805335998535,3.7480368614196777,4.1339616775512695,3.8679959774017334,4.722765922546387
c57502fac3d4c700345cc4c4d3d3a850,4,3.159773826599121,3.0746047496795654,4.2174248695373535,3.593437671661377,4.357025623321533
5ac0189fbf0fbe7efa0988de32c78c77,4,1.5672343969345093,1.8160967826843262,3.3648107051849365,1.9117900133132935,3.9426233768463135
3af6e03b42caf2ad900c5d9ed9a43487,4,1.7581795454025269,1.8695290088653564,3.4295172691345215,1.751490831375122,4.135243892669678
9f4b2fe8b225ab6599d3b146583a3138,4,2.4272871017456055,2.6119117736816406,4.05750846862793,3.5594613552093506,3.8072986602783203
300c928fc348924e4a82849d4cdfc16e,4,1.3259845972061157,1.4672760963439941,2.9937374591827393,2.127284049987793,3.010647773742676
7b4ded9c203faaa67200f05f0cf9fc4e,4,2.8661177158355713,2.8007681369781494,3.750887632369995,3.0998854637145996,3.396113872528076
53ff4f31940af9a18d6886c86300c044,4,2.0972700119018555,1.825376272201538,3.6995792388916016,2.973710060119629,3.104005813598633
a91b422fe1be9d889bac4cd2582a4f7a,4,3.2347047328948975,2.635535955429077,4.381983280181885,4.010047435760498,3.962578773498535
60a15a2cedd9c1383b19153fac2a2655,4,3.0233216285705566,2.843209981918335,4.014009952545166,3.088639259338379,3.666382074356079
e312b609cf3bf259add1c0f5a9a0b529,4,1.807314395904541,1.7737300395965576,3.500556468963623,2.2360472679138184,3.9072678089141846
e043518c74c046a7e0729e83b7fbcab8,4,1.9675240516662598,1.870165228843689,3.436652183532715,2.92268705368042,3.609142780303955
f93ca9bb444ddfc73ff0dec103e8aa73,4,2.0440592765808105,2.052699089050293,3.5195608139038086,1.988655924797058,4.247992515563965
51678809a18a02805a06246dbc1830eb,4,3.3092339038848877,3.2668707370758057,4.326854228973389,3.8717691898345947,4.165035724639893
b69831edaa072f09a3516b4bb3394249,4,1.608954906463623,1.7216336727142334,3.230072498321533,2.54730224609375,3.2128536701202393
b8f6236c14da2618a1e02b54e6605ac2,4,1.9008655548095703,2.0988471508026123,3.6139960289001465,2.4354934692382812,3.8025755882263184
fcdd7e9ee75d9819bbc8ed27a1f939ed,4,1.5083084106445312,1.8962061405181885,3.400646924972534,1.6079732179641724,3.5998334884643555
2a7190e63a8b9677699341479e902636,4,1.667142629623413,1.9505412578582764,3.8523354530334473,2.71993350982666,3.959383964538574
1f6061ac21658e5749ac142863ea3eca,4,3.45893931388855,3.6502935886383057,4.505983829498291,4.000603675842285,4.336600303649902
9e785ecf8435472d29e5255cc602bb5e,4,1.652355432510376,1.8862268924713135,3.308783531188965,1.9346716403961182,3.740875482559204
5af3b961f967c82ae74b58a853c936b4,4,3.867504596710205,3.620063304901123,4.741750240325928,4.182748794555664,4.631804943084717
5fae59fdf356b335ab62004b7ece07ba,4,2.05611515045166,2.4144492149353027,3.8820738792419434,2.5629849433898926,3.7133188247680664
cfc6114a5f47211d42136731161db0e9,4,2.745601177215576,2.710333824157715,3.9428348541259766,3.227360486984253,3.609412431716919
03d922e4b6f6db82bf40c3d5d3685a4d,4,1.893365502357483,1.9632627964019775,3.5518312454223633,2.2287631034851074,3.323836088180542
3cec1b24fe2a38e8cd2d4e9f659400bc,4,3.0076277256011963,2.80111026763916,4.041319847106934,3.6904373168945312,4.018129825592041
f5c90c43da8e9a3babb011740c011810,4,2.0318264961242676,2.3064064979553223,3.7205564975738525,2.7880396842956543,3.931037664413452
8b4d9d6087915dbeba135bfb25db6d42,4,2.7718231678009033,2.4019393920898438,3.9595015048980713,2.9913172721862793,3.7892870903015137
107874b5ed943acab12ae36f7fd45fc8,4,3.2106122970581055,3.065490245819092,4.109474182128906,3.558028221130371,4.418623447418213
2ddaaea9b32267ec9b2de299fd5ff3b6,4,2.9434027671813965,2.8923089504241943,4.322015762329102,3.342341423034668,3.700897693634033
0e946d0f5c767028e2dcb4ef2490f6ed,4,2.8121137619018555,3.1076016426086426,4.165428638458252,3.668001651763916,4.003780841827393
3f6f2258ab3534f0bc317aae8876e3a9,4,2.403064489364624,2.6594882011413574,4.043144226074219,3.565570116043091,3.8435580730438232
ff12949d896b7ee8b8bfee31d1cad2ab,4,1.2883538007736206,1.0406476259231567,2.7910051345825195,0.9353237152099609,3.271367311477661
1366f78239793d9e06b935cb48389b5f,4,3.1433839797973633,2.990403652191162,4.2108049392700195,3.4439311027526855,4.040289402008057
c4194b9842833f720addd2ed67cfe181,4,3.6486568450927734,3.4708967208862305,4.419833660125732,3.6268231868743896,4.549899101257324
01de3bc73e22767959c229846714a57e,4,1.4526424407958984,1.2707563638687134,3.5782766342163086,2.063739776611328,3.7460250854492188
9d0463a9fd03e69e6c1367caba3460cf,4,3.2270517349243164,3.3554043769836426,4.27536678314209,4.057757377624512,4.217833995819092
96bee2bad275b059516a996ddde39dee,4,2.648786783218384,2.1384685039520264,3.908413887023926,3.5248236656188965,3.7752838134765625
5ea1a9e717d2596a1c55931c8b7c5215,4,1.4403032064437866,1.3199892044067383,3.0838546752929688,0.9755463600158691,3.270275354385376
494a3d5a1d0987f03c5ccc9a4b782772,4,2.838120222091675,3.077610731124878,4.118055820465088,3.397739887237549,4.0023579597473145
7693275c21ac7d6520875803ace53997,4,1.7317651510238647,2.045354127883911,3.2327005863189697,1.923710584640503,3.246797800064087
e9ca7c8c53e463ebca763b0e7ef61dac,4,2.85414719581604,2.9472343921661377,3.955040216445923,3.2466530799865723,3.677687644958496
36e6bd9359812ec330fa0c31895e84fb,4,3.7047066688537598,3.2627880573272705,4.578662395477295,3.8465123176574707,4.445019245147705
70aef7495124202d3249eb32b684ab95,4,3.2792181968688965,3.121511697769165,3.968341827392578,3.466710329055786,4.303584098815918
1776b515029038e9e03377cade004b75,4,3.3345725536346436,3.5215044021606445,4.201655387878418,3.87493896484375,4.194517135620117
364a0a5d2858cb16cc64d7d5a085633c,4,2.628378391265869,2.582089900970459,3.928837776184082,2.880096197128296,3.830425262451172
701572a8b92c3f6b1b8c4601db619d2b,4,1.5222008228302002,1.7963231801986694,3.774965763092041,2.5186328887939453,3.881161689758301
90788cc9342acbaaa71d26df7b5dde86,4,2.896646499633789,2.8581292629241943,3.9972150325775146,2.8580422401428223,3.915842294692993
6d9a0f491fd26b0b1a2734b4d878d0bd,4,2.8695197105407715,2.7981722354888916,3.8608081340789795,3.0217065811157227,4.039206027984619
f23e44f28e4f3ae7245c3e8fe00a2b04,4,3.789924144744873,3.704118251800537,4.7541632652282715,3.8318259716033936,4.5529937744140625
57e6b36384be5c440dcbe6587cdb4d5f,4,3.679577589035034,3.48635196685791,4.137367248535156,3.943634033203125,4.730839729309082
1c4357964582a93ab52d424a825410b6,4,3.3215320110321045,3.0855185985565186,4.283742904663086,3.2355217933654785,4.345219135284424
1d147b1dc0eac0a3d88f0df0349cec4c,4,1.570993185043335,1.8579083681106567,3.3094003200531006,1.9514658451080322,3.79915189743042
fe4c8311697ee3833acd4bb6fe59e9c6,4,2.179142475128174,1.8977879285812378,3.6655197143554688,3.2340450286865234,3.568324565887451
18f99af6acac786a8d2c2f95b8945f31,4,2.453437566757202,2.56733775138855,3.9620048999786377,3.5095736980438232,3.8364408016204834
0b218587e55768f57d11db6193dc4b46,4,2.919525623321533,3.161418914794922,4.222168922424316,3.9274685382843018,4.12764310836792
d2bcb7f2ef4a159fb2c265c2b4d40eac,4,1.5605567693710327,1.6507267951965332,2.945648193359375,1.4292020797729492,3.264848470687866
f9aadf7caf7d39391b5a94a8d7c0cda3,4,1.8060990571975708,1.944653034210205,3.562201976776123,2.40979266166687,3.8450589179992676
096b4e8b3e18e8bc23cb1b943e014ae6,4,2.454038143157959,2.620154619216919,3.889594078063965,2.8007683753967285,3.7126498222351074
1f9a52e3549ad91f235608ff8530dc40,4,2.630930185317993,2.723712682723999,4.161445617675781,2.952779769897461,3.9199788570404053
ee9884b55aef201125548547f67d04f8,4,3.305610179901123,3.0697479248046875,4.143099308013916,3.860274314880371,4.254782676696777
46b680fdb4d05e5f026ad514e351b6ba,4,3.044785499572754,3.098543882369995,4.181661128997803,3.669452667236328,4.072774410247803
77ee570fe2f1d4129289ed9ffc1e3769,4,2.294877767562866,1.7659518718719482,3.777733325958252,3.21832013130188,2.960099220275879
b8f00484c4486343257177245a7b4d18,4,1.4147132635116577,1.322503685951233,3.1942381858825684,1.2940480709075928,3.833479404449463
40f8d65d50b2a02c58ae8442362006f8,4,2.5368916988372803,2.233799457550049,3.9185588359832764,2.0867600440979004,3.8654651641845703
9cb25e360d68af8a255530481ab0a5ca,4,2.8235604763031006,2.592667579650879,3.9750213623046875,3.1352765560150146,3.7689054012298584
870b461a15a02dc2eb01a26548d10351,4,3.3126633167266846,2.8591761589050293,4.2423810958862305,3.865617513656616,3.853445529937744
5565d4c5e36c5bcbf5ea95151ecafa96,4,2.715714931488037,3.091435432434082,4.101218223571777,3.6669952869415283,3.900636672973633
7e9126f9ff170dc3198f46f6c6e67481,4,3.5461339950561523,2.9341554641723633,4.467991352081299,3.9213221073150635,4.404172420501709
26b1957dff4e4a6283aa53e109c2831e,4,2.521685838699341,2.5414021015167236,3.894343376159668,2.7069127559661865,3.5559468269348145
4c9bcb3bd1cf9ca41a76efe0d1f97cc1,4,2.8412113189697266,2.297576904296875,3.9516124725341797,3.131096601486206,3.9028451442718506
1f4881df1a42da77e50bb918c145b5e1,4,1.3460297584533691,1.5145379304885864,2.9775002002716064,1.2579982280731201,3.573115348815918
a8a5528d0d3528241bfbbd0f1e170da3,4,3.4815683364868164,3.4786415100097656,4.487489223480225,3.7207884788513184,4.3522725105285645
2df609c17504cc33eb2105555c1a96dc,4,2.8943405151367188,3.401906967163086,4.356141567230225,3.8333513736724854,4.196878910064697
2af9b338c9b69c21f1665f32c78fc148,4,3.1801600456237793,2.9367690086364746,3.9643149375915527,3.571061611175537,4.2435407638549805
01ad080f6b26375f37a7db9a5c471112,4,3.084477186203003,2.765648365020752,4.168359756469727,3.568331718444824,4.177809715270996
38398f7fa555ab0f340731c4f4e96c12,4,3.0695552825927734,2.951321601867676,3.8969290256500244,3.339388608932495,3.9875152111053467
463ffb9f085e993c29c0a7084e508a5c,4,3.7484259605407715,3.7760684490203857,4.2368669509887695,3.95009183883667,4.766003608703613
3cc08b2ed212c5eae3b5ff59d229e3a5,4,3.031928062438965,2.788532018661499,3.987316846847534,3.4812376499176025,3.954848051071167
8f2ec880e747d9408a67c36857880dd1,4,3.779724359512329,3.504563093185425,4.628419876098633,3.944857358932495,4.5912604331970215
5c3d3e37ae86e1a4da2b30d5945b5ba9,4,3.982255697250366,3.8010079860687256,4.84697151184082,4.1062140464782715,4.846824645996094
e972673b96f92806515e946e89629e1b,4,3.562490701675415,3.32993745803833,4.212795734405518,4.031243324279785,4.573785781860352
93e7dbf2814cedba79ba062575b7a265,4,1.712239146232605,1.980029582977295,3.3415284156799316,1.7903388738632202,3.7419071197509766
4a5ab23b12ee5e4d3e1fcfab07e631d7,4,1.862531304359436,2.011117935180664,3.2958667278289795,1.875030279159546,3.581449031829834
019784c50f194620c4a3ad860e0db9bf,4,2.6726784706115723,2.122000217437744,3.7201714515686035,3.1627681255340576,3.1488966941833496
1bdbd38d6de950b94caa28f099dc49f7,4,2.5062501430511475,2.7514376640319824,4.044990539550781,3.580785036087036,3.850818157196045
627c4165f92bdaf222afeb55001a2fb9,4,2.188566207885742,2.361070156097412,3.566141128540039,3.052553176879883,3.770136594772339
b6c82ad7b67a0cf042229f1cb5d71694,4,2.788764715194702,2.6675989627838135,4.150166034698486,3.8557918071746826,4.162675857543945
d8f65145a45bf947c72d866d656efd1f,4,1.9102308750152588,1.8063377141952515,3.312502861022949,2.294947385787964,3.7229678630828857
48ee7107aba3d527e273dd0bf202b8ab,4,3.8070201873779297,3.20540189743042,4.4371724128723145,4.491212844848633,4.812920093536377
6675bf68de9050557b7cb195ba81a2c8,4,1.464288353919983,1.5905362367630005,3.148923873901367,1.5244524478912354,3.779601812362671
cb9bd0e18931b25f2b54ddc64a896449,4,3.0779147148132324,3.142378091812134,4.320209980010986,3.9424350261688232,4.202512264251709
2ade0dbb4c68e4b380bfb7cb8a2181db,4,3.550485372543335,3.2916805744171143,4.477565288543701,4.149229526519775,4.357789039611816
0cd4c6c7807000135fc5c79b76e8a825,4,3.1254489421844482,2.731963634490967,4.0961174964904785,3.2039451599121094,4.229996204376221
92ecc9a85e01ac0e793b9562f38fe09c,4,3.6098735332489014,3.436323881149292,4.374926567077637,3.9214062690734863,4.173786640167236
3355f9ed9187e33c9ae7b3d3fe9a996e,4,3.3374099731445312,2.9714529514312744,4.199600696563721,3.7062745094299316,4.305624961853027
167c7a1d4105f4f80b7fa641102e8300,4,1.9568530321121216,2.2822365760803223,3.975015163421631,3.2901055812835693,4.005128860473633
8a322a2e62ae03cbfb8f61436049401f,4,1.5705684423446655,1.59416925907135,3.466489791870117,2.251615524291992,3.7040343284606934
495674de7b66b3b4ec6eb6819e9dd259,4,3.505746841430664,3.0568888187408447,4.399277210235596,3.874418258666992,4.400851249694824
3c127ab9d891172a5943390b4663db40,4,3.0684823989868164,3.2477822303771973,4.244380474090576,3.3811631202697754,4.08972692489624
939b427b0cfb7a4c9fce4537a57118d0,4,1.925415277481079,1.7745466232299805,3.119340419769287,1.7494677305221558,2.6399643421173096
b60912e62cf5e05c280bc04bab99bbc3,4,3.324953556060791,3.0176029205322266,4.313145637512207,4.022984981536865,4.360096454620361
36f7313edd4131a21f082fa75ed2c360,4,1.525322437286377,1.9257546663284302,3.36659574508667,1.7449849843978882,3.8866336345672607
ac929e2a6de7b033105d25b597cb0ebe,4,3.1455066204071045,3.2326979637145996,4.362412452697754,3.9296212196350098,4.318923473358154
6910a5dd185e5cb4fc0c25de9089f4f8,4,3.8239903450012207,3.3952856063842773,4.6835432052612305,4.073916912078857,4.565614700317383
f4655f8f1b2a9da712e61c4ecb1b294d,4,3.3368043899536133,3.2278378009796143,3.9908955097198486,3.5958120822906494,4.258423805236816
eff732f3338fc02c714104fca1d89a9d,4,2.890275001525879,3.00758957862854,4.165855407714844,3.861921548843384,4.21458625793457
136a775e7201e7c18c427c433d499905,4,1.8055853843688965,1.9617818593978882,3.29779314994812,2.597257137298584,3.3296403884887695
b8f4a136ab196888452ed660301e34d5,4,2.0038232803344727,2.1883082389831543,3.369873523712158,2.1391918659210205,4.253699779510498
59108d9808d86f0f0d1d05e0c3e73ca6,4,3.3264594078063965,3.5339739322662354,4.322086334228516,4.249705791473389,4.374114036560059
018da55eabe6e0046adcc99d5d42b232,4,3.3768041133880615,3.229130506515503,4.3830037117004395,3.9906532764434814,4.249029159545898
469452fccd69d6b126228c2dad38d116,4,2.9156017303466797,2.3150761127471924,4.12616491317749,2.461660623550415,4.114827632904053
73f1a5158bdc0292614b07a774f7766c,4,1.3943337202072144,1.6227586269378662,3.0594377517700195,1.6625545024871826,3.240382671356201
c15d185876373c752853e54b60877226,4,2.9394264221191406,3.1354568004608154,4.192744731903076,4.120092868804932,4.393798828125
f45e3cd71834c950f70fb57aada94b91,4,3.201550006866455,3.240983009338379,4.163467884063721,3.8270740509033203,4.237360954284668
2e80b33741849d91000352093dc9ad7c,4,2.3354668617248535,2.110050678253174,3.8796627521514893,2.2926721572875977,3.681112766265869
48b3d69b3bdadd9135bb8dce0d285f63,4,3.500549077987671,3.214193820953369,4.472804069519043,3.7236385345458984,4.46187686920166
8cc661c6a9b2cbb0e2e69b15c54b6f4e,4,3.526792526245117,3.15716552734375,4.441950798034668,4.192587375640869,4.62650728225708
b02c6028d8685ea9eaaab69c9405b4b2,4,3.4820990562438965,3.610710620880127,4.30583381652832,4.005309104919434,4.523248672485352
b754e99d9453db5caac5a7c4f244c66b,4,3.581576347351074,3.2266733646392822,4.6372175216674805,3.776989221572876,4.431396007537842
117b3b6dab252f0755abcf90693a9ab1,4,3.6160521507263184,3.322732925415039,4.534994602203369,3.9447665214538574,4.60979700088501
75d4876512a338db833d2d737b80562e,4,3.2688698768615723,3.134887218475342,4.239323139190674,4.037376403808594,4.3339457511901855
d673083e6a3939379dd7bc430ebab18b,4,3.5099687576293945,3.5316336154937744,4.164015293121338,3.853842258453369,4.632350921630859
126edac46de26e29897a9f3daa7d82ab,4,3.2518856525421143,3.1258726119995117,4.108046531677246,3.7005133628845215,4.379706382751465
3545a0cba40ee32dccf1322143d4ac37,4,2.7005364894866943,2.3865163326263428,3.689405918121338,3.2809290885925293,3.076899766921997
0785fcc6ce9cbc807f93afae3f707711,4,1.9419230222702026,2.120016098022461,3.3878514766693115,2.129733085632324,3.729846715927124
6e997669840a6ca5d7f06a263559fb56,4,3.807748317718506,3.533714771270752,4.25120735168457,3.9426023960113525,4.768533706665039
cacbea35c263bbae3bf5740cd7b4435e,4,3.191230535507202,3.028914451599121,4.425723075866699,3.371180534362793,4.072079658508301
2f5b701a0beae3305af6281112b8a33e,4,1.5956923961639404,1.7083724737167358,3.240445613861084,1.7466520071029663,3.448509931564331
09d713e636d8fac23361e943552f62fa,4,2.9173591136932373,3.0949361324310303,4.0871992111206055,3.776563882827759,3.921902656555176
e826d8f11fa2a5b56bb3e523ea34d6ff,4,3.044546604156494,3.1602156162261963,3.9756367206573486,3.471536159515381,4.096549987792969
100ebbdb2943a9cfea86d1a8cd642a57,4,1.7133830785751343,1.6441773176193237,3.324061870574951,2.013388156890869,3.699781656265259
cc2c870e707df07b804362f739c7f953,4,1.7317860126495361,1.799553394317627,3.435995578765869,2.1644067764282227,3.6248955726623535
64a16926fb216bcfae10ce594ea14390,4,2.815424919128418,2.560486078262329,4.132946014404297,3.6395442485809326,3.3772308826446533
bca6daaa79c32fc3b435dd47736200f3,4,2.873636245727539,2.7734906673431396,4.081352233886719,3.2447938919067383,3.8292717933654785
e80c91cd6679e07dceaed28731e06010,4,2.8709397315979004,2.188142776489258,3.972388982772827,3.1632299423217773,4.08357048034668
9af4ba1589cce9652f72c843648896d3,4,2.3753929138183594,2.2577590942382812,3.6645326614379883,2.901599884033203,2.888777256011963
9e3f7551c9a9f4bf5eaa443da69ca2d9,4,2.8906803131103516,3.3306188583374023,4.246122360229492,3.8706984519958496,4.070512771606445
52f76b1398a023663b0c20e6fd37330d,4,3.10067081451416,3.044300079345703,4.010465621948242,3.458320140838623,4.194857120513916
699b295b596b6e3be31f59f0c5fd4bda,4,3.23523211479187,3.277674913406372,4.416092872619629,4.165447235107422,4.408094882965088
8f1438eeacc811e4177bd2eac750f31a,4,3.6796562671661377,3.387254238128662,4.331634998321533,4.272805213928223,4.58720588684082
7750ab698c52a860d9019e176275dbdc,4,3.206109046936035,3.5138421058654785,4.279779434204102,3.937337875366211,4.150207042694092
774910191c33279940526a63275322f4,4,1.9171037673950195,1.970834493637085,3.3829314708709717,1.922186255455017,4.052166938781738
16f2e8f1c5b3fa1c1c5d14b924df5181,4,3.098881721496582,3.1276869773864746,4.308095455169678,3.925884246826172,4.144999980926514
3e4e4459c9edefb8b61882fa720c50d0,4,2.28735089302063,2.0820257663726807,3.8028616905212402,2.2140421867370605,3.7910757064819336
a58ac8a01f29972490cc9375711bc7b1,4,3.088920831680298,2.7647900581359863,3.9420156478881836,3.381713390350342,4.208770275115967
6dca0a7a8c6210fe5d39331d9755f2a4,4,1.8979560136795044,2.0545811653137207,3.7955613136291504,2.9957053661346436,3.7798891067504883
bc3026ceabffe74a14a8b8b0f4cdd9fe,4,2.7308349609375,2.3277719020843506,4.036308765411377,3.083648920059204,3.719285011291504
