instruction,category,intent,response
"Hi team, how much is the fee for an international transfer? Please advise",FEES,check_fees,"Certainly, I can help with that. Fees depend on the type of account or service. You can find the full list in the app under Help and then Fees and Charges, including maintenance, ATM, transfer and card fees. If you tell me the specific service you are asking about, I can explain how that fee is calculated and when it applies. I am here if you need anything else."
"hi, please help me recover my login details. i need this sorted today.",PASSWORD,get_password,"You can recover access in a few steps. Select Forgot Password on the login screen, verify your identity with the one-time code sent to your registered number, and set a new password. If you no longer have access to that number, please visit a branch with your identification to update it. If you need any further help, just let me know."
"Hello there, I just received my credit card in the mail, how can I start using it?",CARD,activate_card,"First, open the mobile app or net banking and go to the Cards section. Then select your credit card and choose Activate Card. You will receive a one-time code on your registered mobile number, so enter it to confirm. Once that is done, the card is active and ready to use straight away. I am here if you need anything else."
The ATM gave me less money than what was debited from my account,ATM,dispute_ATM_withdrawal,"Sorry about the trouble with the ATM. Please keep the receipt if you have one and raise a dispute through the app or by calling customer service. We will check the ATM records for the withdrawal and update you by message. If the money is confirmed as not dispensed, it will be returned to your account. If you need any further help, just let me know."
"Good evening, I paid EUR 2,480 once but the money left my account twice three days ago.",PAYMENT_EXCEPTION,duplicate_charge,"Thanks for letting us know. Please keep proof of your purchase and, if possible, the merchant receipt. We will open a dispute for the duplicate payment, and a specialist will review it with the merchant. Refunds usually take several working days once the duplicate is confirmed. If you would like, I can connect you with a human agent right now."
"Hello, how do I freeze my card temporarily? I cannot find it. Any idea what to do",CARD,block_card,"You can block the card immediately in the mobile app. Go to Cards, choose the card and tap Block Card, then pick Lost or Stolen as the reason. The card stops working straight away and any new transactions are declined. We will then help you order a replacement, which usually arrives in a few working days."
"Hi team, can I see my last transactions? Thanks",ACCOUNT,check_recent_transactions,"To review your recent activity, log in and choose the account, then select Recent Transactions. Pending items are shown separately from completed ones. If something looks unfamiliar, tap it to see the details and report it directly from that screen. Please reach out again if anything is unclear."
"Hello there, I want to dispute an ATM withdrawal of 1,350 USD from last month.",ATM,dispute_ATM_withdrawal,"Sorry about the trouble with the ATM. Please keep the receipt if you have one and raise a dispute through the app or by calling customer service. We will check the ATM records for the withdrawal and update you by message. If the money is confirmed as not dispensed, it will be returned to your account."
can i cancel my loan after it was approved but before receiving the money? i need this sorted today.,LOAN,cancel_loan,"To cancel a loan application, tell us which application you mean and we will stop the process. Before disbursal there is normally no cost. After disbursal, the loan must be closed by repaying the outstanding amount, and we will give you the exact figure and any applicable charges. I am here if you need anything else."
"Hello, my online banking was accessed by someone else and money is missing",RETAIL_EXCEPTION,identity_theft_account_takeover,"I am very sorry, and I will treat this as urgent. To protect you, we should restrict access to your account and cards immediately, and I am escalating this to our fraud and security team now. Please do not use the same password anywhere else, avoid clicking links in unexpected messages, and keep a note of any suspicious messages or calls. A specialist will contact you on a verified number to restore your access and review the activity. We will keep you updated by message until this is resolved."
"Hello there, I would like to stop my card, it has an annual fee I do not want to pay. Any idea what to do?",CARD,cancel_card,"Sure, here is how this works. I can guide you through cancelling your card. First check that there are no pending transactions or unpaid dues. Then submit a cancellation request through the app or by phone banking. You will get a confirmation message once the card is closed. Please reach out again if anything is unclear."
"Quick question: we decided not to buy the house, how do I cancel the mortgage?",LOAN,cancel_mortgage,"To cancel a mortgage application, send a withdrawal request with your application reference. Any costs already incurred for valuation or legal checks may not be refundable. We will confirm the cancellation in writing and close the file. Feel free to ask if you have any other questions."
"Hey, what is the remaining balance on my mortgage? Can you help me with this?",LOAN,check_mortgage_payments,"In the app, open Loans and select your mortgage to see your monthly payment, the next due date, the remaining balance and the split between interest and principal. Statements and a yearly interest certificate can also be downloaded from the documents section. I am here if you need anything else."
I need help. Dispute foreign exchange markup on my card transaction. Thank you.,PAYMENT_EXCEPTION,currency_conversion_dispute,"I understand the surprise. The debited amount comes from the exchange rate at the time of settlement, plus any conversion charges, and the shop may also offer to charge in your home currency at their own rate. I can flag your transaction for review so a specialist can confirm whether the correct rate was applied. We will keep you updated by message until this is resolved."
"Hey, we are buying our first home and need a mortgage, where do we start?",LOAN,apply_for_mortgage,"Certainly, I can help with that. For a mortgage, the first step is to check how much you can borrow using the mortgage calculator in the app. Then submit an application with your identity, income and property details, and we will arrange a valuation of the property. After approval you receive a formal offer, and the funds are released to the seller once the legal formalities are complete. A deposit is usually needed, and the amount depends on the property value and your profile. If you need any further help, just let me know."
Quick question: what is the available balance on my credit card? Thank you.,CARD,check_current_balance_on_card,"Sure, here is how this works. To check your balance, log in to net banking or the app and open Cards. The card summary shows your current balance, available credit and the last statement amount. Balances update in near real time, but very recent transactions can take a short while to appear. I am here if you need anything else."
"Hi team, what is the customer care number? Not sure what to do",CONTACT,customer_service,"Sure, here is how this works. You can reach customer service by phone banking, through secure chat in the mobile app, or by email through the Contact Us section. Phone and chat support are available round the clock for urgent matters such as blocking a card, and other requests are handled during business hours. Please keep your customer ID handy so we can help you faster."
Can I cancel a scheduled transfer for next week? Can you help me with this,TRANSFER,cancel_transfer,"Please act quickly. For transfers that have not been processed yet, use Cancel next to the transfer in your pending list. For completed transfers, raise a recall request from the same screen or through customer service, and keep the transaction reference handy. We will update you as soon as we hear back from the other bank."
"Hello, the same payment of $2,200 shows up two times on my statement",PAYMENT_EXCEPTION,duplicate_charge,"Thanks for letting us know. Please keep proof of your purchase and, if possible, the merchant receipt. We will open a dispute for the duplicate payment, and a specialist will review it with the merchant. Refunds usually take several working days once the duplicate is confirmed. Please keep your reference number safe, and reply here if you need anything else."
"I need help. I was charged twice by Steam for the same purchase of 1,920 dollars",PAYMENT_EXCEPTION,duplicate_charge,"I am sorry about the double charge. Sometimes one of the two entries is only a temporary hold that drops off within a few working days, so please check whether both are marked as completed. If both are completed, raise a dispute from the transaction details in the app for the duplicate 1,920 dollars at Steam. We will contact the merchant, and the extra amount will be returned if the duplicate is confirmed."
i am a new customer and want to create my login. please help.,PASSWORD,set_up_password,"Of course, happy to help. New customers can create a password using the First Time Login option. Enter your customer ID, verify with a one-time code, then choose a password that meets the rules shown on screen. Please do not share it with anyone, including bank staff."
Urgent: how can I close my credit card? I no longer use it. Thanks.,CARD,cancel_card,"Sure, here is how this works. I can guide you through cancelling your card. First check that there are no pending transactions or unpaid dues. Then submit a cancellation request through the app or by phone banking. You will get a confirmation message once the card is closed."
"Good evening, how can I change my password to something stronger? Please advise.",PASSWORD,set_up_password,"Of course, happy to help. New customers can create a password using the First Time Login option. Enter your customer ID, verify with a one-time code, then choose a password that meets the rules shown on screen. Please do not share it with anyone, including bank staff. Feel free to ask if you have any other questions."
My card was declined in Mumbai and I am stuck without money. Appreciate the help.,PAYMENT_EXCEPTION,card_declined_while_travelling,"Sorry about the inconvenience, especially while you are travelling. Please check that international transactions are enabled and that you have not reached your daily limit. Because this is urgent, I recommend calling the emergency line on the back of the card, where an agent can verify you and remove any block. Emergency cash or a replacement card can be arranged if needed. We will keep you updated by message until this is resolved."
"hey, please escalate my complaint to a senior manager. please help.",RETAIL_EXCEPTION,formal_complaint_escalation,"I am sorry that your issue has not been resolved, and you have every right to escalate. I can register a formal complaint now, which will be given a reference number and reviewed by our complaints team, who will respond in writing within the time required. If you are not satisfied with the final response, you can take the matter to the external financial ombudsman. It helps if you share the dates and details of your previous contacts. If anything changes in the meantime, please let us know straight away."
"Excuse me, what happens to my mortgage application if I cancel it now? Appreciate the help.",LOAN,cancel_mortgage,"To cancel a mortgage application, send a withdrawal request with your application reference. Any costs already incurred for valuation or legal checks may not be refundable. We will confirm the cancellation in writing and close the file. Let me know if there is anything more I can do for you."
"Urgent: I want to open a new account, what documents are required? Please advise",ACCOUNT,create_account,"To start, choose the type of account that suits you, then fill in the application form online. You will need identity and address documents, and you may complete a short video verification. Once approved, your account details arrive by message and email, and your debit card is sent to your address."
"Hey, my student account has been frozen and I do not know why",RETAIL_EXCEPTION,account_frozen_kyc,"I am sorry for the inconvenience. A restriction usually means we need to verify or update some information. You can complete the update in the app under Profile and KYC, or visit a branch. If you have already submitted documents, I will ask the team to prioritise the review and update you. We will keep you updated by message until this is resolved."
I want to know my outstanding amount on the credit card. Thank you.,CARD,check_current_balance_on_card,"To check your balance, log in to net banking or the app and open Cards. The card summary shows your current balance, available credit and the last statement amount. Balances update in near real time, but very recent transactions can take a short while to appear. If you need any further help, just let me know."
"excuse me, pickpocketed in sydney and all my cards are gone. appreciate the help",PAYMENT_EXCEPTION,lost_card_abroad_emergency,"That sounds very stressful. The first step is to block all lost cards so nobody can use them. Then our emergency support team can help with a replacement card delivered to your location or a cash advance, after confirming your identity. Please keep any police report reference, as it can help with disputed transactions. You can ask for a human agent at any time and I will arrange it."
"Urgent: I entered the wrong account number and sent 2,000 dollars, please help me get it back. Thanks.",PAYMENT_EXCEPTION,transfer_wrong_account,"I am sorry this happened. Please raise a wrong transfer request in the app or with customer service right away with the payment reference. We will ask the receiving bank to hold and return the funds, but they need the account holder consent, so the timing can vary. A specialist will follow up with you. If you would like, I can connect you with a human agent right now."
"Urgent: there is an ATM transaction I do not recognise for INR 438, how do I raise a dispute? Any idea what to do",ATM,dispute_ATM_withdrawal,"I will help you raise a dispute for the ATM withdrawal of INR 438. Please go to Disputes in the app, select the transaction and choose ATM Cash Issue, then give the date, time and ATM location if you have them. We will investigate with the ATM operator and most cases are reviewed within a few working days. If the ATM did not dispense the cash, the amount is usually credited back to your account. I am here if you need anything else."
"urgent: there are transactions of 416 usd on my card that i never made, i think my card was hacked. i need this sorted today.",PAYMENT_EXCEPTION,card_fraud_unauthorized_transaction,"Thank you for reporting this quickly. Your card should be blocked immediately to prevent more misuse, and the disputed transactions will be flagged for our fraud team. They will review the details, and where a transaction is confirmed as fraudulent the amount is normally returned to your account after the investigation. A specialist will reach out to collect a few more details."
"Good morning, someone changed my phone number and email on my account and I am locked out. thx",RETAIL_EXCEPTION,identity_theft_account_takeover,"Thank you for flagging this quickly. Access to your online banking will be locked while we investigate. Our security team will verify your identity through a secure process, review recent changes and transactions, and help reset your details. Please tell us about any transaction you did not make, so it can be investigated. If anything changes in the meantime, please let us know straight away."
"I need help. I need a person to help me with this, not an automated reply.",CONTACT,human_agent,"Certainly, I can arrange for one of our advisors to help you. I am transferring you now, and I will share the details of our conversation so you do not need to repeat yourself. If the queue is long, you can choose to receive a call back instead."
"Urgent: I cannot log in to net banking, I do not remember my password.",PASSWORD,get_password,"I am sorry you are locked out. On the login page, tap Forgot Password and enter your customer ID. We will send a one-time code to your registered mobile number, and after you enter it you can choose a new password. For security reasons we can never tell you your old password. If you need any further help, just let me know."
pls help: i lost my prepaid card and need to block it right now. can u help me with this?,CARD,block_card,"I apologise for the trouble this has caused, let me help. To protect your money, block the card first. Use the app under Cards and Block, or call the 24 hour phone banking line and ask for an immediate block. Once blocked, please review your recent transactions and tell us about any you do not recognise so we can look into them. Let me know if there is anything more I can do for you."
"hey, what is the remaining balance on my mortgage?",LOAN,check_mortgage_payments,"Sure, here is how this works. In the app, open Loans and select your mortgage to see your monthly payment, the next due date, the remaining balance and the split between interest and principal. Statements and a yearly interest certificate can also be downloaded from the documents section. Feel free to ask if you have any other questions."
"Hello there, tell me about the monthly maintenance fees on my savings account. Any idea what to do?",FEES,check_fees,"Fees depend on the type of account or service. You can find the full list in the app under Help and then Fees and Charges, including maintenance, ATM, transfer and card fees. If you tell me the specific service you are asking about, I can explain how that fee is calculated and when it applies. Let me know if there is anything more I can do for you."
"Please help: I want to apply for a car loan of $253,590",LOAN,apply_for_loan,"Sure, here is how this works. To apply for a loan, go to Loans in the app and select the type of loan you need. Enter the amount and tenure, upload the required documents and submit. Your eligibility is based on income, existing commitments and credit score, and you will see a decision and an offer once the review is complete."
"Excuse me, is there a fee if my balance drops below the minimum?",FEES,check_fees,"Fees depend on the type of account or service. You can find the full list in the app under Help and then Fees and Charges, including maintenance, ATM, transfer and card fees. If you tell me the specific service you are asking about, I can explain how that fee is calculated and when it applies."
"Hi team, what is the remaining balance on my mortgage? Can you help me with this?",LOAN,check_mortgage_payments,"Sure, here is how this works. Your mortgage details are available under Loans. There you can view the payment amount, upcoming due dates, the balance still owed and a summary of interest paid. If your payment changes because of a rate change, we will notify you in advance. Please reach out again if anything is unclear."
Pls help: when is my next mortgage payment due? Can u help me with this?,LOAN,check_mortgage_payments,"In the app, open Loans and select your mortgage to see your monthly payment, the next due date, the remaining balance and the split between interest and principal. Statements and a yearly interest certificate can also be downloaded from the documents section. I am here if you need anything else."
"Hi team, is there a fee if my balance drops below the minimum? Please advise",FEES,check_fees,"Fees depend on the type of account or service. You can find the full list in the app under Help and then Fees and Charges, including maintenance, ATM, transfer and card fees. If you tell me the specific service you are asking about, I can explain how that fee is calculated and when it applies. I am here if you need anything else."
"My payment of 39,000 dollars was blocked and I need it to go through today. Please help.",PAYMENT_EXCEPTION,large_transaction_blocked,"Thank you for explaining. A large payment may exceed your set limit, or it may be waiting for extra verification. You can raise your limit in Card Controls after authentication, and the security team can release a held transaction after checking with you. Since it is time sensitive, shall I connect you to an agent now? If anything changes in the meantime, please let us know straight away."
"Hey, I received an alert for 2,570 dollars at Swiggy while my card was in my wallet. Please help",PAYMENT_EXCEPTION,card_fraud_unauthorized_transaction,"I am very sorry this has happened, and I will treat it as urgent. First, block your card in the app so no further charges can be made. Then please tell us which transactions you do not recognise, including the 2,570 dollars at Swiggy, so we can raise a fraud claim. Our fraud team will investigate, may issue a replacement card, and will contact you with updates. Please do not share any codes or card details with anyone claiming to be from the bank. Please keep your reference number safe, and reply here if you need anything else."
Quick question: can I cancel a scheduled transfer for next week?,TRANSFER,cancel_transfer,"Absolutely, let me walk you through it. Please act quickly. For transfers that have not been processed yet, use Cancel next to the transfer in your pending list. For completed transfers, raise a recall request from the same screen or through customer service, and keep the transaction reference handy. We will update you as soon as we hear back from the other bank."
"Hi team, I paid GBP 2,460 once but the money left my account twice three days ago. Thanks.",PAYMENT_EXCEPTION,duplicate_charge,"Thanks for letting us know. Please keep proof of your purchase and, if possible, the merchant receipt. We will open a dispute for the duplicate payment, and a specialist will review it with the merchant. Refunds usually take several working days once the duplicate is confirmed. Please keep your reference number safe, and reply here if you need anything else."
How can I change my password to something stronger? Thanks.,PASSWORD,set_up_password,"Certainly, I can help with that. New customers can create a password using the First Time Login option. Enter your customer ID, verify with a one-time code, then choose a password that meets the rules shown on screen. Please do not share it with anyone, including bank staff."
"Quick question: ATM retained my card ending 3834, how do I recover it? Please advise",ATM,recover_swallowed_card,"Please do not worry, this happens sometimes. First, block the card in the app as a precaution until you have it back. Then contact the branch that owns the ATM or call customer service, and we will check if the card was retained by the machine. If it can be recovered you may collect it with valid photo ID, otherwise we will issue a replacement card to you."
"Excuse me, my brother died and I am the nominee on his account, what should I do? Any idea what to do?",RETAIL_EXCEPTION,deceased_account_holder,"I am very sorry for your loss. Please take your time, and we will make this as simple as we can. To begin, please inform us of the death by contacting our bereavement team, who will guide you personally. You will usually need a copy of the death certificate, your own identification and proof of your relationship, and if you are the nominee, the nomination details. Because this involves legal steps, a specialist will handle your request and explain the timeline. If you would like, I can connect you with a human agent right now."
"My prepaid card does not work outside the country, how do I switch on overseas payments",CARD,activate_card_international_usage,"Sure, here is how this works. To use your card overseas, open Card Controls in the app and enable International Usage. It is a good idea to set a travel period and a daily limit. If you cannot use the app, phone banking can turn it on for you after verifying your identity. If you need any further help, just let me know."
Please help: cancel my savings account and send me the balance. Not sure what to do,ACCOUNT,close_account,"Sure, here is how this works. To close the account, make sure there are no pending transactions, linked cards or loans. Request closure through the app under Account Services or visit a branch. We will transfer any remaining balance to the account you nominate and confirm once the account is closed. Feel free to ask if you have any other questions."
Quick question: can I get someone to visit me at home for banking services?,RETAIL_EXCEPTION,vulnerable_customer_support,"Thank you for telling us, and please know that we are here to help in a way that works for you. We offer support such as large print or audio statements, assisted banking at branches, a dedicated helpline with priority handling and, in some areas, home visits. If you are worried about a suspicious call, please do not share any codes or personal details, and we will help you check it. I will connect you with our customer care specialists to set up the support you need. If you would like, I can connect you with a human agent right now."
how much do i pay every year to keep my card? thanks.,CARD,check_card_annual_fee,"Certainly, I can help with that. Annual fees vary by card, and many cards waive the fee after a certain level of yearly spending. Please check Fees and Charges for your card in the app to see your amount and the anniversary date. If you would like to ask about a waiver, customer service can review your eligibility. Let me know if there is anything more I can do for you."
"Good evening, can I cancel my loan after it was approved but before receiving the money? Thank you.",LOAN,cancel_loan,"Of course, happy to help. To cancel a loan application, tell us which application you mean and we will stop the process. Before disbursal there is normally no cost. After disbursal, the loan must be closed by repaying the outstanding amount, and we will give you the exact figure and any applicable charges. I am here if you need anything else."
"hey, how much do i still owe on my loan? can you help me with this?",LOAN,check_loan_payments,"To check your loan payments, log in and open Loans, then choose the loan. You will see what you have paid so far, what is left, and the next due date. If you would like to pay extra to reduce the balance, there is an option to make a part payment on the same screen. If you need any further help, just let me know."
Quick question: I want to freeze the joint account until we settle things. thx.,RETAIL_EXCEPTION,joint_account_dispute,"I am sorry you are going through this. Joint accounts are governed by the mandate that was agreed when they were opened, and changes such as removing a holder or freezing the account usually need the consent of all holders, or a legal instruction. I can arrange for a specialist to explain your options and what proof would be required. Please keep in mind that we cannot take sides, and for serious disputes it can help to seek legal advice."
"Card stolen abroad, need emergency replacement. I need this sorted today",PAYMENT_EXCEPTION,lost_card_abroad_emergency,"That sounds very stressful. The first step is to block all lost cards so nobody can use them. Then our emergency support team can help with a replacement card delivered to your location or a cash advance, after confirming your identity. Please keep any police report reference, as it can help with disputed transactions. If anything changes in the meantime, please let us know straight away."
Cancel the automatic payment to Reliance Digital right now. Thank you.,PAYMENT_EXCEPTION,recurring_payment_unauthorized,"Sorry about the trouble. We can block future payments to the merchant on your card, and I can start a dispute for charges you did not authorise. Please share the dates and the amounts of the payments and any cancellation emails you have. A specialist will review whether the money can be recovered. If anything changes in the meantime, please let us know straight away."
"Hey, there is an ATM transaction I do not recognise for GBP 751, how do I raise a dispute? Please help.",ATM,dispute_ATM_withdrawal,"Sorry about the trouble with the ATM. Please keep the receipt if you have one and raise a dispute through the app or by calling customer service. We will check the ATM records for the withdrawal and update you by message. If the money is confirmed as not dispensed, it will be returned to your account."
Urgent: when is my next business loan instalment due? Any idea what to do?,LOAN,check_loan_payments,"To check your loan payments, log in and open Loans, then choose the loan. You will see what you have paid so far, what is left, and the next due date. If you would like to pay extra to reduce the balance, there is an option to make a part payment on the same screen. Let me know if there is anything more I can do for you."
"good morning, the atm kept my platinum credit card and i cannot get it back",ATM,recover_swallowed_card,"Please do not worry, this happens sometimes. First, block the card in the app as a precaution until you have it back. Then contact the branch that owns the ATM or call customer service, and we will check if the card was retained by the machine. If it can be recovered you may collect it with valid photo ID, otherwise we will issue a replacement card to you."
"Hi, can I cancel a scheduled transfer for next week? Please help.",TRANSFER,cancel_transfer,"Sure, here is how this works. Please act quickly. For transfers that have not been processed yet, use Cancel next to the transfer in your pending list. For completed transfers, raise a recall request from the same screen or through customer service, and keep the transaction reference handy. We will update you as soon as we hear back from the other bank. I am here if you need anything else."
How can I change my password to something stronger? Not sure what to do.,PASSWORD,set_up_password,"Thanks for reaching out, I can guide you through this. New customers can create a password using the First Time Login option. Enter your customer ID, verify with a one-time code, then choose a password that meets the rules shown on screen. Please do not share it with anyone, including bank staff. Let me know if there is anything more I can do for you."
"Good morning, my refund of EUR 2,500 is still missing, the shop says it was processed. Appreciate the help.",PAYMENT_EXCEPTION,refund_not_received,"Thank you for the details. A refund can take some time after the merchant approves it. If it has been more than ten working days, please send us the refund confirmation from the merchant. We will trace the credit and follow up with the merchant bank on your behalf. You can ask for a human agent at any time and I will arrange it."
"Quick question: I need help because I am struggling to repay my loan of EUR 274,780. Any idea what to do?",RETAIL_EXCEPTION,loan_hardship_request,"I am sorry you are facing this, and I am glad you reached out early. We have options for customers in financial difficulty, such as a temporary payment holiday, a longer tenure with lower instalments, or restructuring, depending on your situation. I will pass your request to our customer support team, who will review your income and expenses and discuss what is possible. Please try to keep making any payments you can, and avoid ignoring reminders, as talking to us early gives you more choices. If you would like, I can connect you with a human agent right now."
What is the outstanding balance on my personal loan? I need this sorted today.,LOAN,check_loan_payments,"You can see your repayment details in the app under Loans. Select your personal loan to view the instalment amount, the next due date, the number of payments remaining and the total outstanding balance. The full repayment schedule can also be downloaded as a document."
"Please help: can I get a loan for EUR 36,670 over 60 months? Any idea what to do?",LOAN,apply_for_loan,"To apply for a loan, go to Loans in the app and select the type of loan you need. Enter the amount and tenure, upload the required documents and submit. Your eligibility is based on income, existing commitments and credit score, and you will see a decision and an offer once the review is complete. I am here if you need anything else."
"hello, reliance digital keeps charging me 2,620 usd every month and i never subscribed.",PAYMENT_EXCEPTION,recurring_payment_unauthorized,"I understand how annoying unwanted charges are. You can stop a recurring payment by going to Cards and Recurring Payments in the app and choosing Stop for Reliance Digital. If the merchant has already taken money you did not agree to, we can raise a dispute for the 2,620 USD charges. It also helps to contact the merchant to cancel the subscription so they stop trying to bill you. If anything changes in the meantime, please let us know straight away."
"Good morning, the ATM gave me less money than what was debited from my account. Please advise.",ATM,dispute_ATM_withdrawal,"Sorry about the trouble with the ATM. Please keep the receipt if you have one and raise a dispute through the app or by calling customer service. We will check the ATM records for the withdrawal and update you by message. If the money is confirmed as not dispensed, it will be returned to your account."
"I do not want a bot, please connect me to an advisor. Appreciate the help",CONTACT,human_agent,"Of course. I will connect you with a human agent now. Please stay in this chat, and it helps if you briefly describe your issue so the agent can pick up straight away. Waiting times can vary, and if it is not urgent you can also request a call back at a time that suits you."
"Hi team, I was charged twice by Amazon for the same purchase of 458 dollars. Can you help me with this?",PAYMENT_EXCEPTION,duplicate_charge,"I am sorry about the double charge. Sometimes one of the two entries is only a temporary hold that drops off within a few working days, so please check whether both are marked as completed. If both are completed, raise a dispute from the transaction details in the app for the duplicate 458 dollars at Amazon. We will contact the merchant, and the extra amount will be returned if the duplicate is confirmed. If anything changes in the meantime, please let us know straight away."
"Hi team, I paid 1,240 dollars once but the money left my account twice last month. Please advise.",PAYMENT_EXCEPTION,duplicate_charge,"Thanks for letting us know. Please keep proof of your purchase and, if possible, the merchant receipt. We will open a dispute for the duplicate payment, and a specialist will review it with the merchant. Refunds usually take several working days once the duplicate is confirmed. You can ask for a human agent at any time and I will arrange it."
Urgent: what happens to my mortgage application if I cancel it now? Thanks.,LOAN,cancel_mortgage,"Certainly, I can help with that. I can help you withdraw the mortgage application. Please contact our mortgage team through the app or at a branch and confirm the application reference. If the valuation or legal work has already started, some third party fees might still apply. Once cancelled, you will receive written confirmation. I am here if you need anything else."
"Good evening, suspicious login on my account from another country, please secure it.",RETAIL_EXCEPTION,identity_theft_account_takeover,"I am very sorry, and I will treat this as urgent. To protect you, we should restrict access to your account and cards immediately, and I am escalating this to our fraud and security team now. Please do not use the same password anywhere else, avoid clicking links in unexpected messages, and keep a note of any suspicious messages or calls. A specialist will contact you on a verified number to restore your access and review the activity. Please keep your reference number safe, and reply here if you need anything else."
Quick question: where is the closest branch? Please advise.,FIND,find_branch,"Thanks for reaching out, I can guide you through this. To find a branch, enter your area or city in the Locator and choose Branches. Each listing shows the address, working hours and the services offered, such as loans or locker facilities. Most branches are open on weekdays and some are open on Saturday mornings. Let me know if there is anything more I can do for you."
"Please block my card ending 7046, I think it was stolen. Thank you.",CARD,block_card,"You can block the card immediately in the mobile app. Go to Cards, choose the card and tap Block Card, then pick Lost or Stolen as the reason. The card stops working straight away and any new transactions are declined. We will then help you order a replacement, which usually arrives in a few working days. If you need any further help, just let me know."
I need help. Can I see my last transactions? Thank you.,ACCOUNT,check_recent_transactions,"To review your recent activity, log in and choose the account, then select Recent Transactions. Pending items are shown separately from completed ones. If something looks unfamiliar, tap it to see the details and report it directly from that screen. I am here if you need anything else."
"Hello there, please cancel the card ending 2563. Please advise.",CARD,cancel_card,"Absolutely, let me walk you through it. I can guide you through cancelling your card. First check that there are no pending transactions or unpaid dues. Then submit a cancellation request through the app or by phone banking. You will get a confirmation message once the card is closed. Please reach out again if anything is unclear."
"Hello, why was I charged a fee of EUR 658 this month? Thank you",FEES,check_fees,"Thanks for reaching out, I can guide you through this. I can help you understand the charges. Common fees include monthly maintenance, foreign transaction fees, ATM use outside our network and penalties for low balance. Your latest statement shows every fee that has been applied, and customer service can review any fee you believe was charged in error. Let me know if there is anything more I can do for you."
How can I appeal a declined personal loan? Thank you.,RETAIL_EXCEPTION,loan_application_rejected_appeal,"I am sorry that your application was not approved. Decisions are based on factors such as income, existing debts, credit history and the value of the loan requested, and we can share the main reasons with you. You may ask for a review, especially if your circumstances have changed or if some information was missing. I will pass your request to a loans specialist who can explain the decision and suggest what may improve your chances next time. You can ask for a human agent at any time and I will arrange it."
"excuse me, how do i freeze my card temporarily? i cannot find it. not sure what to do",CARD,block_card,"That sounds frustrating, and I will do my best to help you resolve it. To protect your money, block the card first. Use the app under Cards and Block, or call the 24 hour phone banking line and ask for an immediate block. Once blocked, please review your recent transactions and tell us about any you do not recognise so we can look into them. Feel free to ask if you have any other questions."
quick question: find me a cash machine close to me. thank you,FIND,find_ATM,"Sure, here is how this works. To locate an ATM, open the Locator in the app or on our website and search by city or landmark. Filters help you find machines that offer deposits, cheque drops or extended hours. Please remember that using an ATM outside our network may attract a fee. I am here if you need anything else."
"Hi team, how do I start a chargeback for a service that was not delivered?",PAYMENT_EXCEPTION,chargeback_request,Thank you for the details. A card dispute can be raised for items not received or not as described. We will need your order confirmation and any communication with the seller. Our disputes team will assess the claim and let you know whether the amount can be recovered.
The bank refused my mortgage even though I have a stable income. Can you help me with this,RETAIL_EXCEPTION,loan_application_rejected_appeal,"I am sorry that your application was not approved. Decisions are based on factors such as income, existing debts, credit history and the value of the loan requested, and we can share the main reasons with you. You may ask for a review, especially if your circumstances have changed or if some information was missing. I will pass your request to a loans specialist who can explain the decision and suggest what may improve your chances next time. Please keep your reference number safe, and reply here if you need anything else."
"Hey, please block my card ending 0396, I think it was stolen. Any idea what to do?",CARD,block_card,"I understand how stressful this must be, and I am here to help. To protect your money, block the card first. Use the app under Cards and Block, or call the 24 hour phone banking line and ask for an immediate block. Once blocked, please review your recent transactions and tell us about any you do not recognise so we can look into them. Let me know if there is anything more I can do for you."
"Hey, we are separating and I want to stop my partner from withdrawing from our joint account. Thank you.",RETAIL_EXCEPTION,joint_account_dispute,"Thank you for explaining. Changing the operating instruction on a joint account depends on the mandate, and sometimes a court order is needed. Our specialist team can review the account terms with you and tell you what can be done, such as requiring both signatures for withdrawals. I will connect you with them. If anything changes in the meantime, please let us know straight away."
I need help. What is the customer care number? Not sure what to do.,CONTACT,customer_service,"There are several ways to contact us. The quickest is the chat option in the app, which is available all day. You can also call the number printed on the back of your card or on our website, or visit any branch during opening hours. If you need any further help, just let me know."
"Good evening, payment stuck in processing for 10 days and my rent is due.",PAYMENT_EXCEPTION,transfer_pending_stuck,"I understand how worrying it is when a payment is delayed. Most transfers complete within one working day, but some can be held for security checks or because of details that need correcting. Please check the transaction status and reference number in the app. Since it has been 10 days, I will raise this as a payment investigation so a specialist can trace the payment with the receiving bank and update you. We will keep you updated by message until this is resolved."
"Hey, what is the customer care number? I need this sorted today.",CONTACT,customer_service,"Certainly, I can help with that. You can reach customer service by phone banking, through secure chat in the mobile app, or by email through the Contact Us section. Phone and chat support are available round the clock for urgent matters such as blocking a card, and other requests are handled during business hours. Please keep your customer ID handy so we can help you faster. If you need any further help, just let me know."
"Excuse me, cash was not dispensed at the ATM yet my account was debited. I need this sorted today.",ATM,dispute_ATM_withdrawal,"Sorry about the trouble with the ATM. Please keep the receipt if you have one and raise a dispute through the app or by calling customer service. We will check the ATM records for the withdrawal and update you by message. If the money is confirmed as not dispensed, it will be returned to your account."
How do I activate my new prepaid card? Appreciate the help,CARD,activate_card,"Certainly, I can help with that. First, open the mobile app or net banking and go to the Cards section. Then select your prepaid card and choose Activate Card. You will receive a one-time code on your registered mobile number, so enter it to confirm. Once that is done, the card is active and ready to use straight away. I am here if you need anything else."
"We fell 4 weeks behind on the mortgage, what can we do? I need this sorted today.",RETAIL_EXCEPTION,mortgage_arrears_support,"Thank you for reaching out. Falling behind on a mortgage is stressful, and there are steps we can explore together. A mortgage support specialist will review your account, your income and expenses, and discuss a plan that suits you. I am raising this as urgent so they contact you soon. If anything changes in the meantime, please let us know straight away."
"Hey, how do I view what I spent this week? Thanks.",ACCOUNT,check_recent_transactions,"To review your recent activity, log in and choose the account, then select Recent Transactions. Pending items are shown separately from completed ones. If something looks unfamiliar, tap it to see the details and report it directly from that screen."
"Hey, how long will my transfer stay pending? It has been 4 days. Not sure what to do.",PAYMENT_EXCEPTION,transfer_pending_stuck,"Sorry for the delay. A transfer can stay pending if the receiving bank is slow, if the details do not match, or if the payment is under review. I have noted the delay and a specialist team will trace the payment. If it cannot be completed, the money is returned to your account."
"please help: please block my card ending 7243, i think it was stolen.",CARD,block_card,"I apologise for the trouble this has caused, let me help. To protect your money, block the card first. Use the app under Cards and Block, or call the 24 hour phone banking line and ask for an immediate block. Once blocked, please review your recent transactions and tell us about any you do not recognise so we can look into them."
"Hi, I paid in the local currency but was billed at a strange rate. Not sure what to do.",PAYMENT_EXCEPTION,currency_conversion_dispute,"I understand the surprise. The debited amount comes from the exchange rate at the time of settlement, plus any conversion charges, and the shop may also offer to charge in your home currency at their own rate. I can flag your transaction for review so a specialist can confirm whether the correct rate was applied."
Urgent: is there any joining or annual fee on the credit card?,CARD,check_card_annual_fee,"Annual fees vary by card, and many cards waive the fee after a certain level of yearly spending. Please check Fees and Charges for your card in the app to see your amount and the anniversary date. If you would like to ask about a waiver, customer service can review your eligibility. If you need any further help, just let me know."
"Please unfreeze my account, I already submitted my documents last weekend. thx.",RETAIL_EXCEPTION,account_frozen_kyc,"I understand how stressful it is to have an account restricted. Accounts are sometimes frozen when identity documents are missing or expired, or when a compliance review is needed. I cannot lift a restriction from this chat, but I can raise a priority request with our account services team. Please keep your photo ID, proof of address and recent photograph ready, and a specialist will contact you with the exact documents required. We will keep you updated by message until this is resolved."
I need help. I want to know how many payments are left on my loan. Thanks.,LOAN,check_loan_payments,"Of course, happy to help. To check your loan payments, log in and open Loans, then choose the loan. You will see what you have paid so far, what is left, and the next due date. If you would like to pay extra to reduce the balance, there is an option to make a part payment on the same screen."
"I need help. Where is my refund, it has been 4 days? Any idea what to do?",PAYMENT_EXCEPTION,refund_not_received,"Thank you for the details. A refund can take some time after the merchant approves it. If it has been more than ten working days, please send us the refund confirmation from the merchant. We will trace the credit and follow up with the merchant bank on your behalf. Please keep your reference number safe, and reply here if you need anything else."
"Good morning, what is the annual fee for my platinum credit card? Not sure what to do.",CARD,check_card_annual_fee,"Annual fees vary by card, and many cards waive the fee after a certain level of yearly spending. Please check Fees and Charges for your card in the app to see your amount and the anniversary date. If you would like to ask about a waiver, customer service can review your eligibility. Feel free to ask if you have any other questions."
"Hi team, I want to freeze the joint account until we settle things. Any idea what to do",RETAIL_EXCEPTION,joint_account_dispute,"Thank you for explaining. Changing the operating instruction on a joint account depends on the mandate, and sometimes a court order is needed. Our specialist team can review the account terms with you and tell you what can be done, such as requiring both signatures for withdrawals. I will connect you with them. Please keep your reference number safe, and reply here if you need anything else."
"Hey, can I get someone to visit me at home for banking services? Please advise.",RETAIL_EXCEPTION,vulnerable_customer_support,"Thank you for telling us, and please know that we are here to help in a way that works for you. We offer support such as large print or audio statements, assisted banking at branches, a dedicated helpline with priority handling and, in some areas, home visits. If you are worried about a suspicious call, please do not share any codes or personal details, and we will help you check it. I will connect you with our customer care specialists to set up the support you need. If you would like, I can connect you with a human agent right now."
"quick question: the bank sent a notice about mortgage arrears, please help. thank you",RETAIL_EXCEPTION,mortgage_arrears_support,"Thank you for reaching out. Falling behind on a mortgage is stressful, and there are steps we can explore together. A mortgage support specialist will review your account, your income and expenses, and discuss a plan that suits you. I am raising this as urgent so they contact you soon. If you would like, I can connect you with a human agent right now."
"Urgent, travelling and card blocked, I cant pay my hotel. Pls advise",PAYMENT_EXCEPTION,card_declined_while_travelling,"Sorry about the inconvenience, especially while you are travelling. Please check that international transactions are enabled and that you have not reached your daily limit. Because this is urgent, I recommend calling the emergency line on the back of the card, where an agent can verify you and remove any block. Emergency cash or a replacement card can be arranged if needed. If you would like, I can connect you with a human agent right now."
"good evening, the bank asked for documents for a payment abroad and it is delayed. appreciate the help.",PAYMENT_EXCEPTION,international_transfer_compliance_hold,"I understand this is frustrating. International payments can be held for a routine compliance review, which is a regulatory requirement, and we may ask for supporting documents such as an invoice, contract or proof of source of funds. I cannot see the full details of the review in this chat, so I will pass your case to our payments compliance team, who will contact you about what is needed. Providing the documents promptly usually speeds things up. If anything changes in the meantime, please let us know straight away."
quick question: when is my next home loan instalment due,LOAN,check_loan_payments,"You can see your repayment details in the app under Loans. Select your home loan to view the instalment amount, the next due date, the number of payments remaining and the total outstanding balance. The full repayment schedule can also be downloaded as a document. If you need any further help, just let me know."
"hey, i paid inr 1,230 once but the money left my account twice last month",PAYMENT_EXCEPTION,duplicate_charge,"Thanks for letting us know. Please keep proof of your purchase and, if possible, the merchant receipt. We will open a dispute for the duplicate payment, and a specialist will review it with the merchant. Refunds usually take several working days once the duplicate is confirmed."
I need to inform the bank about the death of my husband and settle his accounts. Any idea what to do?,RETAIL_EXCEPTION,deceased_account_holder,"I am very sorry for your loss. Please take your time, and we will make this as simple as we can. To begin, please inform us of the death by contacting our bereavement team, who will guide you personally. You will usually need a copy of the death certificate, your own identification and proof of your relationship, and if you are the nominee, the nomination details. Because this involves legal steps, a specialist will handle your request and explain the timeline. If you would like, I can connect you with a human agent right now."
"Hello there, please explain how to apply for a loan online.",LOAN,apply_for_loan,"Certainly, I can help with that. To apply for a loan, go to Loans in the app and select the type of loan you need. Enter the amount and tenure, upload the required documents and submit. Your eligibility is based on income, existing commitments and credit score, and you will see a decision and an offer once the review is complete."
"Hey, my salary account has been frozen and I do not know why. Can you help me with this",RETAIL_EXCEPTION,account_frozen_kyc,"I am sorry for the inconvenience. A restriction usually means we need to verify or update some information. You can complete the update in the app under Profile and KYC, or visit a branch. If you have already submitted documents, I will ask the team to prioritise the review and update you. If you would like, I can connect you with a human agent right now."
"Hi, when is my card annual fee charged and can it be waived?",CARD,check_card_annual_fee,"Certainly, I can help with that. Annual fees vary by card, and many cards waive the fee after a certain level of yearly spending. Please check Fees and Charges for your card in the app to see your amount and the anniversary date. If you would like to ask about a waiver, customer service can review your eligibility. Feel free to ask if you have any other questions."
"I need help. We are buying our first home and need a mortgage, where do we start?",LOAN,apply_for_mortgage,"Of course, happy to help. For a mortgage, the first step is to check how much you can borrow using the mortgage calculator in the app. Then submit an application with your identity, income and property details, and we will arrange a valuation of the property. After approval you receive a formal offer, and the funds are released to the seller once the legal formalities are complete. A deposit is usually needed, and the amount depends on the property value and your profile. Please reach out again if anything is unclear."
"Good evening, there is an ATM transaction I do not recognise for $2,510, how do I raise a dispute? I need this sorted today.",ATM,dispute_ATM_withdrawal,"I will help you raise a dispute for the ATM withdrawal of $2,510. Please go to Disputes in the app, select the transaction and choose ATM Cash Issue, then give the date, time and ATM location if you have them. We will investigate with the ATM operator and most cases are reviewed within a few working days. If the ATM did not dispense the cash, the amount is usually credited back to your account."
"Hello, how do I freeze my card temporarily? I cannot find it. Any idea what to do?",CARD,block_card,"I am sorry to hear about this and I want to help sort it out. To protect your money, block the card first. Use the app under Cards and Block, or call the 24 hour phone banking line and ask for an immediate block. Once blocked, please review your recent transactions and tell us about any you do not recognise so we can look into them. Feel free to ask if you have any other questions."
"Hi, my mother is unwell and I need to manage her account, how does power of attorney work? Please help.",RETAIL_EXCEPTION,power_of_attorney_request,"I am sorry to hear that. Managing another person's account requires a valid legal authority, such as a registered power of attorney, and we need to verify it before giving access. Please prepare the original or certified copy of the document, your identification and the account holder details. A specialist will check the paperwork and explain what your authority allows, and I will arrange for them to contact you. If anything changes in the meantime, please let us know straight away."
"Hey, the bank sent a notice about mortgage arrears, please help. Can you help me with this?",RETAIL_EXCEPTION,mortgage_arrears_support,"I understand how worrying this is, and I want you to know that help is available. Please do not ignore the notice, because early contact gives us more options such as revising the payment plan, extending the term or a temporary arrangement. I will connect you with our specialist mortgage support team, who can go through the details with you in confidence. It is also worth getting free independent money advice alongside speaking to us. If anything changes in the meantime, please let us know straight away."
i need help. i would like to apply for a home loan. please help.,LOAN,apply_for_mortgage,"For a mortgage, the first step is to check how much you can borrow using the mortgage calculator in the app. Then submit an application with your identity, income and property details, and we will arrange a valuation of the property. After approval you receive a formal offer, and the funds are released to the seller once the legal formalities are complete. A deposit is usually needed, and the amount depends on the property value and your profile."
I need help. Can I reapply after a rejection and what should I improve? Thanks,RETAIL_EXCEPTION,loan_application_rejected_appeal,"I am sorry that your application was not approved. Decisions are based on factors such as income, existing debts, credit history and the value of the loan requested, and we can share the main reasons with you. You may ask for a review, especially if your circumstances have changed or if some information was missing. I will pass your request to a loans specialist who can explain the decision and suggest what may improve your chances next time."
"good morning, my refund of inr 1,170 is still missing, the shop says it was processed. can you help me with this?",PAYMENT_EXCEPTION,refund_not_received,"Thank you for the details. A refund can take some time after the merchant approves it. If it has been more than ten working days, please send us the refund confirmation from the merchant. We will trace the credit and follow up with the merchant bank on your behalf. We will keep you updated by message until this is resolved."
What is the available balance on my travel card?,CARD,check_current_balance_on_card,"You can see your card balance in the mobile app under Cards. Select your travel card to view the available limit, the outstanding amount and the payment due date. You can also get a quick balance by sending a text message from your registered number or by calling phone banking."
Urgent: how do I see my card balance and available limit? Any idea what to do?,CARD,check_current_balance_on_card,"To check your balance, log in to net banking or the app and open Cards. The card summary shows your current balance, available credit and the last statement amount. Balances update in near real time, but very recent transactions can take a short while to appear. If you need any further help, just let me know."
"Excuse me, what happens to my mortgage application if I cancel it now? Thank you.",LOAN,cancel_mortgage,"I can help you withdraw the mortgage application. Please contact our mortgage team through the app or at a branch and confirm the application reference. If the valuation or legal work has already started, some third party fees might still apply. Once cancelled, you will receive written confirmation. If you need any further help, just let me know."
"Good evening, please tell me the current balance on the card ending 3522.",CARD,check_current_balance_on_card,"Certainly, I can help with that. To check your balance, log in to net banking or the app and open Cards. The card summary shows your current balance, available credit and the last statement amount. Balances update in near real time, but very recent transactions can take a short while to appear. Feel free to ask if you have any other questions."
"Good evening, we decided not to buy the house, how do I cancel the mortgage? Please help.",LOAN,cancel_mortgage,"Absolutely, let me walk you through it. To cancel a mortgage application, send a withdrawal request with your application reference. Any costs already incurred for valuation or legal checks may not be refundable. We will confirm the cancellation in writing and close the file."
"Hello, my debit card ending 7335 arrived today. What are the steps to activate it? I need this sorted today",CARD,activate_card,"Certainly, I can help with that. You can activate your card in two easy ways. In the mobile app, go to Cards, pick your card, and tap Activate. If you prefer, call the phone banking number printed on the back of the card and follow the voice prompts. After verification your card will be active within a few minutes."
"Excuse me, please unfreeze my account, I already submitted my documents last night. Please advise.",RETAIL_EXCEPTION,account_frozen_kyc,"I am sorry for the inconvenience. A restriction usually means we need to verify or update some information. You can complete the update in the app under Profile and KYC, or visit a branch. If you have already submitted documents, I will ask the team to prioritise the review and update you."
"Hi, can I cancel a scheduled transfer for next week?",TRANSFER,cancel_transfer,"Absolutely, let me walk you through it. Please act quickly. For transfers that have not been processed yet, use Cancel next to the transfer in your pending list. For completed transfers, raise a recall request from the same screen or through customer service, and keep the transaction reference handy. We will update you as soon as we hear back from the other bank. Feel free to ask if you have any other questions."
quick question: how do i withdraw my loan request? any idea what to do?,LOAN,cancel_loan,"To cancel a loan application, tell us which application you mean and we will stop the process. Before disbursal there is normally no cost. After disbursal, the loan must be closed by repaying the outstanding amount, and we will give you the exact figure and any applicable charges. Let me know if there is anything more I can do for you."
"I was charged twice by PayPal for the same purchase of GBP 1,110. Thanks",PAYMENT_EXCEPTION,duplicate_charge,"I am sorry about the double charge. Sometimes one of the two entries is only a temporary hold that drops off within a few working days, so please check whether both are marked as completed. If both are completed, raise a dispute from the transaction details in the app for the duplicate GBP 1,110 at PayPal. We will contact the merchant, and the extra amount will be returned if the duplicate is confirmed. Please keep your reference number safe, and reply here if you need anything else."
"Excuse me, where do I activate the prepaid card I got yesterday?",CARD,activate_card,"Certainly, I can help with that. First, open the mobile app or net banking and go to the Cards section. Then select your prepaid card and choose Activate Card. You will receive a one-time code on your registered mobile number, so enter it to confirm. Once that is done, the card is active and ready to use straight away."
"Hey, I want to know my outstanding amount on the credit card. Thank you",CARD,check_current_balance_on_card,"To check your balance, log in to net banking or the app and open Cards. The card summary shows your current balance, available credit and the last statement amount. Balances update in near real time, but very recent transactions can take a short while to appear. I am here if you need anything else."
"Hi, the amount debited does not match the price I saw abroad. Can you help me with this?",PAYMENT_EXCEPTION,currency_conversion_dispute,"Thanks for raising this. When you pay in a foreign currency, the amount is converted at the network exchange rate on the day the transaction is settled, and a foreign currency fee may also apply, so the final figure can differ from what you saw at the shop. Please check the transaction details in the app for the rate and fee that were used. If you believe the amount is wrong, we can raise a query and a specialist will review it. If you would like, I can connect you with a human agent right now."
"I just received my credit card in the mail, how can I start using it",CARD,activate_card,"Thanks for reaching out, I can guide you through this. First, open the mobile app or net banking and go to the Cards section. Then select your credit card and choose Activate Card. You will receive a one-time code on your registered mobile number, so enter it to confirm. Once that is done, the card is active and ready to use straight away."
"Pls help: my payment of 10,340 dollars was blocked and I need it to go through today. Any idea what to do?",PAYMENT_EXCEPTION,large_transaction_blocked,"I understand the urgency. Large payments can be blocked because they go over your daily limit or because our security systems flagged them for extra checks. I cannot release a held payment from this chat, but I can help you confirm it is genuine. Please approve any alert on your app, or I can connect you to a specialist who will verify you and, where possible, release the payment or raise your limit temporarily. Please keep your reference number safe, and reply here if you need anything else."
"Hi, pls enable international transactions on my card ending 3986. Pls advise.",CARD,activate_card_international_usage,"Thanks for reaching out, I can guide you through this. To use your card overseas, open Card Controls in the app and enable International Usage. It is a good idea to set a travel period and a daily limit. If you cannot use the app, phone banking can turn it on for you after verifying your identity. Feel free to ask if you have any other questions."
"Hello, we decided not to buy the house, how do I cancel the mortgage? Can you help me with this",LOAN,cancel_mortgage,"Sure, here is how this works. I can help you withdraw the mortgage application. Please contact our mortgage team through the app or at a branch and confirm the application reference. If the valuation or legal work has already started, some third party fees might still apply. Once cancelled, you will receive written confirmation. I am here if you need anything else."
Please help me recover my login details. thx.,PASSWORD,get_password,"I am sorry you are locked out. On the login page, tap Forgot Password and enter your customer ID. We will send a one-time code to your registered mobile number, and after you enter it you can choose a new password. For security reasons we can never tell you your old password."
"Good morning, I want to cancel my credit card permanently. Not sure what to do.",CARD,cancel_card,"Certainly, I can help with that. I can guide you through cancelling your card. First check that there are no pending transactions or unpaid dues. Then submit a cancellation request through the app or by phone banking. You will get a confirmation message once the card is closed. I am here if you need anything else."
"Good morning, how do I set up a password for net banking? I need this sorted today.",PASSWORD,set_up_password,"Certainly, I can help with that. To set up or change your password, log in and go to Settings and then Security. Choose Change Password, enter your current password, and type the new one twice. A strong password uses at least eight characters with a mix of letters, numbers and symbols, and should not include your name or birth date."
"I need to withdraw cash in Amsterdam, where can I find one of your ATMs? Thank you.",FIND,find_ATM,"To locate an ATM, open the Locator in the app or on our website and search by city or landmark. Filters help you find machines that offer deposits, cheque drops or extended hours. Please remember that using an ATM outside our network may attract a fee."
I want to cancel my mortgage application. Appreciate the help.,LOAN,cancel_mortgage,"I can help you withdraw the mortgage application. Please contact our mortgage team through the app or at a branch and confirm the application reference. If the valuation or legal work has already started, some third party fees might still apply. Once cancelled, you will receive written confirmation. Let me know if there is anything more I can do for you."
Please help: my spouse emptied our joint account without telling me. Please help,RETAIL_EXCEPTION,joint_account_dispute,"I am sorry you are going through this. Joint accounts are governed by the mandate that was agreed when they were opened, and changes such as removing a holder or freezing the account usually need the consent of all holders, or a legal instruction. I can arrange for a specialist to explain your options and what proof would be required. Please keep in mind that we cannot take sides, and for serious disputes it can help to seek legal advice. Please keep your reference number safe, and reply here if you need anything else."
"Good morning, the same payment of GBP 217 shows up two times on my statement. Please advise.",PAYMENT_EXCEPTION,duplicate_charge,"Thanks for letting us know. Please keep proof of your purchase and, if possible, the merchant receipt. We will open a dispute for the duplicate payment, and a specialist will review it with the merchant. Refunds usually take several working days once the duplicate is confirmed. You can ask for a human agent at any time and I will arrange it."
"Good morning, I need to speak to support about my account, how do I reach you? thx.",CONTACT,customer_service,"Sure, here is how this works. There are several ways to contact us. The quickest is the chat option in the app, which is available all day. You can also call the number printed on the back of your card or on our website, or visit any branch during opening hours."
"Hey, the ATM did not give me the full cash but the money was deducted, I withdrew $145. Any idea what to do?",ATM,dispute_ATM_withdrawal,"I will help you raise a dispute for the ATM withdrawal of $145. Please go to Disputes in the app, select the transaction and choose ATM Cash Issue, then give the date, time and ATM location if you have them. We will investigate with the ATM operator and most cases are reviewed within a few working days. If the ATM did not dispense the cash, the amount is usually credited back to your account."
"Hey, please cancel the card ending 5928. Please help",CARD,cancel_card,"Thanks for reaching out, I can guide you through this. I can guide you through cancelling your card. First check that there are no pending transactions or unpaid dues. Then submit a cancellation request through the app or by phone banking. You will get a confirmation message once the card is closed."
Urgent: what are the opening hours of the branch near the old town square?,FIND,find_branch,"To find a branch, enter your area or city in the Locator and choose Branches. Each listing shows the address, working hours and the services offered, such as loans or locker facilities. Most branches are open on weekdays and some are open on Saturday mornings."
"Good morning, I am a student and would like to start a savings account. Thank you.",ACCOUNT,create_account,"To start, choose the type of account that suits you, then fill in the application form online. You will need identity and address documents, and you may complete a short video verification. Once approved, your account details arrive by message and email, and your debit card is sent to your address. Please reach out again if anything is unclear."
"Good evening, how do I set up a password for net banking? Please help.",PASSWORD,set_up_password,"Sure, here is how this works. To set up or change your password, log in and go to Settings and then Security. Choose Change Password, enter your current password, and type the new one twice. A strong password uses at least eight characters with a mix of letters, numbers and symbols, and should not include your name or birth date. If you need any further help, just let me know."
"Hi, why is my account restricted, I need to pay bills today. Any idea what to do",RETAIL_EXCEPTION,account_frozen_kyc,"I am sorry for the inconvenience. A restriction usually means we need to verify or update some information. You can complete the update in the app under Profile and KYC, or visit a branch. If you have already submitted documents, I will ask the team to prioritise the review and update you. If anything changes in the meantime, please let us know straight away."
"Hello, please escalate my complaint to a senior manager.",RETAIL_EXCEPTION,formal_complaint_escalation,"I am sorry that your issue has not been resolved, and you have every right to escalate. I can register a formal complaint now, which will be given a reference number and reviewed by our complaints team, who will respond in writing within the time required. If you are not satisfied with the final response, you can take the matter to the external financial ombudsman. It helps if you share the dates and details of your previous contacts. You can ask for a human agent at any time and I will arrange it."
Quick question: cash was not dispensed at the ATM yet my account was debited. I need this sorted today,ATM,dispute_ATM_withdrawal,"Sorry about the trouble with the ATM. Please keep the receipt if you have one and raise a dispute through the app or by calling customer service. We will check the ATM records for the withdrawal and update you by message. If the money is confirmed as not dispensed, it will be returned to your account."
What is the fastest way to send money to someone?,TRANSFER,make_transfer,"You can send money in a few steps. Open Transfers, choose Send Money and select an existing payee or add a new one. Type in the amount, check the details carefully because transfers to the wrong account can be hard to reverse, and approve with your security code. Instant methods arrive within minutes, while standard transfers can take up to one working day. Feel free to ask if you have any other questions."
Quick question: how much is my monthly mortgage payment? Thank you.,LOAN,check_mortgage_payments,"Your mortgage details are available under Loans. There you can view the payment amount, upcoming due dates, the balance still owed and a summary of interest paid. If your payment changes because of a rate change, we will notify you in advance. Feel free to ask if you have any other questions."
"Hi, I want to apply for a personal loan of EUR 16,310. Thanks.",LOAN,apply_for_loan,"You can apply for a personal loan online or at a branch. Please keep your identity proof, address proof, recent salary slips or income proof, and bank statements ready. After you submit the application, we check your eligibility and credit history and share an offer with the interest rate and repayment plan. Once you accept, the money is usually credited within a few working days."
"Pls help: what happens if I cancel my travel card, and how do I do it? Appreciate the help.",CARD,cancel_card,I can guide you through cancelling your card. First check that there are no pending transactions or unpaid dues. Then submit a cancellation request through the app or by phone banking. You will get a confirmation message once the card is closed. Let me know if there is anything more I can do for you.
"hi, the account holder cant sign anymore, what documents do i need to act for them? please help.",RETAIL_EXCEPTION,power_of_attorney_request,"I am sorry to hear that. Managing another person's account requires a valid legal authority, such as a registered power of attorney, and we need to verify it before giving access. Please prepare the original or certified copy of the document, your identification and the account holder details. A specialist will check the paperwork and explain what your authority allows, and I will arrange for them to contact you. If you would like, I can connect you with a human agent right now."
"Hello, how do I freeze my card temporarily? I cannot find it. Can you help me with this?",CARD,block_card,"I understand how stressful this must be, and I am here to help. You can block the card immediately in the mobile app. Go to Cards, choose the card and tap Block Card, then pick Lost or Stolen as the reason. The card stops working straight away and any new transactions are declined. We will then help you order a replacement, which usually arrives in a few working days. If you need any further help, just let me know."
Urgent: can I cancel my loan after it was approved but before receiving the money? Any idea what to do?,LOAN,cancel_loan,"To cancel a loan application, tell us which application you mean and we will stop the process. Before disbursal there is normally no cost. After disbursal, the loan must be closed by repaying the outstanding amount, and we will give you the exact figure and any applicable charges."
"excuse me, help, the cash machine did not return my card. i need this sorted today.",ATM,recover_swallowed_card,"I am sorry that the ATM kept your card. For your safety, I suggest blocking the card right away in the app. We will then arrange either collection from the ATM branch with identification or a replacement card sent to your address, usually within a few working days."
Urgent: I am a student and would like to start a savings account. Any idea what to do?,ACCOUNT,create_account,"Thanks for reaching out, I can guide you through this. To start, choose the type of account that suits you, then fill in the application form online. You will need identity and address documents, and you may complete a short video verification. Once approved, your account details arrive by message and email, and your debit card is sent to your address. Let me know if there is anything more I can do for you."
"Good evening, what is the annual fee for my debit card?",CARD,check_card_annual_fee,"Certainly, I can help with that. The annual fee depends on the type of card you hold. You can see the exact amount for your debit card in the app under Cards and Card Details, and it is also listed in your welcome kit. The fee is normally charged once a year on the card anniversary date. Some cards offer a waiver if you reach a yearly spending target. I am here if you need anything else."
I need help. I want to cancel my debit card permanently. Thanks.,CARD,cancel_card,"Thanks for reaching out, I can guide you through this. To cancel a card, go to Cards in the mobile app, select your debit card and choose Cancel Card, or contact customer service. Before we close it, please clear any outstanding balance and cancel recurring payments linked to the card. Once cancelled, the card cannot be used again, and you can request a new one later if you change your mind. Let me know if there is anything more I can do for you."
"Hi team, how do I stop a transfer I made yesterday? Appreciate the help.",TRANSFER,cancel_transfer,"Of course, happy to help. Please act quickly. For transfers that have not been processed yet, use Cancel next to the transfer in your pending list. For completed transfers, raise a recall request from the same screen or through customer service, and keep the transaction reference handy. We will update you as soon as we hear back from the other bank. Feel free to ask if you have any other questions."
"urgent: i forgot my password, how do i get it back? appreciate the help",PASSWORD,get_password,"You can recover access in a few steps. Select Forgot Password on the login screen, verify your identity with the one-time code sent to your registered number, and set a new password. If you no longer have access to that number, please visit a branch with your identification to update it."
"The ATM did not give me the full cash but the money was deducted, I withdrew INR 230. I need this sorted today.",ATM,dispute_ATM_withdrawal,"Sorry about the trouble with the ATM. Please keep the receipt if you have one and raise a dispute through the app or by calling customer service. We will check the ATM records for the withdrawal and update you by message. If the money is confirmed as not dispensed, it will be returned to your account."
Please cancel the card ending 6777. I need this sorted today.,CARD,cancel_card,I can guide you through cancelling your card. First check that there are no pending transactions or unpaid dues. Then submit a cancellation request through the app or by phone banking. You will get a confirmation message once the card is closed. I am here if you need anything else.
"Hello there, when is my next car loan instalment due? I need this sorted today.",LOAN,check_loan_payments,"Certainly, I can help with that. To check your loan payments, log in and open Loans, then choose the loan. You will see what you have paid so far, what is left, and the next due date. If you would like to pay extra to reduce the balance, there is an option to make a part payment on the same screen. Feel free to ask if you have any other questions."
"Hi, how much do I pay every year to keep my card? Appreciate the help",CARD,check_card_annual_fee,"Sure, here is how this works. Annual fees vary by card, and many cards waive the fee after a certain level of yearly spending. Please check Fees and Charges for your card in the app to see your amount and the anniversary date. If you would like to ask about a waiver, customer service can review your eligibility."
Urgent: can I reapply after a rejection and what should I improve? Appreciate the help.,RETAIL_EXCEPTION,loan_application_rejected_appeal,"I am sorry that your application was not approved. Decisions are based on factors such as income, existing debts, credit history and the value of the loan requested, and we can share the main reasons with you. You may ask for a review, especially if your circumstances have changed or if some information was missing. I will pass your request to a loans specialist who can explain the decision and suggest what may improve your chances next time. You can ask for a human agent at any time and I will arrange it."
"hi team, i need help because i am struggling to repay my loan of inr 417,790",RETAIL_EXCEPTION,loan_hardship_request,"I am sorry you are facing this, and I am glad you reached out early. We have options for customers in financial difficulty, such as a temporary payment holiday, a longer tenure with lower instalments, or restructuring, depending on your situation. I will pass your request to our customer support team, who will review your income and expenses and discuss what is possible. Please try to keep making any payments you can, and avoid ignoring reminders, as talking to us early gives you more choices. Please keep your reference number safe, and reply here if you need anything else."
"I need help. I need help because I am struggling to repay my loan of 421,700 dollars. Can you help me with this?",RETAIL_EXCEPTION,loan_hardship_request,"I am sorry you are facing this, and I am glad you reached out early. We have options for customers in financial difficulty, such as a temporary payment holiday, a longer tenure with lower instalments, or restructuring, depending on your situation. I will pass your request to our customer support team, who will review your income and expenses and discuss what is possible. Please try to keep making any payments you can, and avoid ignoring reminders, as talking to us early gives you more choices."
please help: what are the rules for choosing a password? appreciate the help.,PASSWORD,set_up_password,"Certainly, I can help with that. To set up or change your password, log in and go to Settings and then Security. Choose Change Password, enter your current password, and type the new one twice. A strong password uses at least eight characters with a mix of letters, numbers and symbols, and should not include your name or birth date. Please reach out again if anything is unclear."
"Quick question: I think my identity was stolen, there are accounts and loans in my name that I did not open. Can you help me with this?",RETAIL_EXCEPTION,identity_theft_account_takeover,"I am very sorry, and I will treat this as urgent. To protect you, we should restrict access to your account and cards immediately, and I am escalating this to our fraud and security team now. Please do not use the same password anywhere else, avoid clicking links in unexpected messages, and keep a note of any suspicious messages or calls. A specialist will contact you on a verified number to restore your access and review the activity. Please keep your reference number safe, and reply here if you need anything else."
"Good morning, please tell me the current balance on the card ending 0966.",CARD,check_current_balance_on_card,"To check your balance, log in to net banking or the app and open Cards. The card summary shows your current balance, available credit and the last statement amount. Balances update in near real time, but very recent transactions can take a short while to appear."
"Hello there, how can I change my password to something stronger? Not sure what to do.",PASSWORD,set_up_password,"Absolutely, let me walk you through it. New customers can create a password using the First Time Login option. Enter your customer ID, verify with a one-time code, then choose a password that meets the rules shown on screen. Please do not share it with anyone, including bank staff. Please reach out again if anything is unclear."
I need help. How can I contact customer service? Please advise.,CONTACT,customer_service,"You can reach customer service by phone banking, through secure chat in the mobile app, or by email through the Contact Us section. Phone and chat support are available round the clock for urgent matters such as blocking a card, and other requests are handled during business hours. Please keep your customer ID handy so we can help you faster."
"Hello there, how do I freeze my card temporarily? I cannot find it. Pls help.",CARD,block_card,"That sounds frustrating, and I will do my best to help you resolve it. You can block the card immediately in the mobile app. Go to Cards, choose the card and tap Block Card, then pick Lost or Stolen as the reason. The card stops working straight away and any new transactions are declined. We will then help you order a replacement, which usually arrives in a few working days. Let me know if there is anything more I can do for you."
"How do I send $2,590 to a friend's account? Thank you",TRANSFER,make_transfer,"Absolutely, let me walk you through it. To make a transfer, log in to the app or net banking and go to Transfers. Add the payee by entering the name, account number and bank code, then confirm the payee with a one-time code. Enter the amount of $2,590, choose the payment method, review the details and confirm. You will get a confirmation message with a reference number."
"Excuse me, I changed my name after marriage, how do I update it on my business account?",RETAIL_EXCEPTION,legal_name_change,"To change your name in our records, we need proof of the legal name change, such as a marriage certificate, a gazette notification or a deed poll, together with your identification. Please upload the documents in the app under Profile or visit a branch, and we will update your accounts and cards. Because this affects several products, the update may take a few working days, and we will notify you when it is complete. Please keep your reference number safe, and reply here if you need anything else."
"Hi, we fell 2 weeks behind on the mortgage, what can we do? Can you help me with this?",RETAIL_EXCEPTION,mortgage_arrears_support,"Thank you for reaching out. Falling behind on a mortgage is stressful, and there are steps we can explore together. A mortgage support specialist will review your account, your income and expenses, and discuss a plan that suits you. I am raising this as urgent so they contact you soon. Please keep your reference number safe, and reply here if you need anything else."
Could you tell me the yearly charges on the card ending 4107,CARD,check_card_annual_fee,"Absolutely, let me walk you through it. Annual fees vary by card, and many cards waive the fee after a certain level of yearly spending. Please check Fees and Charges for your card in the app to see your amount and the anniversary date. If you would like to ask about a waiver, customer service can review your eligibility."
"i sent gbp 628 to the wrong person, can i cancel the transfer?",TRANSFER,cancel_transfer,"Of course, happy to help. If the transfer of GBP 628 is still pending or scheduled, you can cancel it in the app. Go to Transfers, open Pending or Scheduled, select the transfer and tap Cancel. If it has already been completed, it cannot be cancelled directly, but you can raise a request and we will contact the receiving bank to ask for the money back. Success depends on the receiving bank and the account holder agreeing to return it. Let me know if there is anything more I can do for you."
"Hi, how much is my monthly mortgage payment? Please help.",LOAN,check_mortgage_payments,"Your mortgage details are available under Loans. There you can view the payment amount, upcoming due dates, the balance still owed and a summary of interest paid. If your payment changes because of a rate change, we will notify you in advance. Let me know if there is anything more I can do for you."
"Good morning, how much is my monthly mortgage payment? I need this sorted today",LOAN,check_mortgage_payments,"Your mortgage details are available under Loans. There you can view the payment amount, upcoming due dates, the balance still owed and a summary of interest paid. If your payment changes because of a rate change, we will notify you in advance. Let me know if there is anything more I can do for you."
i need help. how can i check how much credit i have left on my card? thanks.,CARD,check_current_balance_on_card,"Absolutely, let me walk you through it. To check your balance, log in to net banking or the app and open Cards. The card summary shows your current balance, available credit and the last statement amount. Balances update in near real time, but very recent transactions can take a short while to appear. Let me know if there is anything more I can do for you."
"Hi team, what is the fastest way to send money to someone? I need this sorted today",TRANSFER,make_transfer,"Absolutely, let me walk you through it. You can send money in a few steps. Open Transfers, choose Send Money and select an existing payee or add a new one. Type in the amount, check the details carefully because transfers to the wrong account can be hard to reverse, and approve with your security code. Instant methods arrive within minutes, while standard transfers can take up to one working day. Please reach out again if anything is unclear."
I need help. Why was my overseas payment blocked for a compliance review? Thank you.,PAYMENT_EXCEPTION,international_transfer_compliance_hold,"Thank you for your patience. Some cross border payments are checked before release, and I am not able to share the specific reason for a review. Please keep supporting documents ready. I am escalating your transfer to a specialist team, who will tell you what is required and the expected timing. We will keep you updated by message until this is resolved."
"Excuse me, I just received my travel card in the mail, how can I start using it? Please help.",CARD,activate_card,"First, open the mobile app or net banking and go to the Cards section. Then select your travel card and choose Activate Card. You will receive a one-time code on your registered mobile number, so enter it to confirm. Once that is done, the card is active and ready to use straight away. If you need any further help, just let me know."
quick question: show me my recent activity on the business account. not sure what to do.,ACCOUNT,check_recent_transactions,"Of course, happy to help. You can see recent transactions in the app or net banking. Open your business account and tap Transactions to view the latest activity, and use the filters to search by date or amount. Statements for earlier periods can be downloaded as a PDF from the Statements section. Feel free to ask if you have any other questions."
Urgent: could you tell me the yearly charges on the card ending 5280?,CARD,check_card_annual_fee,"Annual fees vary by card, and many cards waive the fee after a certain level of yearly spending. Please check Fees and Charges for your card in the app to see your amount and the anniversary date. If you would like to ask about a waiver, customer service can review your eligibility. I am here if you need anything else."
Urgent: how can I change my password to something stronger? thx.,PASSWORD,set_up_password,"To set up or change your password, log in and go to Settings and then Security. Choose Change Password, enter your current password, and type the new one twice. A strong password uses at least eight characters with a mix of letters, numbers and symbols, and should not include your name or birth date."
Please help: can I reapply after a rejection and what should I improve?,RETAIL_EXCEPTION,loan_application_rejected_appeal,"I am sorry that your application was not approved. Decisions are based on factors such as income, existing debts, credit history and the value of the loan requested, and we can share the main reasons with you. You may ask for a review, especially if your circumstances have changed or if some information was missing. I will pass your request to a loans specialist who can explain the decision and suggest what may improve your chances next time. If you would like, I can connect you with a human agent right now."
Please help: is there any joining or annual fee on the debit card?,CARD,check_card_annual_fee,"The annual fee depends on the type of card you hold. You can see the exact amount for your debit card in the app under Cards and Card Details, and it is also listed in your welcome kit. The fee is normally charged once a year on the card anniversary date. Some cards offer a waiver if you reach a yearly spending target."
How do I shut down my account permanently? Thank you.,ACCOUNT,close_account,"To close the account, make sure there are no pending transactions, linked cards or loans. Request closure through the app under Account Services or visit a branch. We will transfer any remaining balance to the account you nominate and confirm once the account is closed. I am here if you need anything else."
"Excuse me, I have a power of attorney document, how do I register it with the bank? Thank you.",RETAIL_EXCEPTION,power_of_attorney_request,"I am sorry to hear that. Managing another person's account requires a valid legal authority, such as a registered power of attorney, and we need to verify it before giving access. Please prepare the original or certified copy of the document, your identification and the account holder details. A specialist will check the paperwork and explain what your authority allows, and I will arrange for them to contact you. You can ask for a human agent at any time and I will arrange it."
"Hi team, I need to withdraw cash in Amsterdam, where can I find one of your ATMs? Thank you",FIND,find_ATM,"Sure, here is how this works. To locate an ATM, open the Locator in the app or on our website and search by city or landmark. Filters help you find machines that offer deposits, cheque drops or extended hours. Please remember that using an ATM outside our network may attract a fee."
"Hello, I never received the goods I paid INR 2,380 for on Starbucks, I want a chargeback. Appreciate the help.",PAYMENT_EXCEPTION,chargeback_request,"I am sorry about your experience. You can ask for a chargeback when goods or services were not delivered or were not as described. Please raise a dispute in the app for the INR 2,380 payment to Starbucks, and attach evidence such as the order confirmation, messages with the seller and photographs if relevant. We will review your case, contact the merchant, and update you on the outcome. You can ask for a human agent at any time and I will arrange it."
"Good morning, I would like to stop my card, it has an annual fee I do not want to pay. Thanks.",CARD,cancel_card,"Of course, happy to help. I can guide you through cancelling your card. First check that there are no pending transactions or unpaid dues. Then submit a cancellation request through the app or by phone banking. You will get a confirmation message once the card is closed."
"Good morning, a free trial with Booking.com turned into a monthly charge of GBP 927, help.",PAYMENT_EXCEPTION,recurring_payment_unauthorized,"Sorry about the trouble. We can block future payments to the merchant on your card, and I can start a dispute for charges you did not authorise. Please share the dates and the amounts of the payments and any cancellation emails you have. A specialist will review whether the money can be recovered. If anything changes in the meantime, please let us know straight away."
"Hi, I lost my debit card and need to block it right now. Please help",CARD,block_card,"That sounds frustrating, and I will do my best to help you resolve it. You can block the card immediately in the mobile app. Go to Cards, choose the card and tap Block Card, then pick Lost or Stolen as the reason. The card stops working straight away and any new transactions are declined. We will then help you order a replacement, which usually arrives in a few working days. I am here if you need anything else."
"atm retained my card ending 6509, how do i recover it",ATM,recover_swallowed_card,"I am sorry that the ATM kept your card. For your safety, I suggest blocking the card right away in the app. We will then arrange either collection from the ATM branch with identification or a replacement card sent to your address, usually within a few working days. I am here if you need anything else."
"Made a transfer to the wrong beneficiary, how do I recover the money? Any idea what to do",PAYMENT_EXCEPTION,transfer_wrong_account,"I am sorry this happened. Please raise a wrong transfer request in the app or with customer service right away with the payment reference. We will ask the receiving bank to hold and return the funds, but they need the account holder consent, so the timing can vary. A specialist will follow up with you. We will keep you updated by message until this is resolved."
I need to inform the bank about the death of my husband and settle his accounts. Thank you.,RETAIL_EXCEPTION,deceased_account_holder,"My condolences to you and your family. Accounts of a deceased customer are handled by a dedicated team with care. Please share the death certificate and your identification, and they will explain how the balance is released to the nominee or legal heir and how the account is closed. I will connect you with them, so you do not have to repeat yourself. You can ask for a human agent at any time and I will arrange it."
"hi team, how do i withdraw my loan request? appreciate the help",LOAN,cancel_loan,"Sure, here is how this works. To cancel a loan application, tell us which application you mean and we will stop the process. Before disbursal there is normally no cost. After disbursal, the loan must be closed by repaying the outstanding amount, and we will give you the exact figure and any applicable charges."
"Hi team, why was my overseas payment blocked for a compliance review?",PAYMENT_EXCEPTION,international_transfer_compliance_hold,"I understand this is frustrating. International payments can be held for a routine compliance review, which is a regulatory requirement, and we may ask for supporting documents such as an invoice, contract or proof of source of funds. I cannot see the full details of the review in this chat, so I will pass your case to our payments compliance team, who will contact you about what is needed. Providing the documents promptly usually speeds things up."
Quick question: I cancelled an order with Airbnb and the credit has not shown on my card. Please help,PAYMENT_EXCEPTION,refund_not_received,"Thank you for the details. A refund can take some time after the merchant approves it. If it has been more than ten working days, please send us the refund confirmation from the merchant. We will trace the credit and follow up with the merchant bank on your behalf. If anything changes in the meantime, please let us know straight away."
"i need help. i have a visual impairment and cannot read the statements, what support do you offer? appreciate the help",RETAIL_EXCEPTION,vulnerable_customer_support,"Thank you for telling us, and please know that we are here to help in a way that works for you. We offer support such as large print or audio statements, assisted banking at branches, a dedicated helpline with priority handling and, in some areas, home visits. If you are worried about a suspicious call, please do not share any codes or personal details, and we will help you check it. I will connect you with our customer care specialists to set up the support you need. If you would like, I can connect you with a human agent right now."
"hi team, transfer to istanbul flagged, what proof do i need to provide? appreciate the help",PAYMENT_EXCEPTION,international_transfer_compliance_hold,"Thank you for your patience. Some cross border payments are checked before release, and I am not able to share the specific reason for a review. Please keep supporting documents ready. I am escalating your transfer to a specialist team, who will tell you what is required and the expected timing."
"good evening, is there a fee if my balance drops below the minimum?",FEES,check_fees,"Sure, here is how this works. Fees depend on the type of account or service. You can find the full list in the app under Help and then Fees and Charges, including maintenance, ATM, transfer and card fees. If you tell me the specific service you are asking about, I can explain how that fee is calculated and when it applies."
"hi team, what is the remaining balance on my mortgage",LOAN,check_mortgage_payments,"Your mortgage details are available under Loans. There you can view the payment amount, upcoming due dates, the balance still owed and a summary of interest paid. If your payment changes because of a rate change, we will notify you in advance. If you need any further help, just let me know."
"hello there, what is the fastest way to send money to someone? thanks.",TRANSFER,make_transfer,"You can send money in a few steps. Open Transfers, choose Send Money and select an existing payee or add a new one. Type in the amount, check the details carefully because transfers to the wrong account can be hard to reverse, and approve with your security code. Instant methods arrive within minutes, while standard transfers can take up to one working day. Please reach out again if anything is unclear."
Urgent: my online banking was accessed by someone else and money is missing. I need this sorted today.,RETAIL_EXCEPTION,identity_theft_account_takeover,"I am very sorry, and I will treat this as urgent. To protect you, we should restrict access to your account and cards immediately, and I am escalating this to our fraud and security team now. Please do not use the same password anywhere else, avoid clicking links in unexpected messages, and keep a note of any suspicious messages or calls. A specialist will contact you on a verified number to restore your access and review the activity. If you would like, I can connect you with a human agent right now."
I am going to Delhi soon. Can you turn on international usage for my card? Thanks,CARD,activate_card_international_usage,"To use your card overseas, open Card Controls in the app and enable International Usage. It is a good idea to set a travel period and a daily limit. If you cannot use the app, phone banking can turn it on for you after verifying your identity. Feel free to ask if you have any other questions."
"can i get a loan for 258,340 usd over 84 months?",LOAN,apply_for_loan,"To apply for a loan, go to Loans in the app and select the type of loan you need. Enter the amount and tenure, upload the required documents and submit. Your eligibility is based on income, existing commitments and credit score, and you will see a decision and an offer once the review is complete. I am here if you need anything else."
"excuse me, how do i see my card balance and available limit? appreciate the help.",CARD,check_current_balance_on_card,"To check your balance, log in to net banking or the app and open Cards. The card summary shows your current balance, available credit and the last statement amount. Balances update in near real time, but very recent transactions can take a short while to appear. If you need any further help, just let me know."
"Good morning, I cannot log in to net banking, I do not remember my password. Appreciate the help.",PASSWORD,get_password,"You can recover access in a few steps. Select Forgot Password on the login screen, verify your identity with the one-time code sent to your registered number, and set a new password. If you no longer have access to that number, please visit a branch with your identification to update it."
"Hi team, what are the rules for choosing a password",PASSWORD,set_up_password,"Of course, happy to help. New customers can create a password using the First Time Login option. Enter your customer ID, verify with a one-time code, then choose a password that meets the rules shown on screen. Please do not share it with anyone, including bank staff."
"Hey, my online banking was accessed by someone else and money is missing.",RETAIL_EXCEPTION,identity_theft_account_takeover,"Thank you for flagging this quickly. Access to your online banking will be locked while we investigate. Our security team will verify your identity through a secure process, review recent changes and transactions, and help reset your details. Please tell us about any transaction you did not make, so it can be investigated."
"excuse me, urgent, travelling and card blocked, i cannot pay my hotel. please help.",PAYMENT_EXCEPTION,card_declined_while_travelling,"Sorry about the inconvenience, especially while you are travelling. Please check that international transactions are enabled and that you have not reached your daily limit. Because this is urgent, I recommend calling the emergency line on the back of the card, where an agent can verify you and remove any block. Emergency cash or a replacement card can be arranged if needed. If you would like, I can connect you with a human agent right now."
"good evening, why was i charged a fee of inr 859 this month? thank you.",FEES,check_fees,"Thanks for reaching out, I can guide you through this. Fees depend on the type of account or service. You can find the full list in the app under Help and then Fees and Charges, including maintenance, ATM, transfer and card fees. If you tell me the specific service you are asking about, I can explain how that fee is calculated and when it applies. Let me know if there is anything more I can do for you."
"Hello, I need to visit a branch, can you help me find one? Thanks.",FIND,find_branch,"Absolutely, let me walk you through it. To find a branch, enter your area or city in the Locator and choose Branches. Each listing shows the address, working hours and the services offered, such as loans or locker facilities. Most branches are open on weekdays and some are open on Saturday mornings. I am here if you need anything else."
"Good morning, I am abroad and my prepaid card stopped working at the shop, please help now. Appreciate the help",PAYMENT_EXCEPTION,card_declined_while_travelling,"I am sorry you are stuck, and I will help as quickly as possible. Cards are sometimes declined abroad because international usage is off, a limit has been reached, or a security check was triggered. Please open the app and check Card Controls for your prepaid card, and approve any security alert you received. If it still fails, I can connect you to our 24 hour support line so an agent can unblock the card or arrange emergency cash."
"Hello there, I need help because I am struggling to repay my loan of 329,720 dollars. Appreciate the help.",RETAIL_EXCEPTION,loan_hardship_request,"Thank you for being open about this. We treat hardship requests seriously and with respect. A specialist will contact you to understand your circumstances and explore ways to reduce the pressure, for example a payment break or revised repayment plan. They may ask for proof of the change in your income. Nothing is decided in this chat, but I will raise it as a priority. If anything changes in the meantime, please let us know straight away."
I need help. How do I view what I spent this week? I need this sorted today.,ACCOUNT,check_recent_transactions,"To review your recent activity, log in and choose the account, then select Recent Transactions. Pending items are shown separately from completed ones. If something looks unfamiliar, tap it to see the details and report it directly from that screen."
I need help. When is my card annual fee charged and can it be waived? Please help,CARD,check_card_annual_fee,"Certainly, I can help with that. Annual fees vary by card, and many cards waive the fee after a certain level of yearly spending. Please check Fees and Charges for your card in the app to see your amount and the anniversary date. If you would like to ask about a waiver, customer service can review your eligibility. I am here if you need anything else."
Quick question: where is the nearest ATM,FIND,find_ATM,"Of course, happy to help. To locate an ATM, open the Locator in the app or on our website and search by city or landmark. Filters help you find machines that offer deposits, cheque drops or extended hours. Please remember that using an ATM outside our network may attract a fee. Please reach out again if anything is unclear."
"Good morning, the account number I typed was one digit off, and the payment went through. Please advise",PAYMENT_EXCEPTION,transfer_wrong_account,"I am sorry this happened. Please raise a wrong transfer request in the app or with customer service right away with the payment reference. We will ask the receiving bank to hold and return the funds, but they need the account holder consent, so the timing can vary. A specialist will follow up with you. Please keep your reference number safe, and reply here if you need anything else."
"Hey, I want to freeze the joint account until we settle things. Can you help me with this",RETAIL_EXCEPTION,joint_account_dispute,"I am sorry you are going through this. Joint accounts are governed by the mandate that was agreed when they were opened, and changes such as removing a holder or freezing the account usually need the consent of all holders, or a legal instruction. I can arrange for a specialist to explain your options and what proof would be required. Please keep in mind that we cannot take sides, and for serious disputes it can help to seek legal advice. Please keep your reference number safe, and reply here if you need anything else."
I need help. How long will my transfer stay pending? It has been 10 days. I need this sorted today.,PAYMENT_EXCEPTION,transfer_pending_stuck,"Sorry for the delay. A transfer can stay pending if the receiving bank is slow, if the details do not match, or if the payment is under review. I have noted the delay and a specialist team will trace the payment. If it cannot be completed, the money is returned to your account. If anything changes in the meantime, please let us know straight away."
"Please help: can I get a loan for 461,400 USD over 84 months?",LOAN,apply_for_loan,"Sure, here is how this works. To apply for a loan, go to Loans in the app and select the type of loan you need. Enter the amount and tenure, upload the required documents and submit. Your eligibility is based on income, existing commitments and credit score, and you will see a decision and an offer once the review is complete. Feel free to ask if you have any other questions."
"Urgent: how do I send $1,940 to a friend's account?",TRANSFER,make_transfer,"Certainly, I can help with that. You can send money in a few steps. Open Transfers, choose Send Money and select an existing payee or add a new one. Type in the amount, check the details carefully because transfers to the wrong account can be hard to reverse, and approve with your security code. Instant methods arrive within minutes, while standard transfers can take up to one working day. Let me know if there is anything more I can do for you."
I need help. Where do I activate the debit card I got last Friday? Thanks.,CARD,activate_card,"Certainly, I can help with that. First, open the mobile app or net banking and go to the Cards section. Then select your debit card and choose Activate Card. You will receive a one-time code on your registered mobile number, so enter it to confirm. Once that is done, the card is active and ready to use straight away. I am here if you need anything else."
"hello there, cash was not dispensed at the atm yet my account was debited",ATM,dispute_ATM_withdrawal,"Sorry about the trouble with the ATM. Please keep the receipt if you have one and raise a dispute through the app or by calling customer service. We will check the ATM records for the withdrawal and update you by message. If the money is confirmed as not dispensed, it will be returned to your account. Feel free to ask if you have any other questions."
"Hey, how can I appeal a declined student loan? Thanks.",RETAIL_EXCEPTION,loan_application_rejected_appeal,"I am sorry that your application was not approved. Decisions are based on factors such as income, existing debts, credit history and the value of the loan requested, and we can share the main reasons with you. You may ask for a review, especially if your circumstances have changed or if some information was missing. I will pass your request to a loans specialist who can explain the decision and suggest what may improve your chances next time. Please keep your reference number safe, and reply here if you need anything else."
Quick question: im confused and worried about a scam call asking for my details. Please help.,RETAIL_EXCEPTION,vulnerable_customer_support,"Thank you for telling us, and please know that we are here to help in a way that works for you. We offer support such as large print or audio statements, assisted banking at branches, a dedicated helpline with priority handling and, in some areas, home visits. If you are worried about a suspicious call, please do not share any codes or personal details, and we will help you check it. I will connect you with our customer care specialists to set up the support you need. You can ask for a human agent at any time and I will arrange it."
Can you help me activate my card? It has not been used yet. Not sure what to do,CARD,activate_card,"Thanks for reaching out, I can guide you through this. You can activate your card in two easy ways. In the mobile app, go to Cards, pick your card, and tap Activate. If you prefer, call the phone banking number printed on the back of the card and follow the voice prompts. After verification your card will be active within a few minutes. Please reach out again if anything is unclear."
"Hello there, help, the cash machine did not return my card. I need this sorted today.",ATM,recover_swallowed_card,"I am sorry that the ATM kept your card. For your safety, I suggest blocking the card right away in the app. We will then arrange either collection from the ATM branch with identification or a replacement card sent to your address, usually within a few working days. If you need any further help, just let me know."
Please help: can I cancel a scheduled transfer for next week? Appreciate the help,TRANSFER,cancel_transfer,"Absolutely, let me walk you through it. Please act quickly. For transfers that have not been processed yet, use Cancel next to the transfer in your pending list. For completed transfers, raise a recall request from the same screen or through customer service, and keep the transaction reference handy. We will update you as soon as we hear back from the other bank. Let me know if there is anything more I can do for you."
"Excuse me, could you tell me the yearly charges on the card ending 1066? Thank you.",CARD,check_card_annual_fee,"Certainly, I can help with that. Annual fees vary by card, and many cards waive the fee after a certain level of yearly spending. Please check Fees and Charges for your card in the app to see your amount and the anniversary date. If you would like to ask about a waiver, customer service can review your eligibility. Let me know if there is anything more I can do for you."
"Hello, can you explain the steps for a home loan application",LOAN,apply_for_mortgage,"For a mortgage, the first step is to check how much you can borrow using the mortgage calculator in the app. Then submit an application with your identity, income and property details, and we will arrange a valuation of the property. After approval you receive a formal offer, and the funds are released to the seller once the legal formalities are complete. A deposit is usually needed, and the amount depends on the property value and your profile."
Please help: I lost my job and cannot pay my business loan instalments. Please advise,RETAIL_EXCEPTION,loan_hardship_request,"I am sorry you are facing this, and I am glad you reached out early. We have options for customers in financial difficulty, such as a temporary payment holiday, a longer tenure with lower instalments, or restructuring, depending on your situation. I will pass your request to our customer support team, who will review your income and expenses and discuss what is possible. Please try to keep making any payments you can, and avoid ignoring reminders, as talking to us early gives you more choices. If anything changes in the meantime, please let us know straight away."
My online banking was accessed by someone else and money is missing. Can you help me with this?,RETAIL_EXCEPTION,identity_theft_account_takeover,"Thank you for flagging this quickly. Access to your online banking will be locked while we investigate. Our security team will verify your identity through a secure process, review recent changes and transactions, and help reset your details. Please tell us about any transaction you did not make, so it can be investigated. If you would like, I can connect you with a human agent right now."
"Hello, how much is the fee for an international transfer? Thanks",FEES,check_fees,"Fees depend on the type of account or service. You can find the full list in the app under Help and then Fees and Charges, including maintenance, ATM, transfer and card fees. If you tell me the specific service you are asking about, I can explain how that fee is calculated and when it applies. Feel free to ask if you have any other questions."
"hi team, when is my card annual fee charged and can it be waived? any idea what to do?",CARD,check_card_annual_fee,"Annual fees vary by card, and many cards waive the fee after a certain level of yearly spending. Please check Fees and Charges for your card in the app to see your amount and the anniversary date. If you would like to ask about a waiver, customer service can review your eligibility."
"Excuse me, how do I withdraw my loan request? Thanks",LOAN,cancel_loan,"Thanks for reaching out, I can guide you through this. To cancel a loan application, tell us which application you mean and we will stop the process. Before disbursal there is normally no cost. After disbursal, the loan must be closed by repaying the outstanding amount, and we will give you the exact figure and any applicable charges. I am here if you need anything else."
"Good morning, how much do I still owe on my loan? Not sure what to do.",LOAN,check_loan_payments,"To check your loan payments, log in and open Loans, then choose the loan. You will see what you have paid so far, what is left, and the next due date. If you would like to pay extra to reduce the balance, there is an option to make a part payment on the same screen."
"Hello, I paid 1,960 dollars once but the money left my account twice yesterday",PAYMENT_EXCEPTION,duplicate_charge,"Thanks for letting us know. Please keep proof of your purchase and, if possible, the merchant receipt. We will open a dispute for the duplicate payment, and a specialist will review it with the merchant. Refunds usually take several working days once the duplicate is confirmed. If anything changes in the meantime, please let us know straight away."
"Excuse me, I paid in the local currency but was billed at a strange rate. Can you help me with this?",PAYMENT_EXCEPTION,currency_conversion_dispute,"Thanks for raising this. When you pay in a foreign currency, the amount is converted at the network exchange rate on the day the transaction is settled, and a foreign currency fee may also apply, so the final figure can differ from what you saw at the shop. Please check the transaction details in the app for the rate and fee that were used. If you believe the amount is wrong, we can raise a query and a specialist will review it. We will keep you updated by message until this is resolved."
"Good evening, my transfer of EUR 493 has been pending for 7 days. Any idea what to do?",PAYMENT_EXCEPTION,transfer_pending_stuck,"I understand how worrying it is when a payment is delayed. Most transfers complete within one working day, but some can be held for security checks or because of details that need correcting. Please check the transaction status and reference number in the app. Since it has been 7 days, I will raise this as a payment investigation so a specialist can trace the payment with the receiving bank and update you. You can ask for a human agent at any time and I will arrange it."
"Hey, the ATM kept my credit card and I cant get it back. I need this sorted today.",ATM,recover_swallowed_card,"I am sorry that the ATM kept your card. For your safety, I suggest blocking the card right away in the app. We will then arrange either collection from the ATM branch with identification or a replacement card sent to your address, usually within a few working days. Feel free to ask if you have any other questions."
"Hello there, what are the eligibility criteria for a student loan? Appreciate the help",LOAN,apply_for_loan,"Thanks for reaching out, I can guide you through this. To apply for a loan, go to Loans in the app and select the type of loan you need. Enter the amount and tenure, upload the required documents and submit. Your eligibility is based on income, existing commitments and credit score, and you will see a decision and an offer once the review is complete."
"I want to apply for a home loan of INR 373,330.",LOAN,apply_for_loan,"Absolutely, let me walk you through it. You can apply for a home loan online or at a branch. Please keep your identity proof, address proof, recent salary slips or income proof, and bank statements ready. After you submit the application, we check your eligibility and credit history and share an offer with the interest rate and repayment plan. Once you accept, the money is usually credited within a few working days. I am here if you need anything else."
"Good evening, what is the fastest way to send money to someone",TRANSFER,make_transfer,"You can send money in a few steps. Open Transfers, choose Send Money and select an existing payee or add a new one. Type in the amount, check the details carefully because transfers to the wrong account can be hard to reverse, and approve with your security code. Instant methods arrive within minutes, while standard transfers can take up to one working day."
I need help. How do I withdraw my loan request?,LOAN,cancel_loan,"Sure, here is how this works. To cancel a loan application, tell us which application you mean and we will stop the process. Before disbursal there is normally no cost. After disbursal, the loan must be closed by repaying the outstanding amount, and we will give you the exact figure and any applicable charges. I am here if you need anything else."
"Quick question: I want to apply for a student loan of INR 406,190. Please help",LOAN,apply_for_loan,"To apply for a loan, go to Loans in the app and select the type of loan you need. Enter the amount and tenure, upload the required documents and submit. Your eligibility is based on income, existing commitments and credit score, and you will see a decision and an offer once the review is complete. Let me know if there is anything more I can do for you."
"hi team, where is my refund, it has been 2 days? please advise",PAYMENT_EXCEPTION,refund_not_received,"Thank you for the details. A refund can take some time after the merchant approves it. If it has been more than ten working days, please send us the refund confirmation from the merchant. We will trace the credit and follow up with the merchant bank on your behalf."
I want to cancel my mortgage application. Any idea what to do,LOAN,cancel_mortgage,"Thanks for reaching out, I can guide you through this. To cancel a mortgage application, send a withdrawal request with your application reference. Any costs already incurred for valuation or legal checks may not be refundable. We will confirm the cancellation in writing and close the file. Please reach out again if anything is unclear."
How can I reset my forgotten mobile banking password?,PASSWORD,get_password,"You can recover access in a few steps. Select Forgot Password on the login screen, verify your identity with the one-time code sent to your registered number, and set a new password. If you no longer have access to that number, please visit a branch with your identification to update it. I am here if you need anything else."
Google Play said they refunded EUR 203 2 days ago but I have not received it. Please help,PAYMENT_EXCEPTION,refund_not_received,"I am sorry for the wait. Refunds from merchants usually take between five and ten working days to appear, depending on the merchant and the card network. Please ask Google Play for the refund reference number or acquirer reference number, which lets us trace it. Once you share it, we can check whether the credit was received and, if not, raise an enquiry with the merchant bank. Please keep your reference number safe, and reply here if you need anything else."
"Good evening, I need a person to help me with this, not an automated reply. Thank you.",CONTACT,human_agent,"Of course. I will connect you with a human agent now. Please stay in this chat, and it helps if you briefly describe your issue so the agent can pick up straight away. Waiting times can vary, and if it is not urgent you can also request a call back at a time that suits you."
"good morning, is there any joining or annual fee on the debit card? can you help me with this?",CARD,check_card_annual_fee,"Certainly, I can help with that. The annual fee depends on the type of card you hold. You can see the exact amount for your debit card in the app under Cards and Card Details, and it is also listed in your welcome kit. The fee is normally charged once a year on the card anniversary date. Some cards offer a waiver if you reach a yearly spending target."
I would like to apply for a home loan,LOAN,apply_for_mortgage,"Applying for a home loan involves a few stages: an initial eligibility check, document submission, property valuation, formal approval and legal completion. A mortgage adviser can guide you at each stage. You can begin by booking a call from the Loans section of the app. I am here if you need anything else."
"I want to apply for a home loan of $265,200. Please help",LOAN,apply_for_loan,"Of course, happy to help. To apply for a loan, go to Loans in the app and select the type of loan you need. Enter the amount and tenure, upload the required documents and submit. Your eligibility is based on income, existing commitments and credit score, and you will see a decision and an offer once the review is complete. Feel free to ask if you have any other questions."
Please help: cancel the automatic payment to Google Play right now. Thanks,PAYMENT_EXCEPTION,recurring_payment_unauthorized,"Sorry about the trouble. We can block future payments to the merchant on your card, and I can start a dispute for charges you did not authorise. Please share the dates and the amounts of the payments and any cancellation emails you have. A specialist will review whether the money can be recovered. We will keep you updated by message until this is resolved."
"hello, can i reapply after a rejection and what should i improve?",RETAIL_EXCEPTION,loan_application_rejected_appeal,"I am sorry that your application was not approved. Decisions are based on factors such as income, existing debts, credit history and the value of the loan requested, and we can share the main reasons with you. You may ask for a review, especially if your circumstances have changed or if some information was missing. I will pass your request to a loans specialist who can explain the decision and suggest what may improve your chances next time. We will keep you updated by message until this is resolved."
"Hello, how do I activate my new prepaid card? Not sure what to do.",CARD,activate_card,"You can activate your card in two easy ways. In the mobile app, go to Cards, pick your card, and tap Activate. If you prefer, call the phone banking number printed on the back of the card and follow the voice prompts. After verification your card will be active within a few minutes. Please reach out again if anything is unclear."
Pls help: what is the annual fee for my platinum credit card? Any idea what to do?,CARD,check_card_annual_fee,"Absolutely, let me walk you through it. The annual fee depends on the type of card you hold. You can see the exact amount for your platinum credit card in the app under Cards and Card Details, and it is also listed in your welcome kit. The fee is normally charged once a year on the card anniversary date. Some cards offer a waiver if you reach a yearly spending target. Let me know if there is anything more I can do for you."
"Good morning, my payment of $50,330 was blocked and I need it to go through today. Not sure what to do",PAYMENT_EXCEPTION,large_transaction_blocked,"I understand the urgency. Large payments can be blocked because they go over your daily limit or because our security systems flagged them for extra checks. I cannot release a held payment from this chat, but I can help you confirm it is genuine. Please approve any alert on your app, or I can connect you to a specialist who will verify you and, where possible, release the payment or raise your limit temporarily. If anything changes in the meantime, please let us know straight away."
"Hi team, please put me through to a customer service representative. Any idea what to do?",CONTACT,human_agent,"Certainly, I can arrange for one of our advisors to help you. I am transferring you now, and I will share the details of our conversation so you do not need to repeat yourself. If the queue is long, you can choose to receive a call back instead. Feel free to ask if you have any other questions."
i need help. the atm kept my credit card and i cannot get it back.,ATM,recover_swallowed_card,"I am sorry that the ATM kept your card. For your safety, I suggest blocking the card right away in the app. We will then arrange either collection from the ATM branch with identification or a replacement card sent to your address, usually within a few working days. I am here if you need anything else."
"Good morning, how can I contact customer service? Any idea what to do",CONTACT,customer_service,"Thanks for reaching out, I can guide you through this. There are several ways to contact us. The quickest is the chat option in the app, which is available all day. You can also call the number printed on the back of your card or on our website, or visit any branch during opening hours."
"Excuse me, please put me through to a customer service representative. Can you help me with this?",CONTACT,human_agent,"Of course. I will connect you with a human agent now. Please stay in this chat, and it helps if you briefly describe your issue so the agent can pick up straight away. Waiting times can vary, and if it is not urgent you can also request a call back at a time that suits you."
"Urgent: why was I charged a fee of 1,040 dollars this month? Please help",FEES,check_fees,"Absolutely, let me walk you through it. I can help you understand the charges. Common fees include monthly maintenance, foreign transaction fees, ATM use outside our network and penalties for low balance. Your latest statement shows every fee that has been applied, and customer service can review any fee you believe was charged in error. Please reach out again if anything is unclear."
"Quick question: my wire transfer has been under review for 7 days, I need the money urgently",PAYMENT_EXCEPTION,international_transfer_compliance_hold,"I understand this is frustrating. International payments can be held for a routine compliance review, which is a regulatory requirement, and we may ask for supporting documents such as an invoice, contract or proof of source of funds. I cannot see the full details of the review in this chat, so I will pass your case to our payments compliance team, who will contact you about what is needed. Providing the documents promptly usually speeds things up. Please keep your reference number safe, and reply here if you need anything else."
"I received an alert for 2,410 dollars at Booking.com while my card was in my wallet. Appreciate the help.",PAYMENT_EXCEPTION,card_fraud_unauthorized_transaction,"Thank you for reporting this quickly. Your card should be blocked immediately to prevent more misuse, and the disputed transactions will be flagged for our fraud team. They will review the details, and where a transaction is confirmed as fraudulent the amount is normally returned to your account after the investigation. A specialist will reach out to collect a few more details. If anything changes in the meantime, please let us know straight away."
Urgent: cancel my savings account and send me the balance. Thank you.,ACCOUNT,close_account,"To close the account, make sure there are no pending transactions, linked cards or loans. Request closure through the app under Account Services or visit a branch. We will transfer any remaining balance to the account you nominate and confirm once the account is closed. I am here if you need anything else."
"quick question: please help me close the account, i am moving abroad. please help.",ACCOUNT,close_account,"Absolutely, let me walk you through it. To close the account, make sure there are no pending transactions, linked cards or loans. Request closure through the app under Account Services or visit a branch. We will transfer any remaining balance to the account you nominate and confirm once the account is closed. Let me know if there is anything more I can do for you."
"Good evening, is there a branch in Singapore? Any idea what to do?",FIND,find_branch,"Certainly, I can help with that. To find a branch, enter your area or city in the Locator and choose Branches. Each listing shows the address, working hours and the services offered, such as loans or locker facilities. Most branches are open on weekdays and some are open on Saturday mornings. Let me know if there is anything more I can do for you."
"Please help: I have a power of attorney document, how do I register it with the bank? Any idea what to do?",RETAIL_EXCEPTION,power_of_attorney_request,"I am sorry to hear that. Managing another person's account requires a valid legal authority, such as a registered power of attorney, and we need to verify it before giving access. Please prepare the original or certified copy of the document, your identification and the account holder details. A specialist will check the paperwork and explain what your authority allows, and I will arrange for them to contact you. Please keep your reference number safe, and reply here if you need anything else."
"Hello, name mismatch is blocking my loan, how do I correct it in your records? Not sure what to do.",RETAIL_EXCEPTION,legal_name_change,"To change your name in our records, we need proof of the legal name change, such as a marriage certificate, a gazette notification or a deed poll, together with your identification. Please upload the documents in the app under Profile or visit a branch, and we will update your accounts and cards. Because this affects several products, the update may take a few working days, and we will notify you when it is complete. If you would like, I can connect you with a human agent right now."
"Excuse me, I need to inform the bank about the death of my husband and settle his accounts.",RETAIL_EXCEPTION,deceased_account_holder,"My condolences to you and your family. Accounts of a deceased customer are handled by a dedicated team with care. Please share the death certificate and your identification, and they will explain how the balance is released to the nominee or legal heir and how the account is closed. I will connect you with them, so you do not have to repeat yourself."
"Good evening, I was charged twice by Flipkart for the same purchase of $559. Thank you.",PAYMENT_EXCEPTION,duplicate_charge,"I am sorry about the double charge. Sometimes one of the two entries is only a temporary hold that drops off within a few working days, so please check whether both are marked as completed. If both are completed, raise a dispute from the transaction details in the app for the duplicate $559 at Flipkart. We will contact the merchant, and the extra amount will be returned if the duplicate is confirmed. If you would like, I can connect you with a human agent right now."
"Hi, how can I withdraw my home loan request? Please advise",LOAN,cancel_mortgage,"I can help you withdraw the mortgage application. Please contact our mortgage team through the app or at a branch and confirm the application reference. If the valuation or legal work has already started, some third party fees might still apply. Once cancelled, you will receive written confirmation."
"Hi team, is there a fee if my balance drops below the minimum? I need this sorted today.",FEES,check_fees,"I can help you understand the charges. Common fees include monthly maintenance, foreign transaction fees, ATM use outside our network and penalties for low balance. Your latest statement shows every fee that has been applied, and customer service can review any fee you believe was charged in error. Let me know if there is anything more I can do for you."
Quick question: how do I see my card balance and available limit?,CARD,check_current_balance_on_card,"Certainly, I can help with that. To check your balance, log in to net banking or the app and open Cards. The card summary shows your current balance, available credit and the last statement amount. Balances update in near real time, but very recent transactions can take a short while to appear. Please reach out again if anything is unclear."
"I have a visual impairment and cannot read the statements, what support do you offer? Thanks.",RETAIL_EXCEPTION,vulnerable_customer_support,"Thank you for telling us, and please know that we are here to help in a way that works for you. We offer support such as large print or audio statements, assisted banking at branches, a dedicated helpline with priority handling and, in some areas, home visits. If you are worried about a suspicious call, please do not share any codes or personal details, and we will help you check it. I will connect you with our customer care specialists to set up the support you need. If anything changes in the meantime, please let us know straight away."
"Hi, I want to apply for a personal loan of 123,460 dollars. Can you help me with this",LOAN,apply_for_loan,"You can apply for a personal loan online or at a branch. Please keep your identity proof, address proof, recent salary slips or income proof, and bank statements ready. After you submit the application, we check your eligibility and credit history and share an offer with the interest rate and repayment plan. Once you accept, the money is usually credited within a few working days. If you need any further help, just let me know."
"Hey, when is my card annual fee charged and can it be waived? Please help.",CARD,check_card_annual_fee,"Absolutely, let me walk you through it. Annual fees vary by card, and many cards waive the fee after a certain level of yearly spending. Please check Fees and Charges for your card in the app to see your amount and the anniversary date. If you would like to ask about a waiver, customer service can review your eligibility. If you need any further help, just let me know."
Quick question: how much deposit do I need for a mortgage? Please advise,LOAN,apply_for_mortgage,"Applying for a home loan involves a few stages: an initial eligibility check, document submission, property valuation, formal approval and legal completion. A mortgage adviser can guide you at each stage. You can begin by booking a call from the Loans section of the app. Feel free to ask if you have any other questions."
"Hi team, where is the nearest ATM? Any idea what to do?",FIND,find_ATM,"Thanks for reaching out, I can guide you through this. To locate an ATM, open the Locator in the app or on our website and search by city or landmark. Filters help you find machines that offer deposits, cheque drops or extended hours. Please remember that using an ATM outside our network may attract a fee. If you need any further help, just let me know."
"Hey, can I see my loan repayment schedule? Not sure what to do.",LOAN,check_loan_payments,"To check your loan payments, log in and open Loans, then choose the loan. You will see what you have paid so far, what is left, and the next due date. If you would like to pay extra to reduce the balance, there is an option to make a part payment on the same screen."
"Hi team, dispute foreign exchange markup on my card transaction. Can you help me with this?",PAYMENT_EXCEPTION,currency_conversion_dispute,"I understand the surprise. The debited amount comes from the exchange rate at the time of settlement, plus any conversion charges, and the shop may also offer to charge in your home currency at their own rate. I can flag your transaction for review so a specialist can confirm whether the correct rate was applied. If anything changes in the meantime, please let us know straight away."
"Hi team, how do I freeze my card temporarily? I cannot find it. Can you help me with this?",CARD,block_card,"I understand how stressful this must be, and I am here to help. You can block the card immediately in the mobile app. Go to Cards, choose the card and tap Block Card, then pick Lost or Stolen as the reason. The card stops working straight away and any new transactions are declined. We will then help you order a replacement, which usually arrives in a few working days. Let me know if there is anything more I can do for you."
"Excuse me, I do not want a bot, please connect me to an advisor. Please help.",CONTACT,human_agent,"Of course. I will connect you with a human agent now. Please stay in this chat, and it helps if you briefly describe your issue so the agent can pick up straight away. Waiting times can vary, and if it is not urgent you can also request a call back at a time that suits you."
"Hello there, how can I appeal a declined car loan? Thank you.",RETAIL_EXCEPTION,loan_application_rejected_appeal,"I am sorry that your application was not approved. Decisions are based on factors such as income, existing debts, credit history and the value of the loan requested, and we can share the main reasons with you. You may ask for a review, especially if your circumstances have changed or if some information was missing. I will pass your request to a loans specialist who can explain the decision and suggest what may improve your chances next time. We will keep you updated by message until this is resolved."
"Good evening, please help me recover my login details. Appreciate the help.",PASSWORD,get_password,"You can recover access in a few steps. Select Forgot Password on the login screen, verify your identity with the one-time code sent to your registered number, and set a new password. If you no longer have access to that number, please visit a branch with your identification to update it."
"Please help: somebody used my platinum credit card to buy things I do not recognise, this is fraud. Any idea what to do?",PAYMENT_EXCEPTION,card_fraud_unauthorized_transaction,"Thank you for reporting this quickly. Your card should be blocked immediately to prevent more misuse, and the disputed transactions will be flagged for our fraud team. They will review the details, and where a transaction is confirmed as fraudulent the amount is normally returned to your account after the investigation. A specialist will reach out to collect a few more details. You can ask for a human agent at any time and I will arrange it."
"Excuse me, my card got stuck in the machine three days ago. Please help",ATM,recover_swallowed_card,"Please do not worry, this happens sometimes. First, block the card in the app as a precaution until you have it back. Then contact the branch that owns the ATM or call customer service, and we will check if the card was retained by the machine. If it can be recovered you may collect it with valid photo ID, otherwise we will issue a replacement card to you."
"Urgent: im abroad and my platinum credit card stopped working at the shop, please help now. I need this sorted today.",PAYMENT_EXCEPTION,card_declined_while_travelling,"Sorry about the inconvenience, especially while you are travelling. Please check that international transactions are enabled and that you have not reached your daily limit. Because this is urgent, I recommend calling the emergency line on the back of the card, where an agent can verify you and remove any block. Emergency cash or a replacement card can be arranged if needed. If anything changes in the meantime, please let us know straight away."
The bank asked for documents for a payment abroad and it is delayed. Please advise.,PAYMENT_EXCEPTION,international_transfer_compliance_hold,"Thank you for your patience. Some cross border payments are checked before release, and I am not able to share the specific reason for a review. Please keep supporting documents ready. I am escalating your transfer to a specialist team, who will tell you what is required and the expected timing. If you would like, I can connect you with a human agent right now."
I need help. Can you help me activate my card? It has not been used yet. Any idea what to do?,CARD,activate_card,"Certainly, I can help with that. You can activate your card in two easy ways. In the mobile app, go to Cards, pick your card, and tap Activate. If you prefer, call the phone banking number printed on the back of the card and follow the voice prompts. After verification your card will be active within a few minutes."
urgent: the atm gave me less money than what was debited from my account. can you help me with this?,ATM,dispute_ATM_withdrawal,"Sorry about the trouble with the ATM. Please keep the receipt if you have one and raise a dispute through the app or by calling customer service. We will check the ATM records for the withdrawal and update you by message. If the money is confirmed as not dispensed, it will be returned to your account. I am here if you need anything else."
"Hello, tell me about the monthly maintenance fees on my salary account. Thank you.",FEES,check_fees,"Certainly, I can help with that. Fees depend on the type of account or service. You can find the full list in the app under Help and then Fees and Charges, including maintenance, ATM, transfer and card fees. If you tell me the specific service you are asking about, I can explain how that fee is calculated and when it applies. Let me know if there is anything more I can do for you."
"Hi team, I cannot make any transactions, the bank says KYC is pending.",RETAIL_EXCEPTION,account_frozen_kyc,"I understand how stressful it is to have an account restricted. Accounts are sometimes frozen when identity documents are missing or expired, or when a compliance review is needed. I cannot lift a restriction from this chat, but I can raise a priority request with our account services team. Please keep your photo ID, proof of address and recent photograph ready, and a specialist will contact you with the exact documents required."
"Please help: I cannot make any transactions, the bank says KYC is pending.",RETAIL_EXCEPTION,account_frozen_kyc,"I am sorry for the inconvenience. A restriction usually means we need to verify or update some information. You can complete the update in the app under Profile and KYC, or visit a branch. If you have already submitted documents, I will ask the team to prioritise the review and update you. Please keep your reference number safe, and reply here if you need anything else."
"excuse me, how long will my transfer stay pending? it has been 4 days.",PAYMENT_EXCEPTION,transfer_pending_stuck,"Sorry for the delay. A transfer can stay pending if the receiving bank is slow, if the details do not match, or if the payment is under review. I have noted the delay and a specialist team will trace the payment. If it cannot be completed, the money is returned to your account. You can ask for a human agent at any time and I will arrange it."
"Hi team, I was charged an overdraft fee of 2,210 dollars even though I had funds. I need this sorted today.",RETAIL_EXCEPTION,overdraft_fee_dispute,"Thanks for explaining. To review the fee, we need to see the order in which the deposit and the payments were processed. I will raise a request for the fee to be reviewed, and you will hear back with the outcome. In some cases, especially after a delayed salary, the fee can be waived. You can ask for a human agent at any time and I will arrange it."
"Hi team, I want to know my outstanding amount on the credit card. thx",CARD,check_current_balance_on_card,"To check your balance, log in to net banking or the app and open Cards. The card summary shows your current balance, available credit and the last statement amount. Balances update in near real time, but very recent transactions can take a short while to appear."
"I do not want a bot, please connect me to an advisor. Thank you.",CONTACT,human_agent,"Of course. I will connect you with a human agent now. Please stay in this chat, and it helps if you briefly describe your issue so the agent can pick up straight away. Waiting times can vary, and if it is not urgent you can also request a call back at a time that suits you."
"Somebody used my debit card to buy things I dont recognise, this is fraud. Appreciate the help.",PAYMENT_EXCEPTION,card_fraud_unauthorized_transaction,"Thank you for reporting this quickly. Your card should be blocked immediately to prevent more misuse, and the disputed transactions will be flagged for our fraud team. They will review the details, and where a transaction is confirmed as fraudulent the amount is normally returned to your account after the investigation. A specialist will reach out to collect a few more details. You can ask for a human agent at any time and I will arrange it."
Quick question: my transfer of EUR 511 has been pending for 4 days. Please help.,PAYMENT_EXCEPTION,transfer_pending_stuck,"I understand how worrying it is when a payment is delayed. Most transfers complete within one working day, but some can be held for security checks or because of details that need correcting. Please check the transaction status and reference number in the app. Since it has been 4 days, I will raise this as a payment investigation so a specialist can trace the payment with the receiving bank and update you. If anything changes in the meantime, please let us know straight away."
I need help. What is the customer care number? Thank you.,CONTACT,customer_service,"There are several ways to contact us. The quickest is the chat option in the app, which is available all day. You can also call the number printed on the back of your card or on our website, or visit any branch during opening hours. I am here if you need anything else."
"Hello there, I lost my card and passport in Chennai and I have no cash",PAYMENT_EXCEPTION,lost_card_abroad_emergency,"That sounds very stressful. The first step is to block all lost cards so nobody can use them. Then our emergency support team can help with a replacement card delivered to your location or a cash advance, after confirming your identity. Please keep any police report reference, as it can help with disputed transactions. You can ask for a human agent at any time and I will arrange it."
"Good morning, transfer to Toronto flagged, what proof do I need to provide? I need this sorted today.",PAYMENT_EXCEPTION,international_transfer_compliance_hold,"Thank you for your patience. Some cross border payments are checked before release, and I am not able to share the specific reason for a review. Please keep supporting documents ready. I am escalating your transfer to a specialist team, who will tell you what is required and the expected timing. We will keep you updated by message until this is resolved."
"Please help: I want to reverse the payment I just made, is that possible? Thanks",TRANSFER,cancel_transfer,"Please act quickly. For transfers that have not been processed yet, use Cancel next to the transfer in your pending list. For completed transfers, raise a recall request from the same screen or through customer service, and keep the transaction reference handy. We will update you as soon as we hear back from the other bank. Feel free to ask if you have any other questions."
"Hello there, can I get a loan for EUR 61,470 over 36 months? Please advise.",LOAN,apply_for_loan,"To apply for a loan, go to Loans in the app and select the type of loan you need. Enter the amount and tenure, upload the required documents and submit. Your eligibility is based on income, existing commitments and credit score, and you will see a decision and an offer once the review is complete. Please reach out again if anything is unclear."
what is the available balance on my prepaid card?,CARD,check_current_balance_on_card,"To check your balance, log in to net banking or the app and open Cards. The card summary shows your current balance, available credit and the last statement amount. Balances update in near real time, but very recent transactions can take a short while to appear."
"Good morning, what is the available balance on my credit card? Not sure what to do",CARD,check_current_balance_on_card,"To check your balance, log in to net banking or the app and open Cards. The card summary shows your current balance, available credit and the last statement amount. Balances update in near real time, but very recent transactions can take a short while to appear."
"Card stolen abroad, need emergency replacement. Any idea what to do",PAYMENT_EXCEPTION,lost_card_abroad_emergency,"That sounds very stressful. The first step is to block all lost cards so nobody can use them. Then our emergency support team can help with a replacement card delivered to your location or a cash advance, after confirming your identity. Please keep any police report reference, as it can help with disputed transactions. You can ask for a human agent at any time and I will arrange it."
"the atm did not give me the full cash but the money was deducted, i withdrew 1,350 usd. pls help.",ATM,dispute_ATM_withdrawal,"I will help you raise a dispute for the ATM withdrawal of 1,350 USD. Please go to Disputes in the app, select the transaction and choose ATM Cash Issue, then give the date, time and ATM location if you have them. We will investigate with the ATM operator and most cases are reviewed within a few working days. If the ATM did not dispense the cash, the amount is usually credited back to your account. Let me know if there is anything more I can do for you."
"hello there, i want to freeze the joint account until we settle things. not sure what to do.",RETAIL_EXCEPTION,joint_account_dispute,"Thank you for explaining. Changing the operating instruction on a joint account depends on the mandate, and sometimes a court order is needed. Our specialist team can review the account terms with you and tell you what can be done, such as requiring both signatures for withdrawals. I will connect you with them. If you would like, I can connect you with a human agent right now."
"Hi team, when is my next mortgage payment due? Please help",LOAN,check_mortgage_payments,"Of course, happy to help. Your mortgage details are available under Loans. There you can view the payment amount, upcoming due dates, the balance still owed and a summary of interest paid. If your payment changes because of a rate change, we will notify you in advance. I am here if you need anything else."
"Hi, I need extra help managing my money after my illness. Please help.",RETAIL_EXCEPTION,vulnerable_customer_support,"Thank you for telling us, and please know that we are here to help in a way that works for you. We offer support such as large print or audio statements, assisted banking at branches, a dedicated helpline with priority handling and, in some areas, home visits. If you are worried about a suspicious call, please do not share any codes or personal details, and we will help you check it. I will connect you with our customer care specialists to set up the support you need. If you would like, I can connect you with a human agent right now."
"Hello, how can I close my credit card? I no longer use it. Appreciate the help.",CARD,cancel_card,"I can guide you through cancelling your card. First check that there are no pending transactions or unpaid dues. Then submit a cancellation request through the app or by phone banking. You will get a confirmation message once the card is closed. If you need any further help, just let me know."
Urgent: please tell me the current balance on the card ending 5705. I need this sorted today,CARD,check_current_balance_on_card,"Thanks for reaching out, I can guide you through this. To check your balance, log in to net banking or the app and open Cards. The card summary shows your current balance, available credit and the last statement amount. Balances update in near real time, but very recent transactions can take a short while to appear."
Urgent: please help me make a transfer of INR 712 today.,TRANSFER,make_transfer,"To make a transfer, log in to the app or net banking and go to Transfers. Add the payee by entering the name, account number and bank code, then confirm the payee with a one-time code. Enter the amount of INR 712, choose the payment method, review the details and confirm. You will get a confirmation message with a reference number."
"I need help. The merchant refused a refund of GBP 1,390, what are my options with the bank? Thank you.",PAYMENT_EXCEPTION,chargeback_request,Thank you for the details. A card dispute can be raised for items not received or not as described. We will need your order confirmation and any communication with the seller. Our disputes team will assess the claim and let you know whether the amount can be recovered. You can ask for a human agent at any time and I will arrange it.
"Quick question: a free trial with IKEA turned into a monthly charge of EUR 2,580, help. Thank you.",PAYMENT_EXCEPTION,recurring_payment_unauthorized,"Sorry about the trouble. We can block future payments to the merchant on your card, and I can start a dispute for charges you did not authorise. Please share the dates and the amounts of the payments and any cancellation emails you have. A specialist will review whether the money can be recovered. If you would like, I can connect you with a human agent right now."
"Hello there, is there an ATM near the bus terminal? I need this sorted today.",FIND,find_ATM,"Of course, happy to help. You can find your nearest ATM using the ATM and Branch Locator in the app. Allow location access or type in an area such as the bus terminal, and the map will show the closest machines, including ones that accept cash deposits. You can also use ATMs from partner networks with lower or no charges. I am here if you need anything else."
"good evening, can i cancel a scheduled transfer for next week? thanks.",TRANSFER,cancel_transfer,"Please act quickly. For transfers that have not been processed yet, use Cancel next to the transfer in your pending list. For completed transfers, raise a recall request from the same screen or through customer service, and keep the transaction reference handy. We will update you as soon as we hear back from the other bank. Let me know if there is anything more I can do for you."
"Urgent: I have a power of attorney document, how do I register it with the bank?",RETAIL_EXCEPTION,power_of_attorney_request,"I am sorry to hear that. Managing another person's account requires a valid legal authority, such as a registered power of attorney, and we need to verify it before giving access. Please prepare the original or certified copy of the document, your identification and the account holder details. A specialist will check the paperwork and explain what your authority allows, and I will arrange for them to contact you. Please keep your reference number safe, and reply here if you need anything else."
Please tell me the current balance on the card ending 5250. Appreciate the help.,CARD,check_current_balance_on_card,"Certainly, I can help with that. To check your balance, log in to net banking or the app and open Cards. The card summary shows your current balance, available credit and the last statement amount. Balances update in near real time, but very recent transactions can take a short while to appear. Let me know if there is anything more I can do for you."
how do i set up a password for net banking?,PASSWORD,set_up_password,"To set up or change your password, log in and go to Settings and then Security. Choose Change Password, enter your current password, and type the new one twice. A strong password uses at least eight characters with a mix of letters, numbers and symbols, and should not include your name or birth date."
Can you transfer me to a human agent? I need this sorted today.,CONTACT,human_agent,"Certainly, I can arrange for one of our advisors to help you. I am transferring you now, and I will share the details of our conversation so you do not need to repeat yourself. If the queue is long, you can choose to receive a call back instead. If you need any further help, just let me know."
I need help. Why was my overseas payment blocked for a compliance review? Please help.,PAYMENT_EXCEPTION,international_transfer_compliance_hold,"Thank you for your patience. Some cross border payments are checked before release, and I am not able to share the specific reason for a review. Please keep supporting documents ready. I am escalating your transfer to a specialist team, who will tell you what is required and the expected timing. You can ask for a human agent at any time and I will arrange it."
"Excuse me, cash was not dispensed at the ATM yet my account was debited. Please advise",ATM,dispute_ATM_withdrawal,"Sorry about the trouble with the ATM. Please keep the receipt if you have one and raise a dispute through the app or by calling customer service. We will check the ATM records for the withdrawal and update you by message. If the money is confirmed as not dispensed, it will be returned to your account. If you need any further help, just let me know."
"My wallet with my travel card was stolen in Dubai, what do I do? Please help.",PAYMENT_EXCEPTION,lost_card_abroad_emergency,"That sounds very stressful. The first step is to block all lost cards so nobody can use them. Then our emergency support team can help with a replacement card delivered to your location or a cash advance, after confirming your identity. Please keep any police report reference, as it can help with disputed transactions. Please keep your reference number safe, and reply here if you need anything else."
"Hello, I would like to stop my card, it has an annual fee I do not want to pay. Not sure what to do.",CARD,cancel_card,"Of course, happy to help. I can guide you through cancelling your card. First check that there are no pending transactions or unpaid dues. Then submit a cancellation request through the app or by phone banking. You will get a confirmation message once the card is closed. Let me know if there is anything more I can do for you."
"Quick question: my payment of 24,960 USD was blocked and I need it to go through today.",PAYMENT_EXCEPTION,large_transaction_blocked,"I understand the urgency. Large payments can be blocked because they go over your daily limit or because our security systems flagged them for extra checks. I cannot release a held payment from this chat, but I can help you confirm it is genuine. Please approve any alert on your app, or I can connect you to a specialist who will verify you and, where possible, release the payment or raise your limit temporarily."
"My mother is unwell and I need to manage her account, how does power of attorney work? Not sure what to do",RETAIL_EXCEPTION,power_of_attorney_request,"I am sorry to hear that. Managing another person's account requires a valid legal authority, such as a registered power of attorney, and we need to verify it before giving access. Please prepare the original or certified copy of the document, your identification and the account holder details. A specialist will check the paperwork and explain what your authority allows, and I will arrange for them to contact you. We will keep you updated by message until this is resolved."
"Good evening, can I see my loan repayment schedule? Thank you.",LOAN,check_loan_payments,"Certainly, I can help with that. To check your loan payments, log in and open Loans, then choose the loan. You will see what you have paid so far, what is left, and the next due date. If you would like to pay extra to reduce the balance, there is an option to make a part payment on the same screen. Let me know if there is anything more I can do for you."
How do I view what I spent this week? Not sure what to do.,ACCOUNT,check_recent_transactions,"Absolutely, let me walk you through it. To review your recent activity, log in and choose the account, then select Recent Transactions. Pending items are shown separately from completed ones. If something looks unfamiliar, tap it to see the details and report it directly from that screen."
"Hello there, how do I stop a transfer I made yesterday? Thank you.",TRANSFER,cancel_transfer,"Certainly, I can help with that. Please act quickly. For transfers that have not been processed yet, use Cancel next to the transfer in your pending list. For completed transfers, raise a recall request from the same screen or through customer service, and keep the transaction reference handy. We will update you as soon as we hear back from the other bank. Let me know if there is anything more I can do for you."
"Hello, steam keeps charging me 1,160 USD every month and I never subscribed. Thank you",PAYMENT_EXCEPTION,recurring_payment_unauthorized,"I understand how annoying unwanted charges are. You can stop a recurring payment by going to Cards and Recurring Payments in the app and choosing Stop for Steam. If the merchant has already taken money you did not agree to, we can raise a dispute for the 1,160 USD charges. It also helps to contact the merchant to cancel the subscription so they stop trying to bill you. If anything changes in the meantime, please let us know straight away."
"Good evening, I entered the wrong account number and sent GBP 706, please help me get it back. Not sure what to do.",PAYMENT_EXCEPTION,transfer_wrong_account,"Please stay calm, and thank you for telling us quickly, because speed matters. Payments to a wrong account cannot always be reversed, but we can send a recall request to the receiving bank for the GBP 706. Please share the transaction reference, the date and the account number you used. We will contact the other bank and, if the account holder agrees or the funds are still available, the money can be returned. If you would like, I can connect you with a human agent right now."
I need extra help managing my money after my illness.,RETAIL_EXCEPTION,vulnerable_customer_support,"Thank you for telling us, and please know that we are here to help in a way that works for you. We offer support such as large print or audio statements, assisted banking at branches, a dedicated helpline with priority handling and, in some areas, home visits. If you are worried about a suspicious call, please do not share any codes or personal details, and we will help you check it. I will connect you with our customer care specialists to set up the support you need. If you would like, I can connect you with a human agent right now."
I lost my travel card and need to block it right now. Please help.,CARD,block_card,"You can block the card immediately in the mobile app. Go to Cards, choose the card and tap Block Card, then pick Lost or Stolen as the reason. The card stops working straight away and any new transactions are declined. We will then help you order a replacement, which usually arrives in a few working days."
"Good morning, how much deposit do I need for a mortgage? Not sure what to do.",LOAN,apply_for_mortgage,"Applying for a home loan involves a few stages: an initial eligibility check, document submission, property valuation, formal approval and legal completion. A mortgage adviser can guide you at each stage. You can begin by booking a call from the Loans section of the app."
"Excuse me, can I open an account online without visiting the branch? Can you help me with this",ACCOUNT,create_account,"To start, choose the type of account that suits you, then fill in the application form online. You will need identity and address documents, and you may complete a short video verification. Once approved, your account details arrive by message and email, and your debit card is sent to your address. Please reach out again if anything is unclear."
Urgent: cash was not dispensed at the ATM yet my account was debited. Any idea what to do?,ATM,dispute_ATM_withdrawal,"Sorry about the trouble with the ATM. Please keep the receipt if you have one and raise a dispute through the app or by calling customer service. We will check the ATM records for the withdrawal and update you by message. If the money is confirmed as not dispensed, it will be returned to your account."
Please help: what is the remaining balance on my mortgage? Please advise.,LOAN,check_mortgage_payments,"In the app, open Loans and select your mortgage to see your monthly payment, the next due date, the remaining balance and the split between interest and principal. Statements and a yearly interest certificate can also be downloaded from the documents section. I am here if you need anything else."
"Hello, the money I sent last Friday has not reached the receiver yet, the status still says processing. Thank you",PAYMENT_EXCEPTION,transfer_pending_stuck,"Sorry for the delay. A transfer can stay pending if the receiving bank is slow, if the details do not match, or if the payment is under review. I have noted the delay and a specialist team will trace the payment. If it cannot be completed, the money is returned to your account. If anything changes in the meantime, please let us know straight away."
"Quick question: someone may have my card details, how can I block the card immediately? Any idea what to do?",CARD,block_card,"I understand how stressful this must be, and I am here to help. You can block the card immediately in the mobile app. Go to Cards, choose the card and tap Block Card, then pick Lost or Stolen as the reason. The card stops working straight away and any new transactions are declined. We will then help you order a replacement, which usually arrives in a few working days."
Please help: how can I enable my platinum credit card for use abroad? I am travelling to Dublin,CARD,activate_card_international_usage,"International usage can be switched on from the mobile app. Go to Cards, select your platinum credit card, open Card Controls and turn on International Transactions. You can also set the dates of your trip and a spending limit for extra safety. Changes usually take effect within a few minutes, so please do it before you leave."
"hello there, payment stuck in processing for 7 days and my rent is due. any idea what to do?",PAYMENT_EXCEPTION,transfer_pending_stuck,"Sorry for the delay. A transfer can stay pending if the receiving bank is slow, if the details do not match, or if the payment is under review. I have noted the delay and a specialist team will trace the payment. If it cannot be completed, the money is returned to your account."
"Good morning, I disagree with the unarranged overdraft fee on my statement.",RETAIL_EXCEPTION,overdraft_fee_dispute,"Thanks for explaining. To review the fee, we need to see the order in which the deposit and the payments were processed. I will raise a request for the fee to be reviewed, and you will hear back with the outcome. In some cases, especially after a delayed salary, the fee can be waived. Please keep your reference number safe, and reply here if you need anything else."
"Quick question: transfer to Dublin flagged, what proof do I need to provide",PAYMENT_EXCEPTION,international_transfer_compliance_hold,"Thank you for your patience. Some cross border payments are checked before release, and I am not able to share the specific reason for a review. Please keep supporting documents ready. I am escalating your transfer to a specialist team, who will tell you what is required and the expected timing. Please keep your reference number safe, and reply here if you need anything else."
"Please help: I never received the goods I paid INR 155 for on Amazon, I want a chargeback. Not sure what to do.",PAYMENT_EXCEPTION,chargeback_request,"Thank you for the details. A card dispute can be raised for items not received or not as described. We will need your order confirmation and any communication with the seller. Our disputes team will assess the claim and let you know whether the amount can be recovered. If you would like, I can connect you with a human agent right now."
"Hey, somebody used my credit card to buy things I do not recognise, this is fraud. Please help.",PAYMENT_EXCEPTION,card_fraud_unauthorized_transaction,"Thank you for reporting this quickly. Your card should be blocked immediately to prevent more misuse, and the disputed transactions will be flagged for our fraud team. They will review the details, and where a transaction is confirmed as fraudulent the amount is normally returned to your account after the investigation. A specialist will reach out to collect a few more details. Please keep your reference number safe, and reply here if you need anything else."
How can I appeal a declined personal loan? Please advise.,RETAIL_EXCEPTION,loan_application_rejected_appeal,"I am sorry that your application was not approved. Decisions are based on factors such as income, existing debts, credit history and the value of the loan requested, and we can share the main reasons with you. You may ask for a review, especially if your circumstances have changed or if some information was missing. I will pass your request to a loans specialist who can explain the decision and suggest what may improve your chances next time. Please keep your reference number safe, and reply here if you need anything else."
"Hello there, I want to cancel my debit card permanently",CARD,cancel_card,I can guide you through cancelling your card. First check that there are no pending transactions or unpaid dues. Then submit a cancellation request through the app or by phone banking. You will get a confirmation message once the card is closed. Please reach out again if anything is unclear.
"Good evening, card not working in Chennai, I tried it last night and it failed, I have no other way to pay.",PAYMENT_EXCEPTION,card_declined_while_travelling,"Sorry about the inconvenience, especially while you are travelling. Please check that international transactions are enabled and that you have not reached your daily limit. Because this is urgent, I recommend calling the emergency line on the back of the card, where an agent can verify you and remove any block. Emergency cash or a replacement card can be arranged if needed."
"hello there, how do i close the account of a deceased family member? thanks.",RETAIL_EXCEPTION,deceased_account_holder,"My condolences to you and your family. Accounts of a deceased customer are handled by a dedicated team with care. Please share the death certificate and your identification, and they will explain how the balance is released to the nominee or legal heir and how the account is closed. I will connect you with them, so you do not have to repeat yourself."
Pls help: my card got stuck in the machine last month. Pls advise.,ATM,recover_swallowed_card,"I am sorry that the ATM kept your card. For your safety, I suggest blocking the card right away in the app. We will then arrange either collection from the ATM branch with identification or a replacement card sent to your address, usually within a few working days."
"Urgent: name mismatch is blocking my loan, how do I correct it in your records?",RETAIL_EXCEPTION,legal_name_change,"To change your name in our records, we need proof of the legal name change, such as a marriage certificate, a gazette notification or a deed poll, together with your identification. Please upload the documents in the app under Profile or visit a branch, and we will update your accounts and cards. Because this affects several products, the update may take a few working days, and we will notify you when it is complete. If anything changes in the meantime, please let us know straight away."
"Good evening, I forgot my password, how do I get it back? Thank you.",PASSWORD,get_password,"I am sorry you are locked out. On the login page, tap Forgot Password and enter your customer ID. We will send a one-time code to your registered mobile number, and after you enter it you can choose a new password. For security reasons we can never tell you your old password."
Urgent: please explain how to apply for a loan online.,LOAN,apply_for_loan,"Absolutely, let me walk you through it. To apply for a loan, go to Loans in the app and select the type of loan you need. Enter the amount and tenure, upload the required documents and submit. Your eligibility is based on income, existing commitments and credit score, and you will see a decision and an offer once the review is complete. Please reach out again if anything is unclear."
When is my card annual fee charged and can it be waived? Thank you,CARD,check_card_annual_fee,"Annual fees vary by card, and many cards waive the fee after a certain level of yearly spending. Please check Fees and Charges for your card in the app to see your amount and the anniversary date. If you would like to ask about a waiver, customer service can review your eligibility. Please reach out again if anything is unclear."
"quick question: i sent 1,850 dollars to the wrong person, can i cancel the transfer? can you help me with this?",TRANSFER,cancel_transfer,"Certainly, I can help with that. If the transfer of 1,850 dollars is still pending or scheduled, you can cancel it in the app. Go to Transfers, open Pending or Scheduled, select the transfer and tap Cancel. If it has already been completed, it cannot be cancelled directly, but you can raise a request and we will contact the receiving bank to ask for the money back. Success depends on the receiving bank and the account holder agreeing to return it. Feel free to ask if you have any other questions."
"Hello, payment stuck in processing for 2 days and my rent is due.",PAYMENT_EXCEPTION,transfer_pending_stuck,"I understand how worrying it is when a payment is delayed. Most transfers complete within one working day, but some can be held for security checks or because of details that need correcting. Please check the transaction status and reference number in the app. Since it has been 2 days, I will raise this as a payment investigation so a specialist can trace the payment with the receiving bank and update you."
"Quick question: I need to transfer money to another bank, what are the steps? I need this sorted today",TRANSFER,make_transfer,"You can send money in a few steps. Open Transfers, choose Send Money and select an existing payee or add a new one. Type in the amount, check the details carefully because transfers to the wrong account can be hard to reverse, and approve with your security code. Instant methods arrive within minutes, while standard transfers can take up to one working day."
"hi team, please block my card ending 9800, i think it was stolen. any idea what to do?",CARD,block_card,"That sounds frustrating, and I will do my best to help you resolve it. To protect your money, block the card first. Use the app under Cards and Block, or call the 24 hour phone banking line and ask for an immediate block. Once blocked, please review your recent transactions and tell us about any you do not recognise so we can look into them."
"Hi, find me a cash machine close to me. Thank you.",FIND,find_ATM,"To locate an ATM, open the Locator in the app or on our website and search by city or landmark. Filters help you find machines that offer deposits, cheque drops or extended hours. Please remember that using an ATM outside our network may attract a fee. Please reach out again if anything is unclear."
"hi team, my card got stuck in the machine two days ago. any idea what to do?",ATM,recover_swallowed_card,"I am sorry that the ATM kept your card. For your safety, I suggest blocking the card right away in the app. We will then arrange either collection from the ATM branch with identification or a replacement card sent to your address, usually within a few working days. I am here if you need anything else."
"Hello, I want to freeze the joint account until we settle things. Please help",RETAIL_EXCEPTION,joint_account_dispute,"I am sorry you are going through this. Joint accounts are governed by the mandate that was agreed when they were opened, and changes such as removing a holder or freezing the account usually need the consent of all holders, or a legal instruction. I can arrange for a specialist to explain your options and what proof would be required. Please keep in mind that we cannot take sides, and for serious disputes it can help to seek legal advice."
"Hi team, I want to freeze the joint account until we settle things",RETAIL_EXCEPTION,joint_account_dispute,"I am sorry you are going through this. Joint accounts are governed by the mandate that was agreed when they were opened, and changes such as removing a holder or freezing the account usually need the consent of all holders, or a legal instruction. I can arrange for a specialist to explain your options and what proof would be required. Please keep in mind that we cannot take sides, and for serious disputes it can help to seek legal advice. If anything changes in the meantime, please let us know straight away."
"Excuse me, I need a person to help me with this, not an automated reply. Please help.",CONTACT,human_agent,"Certainly, I can arrange for one of our advisors to help you. I am transferring you now, and I will share the details of our conversation so you do not need to repeat yourself. If the queue is long, you can choose to receive a call back instead. Let me know if there is anything more I can do for you."
"hello there, please tell me the current balance on the card ending 8459. appreciate the help.",CARD,check_current_balance_on_card,"Sure, here is how this works. To check your balance, log in to net banking or the app and open Cards. The card summary shows your current balance, available credit and the last statement amount. Balances update in near real time, but very recent transactions can take a short while to appear. Let me know if there is anything more I can do for you."
"Excuse me, I want to reverse the payment I just made, is that possible? Thank you.",TRANSFER,cancel_transfer,"Sure, here is how this works. Please act quickly. For transfers that have not been processed yet, use Cancel next to the transfer in your pending list. For completed transfers, raise a recall request from the same screen or through customer service, and keep the transaction reference handy. We will update you as soon as we hear back from the other bank. If you need any further help, just let me know."
Please enable international transactions on my card ending 6105. Please help.,CARD,activate_card_international_usage,"Thanks for reaching out, I can guide you through this. To use your card overseas, open Card Controls in the app and enable International Usage. It is a good idea to set a travel period and a daily limit. If you cannot use the app, phone banking can turn it on for you after verifying your identity. Please reach out again if anything is unclear."
"Excuse me, urgent: 35,530 USD payment held for security, please release it. Please help.",PAYMENT_EXCEPTION,large_transaction_blocked,"I understand the urgency. Large payments can be blocked because they go over your daily limit or because our security systems flagged them for extra checks. I cannot release a held payment from this chat, but I can help you confirm it is genuine. Please approve any alert on your app, or I can connect you to a specialist who will verify you and, where possible, release the payment or raise your limit temporarily."
"Please help: please help me make a transfer of GBP 1,140 today",TRANSFER,make_transfer,"Thanks for reaching out, I can guide you through this. To make a transfer, log in to the app or net banking and go to Transfers. Add the payee by entering the name, account number and bank code, then confirm the payee with a one-time code. Enter the amount of GBP 1,140, choose the payment method, review the details and confirm. You will get a confirmation message with a reference number. I am here if you need anything else."
My salary account has been frozen and I do not know why. Please help.,RETAIL_EXCEPTION,account_frozen_kyc,"I understand how stressful it is to have an account restricted. Accounts are sometimes frozen when identity documents are missing or expired, or when a compliance review is needed. I cannot lift a restriction from this chat, but I can raise a priority request with our account services team. Please keep your photo ID, proof of address and recent photograph ready, and a specialist will contact you with the exact documents required. Please keep your reference number safe, and reply here if you need anything else."
Please help: what is the process to allow foreign transactions on my card before my trip? I need this sorted today.,CARD,activate_card_international_usage,"To use your card overseas, open Card Controls in the app and enable International Usage. It is a good idea to set a travel period and a daily limit. If you cannot use the app, phone banking can turn it on for you after verifying your identity. Feel free to ask if you have any other questions."
"Good morning, made a transfer to the wrong beneficiary, how do I recover the money? Not sure what to do.",PAYMENT_EXCEPTION,transfer_wrong_account,"I am sorry this happened. Please raise a wrong transfer request in the app or with customer service right away with the payment reference. We will ask the receiving bank to hold and return the funds, but they need the account holder consent, so the timing can vary. A specialist will follow up with you."
"excuse me, there is an atm transaction i do not recognise for $1,850, how do i raise a dispute? not sure what to do.",ATM,dispute_ATM_withdrawal,"Sorry about the trouble with the ATM. Please keep the receipt if you have one and raise a dispute through the app or by calling customer service. We will check the ATM records for the withdrawal and update you by message. If the money is confirmed as not dispensed, it will be returned to your account."
Quick question: why is the currency conversion fee on my GBP 277 payment so high? Pls help.,PAYMENT_EXCEPTION,currency_conversion_dispute,"I understand the surprise. The debited amount comes from the exchange rate at the time of settlement, plus any conversion charges, and the shop may also offer to charge in your home currency at their own rate. I can flag your transaction for review so a specialist can confirm whether the correct rate was applied. We will keep you updated by message until this is resolved."
"ATM retained my card ending 3066, how do I recover it? Thank you.",ATM,recover_swallowed_card,"I am sorry that the ATM kept your card. For your safety, I suggest blocking the card right away in the app. We will then arrange either collection from the ATM branch with identification or a replacement card sent to your address, usually within a few working days."
Please help: I got a message that my password was changed and I did not do it. I need this sorted today.,RETAIL_EXCEPTION,identity_theft_account_takeover,"Thank you for flagging this quickly. Access to your online banking will be locked while we investigate. Our security team will verify your identity through a secure process, review recent changes and transactions, and help reset your details. Please tell us about any transaction you did not make, so it can be investigated. You can ask for a human agent at any time and I will arrange it."
"Quick question: I need to withdraw cash in London, where can I find one of your ATMs? Thanks.",FIND,find_ATM,"Of course, happy to help. To locate an ATM, open the Locator in the app or on our website and search by city or landmark. Filters help you find machines that offer deposits, cheque drops or extended hours. Please remember that using an ATM outside our network may attract a fee. Feel free to ask if you have any other questions."
"good morning, i am abroad and my debit card stopped working at the shop, please help now. any idea what to do",PAYMENT_EXCEPTION,card_declined_while_travelling,"Sorry about the inconvenience, especially while you are travelling. Please check that international transactions are enabled and that you have not reached your daily limit. Because this is urgent, I recommend calling the emergency line on the back of the card, where an agent can verify you and remove any block. Emergency cash or a replacement card can be arranged if needed. If you would like, I can connect you with a human agent right now."
"hi team, how can i add a new payee and transfer funds? please help.",TRANSFER,make_transfer,"Certainly, I can help with that. You can send money in a few steps. Open Transfers, choose Send Money and select an existing payee or add a new one. Type in the amount, check the details carefully because transfers to the wrong account can be hard to reverse, and approve with your security code. Instant methods arrive within minutes, while standard transfers can take up to one working day. Please reach out again if anything is unclear."
Urgent: cash was not dispensed at the ATM yet my account was debited,ATM,dispute_ATM_withdrawal,"Sorry about the trouble with the ATM. Please keep the receipt if you have one and raise a dispute through the app or by calling customer service. We will check the ATM records for the withdrawal and update you by message. If the money is confirmed as not dispensed, it will be returned to your account. I am here if you need anything else."
I need help. My card was declined in Berlin and im stuck without money. I need this sorted today.,PAYMENT_EXCEPTION,card_declined_while_travelling,"Sorry about the inconvenience, especially while you are travelling. Please check that international transactions are enabled and that you have not reached your daily limit. Because this is urgent, I recommend calling the emergency line on the back of the card, where an agent can verify you and remove any block. Emergency cash or a replacement card can be arranged if needed. Please keep your reference number safe, and reply here if you need anything else."
"Good evening, why was I charged a fee of EUR 1,760 this month?",FEES,check_fees,"Fees depend on the type of account or service. You can find the full list in the app under Help and then Fees and Charges, including maintenance, ATM, transfer and card fees. If you tell me the specific service you are asking about, I can explain how that fee is calculated and when it applies. Please reach out again if anything is unclear."
"Hi, I do not want a bot, please connect me to an advisor. Thanks",CONTACT,human_agent,"Of course. I will connect you with a human agent now. Please stay in this chat, and it helps if you briefly describe your issue so the agent can pick up straight away. Waiting times can vary, and if it is not urgent you can also request a call back at a time that suits you."
Can I cancel my loan after it was approved but before receiving the money? Can you help me with this?,LOAN,cancel_loan,"To cancel a loan application, tell us which application you mean and we will stop the process. Before disbursal there is normally no cost. After disbursal, the loan must be closed by repaying the outstanding amount, and we will give you the exact figure and any applicable charges."
Urgent: my card was declined in London and I am stuck without money. Please help.,PAYMENT_EXCEPTION,card_declined_while_travelling,"Sorry about the inconvenience, especially while you are travelling. Please check that international transactions are enabled and that you have not reached your daily limit. Because this is urgent, I recommend calling the emergency line on the back of the card, where an agent can verify you and remove any block. Emergency cash or a replacement card can be arranged if needed. Please keep your reference number safe, and reply here if you need anything else."
"Good evening, is there any joining or annual fee on the platinum credit card",CARD,check_card_annual_fee,"The annual fee depends on the type of card you hold. You can see the exact amount for your platinum credit card in the app under Cards and Card Details, and it is also listed in your welcome kit. The fee is normally charged once a year on the card anniversary date. Some cards offer a waiver if you reach a yearly spending target. If you need any further help, just let me know."
Can I see my loan repayment schedule,LOAN,check_loan_payments,"Thanks for reaching out, I can guide you through this. To check your loan payments, log in and open Loans, then choose the loan. You will see what you have paid so far, what is left, and the next due date. If you would like to pay extra to reduce the balance, there is an option to make a part payment on the same screen. I am here if you need anything else."
"Please help: please block my card ending 8483, I think it was stolen. Can u help me with this",CARD,block_card,"I apologise for the trouble this has caused, let me help. To protect your money, block the card first. Use the app under Cards and Block, or call the 24 hour phone banking line and ask for an immediate block. Once blocked, please review your recent transactions and tell us about any you do not recognise so we can look into them. I am here if you need anything else."
"Excuse me, where is my refund, it has been 7 days? Thank you.",PAYMENT_EXCEPTION,refund_not_received,"Thank you for the details. A refund can take some time after the merchant approves it. If it has been more than ten working days, please send us the refund confirmation from the merchant. We will trace the credit and follow up with the merchant bank on your behalf. You can ask for a human agent at any time and I will arrange it."
"Good morning, I found a recurring payment on my card that I do not recognise",PAYMENT_EXCEPTION,recurring_payment_unauthorized,"Sorry about the trouble. We can block future payments to the merchant on your card, and I can start a dispute for charges you did not authorise. Please share the dates and the amounts of the payments and any cancellation emails you have. A specialist will review whether the money can be recovered. If anything changes in the meantime, please let us know straight away."
Pls help: show me my recent activity on the savings account. Thanks.,ACCOUNT,check_recent_transactions,"To review your recent activity, log in and choose the account, then select Recent Transactions. Pending items are shown separately from completed ones. If something looks unfamiliar, tap it to see the details and report it directly from that screen. Let me know if there is anything more I can do for you."
"I ordered from Steam this morning, the item is not what was shown, can I dispute the charge? Appreciate the help.",PAYMENT_EXCEPTION,chargeback_request,Thank you for the details. A card dispute can be raised for items not received or not as described. We will need your order confirmation and any communication with the seller. Our disputes team will assess the claim and let you know whether the amount can be recovered. We will keep you updated by message until this is resolved.
"Pls help: I have a power of attorney document, how do I register it with the bank? I need this sorted today.",RETAIL_EXCEPTION,power_of_attorney_request,"I am sorry to hear that. Managing another person's account requires a valid legal authority, such as a registered power of attorney, and we need to verify it before giving access. Please prepare the original or certified copy of the document, your identification and the account holder details. A specialist will check the paperwork and explain what your authority allows, and I will arrange for them to contact you. We will keep you updated by message until this is resolved."
"hello, i would like to apply for a home loan.",LOAN,apply_for_mortgage,"Applying for a home loan involves a few stages: an initial eligibility check, document submission, property valuation, formal approval and legal completion. A mortgage adviser can guide you at each stage. You can begin by booking a call from the Loans section of the app. If you need any further help, just let me know."
Please cancel my pending transfer of EUR 74. Can u help me with this?,TRANSFER,cancel_transfer,"Please act quickly. For transfers that have not been processed yet, use Cancel next to the transfer in your pending list. For completed transfers, raise a recall request from the same screen or through customer service, and keep the transaction reference handy. We will update you as soon as we hear back from the other bank."
"Hey, the bank sent a notice about mortgage arrears, please help. Any idea what to do?",RETAIL_EXCEPTION,mortgage_arrears_support,"I understand how worrying this is, and I want you to know that help is available. Please do not ignore the notice, because early contact gives us more options such as revising the payment plan, extending the term or a temporary arrangement. I will connect you with our specialist mortgage support team, who can go through the details with you in confidence. It is also worth getting free independent money advice alongside speaking to us. If anything changes in the meantime, please let us know straight away."
"Hello there, I ordered from Apple earlier today, the item is not what was shown, can I dispute the charge? Can you help me with this",PAYMENT_EXCEPTION,chargeback_request,Thank you for the details. A card dispute can be raised for items not received or not as described. We will need your order confirmation and any communication with the seller. Our disputes team will assess the claim and let you know whether the amount can be recovered.
"Good morning, the ATM kept my prepaid card and I cant get it back. Pls help.",ATM,recover_swallowed_card,"I am sorry that the ATM kept your card. For your safety, I suggest blocking the card right away in the app. We will then arrange either collection from the ATM branch with identification or a replacement card sent to your address, usually within a few working days."
"Hi, what do I need to do before closing my current account? Please help.",ACCOUNT,close_account,"To close the account, make sure there are no pending transactions, linked cards or loans. Request closure through the app under Account Services or visit a branch. We will transfer any remaining balance to the account you nominate and confirm once the account is closed."
Where is the nearest ATM? Thanks.,FIND,find_ATM,"Certainly, I can help with that. To locate an ATM, open the Locator in the app or on our website and search by city or landmark. Filters help you find machines that offer deposits, cheque drops or extended hours. Please remember that using an ATM outside our network may attract a fee."
"Excuse me, card not working in Istanbul, I tried it earlier today and it failed, I have no other way to pay. Can you help me with this",PAYMENT_EXCEPTION,card_declined_while_travelling,"Sorry about the inconvenience, especially while you are travelling. Please check that international transactions are enabled and that you have not reached your daily limit. Because this is urgent, I recommend calling the emergency line on the back of the card, where an agent can verify you and remove any block. Emergency cash or a replacement card can be arranged if needed. If anything changes in the meantime, please let us know straight away."
Quick question: tell me about the monthly maintenance fees on my salary account,FEES,check_fees,"Thanks for reaching out, I can guide you through this. I can help you understand the charges. Common fees include monthly maintenance, foreign transaction fees, ATM use outside our network and penalties for low balance. Your latest statement shows every fee that has been applied, and customer service can review any fee you believe was charged in error."
"Please help: I changed my name after marriage, how do I update it on my joint account? Appreciate the help.",RETAIL_EXCEPTION,legal_name_change,"To change your name in our records, we need proof of the legal name change, such as a marriage certificate, a gazette notification or a deed poll, together with your identification. Please upload the documents in the app under Profile or visit a branch, and we will update your accounts and cards. Because this affects several products, the update may take a few working days, and we will notify you when it is complete."
"My transfer of $1,360 has been pending for 7 days. Any idea what to do?",PAYMENT_EXCEPTION,transfer_pending_stuck,"I understand how worrying it is when a payment is delayed. Most transfers complete within one working day, but some can be held for security checks or because of details that need correcting. Please check the transaction status and reference number in the app. Since it has been 7 days, I will raise this as a payment investigation so a specialist can trace the payment with the receiving bank and update you. If anything changes in the meantime, please let us know straight away."
Quick question: what do I need to do before closing my salary account? Can you help me with this,ACCOUNT,close_account,"Absolutely, let me walk you through it. I can explain how to close your salary account. Please first clear any dues, cancel standing instructions and move the remaining balance to another account. Then submit a closure request through customer service or at a branch with valid identification. Once processed, you will receive written confirmation and the final statement."
Quick question: what are the rules for choosing a password? I need this sorted today.,PASSWORD,set_up_password,"To set up or change your password, log in and go to Settings and then Security. Choose Change Password, enter your current password, and type the new one twice. A strong password uses at least eight characters with a mix of letters, numbers and symbols, and should not include your name or birth date. Please reach out again if anything is unclear."
"excuse me, how do i close the account of a deceased family member? i need this sorted today.",RETAIL_EXCEPTION,deceased_account_holder,"My condolences to you and your family. Accounts of a deceased customer are handled by a dedicated team with care. Please share the death certificate and your identification, and they will explain how the balance is released to the nominee or legal heir and how the account is closed. I will connect you with them, so you do not have to repeat yourself. If you would like, I can connect you with a human agent right now."
"Quick question: my card went missing last Friday, block it asap. Appreciate the help.",CARD,block_card,"I apologise for the trouble this has caused, let me help. You can block the card immediately in the mobile app. Go to Cards, choose the card and tap Block Card, then pick Lost or Stolen as the reason. The card stops working straight away and any new transactions are declined. We will then help you order a replacement, which usually arrives in a few working days."
How can I contact customer service? Can you help me with this,CONTACT,customer_service,"Absolutely, let me walk you through it. You can reach customer service by phone banking, through secure chat in the mobile app, or by email through the Contact Us section. Phone and chat support are available round the clock for urgent matters such as blocking a card, and other requests are handled during business hours. Please keep your customer ID handy so we can help you faster. Let me know if there is anything more I can do for you."
quick question: i want to cancel my car loan application. i need this sorted today.,LOAN,cancel_loan,"Thanks for reaching out, I can guide you through this. To cancel a loan application, tell us which application you mean and we will stop the process. Before disbursal there is normally no cost. After disbursal, the loan must be closed by repaying the outstanding amount, and we will give you the exact figure and any applicable charges. I am here if you need anything else."
"Hey, I cannot log in to net banking, I do not remember my password. Appreciate the help",PASSWORD,get_password,"You can recover access in a few steps. Select Forgot Password on the login screen, verify your identity with the one-time code sent to your registered number, and set a new password. If you no longer have access to that number, please visit a branch with your identification to update it. Let me know if there is anything more I can do for you."
Urgent: how much is the fee for an international transfer? Pls advise.,FEES,check_fees,"Fees depend on the type of account or service. You can find the full list in the app under Help and then Fees and Charges, including maintenance, ATM, transfer and card fees. If you tell me the specific service you are asking about, I can explain how that fee is calculated and when it applies."
"Good evening, can you list all the charges for using the ATM abroad? Thank you.",FEES,check_fees,"I can help you understand the charges. Common fees include monthly maintenance, foreign transaction fees, ATM use outside our network and penalties for low balance. Your latest statement shows every fee that has been applied, and customer service can review any fee you believe was charged in error."
"Hi team, how long will my transfer stay pending? It has been 3 days. Any idea what to do?",PAYMENT_EXCEPTION,transfer_pending_stuck,"Sorry for the delay. A transfer can stay pending if the receiving bank is slow, if the details do not match, or if the payment is under review. I have noted the delay and a specialist team will trace the payment. If it cannot be completed, the money is returned to your account. If anything changes in the meantime, please let us know straight away."
"Hey, my card ending 7053 has unknown purchases that appeared earlier today, please help urgently. Thank you.",PAYMENT_EXCEPTION,card_fraud_unauthorized_transaction,"Thank you for reporting this quickly. Your card should be blocked immediately to prevent more misuse, and the disputed transactions will be flagged for our fraud team. They will review the details, and where a transaction is confirmed as fraudulent the amount is normally returned to your account after the investigation. A specialist will reach out to collect a few more details. You can ask for a human agent at any time and I will arrange it."
please help: flipkart keeps charging me gbp 411 every month and i never subscribed. please help.,PAYMENT_EXCEPTION,recurring_payment_unauthorized,"I understand how annoying unwanted charges are. You can stop a recurring payment by going to Cards and Recurring Payments in the app and choosing Stop for Flipkart. If the merchant has already taken money you did not agree to, we can raise a dispute for the GBP 411 charges. It also helps to contact the merchant to cancel the subscription so they stop trying to bill you. You can ask for a human agent at any time and I will arrange it."
Quick question: please explain how to apply for a loan online. Thank you.,LOAN,apply_for_loan,"Absolutely, let me walk you through it. To apply for a loan, go to Loans in the app and select the type of loan you need. Enter the amount and tenure, upload the required documents and submit. Your eligibility is based on income, existing commitments and credit score, and you will see a decision and an offer once the review is complete. Please reach out again if anything is unclear."
"Hey, there is an ATM transaction I do not recognise for $1,620, how do I raise a dispute? Thanks.",ATM,dispute_ATM_withdrawal,"Sorry about the trouble with the ATM. Please keep the receipt if you have one and raise a dispute through the app or by calling customer service. We will check the ATM records for the withdrawal and update you by message. If the money is confirmed as not dispensed, it will be returned to your account."
"Hi, I received an alert for INR 1,380 at Reliance Digital while my card was in my wallet. Can you help me with this?",PAYMENT_EXCEPTION,card_fraud_unauthorized_transaction,"Thank you for reporting this quickly. Your card should be blocked immediately to prevent more misuse, and the disputed transactions will be flagged for our fraud team. They will review the details, and where a transaction is confirmed as fraudulent the amount is normally returned to your account after the investigation. A specialist will reach out to collect a few more details. If anything changes in the meantime, please let us know straight away."
What happens to my mortgage application if I cancel it now? I need this sorted today.,LOAN,cancel_mortgage,"Sure, here is how this works. To cancel a mortgage application, send a withdrawal request with your application reference. Any costs already incurred for valuation or legal checks may not be refundable. We will confirm the cancellation in writing and close the file. If you need any further help, just let me know."
what are your support hours? thank you.,CONTACT,customer_service,"You can reach customer service by phone banking, through secure chat in the mobile app, or by email through the Contact Us section. Phone and chat support are available round the clock for urgent matters such as blocking a card, and other requests are handled during business hours. Please keep your customer ID handy so we can help you faster. I am here if you need anything else."
"I need help. I am abroad and my debit card stopped working at the shop, please help now. Can you help me with this?",PAYMENT_EXCEPTION,card_declined_while_travelling,"Sorry about the inconvenience, especially while you are travelling. Please check that international transactions are enabled and that you have not reached your daily limit. Because this is urgent, I recommend calling the emergency line on the back of the card, where an agent can verify you and remove any block. Emergency cash or a replacement card can be arranged if needed. Please keep your reference number safe, and reply here if you need anything else."
cancel my savings account and send me the balance. not sure what to do.,ACCOUNT,close_account,"Sure, here is how this works. To close the account, make sure there are no pending transactions, linked cards or loans. Request closure through the app under Account Services or visit a branch. We will transfer any remaining balance to the account you nominate and confirm once the account is closed. Please reach out again if anything is unclear."
"Hello, name mismatch is blocking my loan, how do I correct it in your records? I need this sorted today.",RETAIL_EXCEPTION,legal_name_change,"To change your name in our records, we need proof of the legal name change, such as a marriage certificate, a gazette notification or a deed poll, together with your identification. Please upload the documents in the app under Profile or visit a branch, and we will update your accounts and cards. Because this affects several products, the update may take a few working days, and we will notify you when it is complete. If anything changes in the meantime, please let us know straight away."
what are the opening hours of the branch near the central railway station? please advise,FIND,find_branch,"You can find branches using the Locator in the app or on our website. Search by city or a landmark like the central railway station, and you will see the address, opening hours and services available at each branch. Many branches allow you to book an appointment in advance, which reduces waiting time. Please reach out again if anything is unclear."
I need help. I got a message that my password was changed and I did not do it. Can you help me with this,RETAIL_EXCEPTION,identity_theft_account_takeover,"I am very sorry, and I will treat this as urgent. To protect you, we should restrict access to your account and cards immediately, and I am escalating this to our fraud and security team now. Please do not use the same password anywhere else, avoid clicking links in unexpected messages, and keep a note of any suspicious messages or calls. A specialist will contact you on a verified number to restore your access and review the activity. Please keep your reference number safe, and reply here if you need anything else."
"Hello there, how can I check how much credit I have left on my card?",CARD,check_current_balance_on_card,"Absolutely, let me walk you through it. To check your balance, log in to net banking or the app and open Cards. The card summary shows your current balance, available credit and the last statement amount. Balances update in near real time, but very recent transactions can take a short while to appear."
Can you explain the steps for a home loan application? Not sure what to do,LOAN,apply_for_mortgage,"Certainly, I can help with that. Applying for a home loan involves a few stages: an initial eligibility check, document submission, property valuation, formal approval and legal completion. A mortgage adviser can guide you at each stage. You can begin by booking a call from the Loans section of the app."
"Hey, I received an alert for INR 2,820 at Zomato while my card was in my wallet. Thank you",PAYMENT_EXCEPTION,card_fraud_unauthorized_transaction,"Thank you for reporting this quickly. Your card should be blocked immediately to prevent more misuse, and the disputed transactions will be flagged for our fraud team. They will review the details, and where a transaction is confirmed as fraudulent the amount is normally returned to your account after the investigation. A specialist will reach out to collect a few more details. Please keep your reference number safe, and reply here if you need anything else."
"atm retained my card ending 1879, how do i recover it? pls help",ATM,recover_swallowed_card,"Please do not worry, this happens sometimes. First, block the card in the app as a precaution until you have it back. Then contact the branch that owns the ATM or call customer service, and we will check if the card was retained by the machine. If it can be recovered you may collect it with valid photo ID, otherwise we will issue a replacement card to you. I am here if you need anything else."
"hello there, my payment of eur 14,480 was blocked and i need it to go through today.",PAYMENT_EXCEPTION,large_transaction_blocked,"I understand the urgency. Large payments can be blocked because they go over your daily limit or because our security systems flagged them for extra checks. I cannot release a held payment from this chat, but I can help you confirm it is genuine. Please approve any alert on your app, or I can connect you to a specialist who will verify you and, where possible, release the payment or raise your limit temporarily. If you would like, I can connect you with a human agent right now."
"Quick question: need to switch on my new card, what should I do? Please advise",CARD,activate_card,"Of course, happy to help. You can activate your card in two easy ways. In the mobile app, go to Cards, pick your card, and tap Activate. If you prefer, call the phone banking number printed on the back of the card and follow the voice prompts. After verification your card will be active within a few minutes."
"hi, i need to visit a branch, can you help me find one?",FIND,find_branch,"Certainly, I can help with that. To find a branch, enter your area or city in the Locator and choose Branches. Each listing shows the address, working hours and the services offered, such as loans or locker facilities. Most branches are open on weekdays and some are open on Saturday mornings. Please reach out again if anything is unclear."
"Hi, nykaa said they refunded INR 1,670 5 days ago but I have not received it. Please advise.",PAYMENT_EXCEPTION,refund_not_received,"I am sorry for the wait. Refunds from merchants usually take between five and ten working days to appear, depending on the merchant and the card network. Please ask Nykaa for the refund reference number or acquirer reference number, which lets us trace it. Once you share it, we can check whether the credit was received and, if not, raise an enquiry with the merchant bank. Please keep your reference number safe, and reply here if you need anything else."
"Good evening, I want to cancel my mortgage application. Please help.",LOAN,cancel_mortgage,"Absolutely, let me walk you through it. I can help you withdraw the mortgage application. Please contact our mortgage team through the app or at a branch and confirm the application reference. If the valuation or legal work has already started, some third party fees might still apply. Once cancelled, you will receive written confirmation. If you need any further help, just let me know."
"Hello, the ATM did not give me the full cash but the money was deducted, I withdrew 1,220 USD.",ATM,dispute_ATM_withdrawal,"Sorry about the trouble with the ATM. Please keep the receipt if you have one and raise a dispute through the app or by calling customer service. We will check the ATM records for the withdrawal and update you by message. If the money is confirmed as not dispensed, it will be returned to your account. Please reach out again if anything is unclear."
"hello, i want to cancel my mortgage application. not sure what to do.",LOAN,cancel_mortgage,"Thanks for reaching out, I can guide you through this. To cancel a mortgage application, send a withdrawal request with your application reference. Any costs already incurred for valuation or legal checks may not be refundable. We will confirm the cancellation in writing and close the file. I am here if you need anything else."
"Need to switch on my new card, what should I do?",CARD,activate_card,"You can activate your card in two easy ways. In the mobile app, go to Cards, pick your card, and tap Activate. If you prefer, call the phone banking number printed on the back of the card and follow the voice prompts. After verification your card will be active within a few minutes. If you need any further help, just let me know."
"Hi team, my business account has been frozen and I do not know why. Please advise.",RETAIL_EXCEPTION,account_frozen_kyc,"I understand how stressful it is to have an account restricted. Accounts are sometimes frozen when identity documents are missing or expired, or when a compliance review is needed. I cannot lift a restriction from this chat, but I can raise a priority request with our account services team. Please keep your photo ID, proof of address and recent photograph ready, and a specialist will contact you with the exact documents required. Please keep your reference number safe, and reply here if you need anything else."
"good evening, the account holder cannot sign anymore, what documents do i need to act for them? please help.",RETAIL_EXCEPTION,power_of_attorney_request,"I am sorry to hear that. Managing another person's account requires a valid legal authority, such as a registered power of attorney, and we need to verify it before giving access. Please prepare the original or certified copy of the document, your identification and the account holder details. A specialist will check the paperwork and explain what your authority allows, and I will arrange for them to contact you. We will keep you updated by message until this is resolved."
"Good morning, my business account has been frozen and I do not know why. Please help.",RETAIL_EXCEPTION,account_frozen_kyc,"I understand how stressful it is to have an account restricted. Accounts are sometimes frozen when identity documents are missing or expired, or when a compliance review is needed. I cannot lift a restriction from this chat, but I can raise a priority request with our account services team. Please keep your photo ID, proof of address and recent photograph ready, and a specialist will contact you with the exact documents required. You can ask for a human agent at any time and I will arrange it."
Quick question: payment stuck in processing for 2 days and my rent is due.,PAYMENT_EXCEPTION,transfer_pending_stuck,"I understand how worrying it is when a payment is delayed. Most transfers complete within one working day, but some can be held for security checks or because of details that need correcting. Please check the transaction status and reference number in the app. Since it has been 2 days, I will raise this as a payment investigation so a specialist can trace the payment with the receiving bank and update you. If anything changes in the meantime, please let us know straight away."
"Good morning, how can I reset my forgotten mobile banking password? Appreciate the help.",PASSWORD,get_password,"You can recover access in a few steps. Select Forgot Password on the login screen, verify your identity with the one-time code sent to your registered number, and set a new password. If you no longer have access to that number, please visit a branch with your identification to update it. Let me know if there is anything more I can do for you."
"hi, the atm gave me less money than what was debited from my account. thank you",ATM,dispute_ATM_withdrawal,"Sorry about the trouble with the ATM. Please keep the receipt if you have one and raise a dispute through the app or by calling customer service. We will check the ATM records for the withdrawal and update you by message. If the money is confirmed as not dispensed, it will be returned to your account. Let me know if there is anything more I can do for you."
"Hey, sent $678 to a stranger by mistake last Friday.",PAYMENT_EXCEPTION,transfer_wrong_account,"I am sorry this happened. Please raise a wrong transfer request in the app or with customer service right away with the payment reference. We will ask the receiving bank to hold and return the funds, but they need the account holder consent, so the timing can vary. A specialist will follow up with you. If anything changes in the meantime, please let us know straight away."
urgent: my card got stuck in the machine earlier today. please help.,ATM,recover_swallowed_card,"Please do not worry, this happens sometimes. First, block the card in the app as a precaution until you have it back. Then contact the branch that owns the ATM or call customer service, and we will check if the card was retained by the machine. If it can be recovered you may collect it with valid photo ID, otherwise we will issue a replacement card to you. Let me know if there is anything more I can do for you."
"Please help: I think my identity was stolen, there are accounts and loans in my name that I did not open. Please advise.",RETAIL_EXCEPTION,identity_theft_account_takeover,"I am very sorry, and I will treat this as urgent. To protect you, we should restrict access to your account and cards immediately, and I am escalating this to our fraud and security team now. Please do not use the same password anywhere else, avoid clicking links in unexpected messages, and keep a note of any suspicious messages or calls. A specialist will contact you on a verified number to restore your access and review the activity. We will keep you updated by message until this is resolved."
"Quick question: I need to withdraw cash in Toronto, where can I find one of your ATMs? Pls advise.",FIND,find_ATM,"To locate an ATM, open the Locator in the app or on our website and search by city or landmark. Filters help you find machines that offer deposits, cheque drops or extended hours. Please remember that using an ATM outside our network may attract a fee. I am here if you need anything else."
"Hey, cancel the automatic payment to Uber right now. I need this sorted today.",PAYMENT_EXCEPTION,recurring_payment_unauthorized,"Sorry about the trouble. We can block future payments to the merchant on your card, and I can start a dispute for charges you did not authorise. Please share the dates and the amounts of the payments and any cancellation emails you have. A specialist will review whether the money can be recovered. If anything changes in the meantime, please let us know straight away."
"Hi, I am in Hyderabad and my travel card is lost, how can I get emergency help? Can you help me with this?",PAYMENT_EXCEPTION,lost_card_abroad_emergency,"I am sorry to hear that, and please make sure you are safe first. Block your cards immediately in the app, or call our 24 hour emergency line if you cannot log in. We can arrange an emergency replacement card or emergency cash in Hyderabad, and our agent will verify your identity and guide you on the fastest option. I suggest reporting the theft to the local police as well, since some claims need a report. Please keep your reference number safe, and reply here if you need anything else."
"Excuse me, can I cancel my loan after it was approved but before receiving the money",LOAN,cancel_loan,"Sure, here is how this works. To cancel a loan application, tell us which application you mean and we will stop the process. Before disbursal there is normally no cost. After disbursal, the loan must be closed by repaying the outstanding amount, and we will give you the exact figure and any applicable charges. I am here if you need anything else."
"Hi team, I think my identity was stolen, there are accounts and loans in my name that I did not open. Thank you.",RETAIL_EXCEPTION,identity_theft_account_takeover,"I am very sorry, and I will treat this as urgent. To protect you, we should restrict access to your account and cards immediately, and I am escalating this to our fraud and security team now. Please do not use the same password anywhere else, avoid clicking links in unexpected messages, and keep a note of any suspicious messages or calls. A specialist will contact you on a verified number to restore your access and review the activity."
"Hello, my wallet with my debit card was stolen in Berlin, what do I do? Please help.",PAYMENT_EXCEPTION,lost_card_abroad_emergency,"That sounds very stressful. The first step is to block all lost cards so nobody can use them. Then our emergency support team can help with a replacement card delivered to your location or a cash advance, after confirming your identity. Please keep any police report reference, as it can help with disputed transactions. If you would like, I can connect you with a human agent right now."
"Please help: please cancel my pending transfer of 1,030 dollars. Not sure what to do.",TRANSFER,cancel_transfer,"Please act quickly. For transfers that have not been processed yet, use Cancel next to the transfer in your pending list. For completed transfers, raise a recall request from the same screen or through customer service, and keep the transaction reference handy. We will update you as soon as we hear back from the other bank. Let me know if there is anything more I can do for you."
"Good morning, please explain how to apply for a loan online. thx.",LOAN,apply_for_loan,"To apply for a loan, go to Loans in the app and select the type of loan you need. Enter the amount and tenure, upload the required documents and submit. Your eligibility is based on income, existing commitments and credit score, and you will see a decision and an offer once the review is complete. Feel free to ask if you have any other questions."
"Good evening, what is the annual fee for my platinum credit card? Not sure what to do.",CARD,check_card_annual_fee,"The annual fee depends on the type of card you hold. You can see the exact amount for your platinum credit card in the app under Cards and Card Details, and it is also listed in your welcome kit. The fee is normally charged once a year on the card anniversary date. Some cards offer a waiver if you reach a yearly spending target."
"excuse me, i want to cancel my prepaid card permanently.",CARD,cancel_card,I can guide you through cancelling your card. First check that there are no pending transactions or unpaid dues. Then submit a cancellation request through the app or by phone banking. You will get a confirmation message once the card is closed.
I need help. How do I set up a password for net banking? Appreciate the help.,PASSWORD,set_up_password,"Certainly, I can help with that. To set up or change your password, log in and go to Settings and then Security. Choose Change Password, enter your current password, and type the new one twice. A strong password uses at least eight characters with a mix of letters, numbers and symbols, and should not include your name or birth date."
"Hello there, my salary came late and I was penalised, can you reverse the fee?",RETAIL_EXCEPTION,overdraft_fee_dispute,"Thanks for explaining. To review the fee, we need to see the order in which the deposit and the payments were processed. I will raise a request for the fee to be reviewed, and you will hear back with the outcome. In some cases, especially after a delayed salary, the fee can be waived. You can ask for a human agent at any time and I will arrange it."
"hello there, i want to make a large purchase of $53,750 but my card keeps getting declined",PAYMENT_EXCEPTION,large_transaction_blocked,"Thank you for explaining. A large payment may exceed your set limit, or it may be waiting for extra verification. You can raise your limit in Card Controls after authentication, and the security team can release a held transaction after checking with you. Since it is time sensitive, shall I connect you to an agent now? You can ask for a human agent at any time and I will arrange it."
I need help. When is my next mortgage payment due? Please advise,LOAN,check_mortgage_payments,"Thanks for reaching out, I can guide you through this. Your mortgage details are available under Loans. There you can view the payment amount, upcoming due dates, the balance still owed and a summary of interest paid. If your payment changes because of a rate change, we will notify you in advance. Let me know if there is anything more I can do for you."
"hey, when is my next mortgage payment due?",LOAN,check_mortgage_payments,"Your mortgage details are available under Loans. There you can view the payment amount, upcoming due dates, the balance still owed and a summary of interest paid. If your payment changes because of a rate change, we will notify you in advance. I am here if you need anything else."
"please help: someone may have my card details, how can i block the card immediately? any idea what to do",CARD,block_card,"To protect your money, block the card first. Use the app under Cards and Block, or call the 24 hour phone banking line and ask for an immediate block. Once blocked, please review your recent transactions and tell us about any you do not recognise so we can look into them."
Please help: I got a message that my password was changed and I did not do it. I need this sorted today,RETAIL_EXCEPTION,identity_theft_account_takeover,"Thank you for flagging this quickly. Access to your online banking will be locked while we investigate. Our security team will verify your identity through a secure process, review recent changes and transactions, and help reset your details. Please tell us about any transaction you did not make, so it can be investigated. You can ask for a human agent at any time and I will arrange it."
"Double debit on my card for Booking.com, please fix. Please advise.",PAYMENT_EXCEPTION,duplicate_charge,"Thanks for letting us know. Please keep proof of your purchase and, if possible, the merchant receipt. We will open a dispute for the duplicate payment, and a specialist will review it with the merchant. Refunds usually take several working days once the duplicate is confirmed. If anything changes in the meantime, please let us know straight away."
Pls help: can you explain the steps for a home loan application? Pls advise.,LOAN,apply_for_mortgage,"For a mortgage, the first step is to check how much you can borrow using the mortgage calculator in the app. Then submit an application with your identity, income and property details, and we will arrange a valuation of the property. After approval you receive a formal offer, and the funds are released to the seller once the legal formalities are complete. A deposit is usually needed, and the amount depends on the property value and your profile. Feel free to ask if you have any other questions."
"Hello there, can I get someone to visit me at home for banking services? Thanks.",RETAIL_EXCEPTION,vulnerable_customer_support,"Thank you for telling us, and please know that we are here to help in a way that works for you. We offer support such as large print or audio statements, assisted banking at branches, a dedicated helpline with priority handling and, in some areas, home visits. If you are worried about a suspicious call, please do not share any codes or personal details, and we will help you check it. I will connect you with our customer care specialists to set up the support you need. Please keep your reference number safe, and reply here if you need anything else."
"Urgent: I have a visual impairment and cannot read the statements, what support do you offer? I need this sorted today.",RETAIL_EXCEPTION,vulnerable_customer_support,"Thank you for telling us, and please know that we are here to help in a way that works for you. We offer support such as large print or audio statements, assisted banking at branches, a dedicated helpline with priority handling and, in some areas, home visits. If you are worried about a suspicious call, please do not share any codes or personal details, and we will help you check it. I will connect you with our customer care specialists to set up the support you need. If anything changes in the meantime, please let us know straight away."
I want a written response to my complaint about savings account charges. Can you help me with this?,RETAIL_EXCEPTION,formal_complaint_escalation,"I am sorry that your issue has not been resolved, and you have every right to escalate. I can register a formal complaint now, which will be given a reference number and reviewed by our complaints team, who will respond in writing within the time required. If you are not satisfied with the final response, you can take the matter to the external financial ombudsman. It helps if you share the dates and details of your previous contacts. If you would like, I can connect you with a human agent right now."
"We decided not to buy the house, how do I cancel the mortgage? Not sure what to do.",LOAN,cancel_mortgage,"Sure, here is how this works. To cancel a mortgage application, send a withdrawal request with your application reference. Any costs already incurred for valuation or legal checks may not be refundable. We will confirm the cancellation in writing and close the file."
I am going to Mumbai soon. Can you turn on international usage for my card,CARD,activate_card_international_usage,"To use your card overseas, open Card Controls in the app and enable International Usage. It is a good idea to set a travel period and a daily limit. If you cannot use the app, phone banking can turn it on for you after verifying your identity. If you need any further help, just let me know."
"Hi, I want to know how many payments are left on my loan. Thank you",LOAN,check_loan_payments,"To check your loan payments, log in and open Loans, then choose the loan. You will see what you have paid so far, what is left, and the next due date. If you would like to pay extra to reduce the balance, there is an option to make a part payment on the same screen."
"Hello, I am in Toronto and my platinum credit card is lost, how can I get emergency help? Can you help me with this?",PAYMENT_EXCEPTION,lost_card_abroad_emergency,"That sounds very stressful. The first step is to block all lost cards so nobody can use them. Then our emergency support team can help with a replacement card delivered to your location or a cash advance, after confirming your identity. Please keep any police report reference, as it can help with disputed transactions."
I need help. Why was I charged a fee of 726 dollars this month? Thanks.,FEES,check_fees,"Sure, here is how this works. I can help you understand the charges. Common fees include monthly maintenance, foreign transaction fees, ATM use outside our network and penalties for low balance. Your latest statement shows every fee that has been applied, and customer service can review any fee you believe was charged in error. Feel free to ask if you have any other questions."
I need help. Please explain how to apply for a loan online. I need this sorted today.,LOAN,apply_for_loan,"To apply for a loan, go to Loans in the app and select the type of loan you need. Enter the amount and tenure, upload the required documents and submit. Your eligibility is based on income, existing commitments and credit score, and you will see a decision and an offer once the review is complete."
"Hi, transaction limit exceeded, can you increase my limit for today? Appreciate the help.",PAYMENT_EXCEPTION,large_transaction_blocked,"I understand the urgency. Large payments can be blocked because they go over your daily limit or because our security systems flagged them for extra checks. I cannot release a held payment from this chat, but I can help you confirm it is genuine. Please approve any alert on your app, or I can connect you to a specialist who will verify you and, where possible, release the payment or raise your limit temporarily. You can ask for a human agent at any time and I will arrange it."
"good evening, i got a message that my password was changed and i did not do it. i need this sorted today.",RETAIL_EXCEPTION,identity_theft_account_takeover,"Thank you for flagging this quickly. Access to your online banking will be locked while we investigate. Our security team will verify your identity through a secure process, review recent changes and transactions, and help reset your details. Please tell us about any transaction you did not make, so it can be investigated. If anything changes in the meantime, please let us know straight away."
"excuse me, show me my recent activity on the savings account. please advise.",ACCOUNT,check_recent_transactions,"You can see recent transactions in the app or net banking. Open your savings account and tap Transactions to view the latest activity, and use the filters to search by date or amount. Statements for earlier periods can be downloaded as a PDF from the Statements section."
"hey, there are transactions of inr 970 on my card that i never made, i think my card was hacked. i need this sorted today",PAYMENT_EXCEPTION,card_fraud_unauthorized_transaction,"Thank you for reporting this quickly. Your card should be blocked immediately to prevent more misuse, and the disputed transactions will be flagged for our fraud team. They will review the details, and where a transaction is confirmed as fraudulent the amount is normally returned to your account after the investigation. A specialist will reach out to collect a few more details. You can ask for a human agent at any time and I will arrange it."
"good morning, my brother died and i am the nominee on his account, what should i do",RETAIL_EXCEPTION,deceased_account_holder,"My condolences to you and your family. Accounts of a deceased customer are handled by a dedicated team with care. Please share the death certificate and your identification, and they will explain how the balance is released to the nominee or legal heir and how the account is closed. I will connect you with them, so you do not have to repeat yourself."
"Somebody used my travel card to buy things I do not recognise, this is fraud. Thanks.",PAYMENT_EXCEPTION,card_fraud_unauthorized_transaction,"Thank you for reporting this quickly. Your card should be blocked immediately to prevent more misuse, and the disputed transactions will be flagged for our fraud team. They will review the details, and where a transaction is confirmed as fraudulent the amount is normally returned to your account after the investigation. A specialist will reach out to collect a few more details. Please keep your reference number safe, and reply here if you need anything else."
I am a new customer and want to create my login. Thank you.,PASSWORD,set_up_password,"Sure, here is how this works. To set up or change your password, log in and go to Settings and then Security. Choose Change Password, enter your current password, and type the new one twice. A strong password uses at least eight characters with a mix of letters, numbers and symbols, and should not include your name or birth date. Feel free to ask if you have any other questions."
I want to cancel my business loan application. I need this sorted today,LOAN,cancel_loan,"Thanks for reaching out, I can guide you through this. If your business loan has not been disbursed yet, you can cancel the request through customer service or from Loans in the app by selecting your application and choosing Withdraw. If the money has already been credited, you will need to repay it, and we can share the foreclosure amount with you. Please note that some fees may apply after disbursal."
"Excuse me, I want to dispute an ATM withdrawal of 388 dollars from last night.",ATM,dispute_ATM_withdrawal,"I will help you raise a dispute for the ATM withdrawal of 388 dollars. Please go to Disputes in the app, select the transaction and choose ATM Cash Issue, then give the date, time and ATM location if you have them. We will investigate with the ATM operator and most cases are reviewed within a few working days. If the ATM did not dispense the cash, the amount is usually credited back to your account. Let me know if there is anything more I can do for you."
I need help. I lost my debit card and need to block it right now. Appreciate the help,CARD,block_card,"I apologise for the trouble this has caused, let me help. To protect your money, block the card first. Use the app under Cards and Block, or call the 24 hour phone banking line and ask for an immediate block. Once blocked, please review your recent transactions and tell us about any you do not recognise so we can look into them. I am here if you need anything else."
"Hello, the ATM gave me less money than what was debited from my account. Thank you.",ATM,dispute_ATM_withdrawal,"Sorry about the trouble with the ATM. Please keep the receipt if you have one and raise a dispute through the app or by calling customer service. We will check the ATM records for the withdrawal and update you by message. If the money is confirmed as not dispensed, it will be returned to your account."
"Good evening, how do I start a chargeback for a service that was not delivered?",PAYMENT_EXCEPTION,chargeback_request,"Thank you for the details. A card dispute can be raised for items not received or not as described. We will need your order confirmation and any communication with the seller. Our disputes team will assess the claim and let you know whether the amount can be recovered. If you would like, I can connect you with a human agent right now."
"hello there, can you transfer me to a human agent? please help",CONTACT,human_agent,"Certainly, I can arrange for one of our advisors to help you. I am transferring you now, and I will share the details of our conversation so you do not need to repeat yourself. If the queue is long, you can choose to receive a call back instead. I am here if you need anything else."
"Please help: can I get a loan for $103,080 over 36 months? Not sure what to do",LOAN,apply_for_loan,"Thanks for reaching out, I can guide you through this. To apply for a loan, go to Loans in the app and select the type of loan you need. Enter the amount and tenure, upload the required documents and submit. Your eligibility is based on income, existing commitments and credit score, and you will see a decision and an offer once the review is complete."
"excuse me, i have complained three times and nobody has solved my problem, i want to escalate. any idea what to do",RETAIL_EXCEPTION,formal_complaint_escalation,"I am sorry that your issue has not been resolved, and you have every right to escalate. I can register a formal complaint now, which will be given a reference number and reviewed by our complaints team, who will respond in writing within the time required. If you are not satisfied with the final response, you can take the matter to the external financial ombudsman. It helps if you share the dates and details of your previous contacts. You can ask for a human agent at any time and I will arrange it."
"good morning, someone may have my card details, how can i block the card immediately? not sure what to do",CARD,block_card,"I apologise for the trouble this has caused, let me help. To protect your money, block the card first. Use the app under Cards and Block, or call the 24 hour phone banking line and ask for an immediate block. Once blocked, please review your recent transactions and tell us about any you do not recognise so we can look into them. If you need any further help, just let me know."
"Good evening, the amount debited does not match the price I saw abroad",PAYMENT_EXCEPTION,currency_conversion_dispute,"Thanks for raising this. When you pay in a foreign currency, the amount is converted at the network exchange rate on the day the transaction is settled, and a foreign currency fee may also apply, so the final figure can differ from what you saw at the shop. Please check the transaction details in the app for the rate and fee that were used. If you believe the amount is wrong, we can raise a query and a specialist will review it. If anything changes in the meantime, please let us know straight away."
urgent: what do i need to do before closing my business account? can you help me with this?,ACCOUNT,close_account,"Certainly, I can help with that. To close the account, make sure there are no pending transactions, linked cards or loans. Request closure through the app under Account Services or visit a branch. We will transfer any remaining balance to the account you nominate and confirm once the account is closed. If you need any further help, just let me know."
"Good evening, find me a cash machine close to me. Can you help me with this?",FIND,find_ATM,"To locate an ATM, open the Locator in the app or on our website and search by city or landmark. Filters help you find machines that offer deposits, cheque drops or extended hours. Please remember that using an ATM outside our network may attract a fee."
"Hi team, I want to cancel my student loan application. Not sure what to do.",LOAN,cancel_loan,"To cancel a loan application, tell us which application you mean and we will stop the process. Before disbursal there is normally no cost. After disbursal, the loan must be closed by repaying the outstanding amount, and we will give you the exact figure and any applicable charges."
how do i see my card balance and available limit? can you help me with this?,CARD,check_current_balance_on_card,"Of course, happy to help. To check your balance, log in to net banking or the app and open Cards. The card summary shows your current balance, available credit and the last statement amount. Balances update in near real time, but very recent transactions can take a short while to appear. Feel free to ask if you have any other questions."
"Excuse me, what is the fastest way to send money to someone?",TRANSFER,make_transfer,"Absolutely, let me walk you through it. You can send money in a few steps. Open Transfers, choose Send Money and select an existing payee or add a new one. Type in the amount, check the details carefully because transfers to the wrong account can be hard to reverse, and approve with your security code. Instant methods arrive within minutes, while standard transfers can take up to one working day. Feel free to ask if you have any other questions."
"Hello there, I entered the wrong account number and sent EUR 797, please help me get it back. I need this sorted today.",PAYMENT_EXCEPTION,transfer_wrong_account,"Please stay calm, and thank you for telling us quickly, because speed matters. Payments to a wrong account cannot always be reversed, but we can send a recall request to the receiving bank for the EUR 797. Please share the transaction reference, the date and the account number you used. We will contact the other bank and, if the account holder agrees or the funds are still available, the money can be returned. If you would like, I can connect you with a human agent right now."
What are the eligibility criteria for a car loan? I need this sorted today,LOAN,apply_for_loan,"You can apply for a car loan online or at a branch. Please keep your identity proof, address proof, recent salary slips or income proof, and bank statements ready. After you submit the application, we check your eligibility and credit history and share an offer with the interest rate and repayment plan. Once you accept, the money is usually credited within a few working days. I am here if you need anything else."
"Hello, please cancel the loan I applied for last weekend. Please help.",LOAN,cancel_loan,"Certainly, I can help with that. To cancel a loan application, tell us which application you mean and we will stop the process. Before disbursal there is normally no cost. After disbursal, the loan must be closed by repaying the outstanding amount, and we will give you the exact figure and any applicable charges."
"My wire transfer has been under review for 3 days, I need the money urgently. Any idea what to do?",PAYMENT_EXCEPTION,international_transfer_compliance_hold,"Thank you for your patience. Some cross border payments are checked before release, and I am not able to share the specific reason for a review. Please keep supporting documents ready. I am escalating your transfer to a specialist team, who will tell you what is required and the expected timing."
I need help. I want to freeze the joint account until we settle things,RETAIL_EXCEPTION,joint_account_dispute,"I am sorry you are going through this. Joint accounts are governed by the mandate that was agreed when they were opened, and changes such as removing a holder or freezing the account usually need the consent of all holders, or a legal instruction. I can arrange for a specialist to explain your options and what proof would be required. Please keep in mind that we cannot take sides, and for serious disputes it can help to seek legal advice. Please keep your reference number safe, and reply here if you need anything else."
"Hi team, the ATM kept my platinum credit card and I cannot get it back. Any idea what to do",ATM,recover_swallowed_card,"Please do not worry, this happens sometimes. First, block the card in the app as a precaution until you have it back. Then contact the branch that owns the ATM or call customer service, and we will check if the card was retained by the machine. If it can be recovered you may collect it with valid photo ID, otherwise we will issue a replacement card to you."
"good morning, what happens to my mortgage application if i cancel it now? thank you.",LOAN,cancel_mortgage,"Absolutely, let me walk you through it. I can help you withdraw the mortgage application. Please contact our mortgage team through the app or at a branch and confirm the application reference. If the valuation or legal work has already started, some third party fees might still apply. Once cancelled, you will receive written confirmation."
"Good morning, how much do I still owe on my loan? Appreciate the help.",LOAN,check_loan_payments,"Certainly, I can help with that. To check your loan payments, log in and open Loans, then choose the loan. You will see what you have paid so far, what is left, and the next due date. If you would like to pay extra to reduce the balance, there is an option to make a part payment on the same screen."
"Good evening, I paid in the local currency but was billed at a strange rate. I need this sorted today.",PAYMENT_EXCEPTION,currency_conversion_dispute,"Thanks for raising this. When you pay in a foreign currency, the amount is converted at the network exchange rate on the day the transaction is settled, and a foreign currency fee may also apply, so the final figure can differ from what you saw at the shop. Please check the transaction details in the app for the rate and fee that were used. If you believe the amount is wrong, we can raise a query and a specialist will review it. You can ask for a human agent at any time and I will arrange it."
"Good morning, what is the remaining balance on my mortgage?",LOAN,check_mortgage_payments,"In the app, open Loans and select your mortgage to see your monthly payment, the next due date, the remaining balance and the split between interest and principal. Statements and a yearly interest certificate can also be downloaded from the documents section. Feel free to ask if you have any other questions."
Tell me about the monthly maintenance fees on my joint account. Appreciate the help.,FEES,check_fees,"Fees depend on the type of account or service. You can find the full list in the app under Help and then Fees and Charges, including maintenance, ATM, transfer and card fees. If you tell me the specific service you are asking about, I can explain how that fee is calculated and when it applies."
Urgent: I disagree with the unarranged overdraft fee on my statement. Any idea what to do,RETAIL_EXCEPTION,overdraft_fee_dispute,"Thanks for explaining. To review the fee, we need to see the order in which the deposit and the payments were processed. I will raise a request for the fee to be reviewed, and you will hear back with the outcome. In some cases, especially after a delayed salary, the fee can be waived. If anything changes in the meantime, please let us know straight away."
How can I withdraw my home loan request? Appreciate the help.,LOAN,cancel_mortgage,"Sure, here is how this works. To cancel a mortgage application, send a withdrawal request with your application reference. Any costs already incurred for valuation or legal checks may not be refundable. We will confirm the cancellation in writing and close the file."
"Good morning, what are the opening hours of the branch near the university campus? Not sure what to do",FIND,find_branch,"Sure, here is how this works. You can find branches using the Locator in the app or on our website. Search by city or a landmark like the university campus, and you will see the address, opening hours and services available at each branch. Many branches allow you to book an appointment in advance, which reduces waiting time. Please reach out again if anything is unclear."
"Hey, my card ending 5943 has unknown purchases that appeared three days ago, please help urgently. Appreciate the help.",PAYMENT_EXCEPTION,card_fraud_unauthorized_transaction,"Thank you for reporting this quickly. Your card should be blocked immediately to prevent more misuse, and the disputed transactions will be flagged for our fraud team. They will review the details, and where a transaction is confirmed as fraudulent the amount is normally returned to your account after the investigation. A specialist will reach out to collect a few more details. If anything changes in the meantime, please let us know straight away."
"Good evening, please tell me the current balance on the card ending 8043. I need this sorted today.",CARD,check_current_balance_on_card,"To check your balance, log in to net banking or the app and open Cards. The card summary shows your current balance, available credit and the last statement amount. Balances update in near real time, but very recent transactions can take a short while to appear. Please reach out again if anything is unclear."
"Quick question: I cannot log in to net banking, I do not remember my password. Not sure what to do.",PASSWORD,get_password,"I am sorry you are locked out. On the login page, tap Forgot Password and enter your customer ID. We will send a one-time code to your registered mobile number, and after you enter it you can choose a new password. For security reasons we can never tell you your old password. Please reach out again if anything is unclear."
"Good evening, can I reapply after a rejection and what should I improve? Can you help me with this?",RETAIL_EXCEPTION,loan_application_rejected_appeal,"I am sorry that your application was not approved. Decisions are based on factors such as income, existing debts, credit history and the value of the loan requested, and we can share the main reasons with you. You may ask for a review, especially if your circumstances have changed or if some information was missing. I will pass your request to a loans specialist who can explain the decision and suggest what may improve your chances next time. If you would like, I can connect you with a human agent right now."
"Hi, I paid in the local currency but was billed at a strange rate. Can you help me with this",PAYMENT_EXCEPTION,currency_conversion_dispute,"Thanks for raising this. When you pay in a foreign currency, the amount is converted at the network exchange rate on the day the transaction is settled, and a foreign currency fee may also apply, so the final figure can differ from what you saw at the shop. Please check the transaction details in the app for the rate and fee that were used. If you believe the amount is wrong, we can raise a query and a specialist will review it. You can ask for a human agent at any time and I will arrange it."
"I need help. I just received my credit card in the mail, how can I start using it? Appreciate the help.",CARD,activate_card,"Thanks for reaching out, I can guide you through this. You can activate your card in two easy ways. In the mobile app, go to Cards, pick your card, and tap Activate. If you prefer, call the phone banking number printed on the back of the card and follow the voice prompts. After verification your card will be active within a few minutes. Feel free to ask if you have any other questions."
"Excuse me, how can I change my password to something stronger? Not sure what to do.",PASSWORD,set_up_password,"To set up or change your password, log in and go to Settings and then Security. Choose Change Password, enter your current password, and type the new one twice. A strong password uses at least eight characters with a mix of letters, numbers and symbols, and should not include your name or birth date. Feel free to ask if you have any other questions."
"Hello there, I need to withdraw cash in Rome, where can I find one of your ATMs?",FIND,find_ATM,"Of course, happy to help. To locate an ATM, open the Locator in the app or on our website and search by city or landmark. Filters help you find machines that offer deposits, cheque drops or extended hours. Please remember that using an ATM outside our network may attract a fee."
"Good morning, how can I avoid repossession of my house? Please advise.",RETAIL_EXCEPTION,mortgage_arrears_support,"Thank you for reaching out. Falling behind on a mortgage is stressful, and there are steps we can explore together. A mortgage support specialist will review your account, your income and expenses, and discuss a plan that suits you. I am raising this as urgent so they contact you soon."
"Hey, when is my next student loan instalment due",LOAN,check_loan_payments,"You can see your repayment details in the app under Loans. Select your student loan to view the instalment amount, the next due date, the number of payments remaining and the total outstanding balance. The full repayment schedule can also be downloaded as a document."
"I think I paid the wrong person 1,100 dollars and I am panicking. Not sure what to do.",PAYMENT_EXCEPTION,transfer_wrong_account,"I am sorry this happened. Please raise a wrong transfer request in the app or with customer service right away with the payment reference. We will ask the receiving bank to hold and return the funds, but they need the account holder consent, so the timing can vary. A specialist will follow up with you. If you would like, I can connect you with a human agent right now."
"Please help: pls block my card ending 7702, I think it was stolen. Not sure what to do.",CARD,block_card,"I am sorry to hear about this and I want to help sort it out. To protect your money, block the card first. Use the app under Cards and Block, or call the 24 hour phone banking line and ask for an immediate block. Once blocked, please review your recent transactions and tell us about any you do not recognise so we can look into them. Please reach out again if anything is unclear."
"Quick question: I would like to stop my card, it has an annual fee I do not want to pay. Can you help me with this?",CARD,cancel_card,"Sure, here is how this works. I can guide you through cancelling your card. First check that there are no pending transactions or unpaid dues. Then submit a cancellation request through the app or by phone banking. You will get a confirmation message once the card is closed. Feel free to ask if you have any other questions."
"Hello, I am a student and would like to start a savings account.",ACCOUNT,create_account,"Certainly, I can help with that. To start, choose the type of account that suits you, then fill in the application form online. You will need identity and address documents, and you may complete a short video verification. Once approved, your account details arrive by message and email, and your debit card is sent to your address."
"Good evening, why was my overseas payment blocked for a compliance review? Not sure what to do.",PAYMENT_EXCEPTION,international_transfer_compliance_hold,"Thank you for your patience. Some cross border payments are checked before release, and I am not able to share the specific reason for a review. Please keep supporting documents ready. I am escalating your transfer to a specialist team, who will tell you what is required and the expected timing. If you would like, I can connect you with a human agent right now."
"I cannot log in to net banking, I do not remember my password. Please advise.",PASSWORD,get_password,"I am sorry you are locked out. On the login page, tap Forgot Password and enter your customer ID. We will send a one-time code to your registered mobile number, and after you enter it you can choose a new password. For security reasons we can never tell you your old password. Let me know if there is anything more I can do for you."
"Hi, I was charged more than expected because of the exchange rate on my purchase in Sydney. Thank you.",PAYMENT_EXCEPTION,currency_conversion_dispute,"I understand the surprise. The debited amount comes from the exchange rate at the time of settlement, plus any conversion charges, and the shop may also offer to charge in your home currency at their own rate. I can flag your transaction for review so a specialist can confirm whether the correct rate was applied. If anything changes in the meantime, please let us know straight away."
Quick question: can I see my loan repayment schedule? Any idea what to do?,LOAN,check_loan_payments,"To check your loan payments, log in and open Loans, then choose the loan. You will see what you have paid so far, what is left, and the next due date. If you would like to pay extra to reduce the balance, there is an option to make a part payment on the same screen. If you need any further help, just let me know."
"Good morning, I need a person to help me with this, not an automated reply. Thank you.",CONTACT,human_agent,"Certainly, I can arrange for one of our advisors to help you. I am transferring you now, and I will share the details of our conversation so you do not need to repeat yourself. If the queue is long, you can choose to receive a call back instead. If you need any further help, just let me know."
"Good morning, the bank sent a notice about mortgage arrears, please help.",RETAIL_EXCEPTION,mortgage_arrears_support,"Thank you for reaching out. Falling behind on a mortgage is stressful, and there are steps we can explore together. A mortgage support specialist will review your account, your income and expenses, and discuss a plan that suits you. I am raising this as urgent so they contact you soon. If anything changes in the meantime, please let us know straight away."
"Hey, what is the process to claim the balance in my late mother's account? Can you help me with this?",RETAIL_EXCEPTION,deceased_account_holder,"I am very sorry for your loss. Please take your time, and we will make this as simple as we can. To begin, please inform us of the death by contacting our bereavement team, who will guide you personally. You will usually need a copy of the death certificate, your own identification and proof of your relationship, and if you are the nominee, the nomination details. Because this involves legal steps, a specialist will handle your request and explain the timeline. If you would like, I can connect you with a human agent right now."
"Hello there, when is my card annual fee charged and can it be waived? Can you help me with this?",CARD,check_card_annual_fee,"Annual fees vary by card, and many cards waive the fee after a certain level of yearly spending. Please check Fees and Charges for your card in the app to see your amount and the anniversary date. If you would like to ask about a waiver, customer service can review your eligibility. Let me know if there is anything more I can do for you."
"I ordered from Amazon last Friday, the item is not what was shown, can I dispute the charge? Any idea what to do",PAYMENT_EXCEPTION,chargeback_request,Thank you for the details. A card dispute can be raised for items not received or not as described. We will need your order confirmation and any communication with the seller. Our disputes team will assess the claim and let you know whether the amount can be recovered. You can ask for a human agent at any time and I will arrange it.
"good evening, how can i enable my credit card for use abroad? i am travelling to delhi. please advise.",CARD,activate_card_international_usage,"To use your card overseas, open Card Controls in the app and enable International Usage. It is a good idea to set a travel period and a daily limit. If you cannot use the app, phone banking can turn it on for you after verifying your identity. Let me know if there is anything more I can do for you."
"excuse me, can you list all the charges for using the atm abroad? any idea what to do",FEES,check_fees,"Fees depend on the type of account or service. You can find the full list in the app under Help and then Fees and Charges, including maintenance, ATM, transfer and card fees. If you tell me the specific service you are asking about, I can explain how that fee is calculated and when it applies."
"hello there, is there a live chat with the bank?",CONTACT,customer_service,"You can reach customer service by phone banking, through secure chat in the mobile app, or by email through the Contact Us section. Phone and chat support are available round the clock for urgent matters such as blocking a card, and other requests are handled during business hours. Please keep your customer ID handy so we can help you faster. I am here if you need anything else."
"where is my refund, it has been 2 days? please advise.",PAYMENT_EXCEPTION,refund_not_received,"Thank you for the details. A refund can take some time after the merchant approves it. If it has been more than ten working days, please send us the refund confirmation from the merchant. We will trace the credit and follow up with the merchant bank on your behalf. If anything changes in the meantime, please let us know straight away."
"Good evening, I found a recurring payment on my card that I do not recognise.",PAYMENT_EXCEPTION,recurring_payment_unauthorized,"Sorry about the trouble. We can block future payments to the merchant on your card, and I can start a dispute for charges you did not authorise. Please share the dates and the amounts of the payments and any cancellation emails you have. A specialist will review whether the money can be recovered."
"Good morning, I am a student and would like to start a savings account.",ACCOUNT,create_account,"Thanks for reaching out, I can guide you through this. To start, choose the type of account that suits you, then fill in the application form online. You will need identity and address documents, and you may complete a short video verification. Once approved, your account details arrive by message and email, and your debit card is sent to your address. If you need any further help, just let me know."
"Quick question: somebody used my travel card to buy things I do not recognise, this is fraud",PAYMENT_EXCEPTION,card_fraud_unauthorized_transaction,"Thank you for reporting this quickly. Your card should be blocked immediately to prevent more misuse, and the disputed transactions will be flagged for our fraud team. They will review the details, and where a transaction is confirmed as fraudulent the amount is normally returned to your account after the investigation. A specialist will reach out to collect a few more details. If you would like, I can connect you with a human agent right now."
"Hey, is there a fee if my balance drops below the minimum? Please help.",FEES,check_fees,"Absolutely, let me walk you through it. Fees depend on the type of account or service. You can find the full list in the app under Help and then Fees and Charges, including maintenance, ATM, transfer and card fees. If you tell me the specific service you are asking about, I can explain how that fee is calculated and when it applies."
When is my next mortgage payment due? Appreciate the help,LOAN,check_mortgage_payments,"Absolutely, let me walk you through it. Your mortgage details are available under Loans. There you can view the payment amount, upcoming due dates, the balance still owed and a summary of interest paid. If your payment changes because of a rate change, we will notify you in advance. I am here if you need anything else."
I need help. Can you list all the charges for using the ATM abroad? Not sure what to do.,FEES,check_fees,"I can help you understand the charges. Common fees include monthly maintenance, foreign transaction fees, ATM use outside our network and penalties for low balance. Your latest statement shows every fee that has been applied, and customer service can review any fee you believe was charged in error. Let me know if there is anything more I can do for you."
"Hello there, I would like to stop my card, it has an annual fee I do not want to pay. Please help",CARD,cancel_card,I can guide you through cancelling your card. First check that there are no pending transactions or unpaid dues. Then submit a cancellation request through the app or by phone banking. You will get a confirmation message once the card is closed. I am here if you need anything else.
quick question: my card was declined in bangalore and i am stuck without money. i need this sorted today.,PAYMENT_EXCEPTION,card_declined_while_travelling,"Sorry about the inconvenience, especially while you are travelling. Please check that international transactions are enabled and that you have not reached your daily limit. Because this is urgent, I recommend calling the emergency line on the back of the card, where an agent can verify you and remove any block. Emergency cash or a replacement card can be arranged if needed. Please keep your reference number safe, and reply here if you need anything else."
Do you have ATMs that accept cash deposits nearby? Thanks,FIND,find_ATM,"To locate an ATM, open the Locator in the app or on our website and search by city or landmark. Filters help you find machines that offer deposits, cheque drops or extended hours. Please remember that using an ATM outside our network may attract a fee."
"Hi, how do I freeze my card temporarily? I cannot find it. Please help",CARD,block_card,"I apologise for the trouble this has caused, let me help. You can block the card immediately in the mobile app. Go to Cards, choose the card and tap Block Card, then pick Lost or Stolen as the reason. The card stops working straight away and any new transactions are declined. We will then help you order a replacement, which usually arrives in a few working days. Feel free to ask if you have any other questions."
"Hi team, I think my identity was stolen, there are accounts and loans in my name that I did not open. Appreciate the help.",RETAIL_EXCEPTION,identity_theft_account_takeover,"Thank you for flagging this quickly. Access to your online banking will be locked while we investigate. Our security team will verify your identity through a secure process, review recent changes and transactions, and help reset your details. Please tell us about any transaction you did not make, so it can be investigated. If anything changes in the meantime, please let us know straight away."
"Hey, somebody used my credit card to buy things I dont recognise, this is fraud.",PAYMENT_EXCEPTION,card_fraud_unauthorized_transaction,"Thank you for reporting this quickly. Your card should be blocked immediately to prevent more misuse, and the disputed transactions will be flagged for our fraud team. They will review the details, and where a transaction is confirmed as fraudulent the amount is normally returned to your account after the investigation. A specialist will reach out to collect a few more details. If you would like, I can connect you with a human agent right now."
"Hi, can I cancel a scheduled transfer for next week? Pls advise.",TRANSFER,cancel_transfer,"Please act quickly. For transfers that have not been processed yet, use Cancel next to the transfer in your pending list. For completed transfers, raise a recall request from the same screen or through customer service, and keep the transaction reference handy. We will update you as soon as we hear back from the other bank. If you need any further help, just let me know."
when is my card annual fee charged and can it be waived? i need this sorted today.,CARD,check_card_annual_fee,"Annual fees vary by card, and many cards waive the fee after a certain level of yearly spending. Please check Fees and Charges for your card in the app to see your amount and the anniversary date. If you would like to ask about a waiver, customer service can review your eligibility. Let me know if there is anything more I can do for you."
"Excuse me, the ATM kept my travel card and I cannot get it back. Thank you.",ATM,recover_swallowed_card,"Please do not worry, this happens sometimes. First, block the card in the app as a precaution until you have it back. Then contact the branch that owns the ATM or call customer service, and we will check if the card was retained by the machine. If it can be recovered you may collect it with valid photo ID, otherwise we will issue a replacement card to you. If you need any further help, just let me know."
"Please help: why was I charged a fee of 2,080 dollars this month? Appreciate the help.",FEES,check_fees,"Sure, here is how this works. I can help you understand the charges. Common fees include monthly maintenance, foreign transaction fees, ATM use outside our network and penalties for low balance. Your latest statement shows every fee that has been applied, and customer service can review any fee you believe was charged in error."
"Myntra keeps charging me GBP 2,090 every month and I never subscribed",PAYMENT_EXCEPTION,recurring_payment_unauthorized,"I understand how annoying unwanted charges are. You can stop a recurring payment by going to Cards and Recurring Payments in the app and choosing Stop for Myntra. If the merchant has already taken money you did not agree to, we can raise a dispute for the GBP 2,090 charges. It also helps to contact the merchant to cancel the subscription so they stop trying to bill you. If you would like, I can connect you with a human agent right now."
I need help. The amount debited does not match the price I saw abroad. Not sure what to do.,PAYMENT_EXCEPTION,currency_conversion_dispute,"I understand the surprise. The debited amount comes from the exchange rate at the time of settlement, plus any conversion charges, and the shop may also offer to charge in your home currency at their own rate. I can flag your transaction for review so a specialist can confirm whether the correct rate was applied. Please keep your reference number safe, and reply here if you need anything else."
"Hello there, the ATM kept my travel card and I cannot get it back. Not sure what to do.",ATM,recover_swallowed_card,"Please do not worry, this happens sometimes. First, block the card in the app as a precaution until you have it back. Then contact the branch that owns the ATM or call customer service, and we will check if the card was retained by the machine. If it can be recovered you may collect it with valid photo ID, otherwise we will issue a replacement card to you. Let me know if there is anything more I can do for you."
My card got stuck in the machine two days ago. Any idea what to do?,ATM,recover_swallowed_card,"I am sorry that the ATM kept your card. For your safety, I suggest blocking the card right away in the app. We will then arrange either collection from the ATM branch with identification or a replacement card sent to your address, usually within a few working days. If you need any further help, just let me know."
I am confused and worried about a scam call asking for my details.,RETAIL_EXCEPTION,vulnerable_customer_support,"Thank you for telling us, and please know that we are here to help in a way that works for you. We offer support such as large print or audio statements, assisted banking at branches, a dedicated helpline with priority handling and, in some areas, home visits. If you are worried about a suspicious call, please do not share any codes or personal details, and we will help you check it. I will connect you with our customer care specialists to set up the support you need. You can ask for a human agent at any time and I will arrange it."
"Hi team, I forgot my password, how do I get it back?",PASSWORD,get_password,"You can recover access in a few steps. Select Forgot Password on the login screen, verify your identity with the one-time code sent to your registered number, and set a new password. If you no longer have access to that number, please visit a branch with your identification to update it. If you need any further help, just let me know."
Pls help: I want to talk to a real person. Thank you,CONTACT,human_agent,"Certainly, I can arrange for one of our advisors to help you. I am transferring you now, and I will share the details of our conversation so you do not need to repeat yourself. If the queue is long, you can choose to receive a call back instead."
Urgent: my online banking was accessed by someone else and money is missing,RETAIL_EXCEPTION,identity_theft_account_takeover,"I am very sorry, and I will treat this as urgent. To protect you, we should restrict access to your account and cards immediately, and I am escalating this to our fraud and security team now. Please do not use the same password anywhere else, avoid clicking links in unexpected messages, and keep a note of any suspicious messages or calls. A specialist will contact you on a verified number to restore your access and review the activity. Please keep your reference number safe, and reply here if you need anything else."
"Hi team, name mismatch is blocking my loan, how do I correct it in your records? Thank you.",RETAIL_EXCEPTION,legal_name_change,"To change your name in our records, we need proof of the legal name change, such as a marriage certificate, a gazette notification or a deed poll, together with your identification. Please upload the documents in the app under Profile or visit a branch, and we will update your accounts and cards. Because this affects several products, the update may take a few working days, and we will notify you when it is complete. You can ask for a human agent at any time and I will arrange it."
I need help. What are the opening hours of the branch near the old town square? Not sure what to do,FIND,find_branch,"Absolutely, let me walk you through it. You can find branches using the Locator in the app or on our website. Search by city or a landmark like the old town square, and you will see the address, opening hours and services available at each branch. Many branches allow you to book an appointment in advance, which reduces waiting time. If you need any further help, just let me know."
I need help. How do I activate my new credit card? Can you help me with this?,CARD,activate_card,"You can activate your card in two easy ways. In the mobile app, go to Cards, pick your card, and tap Activate. If you prefer, call the phone banking number printed on the back of the card and follow the voice prompts. After verification your card will be active within a few minutes."
"Hi, someone may have my card details, how can I block the card immediately? Thank you",CARD,block_card,"I am sorry to hear about this and I want to help sort it out. You can block the card immediately in the mobile app. Go to Cards, choose the card and tap Block Card, then pick Lost or Stolen as the reason. The card stops working straight away and any new transactions are declined. We will then help you order a replacement, which usually arrives in a few working days. Let me know if there is anything more I can do for you."
"There is an ATM transaction I do not recognise for $325, how do I raise a dispute? Can you help me with this?",ATM,dispute_ATM_withdrawal,"I will help you raise a dispute for the ATM withdrawal of $325. Please go to Disputes in the app, select the transaction and choose ATM Cash Issue, then give the date, time and ATM location if you have them. We will investigate with the ATM operator and most cases are reviewed within a few working days. If the ATM did not dispense the cash, the amount is usually credited back to your account. Feel free to ask if you have any other questions."
"hello there, i want to check if the payment i made earlier today has gone through. thanks.",ACCOUNT,check_recent_transactions,"Of course, happy to help. To review your recent activity, log in and choose the account, then select Recent Transactions. Pending items are shown separately from completed ones. If something looks unfamiliar, tap it to see the details and report it directly from that screen."
"Hello, I need a person to help me with this, not an automated reply. Pls advise",CONTACT,human_agent,"Of course. I will connect you with a human agent now. Please stay in this chat, and it helps if you briefly describe your issue so the agent can pick up straight away. Waiting times can vary, and if it is not urgent you can also request a call back at a time that suits you."
please help: i am a new customer and want to create my login. appreciate the help.,PASSWORD,set_up_password,"New customers can create a password using the First Time Login option. Enter your customer ID, verify with a one-time code, then choose a password that meets the rules shown on screen. Please do not share it with anyone, including bank staff. Feel free to ask if you have any other questions."
"Urgent: where is my refund, it has been 10 days? Not sure what to do.",PAYMENT_EXCEPTION,refund_not_received,"Thank you for the details. A refund can take some time after the merchant approves it. If it has been more than ten working days, please send us the refund confirmation from the merchant. We will trace the credit and follow up with the merchant bank on your behalf."
"I need help. Why is my account restricted, I need to pay bills today. Not sure what to do.",RETAIL_EXCEPTION,account_frozen_kyc,"I am sorry for the inconvenience. A restriction usually means we need to verify or update some information. You can complete the update in the app under Profile and KYC, or visit a branch. If you have already submitted documents, I will ask the team to prioritise the review and update you. If you would like, I can connect you with a human agent right now."
I need help. Can I open an account online without visiting the branch? Thank you,ACCOUNT,create_account,"To start, choose the type of account that suits you, then fill in the application form online. You will need identity and address documents, and you may complete a short video verification. Once approved, your account details arrive by message and email, and your debit card is sent to your address. If you need any further help, just let me know."
"Hello there, what is the process to get a mortgage for a house worth EUR 253,560? I need this sorted today.",LOAN,apply_for_mortgage,"Absolutely, let me walk you through it. For a mortgage, the first step is to check how much you can borrow using the mortgage calculator in the app. Then submit an application with your identity, income and property details, and we will arrange a valuation of the property. After approval you receive a formal offer, and the funds are released to the seller once the legal formalities are complete. A deposit is usually needed, and the amount depends on the property value and your profile. I am here if you need anything else."
"i want to apply for a personal loan of gbp 203,200. can u help me with this?",LOAN,apply_for_loan,"Certainly, I can help with that. You can apply for a personal loan online or at a branch. Please keep your identity proof, address proof, recent salary slips or income proof, and bank statements ready. After you submit the application, we check your eligibility and credit history and share an offer with the interest rate and repayment plan. Once you accept, the money is usually credited within a few working days. Feel free to ask if you have any other questions."
"hello, is there a fee if my balance drops below the minimum?",FEES,check_fees,"I can help you understand the charges. Common fees include monthly maintenance, foreign transaction fees, ATM use outside our network and penalties for low balance. Your latest statement shows every fee that has been applied, and customer service can review any fee you believe was charged in error. Please reach out again if anything is unclear."
"The bank stopped my big payment for GBP 18,430, why? Any idea what to do?",PAYMENT_EXCEPTION,large_transaction_blocked,"I understand the urgency. Large payments can be blocked because they go over your daily limit or because our security systems flagged them for extra checks. I cannot release a held payment from this chat, but I can help you confirm it is genuine. Please approve any alert on your app, or I can connect you to a specialist who will verify you and, where possible, release the payment or raise your limit temporarily. If you would like, I can connect you with a human agent right now."
Urgent: how can I reset my forgotten mobile banking password? Can you help me with this,PASSWORD,get_password,"You can recover access in a few steps. Select Forgot Password on the login screen, verify your identity with the one-time code sent to your registered number, and set a new password. If you no longer have access to that number, please visit a branch with your identification to update it. Please reach out again if anything is unclear."
"Hello there, my prepaid card ending 3840 arrived today. What are the steps to activate it? Pls help.",CARD,activate_card,"First, open the mobile app or net banking and go to the Cards section. Then select your prepaid card and choose Activate Card. You will receive a one-time code on your registered mobile number, so enter it to confirm. Once that is done, the card is active and ready to use straight away."
"good morning, is there a fee if my balance drops below the minimum? please help.",FEES,check_fees,"Sure, here is how this works. I can help you understand the charges. Common fees include monthly maintenance, foreign transaction fees, ATM use outside our network and penalties for low balance. Your latest statement shows every fee that has been applied, and customer service can review any fee you believe was charged in error. Feel free to ask if you have any other questions."
"Hello there, how can I withdraw my home loan request? Not sure what to do",LOAN,cancel_mortgage,"Thanks for reaching out, I can guide you through this. To cancel a mortgage application, send a withdrawal request with your application reference. Any costs already incurred for valuation or legal checks may not be refundable. We will confirm the cancellation in writing and close the file. Feel free to ask if you have any other questions."
"hey, when is my next personal loan instalment due? can you help me with this?",LOAN,check_loan_payments,"You can see your repayment details in the app under Loans. Select your personal loan to view the instalment amount, the next due date, the number of payments remaining and the total outstanding balance. The full repayment schedule can also be downloaded as a document. I am here if you need anything else."
Please tell me the current balance on the card ending 9211.,CARD,check_current_balance_on_card,"Thanks for reaching out, I can guide you through this. To check your balance, log in to net banking or the app and open Cards. The card summary shows your current balance, available credit and the last statement amount. Balances update in near real time, but very recent transactions can take a short while to appear. I am here if you need anything else."
Quick question: where is the closest branch? Thanks.,FIND,find_branch,"Absolutely, let me walk you through it. To find a branch, enter your area or city in the Locator and choose Branches. Each listing shows the address, working hours and the services offered, such as loans or locker facilities. Most branches are open on weekdays and some are open on Saturday mornings."
"My card went missing this morning, block it asap.",CARD,block_card,"To protect your money, block the card first. Use the app under Cards and Block, or call the 24 hour phone banking line and ask for an immediate block. Once blocked, please review your recent transactions and tell us about any you do not recognise so we can look into them. Please reach out again if anything is unclear."
i need help. what is the fastest way to send money to someone? thanks.,TRANSFER,make_transfer,"You can send money in a few steps. Open Transfers, choose Send Money and select an existing payee or add a new one. Type in the amount, check the details carefully because transfers to the wrong account can be hard to reverse, and approve with your security code. Instant methods arrive within minutes, while standard transfers can take up to one working day."
"Hi team, help, the cash machine did not return my card. Please help",ATM,recover_swallowed_card,"I am sorry that the ATM kept your card. For your safety, I suggest blocking the card right away in the app. We will then arrange either collection from the ATM branch with identification or a replacement card sent to your address, usually within a few working days."
"Hi team, is there an ATM near the airport? Can you help me with this?",FIND,find_ATM,"To locate an ATM, open the Locator in the app or on our website and search by city or landmark. Filters help you find machines that offer deposits, cheque drops or extended hours. Please remember that using an ATM outside our network may attract a fee. If you need any further help, just let me know."
"Hi, I want to know my outstanding amount on the credit card. Thanks.",CARD,check_current_balance_on_card,"To check your balance, log in to net banking or the app and open Cards. The card summary shows your current balance, available credit and the last statement amount. Balances update in near real time, but very recent transactions can take a short while to appear. Let me know if there is anything more I can do for you."
"Hi, how much deposit do I need for a mortgage? Appreciate the help.",LOAN,apply_for_mortgage,"Of course, happy to help. For a mortgage, the first step is to check how much you can borrow using the mortgage calculator in the app. Then submit an application with your identity, income and property details, and we will arrange a valuation of the property. After approval you receive a formal offer, and the funds are released to the seller once the legal formalities are complete. A deposit is usually needed, and the amount depends on the property value and your profile. Feel free to ask if you have any other questions."
Please help: cash was not dispensed at the ATM yet my account was debited. I need this sorted today,ATM,dispute_ATM_withdrawal,"Sorry about the trouble with the ATM. Please keep the receipt if you have one and raise a dispute through the app or by calling customer service. We will check the ATM records for the withdrawal and update you by message. If the money is confirmed as not dispensed, it will be returned to your account."
"Where is my refund, it has been 2 days? Please advise.",PAYMENT_EXCEPTION,refund_not_received,"Thank you for the details. A refund can take some time after the merchant approves it. If it has been more than ten working days, please send us the refund confirmation from the merchant. We will trace the credit and follow up with the merchant bank on your behalf. Please keep your reference number safe, and reply here if you need anything else."
"Good morning, what happens if I cancel my debit card, and how do I do it?",CARD,cancel_card,"Sure, here is how this works. I can guide you through cancelling your card. First check that there are no pending transactions or unpaid dues. Then submit a cancellation request through the app or by phone banking. You will get a confirmation message once the card is closed."
how can i contact customer service? thanks.,CONTACT,customer_service,"There are several ways to contact us. The quickest is the chat option in the app, which is available all day. You can also call the number printed on the back of your card or on our website, or visit any branch during opening hours. Feel free to ask if you have any other questions."
"Hi, I want to know how many payments are left on my loan. Please help.",LOAN,check_loan_payments,"Of course, happy to help. To check your loan payments, log in and open Loans, then choose the loan. You will see what you have paid so far, what is left, and the next due date. If you would like to pay extra to reduce the balance, there is an option to make a part payment on the same screen."
"pls help: i need to visit a branch, can you help me find one? pls advise.",FIND,find_branch,"To find a branch, enter your area or city in the Locator and choose Branches. Each listing shows the address, working hours and the services offered, such as loans or locker facilities. Most branches are open on weekdays and some are open on Saturday mornings."
"the account number i typed was one digit off, and the payment went through. any idea what to do?",PAYMENT_EXCEPTION,transfer_wrong_account,"I am sorry this happened. Please raise a wrong transfer request in the app or with customer service right away with the payment reference. We will ask the receiving bank to hold and return the funds, but they need the account holder consent, so the timing can vary. A specialist will follow up with you. You can ask for a human agent at any time and I will arrange it."
"Hello there, how do I apply for a personal loan? Any idea what to do?",LOAN,apply_for_loan,"To apply for a loan, go to Loans in the app and select the type of loan you need. Enter the amount and tenure, upload the required documents and submit. Your eligibility is based on income, existing commitments and credit score, and you will see a decision and an offer once the review is complete. Feel free to ask if you have any other questions."
"We decided not to buy the house, how do I cancel the mortgage? Thanks.",LOAN,cancel_mortgage,"I can help you withdraw the mortgage application. Please contact our mortgage team through the app or at a branch and confirm the application reference. If the valuation or legal work has already started, some third party fees might still apply. Once cancelled, you will receive written confirmation. Let me know if there is anything more I can do for you."
Urgent: payment stuck in processing for 5 days and my rent is due.,PAYMENT_EXCEPTION,transfer_pending_stuck,"I understand how worrying it is when a payment is delayed. Most transfers complete within one working day, but some can be held for security checks or because of details that need correcting. Please check the transaction status and reference number in the app. Since it has been 5 days, I will raise this as a payment investigation so a specialist can trace the payment with the receiving bank and update you. You can ask for a human agent at any time and I will arrange it."
"Good evening, how can I change my password to something stronger?",PASSWORD,set_up_password,"New customers can create a password using the First Time Login option. Enter your customer ID, verify with a one-time code, then choose a password that meets the rules shown on screen. Please do not share it with anyone, including bank staff. Please reach out again if anything is unclear."
"Hello, how can I change my password to something stronger? Not sure what to do.",PASSWORD,set_up_password,"New customers can create a password using the First Time Login option. Enter your customer ID, verify with a one-time code, then choose a password that meets the rules shown on screen. Please do not share it with anyone, including bank staff. If you need any further help, just let me know."
"Good morning, tell me about the monthly maintenance fees on my joint account.",FEES,check_fees,"Sure, here is how this works. Fees depend on the type of account or service. You can find the full list in the app under Help and then Fees and Charges, including maintenance, ATM, transfer and card fees. If you tell me the specific service you are asking about, I can explain how that fee is calculated and when it applies. Let me know if there is anything more I can do for you."
"hey, i sent $117 to the wrong person, can i cancel the transfer? any idea what to do?",TRANSFER,cancel_transfer,"Thanks for reaching out, I can guide you through this. If the transfer of $117 is still pending or scheduled, you can cancel it in the app. Go to Transfers, open Pending or Scheduled, select the transfer and tap Cancel. If it has already been completed, it cannot be cancelled directly, but you can raise a request and we will contact the receiving bank to ask for the money back. Success depends on the receiving bank and the account holder agreeing to return it."
"Good morning, I am a student and would like to start a savings account. Not sure what to do",ACCOUNT,create_account,"To start, choose the type of account that suits you, then fill in the application form online. You will need identity and address documents, and you may complete a short video verification. Once approved, your account details arrive by message and email, and your debit card is sent to your address. Please reach out again if anything is unclear."
please help: when is my next mortgage payment due? thank you,LOAN,check_mortgage_payments,"Absolutely, let me walk you through it. In the app, open Loans and select your mortgage to see your monthly payment, the next due date, the remaining balance and the split between interest and principal. Statements and a yearly interest certificate can also be downloaded from the documents section. If you need any further help, just let me know."
"Excuse me, I disagree with the unarranged overdraft fee on my statement. Any idea what to do?",RETAIL_EXCEPTION,overdraft_fee_dispute,"Thanks for explaining. To review the fee, we need to see the order in which the deposit and the payments were processed. I will raise a request for the fee to be reviewed, and you will hear back with the outcome. In some cases, especially after a delayed salary, the fee can be waived. You can ask for a human agent at any time and I will arrange it."
how do i open a savings account? any idea what to do,ACCOUNT,create_account,"Opening a savings account is simple. You can apply online or at a branch by providing a valid photo ID, proof of address and a recent photograph. After we verify your details, the account is created and you will receive your account number and access to the app. Some accounts require a small opening deposit."
Please help: can I see how much interest I have paid on my home loan?,LOAN,check_mortgage_payments,"Sure, here is how this works. Your mortgage details are available under Loans. There you can view the payment amount, upcoming due dates, the balance still owed and a summary of interest paid. If your payment changes because of a rate change, we will notify you in advance. Please reach out again if anything is unclear."
"hi, i just received my debit card in the mail, how can i start using it? thanks.",CARD,activate_card,"First, open the mobile app or net banking and go to the Cards section. Then select your debit card and choose Activate Card. You will receive a one-time code on your registered mobile number, so enter it to confirm. Once that is done, the card is active and ready to use straight away. Let me know if there is anything more I can do for you."
"Hi team, I want to talk to a real person. Please help.",CONTACT,human_agent,"Certainly, I can arrange for one of our advisors to help you. I am transferring you now, and I will share the details of our conversation so you do not need to repeat yourself. If the queue is long, you can choose to receive a call back instead. Let me know if there is anything more I can do for you."
I need help. How can I reset my forgotten mobile banking password?,PASSWORD,get_password,"You can recover access in a few steps. Select Forgot Password on the login screen, verify your identity with the one-time code sent to your registered number, and set a new password. If you no longer have access to that number, please visit a branch with your identification to update it. Let me know if there is anything more I can do for you."
Pls help: I am a student and would like to start a savings account. Can u help me with this?,ACCOUNT,create_account,"Sure, here is how this works. To start, choose the type of account that suits you, then fill in the application form online. You will need identity and address documents, and you may complete a short video verification. Once approved, your account details arrive by message and email, and your debit card is sent to your address."
"i need help. need to switch on my new card, what should i do",CARD,activate_card,"Certainly, I can help with that. You can activate your card in two easy ways. In the mobile app, go to Cards, pick your card, and tap Activate. If you prefer, call the phone banking number printed on the back of the card and follow the voice prompts. After verification your card will be active within a few minutes."
"Hello there, my card ending 7605 has unknown purchases that appeared three days ago, please help urgently. I need this sorted today.",PAYMENT_EXCEPTION,card_fraud_unauthorized_transaction,"Thank you for reporting this quickly. Your card should be blocked immediately to prevent more misuse, and the disputed transactions will be flagged for our fraud team. They will review the details, and where a transaction is confirmed as fraudulent the amount is normally returned to your account after the investigation. A specialist will reach out to collect a few more details. If anything changes in the meantime, please let us know straight away."
"hey, i am elderly and find the app very hard to use, can someone help me with my banking? thank you.",RETAIL_EXCEPTION,vulnerable_customer_support,"Thank you for telling us, and please know that we are here to help in a way that works for you. We offer support such as large print or audio statements, assisted banking at branches, a dedicated helpline with priority handling and, in some areas, home visits. If you are worried about a suspicious call, please do not share any codes or personal details, and we will help you check it. I will connect you with our customer care specialists to set up the support you need."
"good evening, how can i close my credit card? i no longer use it. please help.",CARD,cancel_card,I can guide you through cancelling your card. First check that there are no pending transactions or unpaid dues. Then submit a cancellation request through the app or by phone banking. You will get a confirmation message once the card is closed. Feel free to ask if you have any other questions.
"Good morning, how much is the fee for an international transfer",FEES,check_fees,"Of course, happy to help. Fees depend on the type of account or service. You can find the full list in the app under Help and then Fees and Charges, including maintenance, ATM, transfer and card fees. If you tell me the specific service you are asking about, I can explain how that fee is calculated and when it applies. Let me know if there is anything more I can do for you."
Do you have ATMs that accept cash deposits nearby,FIND,find_ATM,"To locate an ATM, open the Locator in the app or on our website and search by city or landmark. Filters help you find machines that offer deposits, cheque drops or extended hours. Please remember that using an ATM outside our network may attract a fee. Please reach out again if anything is unclear."
Can u list all the charges for using the ATM abroad? Appreciate the help.,FEES,check_fees,"Fees depend on the type of account or service. You can find the full list in the app under Help and then Fees and Charges, including maintenance, ATM, transfer and card fees. If you tell me the specific service you are asking about, I can explain how that fee is calculated and when it applies."
I lost my card and passport in Istanbul and I have no cash. I need this sorted today.,PAYMENT_EXCEPTION,lost_card_abroad_emergency,"That sounds very stressful. The first step is to block all lost cards so nobody can use them. Then our emergency support team can help with a replacement card delivered to your location or a cash advance, after confirming your identity. Please keep any police report reference, as it can help with disputed transactions. If you would like, I can connect you with a human agent right now."
"Hello, can I see how much interest I have paid on my home loan?",LOAN,check_mortgage_payments,"In the app, open Loans and select your mortgage to see your monthly payment, the next due date, the remaining balance and the split between interest and principal. Statements and a yearly interest certificate can also be downloaded from the documents section. I am here if you need anything else."
"Hello there, how do I see my card balance and available limit? Please help.",CARD,check_current_balance_on_card,"To check your balance, log in to net banking or the app and open Cards. The card summary shows your current balance, available credit and the last statement amount. Balances update in near real time, but very recent transactions can take a short while to appear."
"Hi, how can I check how much credit I have left on my card? Thank you.",CARD,check_current_balance_on_card,"To check your balance, log in to net banking or the app and open Cards. The card summary shows your current balance, available credit and the last statement amount. Balances update in near real time, but very recent transactions can take a short while to appear. I am here if you need anything else."
I need help. Can I cancel my loan after it was approved but before receiving the money? Pls advise.,LOAN,cancel_loan,"Of course, happy to help. To cancel a loan application, tell us which application you mean and we will stop the process. Before disbursal there is normally no cost. After disbursal, the loan must be closed by repaying the outstanding amount, and we will give you the exact figure and any applicable charges. Feel free to ask if you have any other questions."
"Quick question: I need to transfer money to another bank, what are the steps? Please advise",TRANSFER,make_transfer,"Absolutely, let me walk you through it. You can send money in a few steps. Open Transfers, choose Send Money and select an existing payee or add a new one. Type in the amount, check the details carefully because transfers to the wrong account can be hard to reverse, and approve with your security code. Instant methods arrive within minutes, while standard transfers can take up to one working day. I am here if you need anything else."
"Hello there, please tell me the current balance on the card ending 8351.",CARD,check_current_balance_on_card,"Absolutely, let me walk you through it. To check your balance, log in to net banking or the app and open Cards. The card summary shows your current balance, available credit and the last statement amount. Balances update in near real time, but very recent transactions can take a short while to appear. If you need any further help, just let me know."
"Hi, my prepaid card does not work outside the country, how do I switch on overseas payments? Can you help me with this?",CARD,activate_card_international_usage,"International usage can be switched on from the mobile app. Go to Cards, select your prepaid card, open Card Controls and turn on International Transactions. You can also set the dates of your trip and a spending limit for extra safety. Changes usually take effect within a few minutes, so please do it before you leave. If you need any further help, just let me know."
"Hello there, please cancel my pending transfer of EUR 2,240.",TRANSFER,cancel_transfer,"Please act quickly. For transfers that have not been processed yet, use Cancel next to the transfer in your pending list. For completed transfers, raise a recall request from the same screen or through customer service, and keep the transaction reference handy. We will update you as soon as we hear back from the other bank. I am here if you need anything else."
"Hi team, I have complained three times and nobody has solved my problem, I want to escalate. I need this sorted today.",RETAIL_EXCEPTION,formal_complaint_escalation,"I am sorry that your issue has not been resolved, and you have every right to escalate. I can register a formal complaint now, which will be given a reference number and reviewed by our complaints team, who will respond in writing within the time required. If you are not satisfied with the final response, you can take the matter to the external financial ombudsman. It helps if you share the dates and details of your previous contacts. You can ask for a human agent at any time and I will arrange it."
"quick question: name mismatch is blocking my loan, how do i correct it in your records? i need this sorted today.",RETAIL_EXCEPTION,legal_name_change,"To change your name in our records, we need proof of the legal name change, such as a marriage certificate, a gazette notification or a deed poll, together with your identification. Please upload the documents in the app under Profile or visit a branch, and we will update your accounts and cards. Because this affects several products, the update may take a few working days, and we will notify you when it is complete. If anything changes in the meantime, please let us know straight away."
how much do i pay every year to keep my card? thank you.,CARD,check_card_annual_fee,"Annual fees vary by card, and many cards waive the fee after a certain level of yearly spending. Please check Fees and Charges for your card in the app to see your amount and the anniversary date. If you would like to ask about a waiver, customer service can review your eligibility. I am here if you need anything else."
Where can I download my statement for the last 6 days? Can you help me with this?,ACCOUNT,check_recent_transactions,"To review your recent activity, log in and choose the account, then select Recent Transactions. Pending items are shown separately from completed ones. If something looks unfamiliar, tap it to see the details and report it directly from that screen."
"Good evening, how can I check how much credit I have left on my card? Thanks.",CARD,check_current_balance_on_card,"To check your balance, log in to net banking or the app and open Cards. The card summary shows your current balance, available credit and the last statement amount. Balances update in near real time, but very recent transactions can take a short while to appear. If you need any further help, just let me know."
"Urgent: the account holder cannot sign anymore, what documents do I need to act for them? Thanks.",RETAIL_EXCEPTION,power_of_attorney_request,"I am sorry to hear that. Managing another person's account requires a valid legal authority, such as a registered power of attorney, and we need to verify it before giving access. Please prepare the original or certified copy of the document, your identification and the account holder details. A specialist will check the paperwork and explain what your authority allows, and I will arrange for them to contact you. If anything changes in the meantime, please let us know straight away."
How do I close the account of a deceased family member? Not sure what to do.,RETAIL_EXCEPTION,deceased_account_holder,"I am very sorry for your loss. Please take your time, and we will make this as simple as we can. To begin, please inform us of the death by contacting our bereavement team, who will guide you personally. You will usually need a copy of the death certificate, your own identification and proof of your relationship, and if you are the nominee, the nomination details. Because this involves legal steps, a specialist will handle your request and explain the timeline. We will keep you updated by message until this is resolved."
"Hi, pls escalate my complaint to a senior manager. Not sure what to do.",RETAIL_EXCEPTION,formal_complaint_escalation,"I am sorry that your issue has not been resolved, and you have every right to escalate. I can register a formal complaint now, which will be given a reference number and reviewed by our complaints team, who will respond in writing within the time required. If you are not satisfied with the final response, you can take the matter to the external financial ombudsman. It helps if you share the dates and details of your previous contacts. Please keep your reference number safe, and reply here if you need anything else."
Can I see my last transactions?,ACCOUNT,check_recent_transactions,"Of course, happy to help. To review your recent activity, log in and choose the account, then select Recent Transactions. Pending items are shown separately from completed ones. If something looks unfamiliar, tap it to see the details and report it directly from that screen."
"Hello there, payment stuck in processing for 7 days and my rent is due. Please help",PAYMENT_EXCEPTION,transfer_pending_stuck,"Sorry for the delay. A transfer can stay pending if the receiving bank is slow, if the details do not match, or if the payment is under review. I have noted the delay and a specialist team will trace the payment. If it cannot be completed, the money is returned to your account. If you would like, I can connect you with a human agent right now."
"I was charged twice by Zomato for the same purchase of 2,600 dollars.",PAYMENT_EXCEPTION,duplicate_charge,"Thanks for letting us know. Please keep proof of your purchase and, if possible, the merchant receipt. We will open a dispute for the duplicate payment, and a specialist will review it with the merchant. Refunds usually take several working days once the duplicate is confirmed. If anything changes in the meantime, please let us know straight away."
"Good evening, when is my card annual fee charged and can it be waived? Thanks",CARD,check_card_annual_fee,"Sure, here is how this works. Annual fees vary by card, and many cards waive the fee after a certain level of yearly spending. Please check Fees and Charges for your card in the app to see your amount and the anniversary date. If you would like to ask about a waiver, customer service can review your eligibility. If you need any further help, just let me know."
"Hey, we are separating and I want to stop my partner from withdrawing from our joint account. Not sure what to do",RETAIL_EXCEPTION,joint_account_dispute,"I am sorry you are going through this. Joint accounts are governed by the mandate that was agreed when they were opened, and changes such as removing a holder or freezing the account usually need the consent of all holders, or a legal instruction. I can arrange for a specialist to explain your options and what proof would be required. Please keep in mind that we cannot take sides, and for serious disputes it can help to seek legal advice. You can ask for a human agent at any time and I will arrange it."
"Hi team, how can I change my password to something stronger? Thank you.",PASSWORD,set_up_password,"Absolutely, let me walk you through it. To set up or change your password, log in and go to Settings and then Security. Choose Change Password, enter your current password, and type the new one twice. A strong password uses at least eight characters with a mix of letters, numbers and symbols, and should not include your name or birth date."
"please help: i have complained three times and nobody has solved my problem, i want to escalate. thank you",RETAIL_EXCEPTION,formal_complaint_escalation,"I am sorry that your issue has not been resolved, and you have every right to escalate. I can register a formal complaint now, which will be given a reference number and reviewed by our complaints team, who will respond in writing within the time required. If you are not satisfied with the final response, you can take the matter to the external financial ombudsman. It helps if you share the dates and details of your previous contacts. We will keep you updated by message until this is resolved."
Urgent: how can I appeal a declined student loan? Appreciate the help,RETAIL_EXCEPTION,loan_application_rejected_appeal,"I am sorry that your application was not approved. Decisions are based on factors such as income, existing debts, credit history and the value of the loan requested, and we can share the main reasons with you. You may ask for a review, especially if your circumstances have changed or if some information was missing. I will pass your request to a loans specialist who can explain the decision and suggest what may improve your chances next time. Please keep your reference number safe, and reply here if you need anything else."
"Quick question: my loan application for GBP 49,250 was rejected and I do not understand why. Not sure what to do.",RETAIL_EXCEPTION,loan_application_rejected_appeal,"I am sorry that your application was not approved. Decisions are based on factors such as income, existing debts, credit history and the value of the loan requested, and we can share the main reasons with you. You may ask for a review, especially if your circumstances have changed or if some information was missing. I will pass your request to a loans specialist who can explain the decision and suggest what may improve your chances next time."
"Hello there, cancel the automatic payment to Myntra right now. Please help",PAYMENT_EXCEPTION,recurring_payment_unauthorized,"Sorry about the trouble. We can block future payments to the merchant on your card, and I can start a dispute for charges you did not authorise. Please share the dates and the amounts of the payments and any cancellation emails you have. A specialist will review whether the money can be recovered. If anything changes in the meantime, please let us know straight away."
"Urgent: help, the cash machine did not return my card",ATM,recover_swallowed_card,"I am sorry that the ATM kept your card. For your safety, I suggest blocking the card right away in the app. We will then arrange either collection from the ATM branch with identification or a replacement card sent to your address, usually within a few working days. I am here if you need anything else."
I want to know how many payments are left on my loan. Not sure what to do.,LOAN,check_loan_payments,"To check your loan payments, log in and open Loans, then choose the loan. You will see what you have paid so far, what is left, and the next due date. If you would like to pay extra to reduce the balance, there is an option to make a part payment on the same screen. I am here if you need anything else."
"Hi, which branch can I go to for a loan discussion? Thank you.",FIND,find_branch,"Certainly, I can help with that. To find a branch, enter your area or city in the Locator and choose Branches. Each listing shows the address, working hours and the services offered, such as loans or locker facilities. Most branches are open on weekdays and some are open on Saturday mornings. Feel free to ask if you have any other questions."
I need help. Is there an ATM near the bus terminal? I need this sorted today.,FIND,find_ATM,"To locate an ATM, open the Locator in the app or on our website and search by city or landmark. Filters help you find machines that offer deposits, cheque drops or extended hours. Please remember that using an ATM outside our network may attract a fee. Let me know if there is anything more I can do for you."
Where is the closest branch?,FIND,find_branch,"To find a branch, enter your area or city in the Locator and choose Branches. Each listing shows the address, working hours and the services offered, such as loans or locker facilities. Most branches are open on weekdays and some are open on Saturday mornings. If you need any further help, just let me know."
Where do I activate the platinum credit card I got three days ago?,CARD,activate_card,"Absolutely, let me walk you through it. First, open the mobile app or net banking and go to the Cards section. Then select your platinum credit card and choose Activate Card. You will receive a one-time code on your registered mobile number, so enter it to confirm. Once that is done, the card is active and ready to use straight away. Let me know if there is anything more I can do for you."
"Hello there, I cannot log in to net banking, I do not remember my password. I need this sorted today.",PASSWORD,get_password,"You can recover access in a few steps. Select Forgot Password on the login screen, verify your identity with the one-time code sent to your registered number, and set a new password. If you no longer have access to that number, please visit a branch with your identification to update it. If you need any further help, just let me know."
"hi, can i cancel my loan after it was approved but before receiving the money? can you help me with this?",LOAN,cancel_loan,"Thanks for reaching out, I can guide you through this. To cancel a loan application, tell us which application you mean and we will stop the process. Before disbursal there is normally no cost. After disbursal, the loan must be closed by repaying the outstanding amount, and we will give you the exact figure and any applicable charges. Let me know if there is anything more I can do for you."
Please help: I need extra help managing my money after my illness. Not sure what to do,RETAIL_EXCEPTION,vulnerable_customer_support,"Thank you for telling us, and please know that we are here to help in a way that works for you. We offer support such as large print or audio statements, assisted banking at branches, a dedicated helpline with priority handling and, in some areas, home visits. If you are worried about a suspicious call, please do not share any codes or personal details, and we will help you check it. I will connect you with our customer care specialists to set up the support you need. Please keep your reference number safe, and reply here if you need anything else."
"please help: i cannot log in to net banking, i do not remember my password. thanks.",PASSWORD,get_password,"You can recover access in a few steps. Select Forgot Password on the login screen, verify your identity with the one-time code sent to your registered number, and set a new password. If you no longer have access to that number, please visit a branch with your identification to update it. If you need any further help, just let me know."
What is the remaining balance on my mortgage? Please advise.,LOAN,check_mortgage_payments,"Thanks for reaching out, I can guide you through this. Your mortgage details are available under Loans. There you can view the payment amount, upcoming due dates, the balance still owed and a summary of interest paid. If your payment changes because of a rate change, we will notify you in advance."
"Hi team, the same payment of GBP 283 shows up two times on my statement. Thank you.",PAYMENT_EXCEPTION,duplicate_charge,"Thanks for letting us know. Please keep proof of your purchase and, if possible, the merchant receipt. We will open a dispute for the duplicate payment, and a specialist will review it with the merchant. Refunds usually take several working days once the duplicate is confirmed. If you would like, I can connect you with a human agent right now."
"Hello, I need to withdraw cash in Delhi, where can I find one of your ATMs? Thank you.",FIND,find_ATM,"To locate an ATM, open the Locator in the app or on our website and search by city or landmark. Filters help you find machines that offer deposits, cheque drops or extended hours. Please remember that using an ATM outside our network may attract a fee. Feel free to ask if you have any other questions."
"Urgent: what happens if I cancel my debit card, and how do I do it? Thank you.",CARD,cancel_card,"Certainly, I can help with that. I can guide you through cancelling your card. First check that there are no pending transactions or unpaid dues. Then submit a cancellation request through the app or by phone banking. You will get a confirmation message once the card is closed."
I need help. I think I paid the wrong person EUR 30 and I am panicking.,PAYMENT_EXCEPTION,transfer_wrong_account,"I am sorry this happened. Please raise a wrong transfer request in the app or with customer service right away with the payment reference. We will ask the receiving bank to hold and return the funds, but they need the account holder consent, so the timing can vary. A specialist will follow up with you. If you would like, I can connect you with a human agent right now."
"Hello there, we fell 2 weeks behind on the mortgage, what can we do? Any idea what to do?",RETAIL_EXCEPTION,mortgage_arrears_support,"I understand how worrying this is, and I want you to know that help is available. Please do not ignore the notice, because early contact gives us more options such as revising the payment plan, extending the term or a temporary arrangement. I will connect you with our specialist mortgage support team, who can go through the details with you in confidence. It is also worth getting free independent money advice alongside speaking to us. If anything changes in the meantime, please let us know straight away."
"there is an atm transaction i do not recognise for 768 dollars, how do i raise a dispute? please advise.",ATM,dispute_ATM_withdrawal,"I will help you raise a dispute for the ATM withdrawal of 768 dollars. Please go to Disputes in the app, select the transaction and choose ATM Cash Issue, then give the date, time and ATM location if you have them. We will investigate with the ATM operator and most cases are reviewed within a few working days. If the ATM did not dispense the cash, the amount is usually credited back to your account."
"hi team, i forgot my password, how do i get it back?",PASSWORD,get_password,"I am sorry you are locked out. On the login page, tap Forgot Password and enter your customer ID. We will send a one-time code to your registered mobile number, and after you enter it you can choose a new password. For security reasons we can never tell you your old password. Feel free to ask if you have any other questions."
"Hello, I am a new customer and want to create my login.",PASSWORD,set_up_password,"To set up or change your password, log in and go to Settings and then Security. Choose Change Password, enter your current password, and type the new one twice. A strong password uses at least eight characters with a mix of letters, numbers and symbols, and should not include your name or birth date. Let me know if there is anything more I can do for you."
"Good morning, payment declined overseas even though I have enough balance. Can you help me with this",PAYMENT_EXCEPTION,card_declined_while_travelling,"Sorry about the inconvenience, especially while you are travelling. Please check that international transactions are enabled and that you have not reached your daily limit. Because this is urgent, I recommend calling the emergency line on the back of the card, where an agent can verify you and remove any block. Emergency cash or a replacement card can be arranged if needed. If you would like, I can connect you with a human agent right now."
My card got stuck in the machine last night.,ATM,recover_swallowed_card,"I am sorry that the ATM kept your card. For your safety, I suggest blocking the card right away in the app. We will then arrange either collection from the ATM branch with identification or a replacement card sent to your address, usually within a few working days. Please reach out again if anything is unclear."
"Quick question: the ATM swallowed my card, what should I do?",ATM,recover_swallowed_card,"Please do not worry, this happens sometimes. First, block the card in the app as a precaution until you have it back. Then contact the branch that owns the ATM or call customer service, and we will check if the card was retained by the machine. If it can be recovered you may collect it with valid photo ID, otherwise we will issue a replacement card to you."
How can I reset my forgotten mobile banking password? Can u help me with this?,PASSWORD,get_password,"I am sorry you are locked out. On the login page, tap Forgot Password and enter your customer ID. We will send a one-time code to your registered mobile number, and after you enter it you can choose a new password. For security reasons we can never tell you your old password. Let me know if there is anything more I can do for you."
"Excuse me, what is the remaining balance on my mortgage? Not sure what to do",LOAN,check_mortgage_payments,"Your mortgage details are available under Loans. There you can view the payment amount, upcoming due dates, the balance still owed and a summary of interest paid. If your payment changes because of a rate change, we will notify you in advance."
"I need help. How do I send INR 1,000 to a friend's account? Appreciate the help.",TRANSFER,make_transfer,"Sure, here is how this works. To make a transfer, log in to the app or net banking and go to Transfers. Add the payee by entering the name, account number and bank code, then confirm the payee with a one-time code. Enter the amount of INR 1,000, choose the payment method, review the details and confirm. You will get a confirmation message with a reference number. I am here if you need anything else."
"Urgent: ATM retained my card ending 3242, how do I recover it? Any idea what to do?",ATM,recover_swallowed_card,"Please do not worry, this happens sometimes. First, block the card in the app as a precaution until you have it back. Then contact the branch that owns the ATM or call customer service, and we will check if the card was retained by the machine. If it can be recovered you may collect it with valid photo ID, otherwise we will issue a replacement card to you. Feel free to ask if you have any other questions."
what is the process to allow foreign transactions on my card before my trip? appreciate the help,CARD,activate_card_international_usage,"To use your card overseas, open Card Controls in the app and enable International Usage. It is a good idea to set a travel period and a daily limit. If you cannot use the app, phone banking can turn it on for you after verifying your identity."
Please help: how do I apply for a personal loan? Any idea what to do,LOAN,apply_for_loan,"Of course, happy to help. To apply for a loan, go to Loans in the app and select the type of loan you need. Enter the amount and tenure, upload the required documents and submit. Your eligibility is based on income, existing commitments and credit score, and you will see a decision and an offer once the review is complete."
"hey, show me my recent activity on the savings account. please help.",ACCOUNT,check_recent_transactions,"Sure, here is how this works. To review your recent activity, log in and choose the account, then select Recent Transactions. Pending items are shown separately from completed ones. If something looks unfamiliar, tap it to see the details and report it directly from that screen. Let me know if there is anything more I can do for you."
"hello, how can i change my password to something stronger? appreciate the help",PASSWORD,set_up_password,"To set up or change your password, log in and go to Settings and then Security. Choose Change Password, enter your current password, and type the new one twice. A strong password uses at least eight characters with a mix of letters, numbers and symbols, and should not include your name or birth date. Feel free to ask if you have any other questions."
"Urgent: the bank sent a notice about mortgage arrears, pls help.",RETAIL_EXCEPTION,mortgage_arrears_support,"I understand how worrying this is, and I want you to know that help is available. Please do not ignore the notice, because early contact gives us more options such as revising the payment plan, extending the term or a temporary arrangement. I will connect you with our specialist mortgage support team, who can go through the details with you in confidence. It is also worth getting free independent money advice alongside speaking to us. You can ask for a human agent at any time and I will arrange it."
"Hello, what is the process to allow foreign transactions on my card before my trip? Any idea what to do",CARD,activate_card_international_usage,"To use your card overseas, open Card Controls in the app and enable International Usage. It is a good idea to set a travel period and a daily limit. If you cannot use the app, phone banking can turn it on for you after verifying your identity. Let me know if there is anything more I can do for you."
"Excuse me, I want to cancel my mortgage application. Please help",LOAN,cancel_mortgage,"To cancel a mortgage application, send a withdrawal request with your application reference. Any costs already incurred for valuation or legal checks may not be refundable. We will confirm the cancellation in writing and close the file. Please reach out again if anything is unclear."
"i need help. i forgot my password, how do i get it back? i need this sorted today",PASSWORD,get_password,"I am sorry you are locked out. On the login page, tap Forgot Password and enter your customer ID. We will send a one-time code to your registered mobile number, and after you enter it you can choose a new password. For security reasons we can never tell you your old password. Feel free to ask if you have any other questions."
"Hey, the account holder cannot sign anymore, what documents do I need to act for them? Please help.",RETAIL_EXCEPTION,power_of_attorney_request,"I am sorry to hear that. Managing another person's account requires a valid legal authority, such as a registered power of attorney, and we need to verify it before giving access. Please prepare the original or certified copy of the document, your identification and the account holder details. A specialist will check the paperwork and explain what your authority allows, and I will arrange for them to contact you. You can ask for a human agent at any time and I will arrange it."
I lost my job and cant pay my home loan instalments. Can you help me with this?,RETAIL_EXCEPTION,loan_hardship_request,"Thank you for being open about this. We treat hardship requests seriously and with respect. A specialist will contact you to understand your circumstances and explore ways to reduce the pressure, for example a payment break or revised repayment plan. They may ask for proof of the change in your income. Nothing is decided in this chat, but I will raise it as a priority. If anything changes in the meantime, please let us know straight away."
Quick question: someone changed my phone number and email on my account and I am locked out.,RETAIL_EXCEPTION,identity_theft_account_takeover,"Thank you for flagging this quickly. Access to your online banking will be locked while we investigate. Our security team will verify your identity through a secure process, review recent changes and transactions, and help reset your details. Please tell us about any transaction you did not make, so it can be investigated. We will keep you updated by message until this is resolved."
Where is the nearest ATM? I need this sorted today.,FIND,find_ATM,"To locate an ATM, open the Locator in the app or on our website and search by city or landmark. Filters help you find machines that offer deposits, cheque drops or extended hours. Please remember that using an ATM outside our network may attract a fee."
I need help. How do I shut down my account permanently? Any idea what to do?,ACCOUNT,close_account,"To close the account, make sure there are no pending transactions, linked cards or loans. Request closure through the app under Account Services or visit a branch. We will transfer any remaining balance to the account you nominate and confirm once the account is closed. Please reach out again if anything is unclear."
"Good evening, why did Spotify take 1,860 dollars two times? Can you help me with this",PAYMENT_EXCEPTION,duplicate_charge,"Thanks for letting us know. Please keep proof of your purchase and, if possible, the merchant receipt. We will open a dispute for the duplicate payment, and a specialist will review it with the merchant. Refunds usually take several working days once the duplicate is confirmed. If you would like, I can connect you with a human agent right now."
"Hey, please block my card ending 4543, I think it was stolen",CARD,block_card,"You can block the card immediately in the mobile app. Go to Cards, choose the card and tap Block Card, then pick Lost or Stolen as the reason. The card stops working straight away and any new transactions are declined. We will then help you order a replacement, which usually arrives in a few working days. If you need any further help, just let me know."
"Hi team, how can I add a new payee and transfer funds? Thanks.",TRANSFER,make_transfer,"Thanks for reaching out, I can guide you through this. You can send money in a few steps. Open Transfers, choose Send Money and select an existing payee or add a new one. Type in the amount, check the details carefully because transfers to the wrong account can be hard to reverse, and approve with your security code. Instant methods arrive within minutes, while standard transfers can take up to one working day. I am here if you need anything else."
I need help. I am a student and would like to start a savings account. Any idea what to do?,ACCOUNT,create_account,"To start, choose the type of account that suits you, then fill in the application form online. You will need identity and address documents, and you may complete a short video verification. Once approved, your account details arrive by message and email, and your debit card is sent to your address."
"Good morning, how can I contact customer service? Please advise",CONTACT,customer_service,"Certainly, I can help with that. You can reach customer service by phone banking, through secure chat in the mobile app, or by email through the Contact Us section. Phone and chat support are available round the clock for urgent matters such as blocking a card, and other requests are handled during business hours. Please keep your customer ID handy so we can help you faster. Please reach out again if anything is unclear."
"quick question: my card went missing two days ago, block it asap. thank you",CARD,block_card,"To protect your money, block the card first. Use the app under Cards and Block, or call the 24 hour phone banking line and ask for an immediate block. Once blocked, please review your recent transactions and tell us about any you do not recognise so we can look into them. Let me know if there is anything more I can do for you."
"Good evening, the bank asked for documents for a payment abroad and it is delayed",PAYMENT_EXCEPTION,international_transfer_compliance_hold,"I understand this is frustrating. International payments can be held for a routine compliance review, which is a regulatory requirement, and we may ask for supporting documents such as an invoice, contract or proof of source of funds. I cannot see the full details of the review in this chat, so I will pass your case to our payments compliance team, who will contact you about what is needed. Providing the documents promptly usually speeds things up. You can ask for a human agent at any time and I will arrange it."
"Good evening, how do I apply for a personal loan?",LOAN,apply_for_loan,"To apply for a loan, go to Loans in the app and select the type of loan you need. Enter the amount and tenure, upload the required documents and submit. Your eligibility is based on income, existing commitments and credit score, and you will see a decision and an offer once the review is complete. Let me know if there is anything more I can do for you."
"Please help: my travel card does not work outside the country, how do I switch on overseas payments? Any idea what to do?",CARD,activate_card_international_usage,"To use your card overseas, open Card Controls in the app and enable International Usage. It is a good idea to set a travel period and a daily limit. If you cannot use the app, phone banking can turn it on for you after verifying your identity."
"Hi team, the merchant refused a refund of $986, what are my options with the bank?",PAYMENT_EXCEPTION,chargeback_request,"Thank you for the details. A card dispute can be raised for items not received or not as described. We will need your order confirmation and any communication with the seller. Our disputes team will assess the claim and let you know whether the amount can be recovered. Please keep your reference number safe, and reply here if you need anything else."
"Excuse me, my father passed away recently, how do I access his student account",RETAIL_EXCEPTION,deceased_account_holder,"I am very sorry for your loss. Please take your time, and we will make this as simple as we can. To begin, please inform us of the death by contacting our bereavement team, who will guide you personally. You will usually need a copy of the death certificate, your own identification and proof of your relationship, and if you are the nominee, the nomination details. Because this involves legal steps, a specialist will handle your request and explain the timeline."
"Good evening, I want to dispute an ATM withdrawal of $1,450 from yesterday. I need this sorted today",ATM,dispute_ATM_withdrawal,"Sorry about the trouble with the ATM. Please keep the receipt if you have one and raise a dispute through the app or by calling customer service. We will check the ATM records for the withdrawal and update you by message. If the money is confirmed as not dispensed, it will be returned to your account. Feel free to ask if you have any other questions."
Urgent: I want to know my outstanding amount on the credit card. I need this sorted today.,CARD,check_current_balance_on_card,"Sure, here is how this works. To check your balance, log in to net banking or the app and open Cards. The card summary shows your current balance, available credit and the last statement amount. Balances update in near real time, but very recent transactions can take a short while to appear."
"I want to dispute an ATM withdrawal of 1,620 USD from three days ago. Any idea what to do?",ATM,dispute_ATM_withdrawal,"Sorry about the trouble with the ATM. Please keep the receipt if you have one and raise a dispute through the app or by calling customer service. We will check the ATM records for the withdrawal and update you by message. If the money is confirmed as not dispensed, it will be returned to your account. I am here if you need anything else."
I need help. How can I add a new payee and transfer funds?,TRANSFER,make_transfer,"Of course, happy to help. You can send money in a few steps. Open Transfers, choose Send Money and select an existing payee or add a new one. Type in the amount, check the details carefully because transfers to the wrong account can be hard to reverse, and approve with your security code. Instant methods arrive within minutes, while standard transfers can take up to one working day. Feel free to ask if you have any other questions."
"Hello, why did PayPal take 1,760 USD two times? Thanks",PAYMENT_EXCEPTION,duplicate_charge,"Thanks for letting us know. Please keep proof of your purchase and, if possible, the merchant receipt. We will open a dispute for the duplicate payment, and a specialist will review it with the merchant. Refunds usually take several working days once the duplicate is confirmed. If you would like, I can connect you with a human agent right now."
Urgent: why was my overseas payment blocked for a compliance review? Any idea what to do?,PAYMENT_EXCEPTION,international_transfer_compliance_hold,"Thank you for your patience. Some cross border payments are checked before release, and I am not able to share the specific reason for a review. Please keep supporting documents ready. I am escalating your transfer to a specialist team, who will tell you what is required and the expected timing. We will keep you updated by message until this is resolved."
i need help. how can i check how much credit i have left on my card?,CARD,check_current_balance_on_card,"Certainly, I can help with that. To check your balance, log in to net banking or the app and open Cards. The card summary shows your current balance, available credit and the last statement amount. Balances update in near real time, but very recent transactions can take a short while to appear. Let me know if there is anything more I can do for you."
Urgent: pls enable international transactions on my card ending 1634.,CARD,activate_card_international_usage,"To use your card overseas, open Card Controls in the app and enable International Usage. It is a good idea to set a travel period and a daily limit. If you cannot use the app, phone banking can turn it on for you after verifying your identity. Please reach out again if anything is unclear."
Can I see my loan repayment schedule? I need this sorted today.,LOAN,check_loan_payments,"Of course, happy to help. To check your loan payments, log in and open Loans, then choose the loan. You will see what you have paid so far, what is left, and the next due date. If you would like to pay extra to reduce the balance, there is an option to make a part payment on the same screen."
"Good evening, I need to speak to support about my account, how do I reach you?",CONTACT,customer_service,"You can reach customer service by phone banking, through secure chat in the mobile app, or by email through the Contact Us section. Phone and chat support are available round the clock for urgent matters such as blocking a card, and other requests are handled during business hours. Please keep your customer ID handy so we can help you faster. Let me know if there is anything more I can do for you."
"Excuse me, how do I open a joint account? I need this sorted today.",ACCOUNT,create_account,"To start, choose the type of account that suits you, then fill in the application form online. You will need identity and address documents, and you may complete a short video verification. Once approved, your account details arrive by message and email, and your debit card is sent to your address. Please reach out again if anything is unclear."
"Quick question: the money I sent earlier today has not reached the receiver yet, the status still says processing.",PAYMENT_EXCEPTION,transfer_pending_stuck,"Sorry for the delay. A transfer can stay pending if the receiving bank is slow, if the details do not match, or if the payment is under review. I have noted the delay and a specialist team will trace the payment. If it cannot be completed, the money is returned to your account. If you would like, I can connect you with a human agent right now."
"Excuse me, pickpocketed in Chennai and all my cards are gone. Please help.",PAYMENT_EXCEPTION,lost_card_abroad_emergency,"I am sorry to hear that, and please make sure you are safe first. Block your cards immediately in the app, or call our 24 hour emergency line if you cannot log in. We can arrange an emergency replacement card or emergency cash in Chennai, and our agent will verify your identity and guide you on the fastest option. I suggest reporting the theft to the local police as well, since some claims need a report. If anything changes in the meantime, please let us know straight away."
"Good evening, my travel card ending 8696 arrived today. What are the steps to activate it? Any idea what to do",CARD,activate_card,"Of course, happy to help. You can activate your card in two easy ways. In the mobile app, go to Cards, pick your card, and tap Activate. If you prefer, call the phone banking number printed on the back of the card and follow the voice prompts. After verification your card will be active within a few minutes. If you need any further help, just let me know."
"Hello there, my mother is unwell and I need to manage her account, how does power of attorney work? Appreciate the help.",RETAIL_EXCEPTION,power_of_attorney_request,"I am sorry to hear that. Managing another person's account requires a valid legal authority, such as a registered power of attorney, and we need to verify it before giving access. Please prepare the original or certified copy of the document, your identification and the account holder details. A specialist will check the paperwork and explain what your authority allows, and I will arrange for them to contact you. If anything changes in the meantime, please let us know straight away."
Urgent: the ATM gave me less money than what was debited from my account. Not sure what to do,ATM,dispute_ATM_withdrawal,"Sorry about the trouble with the ATM. Please keep the receipt if you have one and raise a dispute through the app or by calling customer service. We will check the ATM records for the withdrawal and update you by message. If the money is confirmed as not dispensed, it will be returned to your account."
"Hi, what is the remaining balance on my mortgage? Thank you.",LOAN,check_mortgage_payments,"In the app, open Loans and select your mortgage to see your monthly payment, the next due date, the remaining balance and the split between interest and principal. Statements and a yearly interest certificate can also be downloaded from the documents section. Let me know if there is anything more I can do for you."
"urgent: i want to make a large purchase of gbp 59,970 but my card keeps getting declined. not sure what to do",PAYMENT_EXCEPTION,large_transaction_blocked,"Thank you for explaining. A large payment may exceed your set limit, or it may be waiting for extra verification. You can raise your limit in Card Controls after authentication, and the security team can release a held transaction after checking with you. Since it is time sensitive, shall I connect you to an agent now? If you would like, I can connect you with a human agent right now."
"hey, i forgot my password, how do i get it back? any idea what to do?",PASSWORD,get_password,"I am sorry you are locked out. On the login page, tap Forgot Password and enter your customer ID. We will send a one-time code to your registered mobile number, and after you enter it you can choose a new password. For security reasons we can never tell you your old password. Feel free to ask if you have any other questions."
"good morning, can i reapply after a rejection and what should i improve",RETAIL_EXCEPTION,loan_application_rejected_appeal,"I am sorry that your application was not approved. Decisions are based on factors such as income, existing debts, credit history and the value of the loan requested, and we can share the main reasons with you. You may ask for a review, especially if your circumstances have changed or if some information was missing. I will pass your request to a loans specialist who can explain the decision and suggest what may improve your chances next time. If anything changes in the meantime, please let us know straight away."
"Please help: I paid GBP 1,300 once but the money left my account twice two days ago.",PAYMENT_EXCEPTION,duplicate_charge,"Thanks for letting us know. Please keep proof of your purchase and, if possible, the merchant receipt. We will open a dispute for the duplicate payment, and a specialist will review it with the merchant. Refunds usually take several working days once the duplicate is confirmed. You can ask for a human agent at any time and I will arrange it."
when is my next home loan instalment due? thank you.,LOAN,check_loan_payments,"You can see your repayment details in the app under Loans. Select your home loan to view the instalment amount, the next due date, the number of payments remaining and the total outstanding balance. The full repayment schedule can also be downloaded as a document."
"Quick question: what is the process to get a mortgage for a house worth GBP 49,300? Thanks",LOAN,apply_for_mortgage,"Of course, happy to help. Applying for a home loan involves a few stages: an initial eligibility check, document submission, property valuation, formal approval and legal completion. A mortgage adviser can guide you at each stage. You can begin by booking a call from the Loans section of the app. Please reach out again if anything is unclear."
"How do I send 2,780 dollars to a friend's account?",TRANSFER,make_transfer,"Absolutely, let me walk you through it. You can send money in a few steps. Open Transfers, choose Send Money and select an existing payee or add a new one. Type in the amount, check the details carefully because transfers to the wrong account can be hard to reverse, and approve with your security code. Instant methods arrive within minutes, while standard transfers can take up to one working day. Feel free to ask if you have any other questions."
"Good morning, why was I charged a fee of GBP 2,540 this month? Any idea what to do",FEES,check_fees,"I can help you understand the charges. Common fees include monthly maintenance, foreign transaction fees, ATM use outside our network and penalties for low balance. Your latest statement shows every fee that has been applied, and customer service can review any fee you believe was charged in error."
"hi, i want to know how many payments are left on my loan. appreciate the help.",LOAN,check_loan_payments,"To check your loan payments, log in and open Loans, then choose the loan. You will see what you have paid so far, what is left, and the next due date. If you would like to pay extra to reduce the balance, there is an option to make a part payment on the same screen. If you need any further help, just let me know."
"Hey, the same payment of $1,810 shows up two times on my statement.",PAYMENT_EXCEPTION,duplicate_charge,"Thanks for letting us know. Please keep proof of your purchase and, if possible, the merchant receipt. We will open a dispute for the duplicate payment, and a specialist will review it with the merchant. Refunds usually take several working days once the duplicate is confirmed."
Urgent: how do I see my card balance and available limit? Can you help me with this?,CARD,check_current_balance_on_card,"Of course, happy to help. To check your balance, log in to net banking or the app and open Cards. The card summary shows your current balance, available credit and the last statement amount. Balances update in near real time, but very recent transactions can take a short while to appear."
What is the available balance on my travel card? Appreciate the help.,CARD,check_current_balance_on_card,"You can see your card balance in the mobile app under Cards. Select your travel card to view the available limit, the outstanding amount and the payment due date. You can also get a quick balance by sending a text message from your registered number or by calling phone banking. Please reach out again if anything is unclear."
"Good morning, my debit card ending 9780 arrived today. What are the steps to activate it? Thanks.",CARD,activate_card,"You can activate your card in two easy ways. In the mobile app, go to Cards, pick your card, and tap Activate. If you prefer, call the phone banking number printed on the back of the card and follow the voice prompts. After verification your card will be active within a few minutes. Let me know if there is anything more I can do for you."
"hi, please escalate my complaint to a senior manager.",RETAIL_EXCEPTION,formal_complaint_escalation,"I am sorry that your issue has not been resolved, and you have every right to escalate. I can register a formal complaint now, which will be given a reference number and reviewed by our complaints team, who will respond in writing within the time required. If you are not satisfied with the final response, you can take the matter to the external financial ombudsman. It helps if you share the dates and details of your previous contacts. You can ask for a human agent at any time and I will arrange it."
i need help. why is the currency conversion fee on my inr 549 payment so high? not sure what to do.,PAYMENT_EXCEPTION,currency_conversion_dispute,"I understand the surprise. The debited amount comes from the exchange rate at the time of settlement, plus any conversion charges, and the shop may also offer to charge in your home currency at their own rate. I can flag your transaction for review so a specialist can confirm whether the correct rate was applied. If anything changes in the meantime, please let us know straight away."
"Hello, how can I add a new payee and transfer funds? Appreciate the help.",TRANSFER,make_transfer,"You can send money in a few steps. Open Transfers, choose Send Money and select an existing payee or add a new one. Type in the amount, check the details carefully because transfers to the wrong account can be hard to reverse, and approve with your security code. Instant methods arrive within minutes, while standard transfers can take up to one working day."
Quick question: how do I stop a transfer I made last weekend? Can u help me with this?,TRANSFER,cancel_transfer,"Sure, here is how this works. Please act quickly. For transfers that have not been processed yet, use Cancel next to the transfer in your pending list. For completed transfers, raise a recall request from the same screen or through customer service, and keep the transaction reference handy. We will update you as soon as we hear back from the other bank."
"Good evening, can I get someone to visit me at home for banking services? Thank you.",RETAIL_EXCEPTION,vulnerable_customer_support,"Thank you for telling us, and please know that we are here to help in a way that works for you. We offer support such as large print or audio statements, assisted banking at branches, a dedicated helpline with priority handling and, in some areas, home visits. If you are worried about a suspicious call, please do not share any codes or personal details, and we will help you check it. I will connect you with our customer care specialists to set up the support you need. Please keep your reference number safe, and reply here if you need anything else."
"hello there, cash was not dispensed at the atm yet my account was debited. any idea what to do?",ATM,dispute_ATM_withdrawal,"Sorry about the trouble with the ATM. Please keep the receipt if you have one and raise a dispute through the app or by calling customer service. We will check the ATM records for the withdrawal and update you by message. If the money is confirmed as not dispensed, it will be returned to your account. If you need any further help, just let me know."
I need help. I am not satisfied with the resolution and want to take this to the ombudsman. Appreciate the help,RETAIL_EXCEPTION,formal_complaint_escalation,"I am sorry that your issue has not been resolved, and you have every right to escalate. I can register a formal complaint now, which will be given a reference number and reviewed by our complaints team, who will respond in writing within the time required. If you are not satisfied with the final response, you can take the matter to the external financial ombudsman. It helps if you share the dates and details of your previous contacts. If you would like, I can connect you with a human agent right now."
"quick question: urgent: 47,920 dollars payment held for security, please release it. please help.",PAYMENT_EXCEPTION,large_transaction_blocked,"Thank you for explaining. A large payment may exceed your set limit, or it may be waiting for extra verification. You can raise your limit in Card Controls after authentication, and the security team can release a held transaction after checking with you. Since it is time sensitive, shall I connect you to an agent now? If anything changes in the meantime, please let us know straight away."
"Hey, is there a branch in Istanbul?",FIND,find_branch,"Sure, here is how this works. To find a branch, enter your area or city in the Locator and choose Branches. Each listing shows the address, working hours and the services offered, such as loans or locker facilities. Most branches are open on weekdays and some are open on Saturday mornings."
"Good evening, I paid 1,390 USD once but the money left my account twice last weekend. I need this sorted today.",PAYMENT_EXCEPTION,duplicate_charge,"Thanks for letting us know. Please keep proof of your purchase and, if possible, the merchant receipt. We will open a dispute for the duplicate payment, and a specialist will review it with the merchant. Refunds usually take several working days once the duplicate is confirmed. You can ask for a human agent at any time and I will arrange it."
"hello there, please help me close the account, i am moving abroad. please advise",ACCOUNT,close_account,"Absolutely, let me walk you through it. To close the account, make sure there are no pending transactions, linked cards or loans. Request closure through the app under Account Services or visit a branch. We will transfer any remaining balance to the account you nominate and confirm once the account is closed. Let me know if there is anything more I can do for you."
"Good evening, how much is the fee for an international transfer? Can you help me with this?",FEES,check_fees,"Fees depend on the type of account or service. You can find the full list in the app under Help and then Fees and Charges, including maintenance, ATM, transfer and card fees. If you tell me the specific service you are asking about, I can explain how that fee is calculated and when it applies. Feel free to ask if you have any other questions."
How do I freeze my card temporarily? I cannot find it. Thank you.,CARD,block_card,"To protect your money, block the card first. Use the app under Cards and Block, or call the 24 hour phone banking line and ask for an immediate block. Once blocked, please review your recent transactions and tell us about any you do not recognise so we can look into them. Feel free to ask if you have any other questions."
"I am in Dublin and my travel card is lost, how can I get emergency help? Not sure what to do.",PAYMENT_EXCEPTION,lost_card_abroad_emergency,"That sounds very stressful. The first step is to block all lost cards so nobody can use them. Then our emergency support team can help with a replacement card delivered to your location or a cash advance, after confirming your identity. Please keep any police report reference, as it can help with disputed transactions. If you would like, I can connect you with a human agent right now."
"Urgent: I need a person to help me with this, not an automated reply. Please advise",CONTACT,human_agent,"Certainly, I can arrange for one of our advisors to help you. I am transferring you now, and I will share the details of our conversation so you do not need to repeat yourself. If the queue is long, you can choose to receive a call back instead."
"hello, i see a charge from flipkart for 1,730 usd and i did not authorise it. please help.",PAYMENT_EXCEPTION,card_fraud_unauthorized_transaction,"I am very sorry this has happened, and I will treat it as urgent. First, block your card in the app so no further charges can be made. Then please tell us which transactions you do not recognise, including the 1,730 USD at Flipkart, so we can raise a fraud claim. Our fraud team will investigate, may issue a replacement card, and will contact you with updates. Please do not share any codes or card details with anyone claiming to be from the bank. Please keep your reference number safe, and reply here if you need anything else."
"Hello, how do I stop a transfer I made earlier today? Appreciate the help.",TRANSFER,cancel_transfer,"Please act quickly. For transfers that have not been processed yet, use Cancel next to the transfer in your pending list. For completed transfers, raise a recall request from the same screen or through customer service, and keep the transaction reference handy. We will update you as soon as we hear back from the other bank. Let me know if there is anything more I can do for you."
"Good morning, I want to know my outstanding amount on the credit card. Pls advise.",CARD,check_current_balance_on_card,"To check your balance, log in to net banking or the app and open Cards. The card summary shows your current balance, available credit and the last statement amount. Balances update in near real time, but very recent transactions can take a short while to appear. If you need any further help, just let me know."
How do I open a business account?,ACCOUNT,create_account,"Sure, here is how this works. To start, choose the type of account that suits you, then fill in the application form online. You will need identity and address documents, and you may complete a short video verification. Once approved, your account details arrive by message and email, and your debit card is sent to your address. Let me know if there is anything more I can do for you."
i want to cancel my car loan application.,LOAN,cancel_loan,"If your car loan has not been disbursed yet, you can cancel the request through customer service or from Loans in the app by selecting your application and choosing Withdraw. If the money has already been credited, you will need to repay it, and we can share the foreclosure amount with you. Please note that some fees may apply after disbursal."
"excuse me, i was charged more than expected because of the exchange rate on my purchase in pune. please help.",PAYMENT_EXCEPTION,currency_conversion_dispute,"Thanks for raising this. When you pay in a foreign currency, the amount is converted at the network exchange rate on the day the transaction is settled, and a foreign currency fee may also apply, so the final figure can differ from what you saw at the shop. Please check the transaction details in the app for the rate and fee that were used. If you believe the amount is wrong, we can raise a query and a specialist will review it. If anything changes in the meantime, please let us know straight away."
"Excuse me, my transfer of $774 has been pending for 4 days. I need this sorted today.",PAYMENT_EXCEPTION,transfer_pending_stuck,"I understand how worrying it is when a payment is delayed. Most transfers complete within one working day, but some can be held for security checks or because of details that need correcting. Please check the transaction status and reference number in the app. Since it has been 4 days, I will raise this as a payment investigation so a specialist can trace the payment with the receiving bank and update you. We will keep you updated by message until this is resolved."
"Hi team, I cancelled an order with Nykaa and the credit has not shown on my card",PAYMENT_EXCEPTION,refund_not_received,"I am sorry for the wait. Refunds from merchants usually take between five and ten working days to appear, depending on the merchant and the card network. Please ask Nykaa for the refund reference number or acquirer reference number, which lets us trace it. Once you share it, we can check whether the credit was received and, if not, raise an enquiry with the merchant bank. If you would like, I can connect you with a human agent right now."
"Hey, a free trial with Decathlon turned into a monthly charge of 350 USD, help.",PAYMENT_EXCEPTION,recurring_payment_unauthorized,"I understand how annoying unwanted charges are. You can stop a recurring payment by going to Cards and Recurring Payments in the app and choosing Stop for Decathlon. If the merchant has already taken money you did not agree to, we can raise a dispute for the 350 USD charges. It also helps to contact the merchant to cancel the subscription so they stop trying to bill you. You can ask for a human agent at any time and I will arrange it."
"hello, there are transactions of eur 627 on my card that i never made, i think my card was hacked. i need this sorted today",PAYMENT_EXCEPTION,card_fraud_unauthorized_transaction,"Thank you for reporting this quickly. Your card should be blocked immediately to prevent more misuse, and the disputed transactions will be flagged for our fraud team. They will review the details, and where a transaction is confirmed as fraudulent the amount is normally returned to your account after the investigation. A specialist will reach out to collect a few more details. If you would like, I can connect you with a human agent right now."
urgent: please explain how to apply for a loan online.,LOAN,apply_for_loan,"Absolutely, let me walk you through it. To apply for a loan, go to Loans in the app and select the type of loan you need. Enter the amount and tenure, upload the required documents and submit. Your eligibility is based on income, existing commitments and credit score, and you will see a decision and an offer once the review is complete. I am here if you need anything else."
"Hi, tell me about the monthly maintenance fees on my salary account. Please advise.",FEES,check_fees,"I can help you understand the charges. Common fees include monthly maintenance, foreign transaction fees, ATM use outside our network and penalties for low balance. Your latest statement shows every fee that has been applied, and customer service can review any fee you believe was charged in error. I am here if you need anything else."
"Excuse me, why is the currency conversion fee on my INR 1,490 payment so high?",PAYMENT_EXCEPTION,currency_conversion_dispute,"I understand the surprise. The debited amount comes from the exchange rate at the time of settlement, plus any conversion charges, and the shop may also offer to charge in your home currency at their own rate. I can flag your transaction for review so a specialist can confirm whether the correct rate was applied."
"Hello, urgent: $30,550 payment held for security, please release it. I need this sorted today.",PAYMENT_EXCEPTION,large_transaction_blocked,"I understand the urgency. Large payments can be blocked because they go over your daily limit or because our security systems flagged them for extra checks. I cannot release a held payment from this chat, but I can help you confirm it is genuine. Please approve any alert on your app, or I can connect you to a specialist who will verify you and, where possible, release the payment or raise your limit temporarily. If you would like, I can connect you with a human agent right now."
My travel card ending 1111 arrived today. What are the steps to activate it? Any idea what to do?,CARD,activate_card,"First, open the mobile app or net banking and go to the Cards section. Then select your travel card and choose Activate Card. You will receive a one-time code on your registered mobile number, so enter it to confirm. Once that is done, the card is active and ready to use straight away. Let me know if there is anything more I can do for you."
"Good morning, I want to cancel my debit card permanently. Appreciate the help.",CARD,cancel_card,I can guide you through cancelling your card. First check that there are no pending transactions or unpaid dues. Then submit a cancellation request through the app or by phone banking. You will get a confirmation message once the card is closed. Feel free to ask if you have any other questions.
Please help: my card was declined in Istanbul and I am stuck without money. Can you help me with this?,PAYMENT_EXCEPTION,card_declined_while_travelling,"Sorry about the inconvenience, especially while you are travelling. Please check that international transactions are enabled and that you have not reached your daily limit. Because this is urgent, I recommend calling the emergency line on the back of the card, where an agent can verify you and remove any block. Emergency cash or a replacement card can be arranged if needed. If anything changes in the meantime, please let us know straight away."
"hi, help, the cash machine did not return my card. please help.",ATM,recover_swallowed_card,"I am sorry that the ATM kept your card. For your safety, I suggest blocking the card right away in the app. We will then arrange either collection from the ATM branch with identification or a replacement card sent to your address, usually within a few working days. If you need any further help, just let me know."
"hi, i see a charge from bigbasket for 2,260 usd and i did not authorise it. thanks.",PAYMENT_EXCEPTION,card_fraud_unauthorized_transaction,"Thank you for reporting this quickly. Your card should be blocked immediately to prevent more misuse, and the disputed transactions will be flagged for our fraud team. They will review the details, and where a transaction is confirmed as fraudulent the amount is normally returned to your account after the investigation. A specialist will reach out to collect a few more details. If anything changes in the meantime, please let us know straight away."
"quick question: i want to make a large purchase of 17,970 dollars but my card keeps getting declined. thank you.",PAYMENT_EXCEPTION,large_transaction_blocked,"Thank you for explaining. A large payment may exceed your set limit, or it may be waiting for extra verification. You can raise your limit in Card Controls after authentication, and the security team can release a held transaction after checking with you. Since it is time sensitive, shall I connect you to an agent now? Please keep your reference number safe, and reply here if you need anything else."
"Good morning, can I see my last transactions? Thank you.",ACCOUNT,check_recent_transactions,"To review your recent activity, log in and choose the account, then select Recent Transactions. Pending items are shown separately from completed ones. If something looks unfamiliar, tap it to see the details and report it directly from that screen. If you need any further help, just let me know."
What is the remaining balance on my mortgage? Thank you.,LOAN,check_mortgage_payments,"In the app, open Loans and select your mortgage to see your monthly payment, the next due date, the remaining balance and the split between interest and principal. Statements and a yearly interest certificate can also be downloaded from the documents section. Please reach out again if anything is unclear."
"Hi team, when is my card annual fee charged and can it be waived? Thank you.",CARD,check_card_annual_fee,"Annual fees vary by card, and many cards waive the fee after a certain level of yearly spending. Please check Fees and Charges for your card in the app to see your amount and the anniversary date. If you would like to ask about a waiver, customer service can review your eligibility. Let me know if there is anything more I can do for you."
"Good morning, please cancel the card ending 6367. Appreciate the help.",CARD,cancel_card,I can guide you through cancelling your card. First check that there are no pending transactions or unpaid dues. Then submit a cancellation request through the app or by phone banking. You will get a confirmation message once the card is closed. Let me know if there is anything more I can do for you.
"Hello, my legal name has changed and my cards still show the old one. Please advise.",RETAIL_EXCEPTION,legal_name_change,"To change your name in our records, we need proof of the legal name change, such as a marriage certificate, a gazette notification or a deed poll, together with your identification. Please upload the documents in the app under Profile or visit a branch, and we will update your accounts and cards. Because this affects several products, the update may take a few working days, and we will notify you when it is complete. Please keep your reference number safe, and reply here if you need anything else."
"What is the process to get a mortgage for a house worth EUR 268,650? Please advise",LOAN,apply_for_mortgage,"Applying for a home loan involves a few stages: an initial eligibility check, document submission, property valuation, formal approval and legal completion. A mortgage adviser can guide you at each stage. You can begin by booking a call from the Loans section of the app."
please help: how do i withdraw my loan request? appreciate the help.,LOAN,cancel_loan,"To cancel a loan application, tell us which application you mean and we will stop the process. Before disbursal there is normally no cost. After disbursal, the loan must be closed by repaying the outstanding amount, and we will give you the exact figure and any applicable charges. Feel free to ask if you have any other questions."
"Good morning, what happens if I cancel my debit card, and how do I do it? Thank you",CARD,cancel_card,I can guide you through cancelling your card. First check that there are no pending transactions or unpaid dues. Then submit a cancellation request through the app or by phone banking. You will get a confirmation message once the card is closed. I am here if you need anything else.
"Hi team, I cannot log in to net banking, I do not remember my password",PASSWORD,get_password,"You can recover access in a few steps. Select Forgot Password on the login screen, verify your identity with the one-time code sent to your registered number, and set a new password. If you no longer have access to that number, please visit a branch with your identification to update it. Feel free to ask if you have any other questions."
Pls tell me the reason my loan was denied.,RETAIL_EXCEPTION,loan_application_rejected_appeal,"I am sorry that your application was not approved. Decisions are based on factors such as income, existing debts, credit history and the value of the loan requested, and we can share the main reasons with you. You may ask for a review, especially if your circumstances have changed or if some information was missing. I will pass your request to a loans specialist who can explain the decision and suggest what may improve your chances next time. If anything changes in the meantime, please let us know straight away."
"Good evening, show me my recent activity on the current account.",ACCOUNT,check_recent_transactions,"You can see recent transactions in the app or net banking. Open your current account and tap Transactions to view the latest activity, and use the filters to search by date or amount. Statements for earlier periods can be downloaded as a PDF from the Statements section. Feel free to ask if you have any other questions."
"hello there, what fees do you charge on my account? please help",FEES,check_fees,"I can help you understand the charges. Common fees include monthly maintenance, foreign transaction fees, ATM use outside our network and penalties for low balance. Your latest statement shows every fee that has been applied, and customer service can review any fee you believe was charged in error. Please reach out again if anything is unclear."
find me a cash machine close to me. i need this sorted today.,FIND,find_ATM,"Thanks for reaching out, I can guide you through this. To locate an ATM, open the Locator in the app or on our website and search by city or landmark. Filters help you find machines that offer deposits, cheque drops or extended hours. Please remember that using an ATM outside our network may attract a fee. Please reach out again if anything is unclear."
"good evening, my brother died and i am the nominee on his account, what should i do? please help.",RETAIL_EXCEPTION,deceased_account_holder,"I am very sorry for your loss. Please take your time, and we will make this as simple as we can. To begin, please inform us of the death by contacting our bereavement team, who will guide you personally. You will usually need a copy of the death certificate, your own identification and proof of your relationship, and if you are the nominee, the nomination details. Because this involves legal steps, a specialist will handle your request and explain the timeline. We will keep you updated by message until this is resolved."
Urgent: the amount debited does not match the price I saw abroad. I need this sorted today.,PAYMENT_EXCEPTION,currency_conversion_dispute,"Thanks for raising this. When you pay in a foreign currency, the amount is converted at the network exchange rate on the day the transaction is settled, and a foreign currency fee may also apply, so the final figure can differ from what you saw at the shop. Please check the transaction details in the app for the rate and fee that were used. If you believe the amount is wrong, we can raise a query and a specialist will review it. If anything changes in the meantime, please let us know straight away."
Urgent: I lost my credit card and need to block it right now. Any idea what to do?,CARD,block_card,"I apologise for the trouble this has caused, let me help. You can block the card immediately in the mobile app. Go to Cards, choose the card and tap Block Card, then pick Lost or Stolen as the reason. The card stops working straight away and any new transactions are declined. We will then help you order a replacement, which usually arrives in a few working days."
"Hello, someone changed my phone number and email on my account and I am locked out. I need this sorted today",RETAIL_EXCEPTION,identity_theft_account_takeover,"I am very sorry, and I will treat this as urgent. To protect you, we should restrict access to your account and cards immediately, and I am escalating this to our fraud and security team now. Please do not use the same password anywhere else, avoid clicking links in unexpected messages, and keep a note of any suspicious messages or calls. A specialist will contact you on a verified number to restore your access and review the activity. If anything changes in the meantime, please let us know straight away."
"Hello there, I was charged twice by Reliance Digital for the same purchase of EUR 1,280. Any idea what to do?",PAYMENT_EXCEPTION,duplicate_charge,"Thanks for letting us know. Please keep proof of your purchase and, if possible, the merchant receipt. We will open a dispute for the duplicate payment, and a specialist will review it with the merchant. Refunds usually take several working days once the duplicate is confirmed. If you would like, I can connect you with a human agent right now."
"Hi, the money I sent last weekend has not reached the receiver yet, the status still says processing. I need this sorted today",PAYMENT_EXCEPTION,transfer_pending_stuck,"Sorry for the delay. A transfer can stay pending if the receiving bank is slow, if the details do not match, or if the payment is under review. I have noted the delay and a specialist team will trace the payment. If it cannot be completed, the money is returned to your account. We will keep you updated by message until this is resolved."
"Hi, find me a cash machine close to me.",FIND,find_ATM,"Absolutely, let me walk you through it. To locate an ATM, open the Locator in the app or on our website and search by city or landmark. Filters help you find machines that offer deposits, cheque drops or extended hours. Please remember that using an ATM outside our network may attract a fee. Feel free to ask if you have any other questions."
"Please help: a free trial with MakeMyTrip turned into a monthly charge of 1,470 dollars, help.",PAYMENT_EXCEPTION,recurring_payment_unauthorized,"Sorry about the trouble. We can block future payments to the merchant on your card, and I can start a dispute for charges you did not authorise. Please share the dates and the amounts of the payments and any cancellation emails you have. A specialist will review whether the money can be recovered. If anything changes in the meantime, please let us know straight away."
"Good evening, what happens to my mortgage application if I cancel it now?",LOAN,cancel_mortgage,"I can help you withdraw the mortgage application. Please contact our mortgage team through the app or at a branch and confirm the application reference. If the valuation or legal work has already started, some third party fees might still apply. Once cancelled, you will receive written confirmation."
Urgent: please tell me the reason my loan was denied. Appreciate the help.,RETAIL_EXCEPTION,loan_application_rejected_appeal,"I am sorry that your application was not approved. Decisions are based on factors such as income, existing debts, credit history and the value of the loan requested, and we can share the main reasons with you. You may ask for a review, especially if your circumstances have changed or if some information was missing. I will pass your request to a loans specialist who can explain the decision and suggest what may improve your chances next time. If anything changes in the meantime, please let us know straight away."
Payment declined overseas even though I have enough balance.,PAYMENT_EXCEPTION,card_declined_while_travelling,"Sorry about the inconvenience, especially while you are travelling. Please check that international transactions are enabled and that you have not reached your daily limit. Because this is urgent, I recommend calling the emergency line on the back of the card, where an agent can verify you and remove any block. Emergency cash or a replacement card can be arranged if needed. We will keep you updated by message until this is resolved."
"Hi, how much is my monthly mortgage payment? Thanks.",LOAN,check_mortgage_payments,"In the app, open Loans and select your mortgage to see your monthly payment, the next due date, the remaining balance and the split between interest and principal. Statements and a yearly interest certificate can also be downloaded from the documents section. I am here if you need anything else."
"Hey, I want to reverse the payment I just made, is that possible? Please advise.",TRANSFER,cancel_transfer,"Sure, here is how this works. Please act quickly. For transfers that have not been processed yet, use Cancel next to the transfer in your pending list. For completed transfers, raise a recall request from the same screen or through customer service, and keep the transaction reference handy. We will update you as soon as we hear back from the other bank."
"Hello, the bank refused my mortgage even though I have a stable income. I need this sorted today",RETAIL_EXCEPTION,loan_application_rejected_appeal,"I am sorry that your application was not approved. Decisions are based on factors such as income, existing debts, credit history and the value of the loan requested, and we can share the main reasons with you. You may ask for a review, especially if your circumstances have changed or if some information was missing. I will pass your request to a loans specialist who can explain the decision and suggest what may improve your chances next time. You can ask for a human agent at any time and I will arrange it."
"Excuse me, I want to check if the payment I made last Friday has gone through. Please help.",ACCOUNT,check_recent_transactions,"To review your recent activity, log in and choose the account, then select Recent Transactions. Pending items are shown separately from completed ones. If something looks unfamiliar, tap it to see the details and report it directly from that screen. Feel free to ask if you have any other questions."
"Hi, how can I change my password to something stronger? Not sure what to do.",PASSWORD,set_up_password,"To set up or change your password, log in and go to Settings and then Security. Choose Change Password, enter your current password, and type the new one twice. A strong password uses at least eight characters with a mix of letters, numbers and symbols, and should not include your name or birth date. Please reach out again if anything is unclear."
"i ordered from ikea two days ago, the item is not what was shown, can i dispute the charge?",PAYMENT_EXCEPTION,chargeback_request,"Thank you for the details. A card dispute can be raised for items not received or not as described. We will need your order confirmation and any communication with the seller. Our disputes team will assess the claim and let you know whether the amount can be recovered. Please keep your reference number safe, and reply here if you need anything else."
How can I contact customer service? I need this sorted today.,CONTACT,customer_service,"Absolutely, let me walk you through it. You can reach customer service by phone banking, through secure chat in the mobile app, or by email through the Contact Us section. Phone and chat support are available round the clock for urgent matters such as blocking a card, and other requests are handled during business hours. Please keep your customer ID handy so we can help you faster. If you need any further help, just let me know."
"Excuse me, we fell 2 weeks behind on the mortgage, what can we do? Please advise.",RETAIL_EXCEPTION,mortgage_arrears_support,"I understand how worrying this is, and I want you to know that help is available. Please do not ignore the notice, because early contact gives us more options such as revising the payment plan, extending the term or a temporary arrangement. I will connect you with our specialist mortgage support team, who can go through the details with you in confidence. It is also worth getting free independent money advice alongside speaking to us. You can ask for a human agent at any time and I will arrange it."
"Excuse me, can I get someone to visit me at home for banking services? Thanks",RETAIL_EXCEPTION,vulnerable_customer_support,"Thank you for telling us, and please know that we are here to help in a way that works for you. We offer support such as large print or audio statements, assisted banking at branches, a dedicated helpline with priority handling and, in some areas, home visits. If you are worried about a suspicious call, please do not share any codes or personal details, and we will help you check it. I will connect you with our customer care specialists to set up the support you need. Please keep your reference number safe, and reply here if you need anything else."
"Hi team, how can I change my password to something stronger? I need this sorted today.",PASSWORD,set_up_password,"Thanks for reaching out, I can guide you through this. To set up or change your password, log in and go to Settings and then Security. Choose Change Password, enter your current password, and type the new one twice. A strong password uses at least eight characters with a mix of letters, numbers and symbols, and should not include your name or birth date. Feel free to ask if you have any other questions."
"Hi, what is the process to get a mortgage for a house worth INR 38,460",LOAN,apply_for_mortgage,"For a mortgage, the first step is to check how much you can borrow using the mortgage calculator in the app. Then submit an application with your identity, income and property details, and we will arrange a valuation of the property. After approval you receive a formal offer, and the funds are released to the seller once the legal formalities are complete. A deposit is usually needed, and the amount depends on the property value and your profile. I am here if you need anything else."
"Hello there, when is my card annual fee charged and can it be waived?",CARD,check_card_annual_fee,"Annual fees vary by card, and many cards waive the fee after a certain level of yearly spending. Please check Fees and Charges for your card in the app to see your amount and the anniversary date. If you would like to ask about a waiver, customer service can review your eligibility."
Please cancel the loan I applied for two days ago. Thanks.,LOAN,cancel_loan,"To cancel a loan application, tell us which application you mean and we will stop the process. Before disbursal there is normally no cost. After disbursal, the loan must be closed by repaying the outstanding amount, and we will give you the exact figure and any applicable charges. I am here if you need anything else."
"Good morning, I want to make a large purchase of $6,060 but my card keeps getting declined. I need this sorted today.",PAYMENT_EXCEPTION,large_transaction_blocked,"I understand the urgency. Large payments can be blocked because they go over your daily limit or because our security systems flagged them for extra checks. I cannot release a held payment from this chat, but I can help you confirm it is genuine. Please approve any alert on your app, or I can connect you to a specialist who will verify you and, where possible, release the payment or raise your limit temporarily. We will keep you updated by message until this is resolved."
quick question: how do i authorise someone to handle my banking on my behalf? please advise.,RETAIL_EXCEPTION,power_of_attorney_request,"I am sorry to hear that. Managing another person's account requires a valid legal authority, such as a registered power of attorney, and we need to verify it before giving access. Please prepare the original or certified copy of the document, your identification and the account holder details. A specialist will check the paperwork and explain what your authority allows, and I will arrange for them to contact you. We will keep you updated by message until this is resolved."
Quick question: how can I reset my forgotten mobile banking password? Any idea what to do?,PASSWORD,get_password,"You can recover access in a few steps. Select Forgot Password on the login screen, verify your identity with the one-time code sent to your registered number, and set a new password. If you no longer have access to that number, please visit a branch with your identification to update it. Please reach out again if anything is unclear."
"Hi team, help, the cash machine did not return my card. Any idea what to do?",ATM,recover_swallowed_card,"I am sorry that the ATM kept your card. For your safety, I suggest blocking the card right away in the app. We will then arrange either collection from the ATM branch with identification or a replacement card sent to your address, usually within a few working days. Feel free to ask if you have any other questions."
"Hey, please escalate my complaint to a senior manager. Thanks.",RETAIL_EXCEPTION,formal_complaint_escalation,"I am sorry that your issue has not been resolved, and you have every right to escalate. I can register a formal complaint now, which will be given a reference number and reviewed by our complaints team, who will respond in writing within the time required. If you are not satisfied with the final response, you can take the matter to the external financial ombudsman. It helps if you share the dates and details of your previous contacts. If you would like, I can connect you with a human agent right now."
"Good morning, transfer to Toronto flagged, what proof do I need to provide?",PAYMENT_EXCEPTION,international_transfer_compliance_hold,"Thank you for your patience. Some cross border payments are checked before release, and I am not able to share the specific reason for a review. Please keep supporting documents ready. I am escalating your transfer to a specialist team, who will tell you what is required and the expected timing. We will keep you updated by message until this is resolved."
"Hello there, can I cancel a scheduled transfer for next week?",TRANSFER,cancel_transfer,"Please act quickly. For transfers that have not been processed yet, use Cancel next to the transfer in your pending list. For completed transfers, raise a recall request from the same screen or through customer service, and keep the transaction reference handy. We will update you as soon as we hear back from the other bank."
"Hey, I need to transfer money to another bank, what are the steps? Appreciate the help.",TRANSFER,make_transfer,"Absolutely, let me walk you through it. You can send money in a few steps. Open Transfers, choose Send Money and select an existing payee or add a new one. Type in the amount, check the details carefully because transfers to the wrong account can be hard to reverse, and approve with your security code. Instant methods arrive within minutes, while standard transfers can take up to one working day."
"Hi team, my card went missing last night, block it asap.",CARD,block_card,"To protect your money, block the card first. Use the app under Cards and Block, or call the 24 hour phone banking line and ask for an immediate block. Once blocked, please review your recent transactions and tell us about any you do not recognise so we can look into them. If you need any further help, just let me know."
"Hi, I want to check if the payment I made last night has gone through. Please help.",ACCOUNT,check_recent_transactions,"To review your recent activity, log in and choose the account, then select Recent Transactions. Pending items are shown separately from completed ones. If something looks unfamiliar, tap it to see the details and report it directly from that screen. Please reach out again if anything is unclear."
"excuse me, how do i view what i spent this week?",ACCOUNT,check_recent_transactions,"To review your recent activity, log in and choose the account, then select Recent Transactions. Pending items are shown separately from completed ones. If something looks unfamiliar, tap it to see the details and report it directly from that screen."
Quick question: how can I withdraw my home loan request? Appreciate the help.,LOAN,cancel_mortgage,"I can help you withdraw the mortgage application. Please contact our mortgage team through the app or at a branch and confirm the application reference. If the valuation or legal work has already started, some third party fees might still apply. Once cancelled, you will receive written confirmation. Please reach out again if anything is unclear."
Urgent: I want to know my outstanding amount on the credit card. Can you help me with this,CARD,check_current_balance_on_card,"To check your balance, log in to net banking or the app and open Cards. The card summary shows your current balance, available credit and the last statement amount. Balances update in near real time, but very recent transactions can take a short while to appear."
Please help: the bank refused my mortgage even though I have a stable income. Please help,RETAIL_EXCEPTION,loan_application_rejected_appeal,"I am sorry that your application was not approved. Decisions are based on factors such as income, existing debts, credit history and the value of the loan requested, and we can share the main reasons with you. You may ask for a review, especially if your circumstances have changed or if some information was missing. I will pass your request to a loans specialist who can explain the decision and suggest what may improve your chances next time. If you would like, I can connect you with a human agent right now."
"I would like to stop my card, it has an annual fee I dont want to pay. Can u help me with this?",CARD,cancel_card,"Certainly, I can help with that. I can guide you through cancelling your card. First check that there are no pending transactions or unpaid dues. Then submit a cancellation request through the app or by phone banking. You will get a confirmation message once the card is closed."
"I cannot make any transactions, the bank says KYC is pending.",RETAIL_EXCEPTION,account_frozen_kyc,"I understand how stressful it is to have an account restricted. Accounts are sometimes frozen when identity documents are missing or expired, or when a compliance review is needed. I cannot lift a restriction from this chat, but I can raise a priority request with our account services team. Please keep your photo ID, proof of address and recent photograph ready, and a specialist will contact you with the exact documents required. Please keep your reference number safe, and reply here if you need anything else."
"Hi, ATM retained my card ending 4446, how do I recover it? Pls help.",ATM,recover_swallowed_card,"I am sorry that the ATM kept your card. For your safety, I suggest blocking the card right away in the app. We will then arrange either collection from the ATM branch with identification or a replacement card sent to your address, usually within a few working days. I am here if you need anything else."
"Hi, I am not satisfied with the resolution and want to take this to the ombudsman. I need this sorted today",RETAIL_EXCEPTION,formal_complaint_escalation,"I am sorry that your issue has not been resolved, and you have every right to escalate. I can register a formal complaint now, which will be given a reference number and reviewed by our complaints team, who will respond in writing within the time required. If you are not satisfied with the final response, you can take the matter to the external financial ombudsman. It helps if you share the dates and details of your previous contacts."
I lost my platinum credit card and need to block it right now. Thank you.,CARD,block_card,"To protect your money, block the card first. Use the app under Cards and Block, or call the 24 hour phone banking line and ask for an immediate block. Once blocked, please review your recent transactions and tell us about any you do not recognise so we can look into them."
"Please block my card ending 3225, I think it was stolen.",CARD,block_card,"You can block the card immediately in the mobile app. Go to Cards, choose the card and tap Block Card, then pick Lost or Stolen as the reason. The card stops working straight away and any new transactions are declined. We will then help you order a replacement, which usually arrives in a few working days. Feel free to ask if you have any other questions."
"Hi, suspicious login on my account from another country, pls secure it. Thanks.",RETAIL_EXCEPTION,identity_theft_account_takeover,"Thank you for flagging this quickly. Access to your online banking will be locked while we investigate. Our security team will verify your identity through a secure process, review recent changes and transactions, and help reset your details. Please tell us about any transaction you did not make, so it can be investigated. If you would like, I can connect you with a human agent right now."
"Hello, is there any joining or annual fee on the credit card? Thank you.",CARD,check_card_annual_fee,"The annual fee depends on the type of card you hold. You can see the exact amount for your credit card in the app under Cards and Card Details, and it is also listed in your welcome kit. The fee is normally charged once a year on the card anniversary date. Some cards offer a waiver if you reach a yearly spending target. If you need any further help, just let me know."
"excuse me, how much is the fee for an international transfer? please advise.",FEES,check_fees,"I can help you understand the charges. Common fees include monthly maintenance, foreign transaction fees, ATM use outside our network and penalties for low balance. Your latest statement shows every fee that has been applied, and customer service can review any fee you believe was charged in error. Let me know if there is anything more I can do for you."
"Hi, there is an ATM transaction I do not recognise for $2,710, how do I raise a dispute? Please help.",ATM,dispute_ATM_withdrawal,"I will help you raise a dispute for the ATM withdrawal of $2,710. Please go to Disputes in the app, select the transaction and choose ATM Cash Issue, then give the date, time and ATM location if you have them. We will investigate with the ATM operator and most cases are reviewed within a few working days. If the ATM did not dispense the cash, the amount is usually credited back to your account."
"Hey, please help me recover my login details.",PASSWORD,get_password,"I am sorry you are locked out. On the login page, tap Forgot Password and enter your customer ID. We will send a one-time code to your registered mobile number, and after you enter it you can choose a new password. For security reasons we can never tell you your old password."
"Good morning, is there an ATM near the bus terminal? Pls advise.",FIND,find_ATM,"You can find your nearest ATM using the ATM and Branch Locator in the app. Allow location access or type in an area such as the bus terminal, and the map will show the closest machines, including ones that accept cash deposits. You can also use ATMs from partner networks with lower or no charges. If you need any further help, just let me know."
"Hi, my prepaid card ending 7921 arrived today. What are the steps to activate it?",CARD,activate_card,"First, open the mobile app or net banking and go to the Cards section. Then select your prepaid card and choose Activate Card. You will receive a one-time code on your registered mobile number, so enter it to confirm. Once that is done, the card is active and ready to use straight away. I am here if you need anything else."
Quick question: can you list all the charges for using the ATM abroad? I need this sorted today,FEES,check_fees,"I can help you understand the charges. Common fees include monthly maintenance, foreign transaction fees, ATM use outside our network and penalties for low balance. Your latest statement shows every fee that has been applied, and customer service can review any fee you believe was charged in error."
"Hey, I have complained three times and nobody has solved my problem, I want to escalate. Thanks.",RETAIL_EXCEPTION,formal_complaint_escalation,"I am sorry that your issue has not been resolved, and you have every right to escalate. I can register a formal complaint now, which will be given a reference number and reviewed by our complaints team, who will respond in writing within the time required. If you are not satisfied with the final response, you can take the matter to the external financial ombudsman. It helps if you share the dates and details of your previous contacts. Please keep your reference number safe, and reply here if you need anything else."
"Hi team, why is my account restricted, I need to pay bills today. Thank you.",RETAIL_EXCEPTION,account_frozen_kyc,"I understand how stressful it is to have an account restricted. Accounts are sometimes frozen when identity documents are missing or expired, or when a compliance review is needed. I cannot lift a restriction from this chat, but I can raise a priority request with our account services team. Please keep your photo ID, proof of address and recent photograph ready, and a specialist will contact you with the exact documents required."
"Good evening, please escalate my complaint to a senior manager.",RETAIL_EXCEPTION,formal_complaint_escalation,"I am sorry that your issue has not been resolved, and you have every right to escalate. I can register a formal complaint now, which will be given a reference number and reviewed by our complaints team, who will respond in writing within the time required. If you are not satisfied with the final response, you can take the matter to the external financial ombudsman. It helps if you share the dates and details of your previous contacts. If anything changes in the meantime, please let us know straight away."
"I sent $578 to the wrong person, can I cancel the transfer?",TRANSFER,cancel_transfer,"If the transfer of $578 is still pending or scheduled, you can cancel it in the app. Go to Transfers, open Pending or Scheduled, select the transfer and tap Cancel. If it has already been completed, it cannot be cancelled directly, but you can raise a request and we will contact the receiving bank to ask for the money back. Success depends on the receiving bank and the account holder agreeing to return it. Please reach out again if anything is unclear."
"Hello there, I have a power of attorney document, how do I register it with the bank? Not sure what to do",RETAIL_EXCEPTION,power_of_attorney_request,"I am sorry to hear that. Managing another person's account requires a valid legal authority, such as a registered power of attorney, and we need to verify it before giving access. Please prepare the original or certified copy of the document, your identification and the account holder details. A specialist will check the paperwork and explain what your authority allows, and I will arrange for them to contact you. You can ask for a human agent at any time and I will arrange it."
urgent: how do i shut down my account permanently? thanks.,ACCOUNT,close_account,"Certainly, I can help with that. To close the account, make sure there are no pending transactions, linked cards or loans. Request closure through the app under Account Services or visit a branch. We will transfer any remaining balance to the account you nominate and confirm once the account is closed. Please reach out again if anything is unclear."
i got a message that my password was changed and i did not do it.,RETAIL_EXCEPTION,identity_theft_account_takeover,"I am very sorry, and I will treat this as urgent. To protect you, we should restrict access to your account and cards immediately, and I am escalating this to our fraud and security team now. Please do not use the same password anywhere else, avoid clicking links in unexpected messages, and keep a note of any suspicious messages or calls. A specialist will contact you on a verified number to restore your access and review the activity. We will keep you updated by message until this is resolved."
i need help. my spouse emptied our joint account without telling me. please advise.,RETAIL_EXCEPTION,joint_account_dispute,"I am sorry you are going through this. Joint accounts are governed by the mandate that was agreed when they were opened, and changes such as removing a holder or freezing the account usually need the consent of all holders, or a legal instruction. I can arrange for a specialist to explain your options and what proof would be required. Please keep in mind that we cannot take sides, and for serious disputes it can help to seek legal advice. We will keep you updated by message until this is resolved."
Urgent: payment declined overseas even though I have enough balance. Appreciate the help.,PAYMENT_EXCEPTION,card_declined_while_travelling,"Sorry about the inconvenience, especially while you are travelling. Please check that international transactions are enabled and that you have not reached your daily limit. Because this is urgent, I recommend calling the emergency line on the back of the card, where an agent can verify you and remove any block. Emergency cash or a replacement card can be arranged if needed. We will keep you updated by message until this is resolved."
"Quick question: my wallet with my platinum credit card was stolen in New York, what do I do? Not sure what to do.",PAYMENT_EXCEPTION,lost_card_abroad_emergency,"I am sorry to hear that, and please make sure you are safe first. Block your cards immediately in the app, or call our 24 hour emergency line if you cannot log in. We can arrange an emergency replacement card or emergency cash in New York, and our agent will verify your identity and guide you on the fastest option. I suggest reporting the theft to the local police as well, since some claims need a report. Please keep your reference number safe, and reply here if you need anything else."
"hi team, my wire transfer has been under review for 6 days, i need the money urgently. can you help me with this",PAYMENT_EXCEPTION,international_transfer_compliance_hold,"Thank you for your patience. Some cross border payments are checked before release, and I am not able to share the specific reason for a review. Please keep supporting documents ready. I am escalating your transfer to a specialist team, who will tell you what is required and the expected timing. If anything changes in the meantime, please let us know straight away."
"Urgent: I need to transfer money to another bank, what are the steps? Please advise.",TRANSFER,make_transfer,"Sure, here is how this works. You can send money in a few steps. Open Transfers, choose Send Money and select an existing payee or add a new one. Type in the amount, check the details carefully because transfers to the wrong account can be hard to reverse, and approve with your security code. Instant methods arrive within minutes, while standard transfers can take up to one working day. Feel free to ask if you have any other questions."
"Excuse me, the ATM kept my travel card and I cannot get it back. Not sure what to do.",ATM,recover_swallowed_card,"I am sorry that the ATM kept your card. For your safety, I suggest blocking the card right away in the app. We will then arrange either collection from the ATM branch with identification or a replacement card sent to your address, usually within a few working days."
Urgent: how much do I still owe on my loan?,LOAN,check_loan_payments,"Certainly, I can help with that. To check your loan payments, log in and open Loans, then choose the loan. You will see what you have paid so far, what is left, and the next due date. If you would like to pay extra to reduce the balance, there is an option to make a part payment on the same screen. Please reach out again if anything is unclear."
When is my next student loan instalment due? Appreciate the help.,LOAN,check_loan_payments,"Certainly, I can help with that. You can see your repayment details in the app under Loans. Select your student loan to view the instalment amount, the next due date, the number of payments remaining and the total outstanding balance. The full repayment schedule can also be downloaded as a document. Please reach out again if anything is unclear."
"Hello, I want to cancel my prepaid card permanently. Appreciate the help.",CARD,cancel_card,"I can guide you through cancelling your card. First check that there are no pending transactions or unpaid dues. Then submit a cancellation request through the app or by phone banking. You will get a confirmation message once the card is closed. If you need any further help, just let me know."
"excuse me, please help me make a transfer of gbp 1,200 today. any idea what to do",TRANSFER,make_transfer,"Certainly, I can help with that. You can send money in a few steps. Open Transfers, choose Send Money and select an existing payee or add a new one. Type in the amount, check the details carefully because transfers to the wrong account can be hard to reverse, and approve with your security code. Instant methods arrive within minutes, while standard transfers can take up to one working day. I am here if you need anything else."
"Good evening, I need to withdraw cash in Delhi, where can I find one of your ATMs? Please advise.",FIND,find_ATM,"To locate an ATM, open the Locator in the app or on our website and search by city or landmark. Filters help you find machines that offer deposits, cheque drops or extended hours. Please remember that using an ATM outside our network may attract a fee. Feel free to ask if you have any other questions."
"I need help. Someone may have my card details, how can I block the card immediately? Please help.",CARD,block_card,"You can block the card immediately in the mobile app. Go to Cards, choose the card and tap Block Card, then pick Lost or Stolen as the reason. The card stops working straight away and any new transactions are declined. We will then help you order a replacement, which usually arrives in a few working days. Please reach out again if anything is unclear."
"Excuse me, I would like to stop my card, it has an annual fee I do not want to pay.",CARD,cancel_card,"Absolutely, let me walk you through it. I can guide you through cancelling your card. First check that there are no pending transactions or unpaid dues. Then submit a cancellation request through the app or by phone banking. You will get a confirmation message once the card is closed."
"hi, the atm did not give me the full cash but the money was deducted, i withdrew $200. thanks.",ATM,dispute_ATM_withdrawal,"Sorry about the trouble with the ATM. Please keep the receipt if you have one and raise a dispute through the app or by calling customer service. We will check the ATM records for the withdrawal and update you by message. If the money is confirmed as not dispensed, it will be returned to your account."
"Excuse me, please cancel the card ending 0630.",CARD,cancel_card,"Certainly, I can help with that. I can guide you through cancelling your card. First check that there are no pending transactions or unpaid dues. Then submit a cancellation request through the app or by phone banking. You will get a confirmation message once the card is closed."
I need help. How can I reset my forgotten mobile banking password? I need this sorted today,PASSWORD,get_password,"I am sorry you are locked out. On the login page, tap Forgot Password and enter your customer ID. We will send a one-time code to your registered mobile number, and after you enter it you can choose a new password. For security reasons we can never tell you your old password. Feel free to ask if you have any other questions."
"Hey, I cannot afford my mortgage after the rate increase. Thanks",RETAIL_EXCEPTION,mortgage_arrears_support,"Thank you for reaching out. Falling behind on a mortgage is stressful, and there are steps we can explore together. A mortgage support specialist will review your account, your income and expenses, and discuss a plan that suits you. I am raising this as urgent so they contact you soon. If you would like, I can connect you with a human agent right now."
"Good evening, where do I activate the debit card I got last night",CARD,activate_card,"You can activate your card in two easy ways. In the mobile app, go to Cards, pick your card, and tap Activate. If you prefer, call the phone banking number printed on the back of the card and follow the voice prompts. After verification your card will be active within a few minutes. Please reach out again if anything is unclear."
"my refund of gbp 1,400 is still missing, the shop says it was processed. i need this sorted today.",PAYMENT_EXCEPTION,refund_not_received,"Thank you for the details. A refund can take some time after the merchant approves it. If it has been more than ten working days, please send us the refund confirmation from the merchant. We will trace the credit and follow up with the merchant bank on your behalf. Please keep your reference number safe, and reply here if you need anything else."
"Made a transfer to the wrong beneficiary, how do I recover the money?",PAYMENT_EXCEPTION,transfer_wrong_account,"I am sorry this happened. Please raise a wrong transfer request in the app or with customer service right away with the payment reference. We will ask the receiving bank to hold and return the funds, but they need the account holder consent, so the timing can vary. A specialist will follow up with you."
"Good morning, what is the available balance on my platinum credit card? Can you help me with this?",CARD,check_current_balance_on_card,"Absolutely, let me walk you through it. To check your balance, log in to net banking or the app and open Cards. The card summary shows your current balance, available credit and the last statement amount. Balances update in near real time, but very recent transactions can take a short while to appear."
please help me recover my login details. any idea what to do?,PASSWORD,get_password,"I am sorry you are locked out. On the login page, tap Forgot Password and enter your customer ID. We will send a one-time code to your registered mobile number, and after you enter it you can choose a new password. For security reasons we can never tell you your old password. Let me know if there is anything more I can do for you."
Urgent: I want to know my outstanding amount on the credit card. Appreciate the help.,CARD,check_current_balance_on_card,"To check your balance, log in to net banking or the app and open Cards. The card summary shows your current balance, available credit and the last statement amount. Balances update in near real time, but very recent transactions can take a short while to appear."
"Hello, pls guide me through creating a new account. Not sure what to do.",ACCOUNT,create_account,"To start, choose the type of account that suits you, then fill in the application form online. You will need identity and address documents, and you may complete a short video verification. Once approved, your account details arrive by message and email, and your debit card is sent to your address. Feel free to ask if you have any other questions."
"Hi, what is the outstanding balance on my home loan?",LOAN,check_loan_payments,"Certainly, I can help with that. To check your loan payments, log in and open Loans, then choose the loan. You will see what you have paid so far, what is left, and the next due date. If you would like to pay extra to reduce the balance, there is an option to make a part payment on the same screen. Feel free to ask if you have any other questions."
"I need to visit a branch, can you help me find one? Any idea what to do?",FIND,find_branch,"Thanks for reaching out, I can guide you through this. To find a branch, enter your area or city in the Locator and choose Branches. Each listing shows the address, working hours and the services offered, such as loans or locker facilities. Most branches are open on weekdays and some are open on Saturday mornings."
Please help: when is my next mortgage payment due? Not sure what to do.,LOAN,check_mortgage_payments,"In the app, open Loans and select your mortgage to see your monthly payment, the next due date, the remaining balance and the split between interest and principal. Statements and a yearly interest certificate can also be downloaded from the documents section. Feel free to ask if you have any other questions."
"Hello there, I need a person to help me with this, not an automated reply.",CONTACT,human_agent,"Certainly, I can arrange for one of our advisors to help you. I am transferring you now, and I will share the details of our conversation so you do not need to repeat yourself. If the queue is long, you can choose to receive a call back instead. Please reach out again if anything is unclear."
Please help: I need to inform the bank about the death of my husband and settle his accounts. Not sure what to do,RETAIL_EXCEPTION,deceased_account_holder,"My condolences to you and your family. Accounts of a deceased customer are handled by a dedicated team with care. Please share the death certificate and your identification, and they will explain how the balance is released to the nominee or legal heir and how the account is closed. I will connect you with them, so you do not have to repeat yourself. We will keep you updated by message until this is resolved."
"Excuse me, my wallet with my travel card was stolen in Sydney, what do I do? Please help.",PAYMENT_EXCEPTION,lost_card_abroad_emergency,"I am sorry to hear that, and please make sure you are safe first. Block your cards immediately in the app, or call our 24 hour emergency line if you cannot log in. We can arrange an emergency replacement card or emergency cash in Sydney, and our agent will verify your identity and guide you on the fastest option. I suggest reporting the theft to the local police as well, since some claims need a report. You can ask for a human agent at any time and I will arrange it."
"I need help. Account blocked after I updated my address, how do I get access? I need this sorted today",RETAIL_EXCEPTION,account_frozen_kyc,"I understand how stressful it is to have an account restricted. Accounts are sometimes frozen when identity documents are missing or expired, or when a compliance review is needed. I cannot lift a restriction from this chat, but I can raise a priority request with our account services team. Please keep your photo ID, proof of address and recent photograph ready, and a specialist will contact you with the exact documents required. Please keep your reference number safe, and reply here if you need anything else."
"Good evening, how can I add a new payee and transfer funds? Appreciate the help.",TRANSFER,make_transfer,"You can send money in a few steps. Open Transfers, choose Send Money and select an existing payee or add a new one. Type in the amount, check the details carefully because transfers to the wrong account can be hard to reverse, and approve with your security code. Instant methods arrive within minutes, while standard transfers can take up to one working day."
Urgent: can I open an account online without visiting the branch? Appreciate the help.,ACCOUNT,create_account,"Absolutely, let me walk you through it. To start, choose the type of account that suits you, then fill in the application form online. You will need identity and address documents, and you may complete a short video verification. Once approved, your account details arrive by message and email, and your debit card is sent to your address."
"Hi team, find me a cash machine close to me. Can you help me with this",FIND,find_ATM,"Sure, here is how this works. To locate an ATM, open the Locator in the app or on our website and search by city or landmark. Filters help you find machines that offer deposits, cheque drops or extended hours. Please remember that using an ATM outside our network may attract a fee. Feel free to ask if you have any other questions."
"Hello, how can I add a new payee and transfer funds",TRANSFER,make_transfer,"You can send money in a few steps. Open Transfers, choose Send Money and select an existing payee or add a new one. Type in the amount, check the details carefully because transfers to the wrong account can be hard to reverse, and approve with your security code. Instant methods arrive within minutes, while standard transfers can take up to one working day."
"Good evening, pls help me recover my login details. Thanks.",PASSWORD,get_password,"You can recover access in a few steps. Select Forgot Password on the login screen, verify your identity with the one-time code sent to your registered number, and set a new password. If you no longer have access to that number, please visit a branch with your identification to update it. I am here if you need anything else."
"Hey, why is the currency conversion fee on my 644 dollars payment so high",PAYMENT_EXCEPTION,currency_conversion_dispute,"Thanks for raising this. When you pay in a foreign currency, the amount is converted at the network exchange rate on the day the transaction is settled, and a foreign currency fee may also apply, so the final figure can differ from what you saw at the shop. Please check the transaction details in the app for the rate and fee that were used. If you believe the amount is wrong, we can raise a query and a specialist will review it."
Quick question: what is the customer care number? Thank you,CONTACT,customer_service,"Thanks for reaching out, I can guide you through this. There are several ways to contact us. The quickest is the chat option in the app, which is available all day. You can also call the number printed on the back of your card or on our website, or visit any branch during opening hours."
Please change my surname on all my accounts. Please advise,RETAIL_EXCEPTION,legal_name_change,"To change your name in our records, we need proof of the legal name change, such as a marriage certificate, a gazette notification or a deed poll, together with your identification. Please upload the documents in the app under Profile or visit a branch, and we will update your accounts and cards. Because this affects several products, the update may take a few working days, and we will notify you when it is complete. You can ask for a human agent at any time and I will arrange it."
"Hello there, what is the process to claim the balance in my late mother's account?",RETAIL_EXCEPTION,deceased_account_holder,"My condolences to you and your family. Accounts of a deceased customer are handled by a dedicated team with care. Please share the death certificate and your identification, and they will explain how the balance is released to the nominee or legal heir and how the account is closed. I will connect you with them, so you do not have to repeat yourself. We will keep you updated by message until this is resolved."
Please help: please tell me the current balance on the card ending 6858.,CARD,check_current_balance_on_card,"Certainly, I can help with that. To check your balance, log in to net banking or the app and open Cards. The card summary shows your current balance, available credit and the last statement amount. Balances update in near real time, but very recent transactions can take a short while to appear. I am here if you need anything else."
"excuse me, my wallet with my credit card was stolen in new york, what do i do? appreciate the help.",PAYMENT_EXCEPTION,lost_card_abroad_emergency,"I am sorry to hear that, and please make sure you are safe first. Block your cards immediately in the app, or call our 24 hour emergency line if you cannot log in. We can arrange an emergency replacement card or emergency cash in New York, and our agent will verify your identity and guide you on the fastest option. I suggest reporting the theft to the local police as well, since some claims need a report. We will keep you updated by message until this is resolved."
"good morning, i forgot my password, how do i get it back? thanks",PASSWORD,get_password,"You can recover access in a few steps. Select Forgot Password on the login screen, verify your identity with the one-time code sent to your registered number, and set a new password. If you no longer have access to that number, please visit a branch with your identification to update it. If you need any further help, just let me know."
Please help: I found a recurring payment on my card that I do not recognise. Thanks.,PAYMENT_EXCEPTION,recurring_payment_unauthorized,"Sorry about the trouble. We can block future payments to the merchant on your card, and I can start a dispute for charges you did not authorise. Please share the dates and the amounts of the payments and any cancellation emails you have. A specialist will review whether the money can be recovered. If anything changes in the meantime, please let us know straight away."
"Good evening, how do I apply for a personal loan? Thank you",LOAN,apply_for_loan,"To apply for a loan, go to Loans in the app and select the type of loan you need. Enter the amount and tenure, upload the required documents and submit. Your eligibility is based on income, existing commitments and credit score, and you will see a decision and an offer once the review is complete."
"Hi team, I am going to Delhi soon. Can you turn on international usage for my card? Can you help me with this?",CARD,activate_card_international_usage,"To use your card overseas, open Card Controls in the app and enable International Usage. It is a good idea to set a travel period and a daily limit. If you cannot use the app, phone banking can turn it on for you after verifying your identity. I am here if you need anything else."
"hey, the bank stopped my big payment for 55,800 usd, why? please help.",PAYMENT_EXCEPTION,large_transaction_blocked,"I understand the urgency. Large payments can be blocked because they go over your daily limit or because our security systems flagged them for extra checks. I cannot release a held payment from this chat, but I can help you confirm it is genuine. Please approve any alert on your app, or I can connect you to a specialist who will verify you and, where possible, release the payment or raise your limit temporarily."
quick question: can i get someone to visit me at home for banking services? appreciate the help.,RETAIL_EXCEPTION,vulnerable_customer_support,"Thank you for telling us, and please know that we are here to help in a way that works for you. We offer support such as large print or audio statements, assisted banking at branches, a dedicated helpline with priority handling and, in some areas, home visits. If you are worried about a suspicious call, please do not share any codes or personal details, and we will help you check it. I will connect you with our customer care specialists to set up the support you need. If you would like, I can connect you with a human agent right now."
"Excuse me, how do I freeze my card temporarily? I cannot find it",CARD,block_card,"I apologise for the trouble this has caused, let me help. You can block the card immediately in the mobile app. Go to Cards, choose the card and tap Block Card, then pick Lost or Stolen as the reason. The card stops working straight away and any new transactions are declined. We will then help you order a replacement, which usually arrives in a few working days."
"Hi, how can I close my credit card? I no longer use it.",CARD,cancel_card,"I can guide you through cancelling your card. First check that there are no pending transactions or unpaid dues. Then submit a cancellation request through the app or by phone banking. You will get a confirmation message once the card is closed. If you need any further help, just let me know."
"Please help me close the account, I am moving abroad. Not sure what to do",ACCOUNT,close_account,"To close the account, make sure there are no pending transactions, linked cards or loans. Request closure through the app under Account Services or visit a branch. We will transfer any remaining balance to the account you nominate and confirm once the account is closed. Feel free to ask if you have any other questions."
"Hi, pls unfreeze my account, I already submitted my documents earlier today. Appreciate the help.",RETAIL_EXCEPTION,account_frozen_kyc,"I am sorry for the inconvenience. A restriction usually means we need to verify or update some information. You can complete the update in the app under Profile and KYC, or visit a branch. If you have already submitted documents, I will ask the team to prioritise the review and update you. If you would like, I can connect you with a human agent right now."
"hello, my joint account has been frozen and i do not know why. i need this sorted today.",RETAIL_EXCEPTION,account_frozen_kyc,"I am sorry for the inconvenience. A restriction usually means we need to verify or update some information. You can complete the update in the app under Profile and KYC, or visit a branch. If you have already submitted documents, I will ask the team to prioritise the review and update you. We will keep you updated by message until this is resolved."
"Hi team, how can I appeal a declined student loan? Any idea what to do?",RETAIL_EXCEPTION,loan_application_rejected_appeal,"I am sorry that your application was not approved. Decisions are based on factors such as income, existing debts, credit history and the value of the loan requested, and we can share the main reasons with you. You may ask for a review, especially if your circumstances have changed or if some information was missing. I will pass your request to a loans specialist who can explain the decision and suggest what may improve your chances next time. Please keep your reference number safe, and reply here if you need anything else."
"Hi team, I need help because I am struggling to repay my loan of $476,260. Please advise",RETAIL_EXCEPTION,loan_hardship_request,"I am sorry you are facing this, and I am glad you reached out early. We have options for customers in financial difficulty, such as a temporary payment holiday, a longer tenure with lower instalments, or restructuring, depending on your situation. I will pass your request to our customer support team, who will review your income and expenses and discuss what is possible. Please try to keep making any payments you can, and avoid ignoring reminders, as talking to us early gives you more choices."
"Good morning, urgent: GBP 56,420 payment held for security, please release it.",PAYMENT_EXCEPTION,large_transaction_blocked,"I understand the urgency. Large payments can be blocked because they go over your daily limit or because our security systems flagged them for extra checks. I cannot release a held payment from this chat, but I can help you confirm it is genuine. Please approve any alert on your app, or I can connect you to a specialist who will verify you and, where possible, release the payment or raise your limit temporarily."
"Hi, how much do I pay every year to keep my card",CARD,check_card_annual_fee,"Of course, happy to help. Annual fees vary by card, and many cards waive the fee after a certain level of yearly spending. Please check Fees and Charges for your card in the app to see your amount and the anniversary date. If you would like to ask about a waiver, customer service can review your eligibility. I am here if you need anything else."
"Hello there, can I get a payment holiday on my loan for a few months? Please advise.",RETAIL_EXCEPTION,loan_hardship_request,"Thank you for being open about this. We treat hardship requests seriously and with respect. A specialist will contact you to understand your circumstances and explore ways to reduce the pressure, for example a payment break or revised repayment plan. They may ask for proof of the change in your income. Nothing is decided in this chat, but I will raise it as a priority. We will keep you updated by message until this is resolved."
"Hi, can you list all the charges for using the ATM abroad?",FEES,check_fees,"Fees depend on the type of account or service. You can find the full list in the app under Help and then Fees and Charges, including maintenance, ATM, transfer and card fees. If you tell me the specific service you are asking about, I can explain how that fee is calculated and when it applies. Please reach out again if anything is unclear."
how can i reset my forgotten mobile banking password? please advise.,PASSWORD,get_password,"You can recover access in a few steps. Select Forgot Password on the login screen, verify your identity with the one-time code sent to your registered number, and set a new password. If you no longer have access to that number, please visit a branch with your identification to update it."
"Quick question: there is an ATM transaction I do not recognise for 2,570 dollars, how do I raise a dispute? Thanks.",ATM,dispute_ATM_withdrawal,"I will help you raise a dispute for the ATM withdrawal of 2,570 dollars. Please go to Disputes in the app, select the transaction and choose ATM Cash Issue, then give the date, time and ATM location if you have them. We will investigate with the ATM operator and most cases are reviewed within a few working days. If the ATM did not dispense the cash, the amount is usually credited back to your account."
how can i contact customer service? not sure what to do.,CONTACT,customer_service,"Sure, here is how this works. There are several ways to contact us. The quickest is the chat option in the app, which is available all day. You can also call the number printed on the back of your card or on our website, or visit any branch during opening hours. Let me know if there is anything more I can do for you."
"I cannot log in to net banking, I do not remember my password.",PASSWORD,get_password,"You can recover access in a few steps. Select Forgot Password on the login screen, verify your identity with the one-time code sent to your registered number, and set a new password. If you no longer have access to that number, please visit a branch with your identification to update it. If you need any further help, just let me know."
"Hello there, how can I enable my prepaid card for use abroad? I am travelling to Rome. Appreciate the help.",CARD,activate_card_international_usage,"To use your card overseas, open Card Controls in the app and enable International Usage. It is a good idea to set a travel period and a daily limit. If you cannot use the app, phone banking can turn it on for you after verifying your identity. Please reach out again if anything is unclear."
"good morning, the atm kept my prepaid card and i cannot get it back.",ATM,recover_swallowed_card,"I am sorry that the ATM kept your card. For your safety, I suggest blocking the card right away in the app. We will then arrange either collection from the ATM branch with identification or a replacement card sent to your address, usually within a few working days."
"Please help: how do I send GBP 1,910 to a friend's account? Please advise.",TRANSFER,make_transfer,"To make a transfer, log in to the app or net banking and go to Transfers. Add the payee by entering the name, account number and bank code, then confirm the payee with a one-time code. Enter the amount of GBP 1,910, choose the payment method, review the details and confirm. You will get a confirmation message with a reference number. I am here if you need anything else."
"Urgent: my father passed away recently, how do I access his current account? Any idea what to do",RETAIL_EXCEPTION,deceased_account_holder,"My condolences to you and your family. Accounts of a deceased customer are handled by a dedicated team with care. Please share the death certificate and your identification, and they will explain how the balance is released to the nominee or legal heir and how the account is closed. I will connect you with them, so you do not have to repeat yourself. You can ask for a human agent at any time and I will arrange it."
Please help: I need extra help managing my money after my illness. Appreciate the help.,RETAIL_EXCEPTION,vulnerable_customer_support,"Thank you for telling us, and please know that we are here to help in a way that works for you. We offer support such as large print or audio statements, assisted banking at branches, a dedicated helpline with priority handling and, in some areas, home visits. If you are worried about a suspicious call, please do not share any codes or personal details, and we will help you check it. I will connect you with our customer care specialists to set up the support you need. Please keep your reference number safe, and reply here if you need anything else."
"Hey, how do I open a joint account? Thanks",ACCOUNT,create_account,"To start, choose the type of account that suits you, then fill in the application form online. You will need identity and address documents, and you may complete a short video verification. Once approved, your account details arrive by message and email, and your debit card is sent to your address."
"Double debit on my card for Reliance Digital, please fix.",PAYMENT_EXCEPTION,duplicate_charge,"Thanks for letting us know. Please keep proof of your purchase and, if possible, the merchant receipt. We will open a dispute for the duplicate payment, and a specialist will review it with the merchant. Refunds usually take several working days once the duplicate is confirmed. You can ask for a human agent at any time and I will arrange it."
"Hello there, I need to inform the bank about the death of my husband and settle his accounts. Please help.",RETAIL_EXCEPTION,deceased_account_holder,"My condolences to you and your family. Accounts of a deceased customer are handled by a dedicated team with care. Please share the death certificate and your identification, and they will explain how the balance is released to the nominee or legal heir and how the account is closed. I will connect you with them, so you do not have to repeat yourself. Please keep your reference number safe, and reply here if you need anything else."
"urgent: please cancel my pending transfer of 1,910 usd. thank you.",TRANSFER,cancel_transfer,"Please act quickly. For transfers that have not been processed yet, use Cancel next to the transfer in your pending list. For completed transfers, raise a recall request from the same screen or through customer service, and keep the transaction reference handy. We will update you as soon as we hear back from the other bank. Let me know if there is anything more I can do for you."
"hello there, can you help me activate my card? it has not been used yet.",CARD,activate_card,"You can activate your card in two easy ways. In the mobile app, go to Cards, pick your card, and tap Activate. If you prefer, call the phone banking number printed on the back of the card and follow the voice prompts. After verification your card will be active within a few minutes. Feel free to ask if you have any other questions."
"Hi team, how can I check how much credit I have left on my card? Thanks.",CARD,check_current_balance_on_card,"Certainly, I can help with that. To check your balance, log in to net banking or the app and open Cards. The card summary shows your current balance, available credit and the last statement amount. Balances update in near real time, but very recent transactions can take a short while to appear. If you need any further help, just let me know."
Please help: can I see my last transactions? Thank you,ACCOUNT,check_recent_transactions,"Certainly, I can help with that. To review your recent activity, log in and choose the account, then select Recent Transactions. Pending items are shown separately from completed ones. If something looks unfamiliar, tap it to see the details and report it directly from that screen."
"I need help. Why was I charged a fee of GBP 1,840 this month? Thanks.",FEES,check_fees,"Thanks for reaching out, I can guide you through this. Fees depend on the type of account or service. You can find the full list in the app under Help and then Fees and Charges, including maintenance, ATM, transfer and card fees. If you tell me the specific service you are asking about, I can explain how that fee is calculated and when it applies. Please reach out again if anything is unclear."
please help: payment stuck in processing for 4 days and my rent is due. i need this sorted today.,PAYMENT_EXCEPTION,transfer_pending_stuck,"Sorry for the delay. A transfer can stay pending if the receiving bank is slow, if the details do not match, or if the payment is under review. I have noted the delay and a specialist team will trace the payment. If it cannot be completed, the money is returned to your account. We will keep you updated by message until this is resolved."
"Hello, why was my overseas payment blocked for a compliance review? Please advise.",PAYMENT_EXCEPTION,international_transfer_compliance_hold,"Thank you for your patience. Some cross border payments are checked before release, and I am not able to share the specific reason for a review. Please keep supporting documents ready. I am escalating your transfer to a specialist team, who will tell you what is required and the expected timing. We will keep you updated by message until this is resolved."
"good morning, where is the closest branch?",FIND,find_branch,"Sure, here is how this works. To find a branch, enter your area or city in the Locator and choose Branches. Each listing shows the address, working hours and the services offered, such as loans or locker facilities. Most branches are open on weekdays and some are open on Saturday mornings. Let me know if there is anything more I can do for you."
Which branch can I go to for a loan discussion? Appreciate the help.,FIND,find_branch,"To find a branch, enter your area or city in the Locator and choose Branches. Each listing shows the address, working hours and the services offered, such as loans or locker facilities. Most branches are open on weekdays and some are open on Saturday mornings. Please reach out again if anything is unclear."
"Excuse me, urgent: $39,380 payment held for security, please release it. Any idea what to do",PAYMENT_EXCEPTION,large_transaction_blocked,"I understand the urgency. Large payments can be blocked because they go over your daily limit or because our security systems flagged them for extra checks. I cannot release a held payment from this chat, but I can help you confirm it is genuine. Please approve any alert on your app, or I can connect you to a specialist who will verify you and, where possible, release the payment or raise your limit temporarily. If you would like, I can connect you with a human agent right now."
"Hello there, what do I need to do before closing my business account",ACCOUNT,close_account,"To close the account, make sure there are no pending transactions, linked cards or loans. Request closure through the app under Account Services or visit a branch. We will transfer any remaining balance to the account you nominate and confirm once the account is closed. Please reach out again if anything is unclear."
Urgent: what are the rules for choosing a password?,PASSWORD,set_up_password,"Certainly, I can help with that. To set up or change your password, log in and go to Settings and then Security. Choose Change Password, enter your current password, and type the new one twice. A strong password uses at least eight characters with a mix of letters, numbers and symbols, and should not include your name or birth date. If you need any further help, just let me know."
"Hey, where is the closest branch? Please help.",FIND,find_branch,"Certainly, I can help with that. To find a branch, enter your area or city in the Locator and choose Branches. Each listing shows the address, working hours and the services offered, such as loans or locker facilities. Most branches are open on weekdays and some are open on Saturday mornings."
"Hello there, I need to transfer money to another bank, what are the steps? Thank you",TRANSFER,make_transfer,"Sure, here is how this works. You can send money in a few steps. Open Transfers, choose Send Money and select an existing payee or add a new one. Type in the amount, check the details carefully because transfers to the wrong account can be hard to reverse, and approve with your security code. Instant methods arrive within minutes, while standard transfers can take up to one working day. Please reach out again if anything is unclear."
"Someone may have my card details, how can I block the card immediately? Thanks.",CARD,block_card,"I apologise for the trouble this has caused, let me help. To protect your money, block the card first. Use the app under Cards and Block, or call the 24 hour phone banking line and ask for an immediate block. Once blocked, please review your recent transactions and tell us about any you do not recognise so we can look into them. Let me know if there is anything more I can do for you."
"Quick question: I was charged twice by Steam for the same purchase of $1,530. I need this sorted today.",PAYMENT_EXCEPTION,duplicate_charge,"I am sorry about the double charge. Sometimes one of the two entries is only a temporary hold that drops off within a few working days, so please check whether both are marked as completed. If both are completed, raise a dispute from the transaction details in the app for the duplicate $1,530 at Steam. We will contact the merchant, and the extra amount will be returned if the duplicate is confirmed."
"Excuse me, transfer to Tokyo flagged, what proof do I need to provide? Not sure what to do.",PAYMENT_EXCEPTION,international_transfer_compliance_hold,"I understand this is frustrating. International payments can be held for a routine compliance review, which is a regulatory requirement, and we may ask for supporting documents such as an invoice, contract or proof of source of funds. I cannot see the full details of the review in this chat, so I will pass your case to our payments compliance team, who will contact you about what is needed. Providing the documents promptly usually speeds things up. We will keep you updated by message until this is resolved."
"Hi, there is an ATM transaction I do not recognise for 2,260 USD, how do I raise a dispute? Not sure what to do.",ATM,dispute_ATM_withdrawal,"I will help you raise a dispute for the ATM withdrawal of 2,260 USD. Please go to Disputes in the app, select the transaction and choose ATM Cash Issue, then give the date, time and ATM location if you have them. We will investigate with the ATM operator and most cases are reviewed within a few working days. If the ATM did not dispense the cash, the amount is usually credited back to your account."
Please help: how much do I pay every year to keep my card?,CARD,check_card_annual_fee,"Annual fees vary by card, and many cards waive the fee after a certain level of yearly spending. Please check Fees and Charges for your card in the app to see your amount and the anniversary date. If you would like to ask about a waiver, customer service can review your eligibility."
"Good morning, what are the rules for choosing a password? Please advise.",PASSWORD,set_up_password,"To set up or change your password, log in and go to Settings and then Security. Choose Change Password, enter your current password, and type the new one twice. A strong password uses at least eight characters with a mix of letters, numbers and symbols, and should not include your name or birth date."
"Urgent: I want to dispute an ATM withdrawal of $1,460 from last week.",ATM,dispute_ATM_withdrawal,"Sorry about the trouble with the ATM. Please keep the receipt if you have one and raise a dispute through the app or by calling customer service. We will check the ATM records for the withdrawal and update you by message. If the money is confirmed as not dispensed, it will be returned to your account."
"I am elderly and find the app very hard to use, can someone help me with my banking? Can you help me with this?",RETAIL_EXCEPTION,vulnerable_customer_support,"Thank you for telling us, and please know that we are here to help in a way that works for you. We offer support such as large print or audio statements, assisted banking at branches, a dedicated helpline with priority handling and, in some areas, home visits. If you are worried about a suspicious call, please do not share any codes or personal details, and we will help you check it. I will connect you with our customer care specialists to set up the support you need."
"hello there, please tell me the current balance on the card ending 5252. thank you.",CARD,check_current_balance_on_card,"Of course, happy to help. To check your balance, log in to net banking or the app and open Cards. The card summary shows your current balance, available credit and the last statement amount. Balances update in near real time, but very recent transactions can take a short while to appear."
"Hello, the bank stopped my big payment for $36,680, why? Thanks",PAYMENT_EXCEPTION,large_transaction_blocked,"Thank you for explaining. A large payment may exceed your set limit, or it may be waiting for extra verification. You can raise your limit in Card Controls after authentication, and the security team can release a held transaction after checking with you. Since it is time sensitive, shall I connect you to an agent now? You can ask for a human agent at any time and I will arrange it."
I want to check if the payment I made two days ago has gone through. Not sure what to do.,ACCOUNT,check_recent_transactions,"Thanks for reaching out, I can guide you through this. To review your recent activity, log in and choose the account, then select Recent Transactions. Pending items are shown separately from completed ones. If something looks unfamiliar, tap it to see the details and report it directly from that screen."
"i want to reverse the payment i just made, is that possible",TRANSFER,cancel_transfer,"Please act quickly. For transfers that have not been processed yet, use Cancel next to the transfer in your pending list. For completed transfers, raise a recall request from the same screen or through customer service, and keep the transaction reference handy. We will update you as soon as we hear back from the other bank. Please reach out again if anything is unclear."
"Hey, I am a student and would like to start a savings account",ACCOUNT,create_account,"Thanks for reaching out, I can guide you through this. To start, choose the type of account that suits you, then fill in the application form online. You will need identity and address documents, and you may complete a short video verification. Once approved, your account details arrive by message and email, and your debit card is sent to your address."
Please help: is there a live chat with the bank?,CONTACT,customer_service,"Thanks for reaching out, I can guide you through this. There are several ways to contact us. The quickest is the chat option in the app, which is available all day. You can also call the number printed on the back of your card or on our website, or visit any branch during opening hours. Let me know if there is anything more I can do for you."
"Good evening, can I cancel a scheduled transfer for next week? Thank you.",TRANSFER,cancel_transfer,"Of course, happy to help. Please act quickly. For transfers that have not been processed yet, use Cancel next to the transfer in your pending list. For completed transfers, raise a recall request from the same screen or through customer service, and keep the transaction reference handy. We will update you as soon as we hear back from the other bank. Feel free to ask if you have any other questions."
"Hello, I need help because I am struggling to repay my loan of INR 51,240. Please help",RETAIL_EXCEPTION,loan_hardship_request,"I am sorry you are facing this, and I am glad you reached out early. We have options for customers in financial difficulty, such as a temporary payment holiday, a longer tenure with lower instalments, or restructuring, depending on your situation. I will pass your request to our customer support team, who will review your income and expenses and discuss what is possible. Please try to keep making any payments you can, and avoid ignoring reminders, as talking to us early gives you more choices. You can ask for a human agent at any time and I will arrange it."
"hi team, is there any joining or annual fee on the prepaid card? thank you",CARD,check_card_annual_fee,"The annual fee depends on the type of card you hold. You can see the exact amount for your prepaid card in the app under Cards and Card Details, and it is also listed in your welcome kit. The fee is normally charged once a year on the card anniversary date. Some cards offer a waiver if you reach a yearly spending target. Let me know if there is anything more I can do for you."
"Pls help: pls help me make a transfer of $1,030 today. Can u help me with this?",TRANSFER,make_transfer,"You can send money in a few steps. Open Transfers, choose Send Money and select an existing payee or add a new one. Type in the amount, check the details carefully because transfers to the wrong account can be hard to reverse, and approve with your security code. Instant methods arrive within minutes, while standard transfers can take up to one working day. I am here if you need anything else."
What is the process to claim the balance in my late mother's account?,RETAIL_EXCEPTION,deceased_account_holder,"I am very sorry for your loss. Please take your time, and we will make this as simple as we can. To begin, please inform us of the death by contacting our bereavement team, who will guide you personally. You will usually need a copy of the death certificate, your own identification and proof of your relationship, and if you are the nominee, the nomination details. Because this involves legal steps, a specialist will handle your request and explain the timeline. If anything changes in the meantime, please let us know straight away."
Can you help me activate my card? It has not been used yet.,CARD,activate_card,"Of course, happy to help. You can activate your card in two easy ways. In the mobile app, go to Cards, pick your card, and tap Activate. If you prefer, call the phone banking number printed on the back of the card and follow the voice prompts. After verification your card will be active within a few minutes. Feel free to ask if you have any other questions."
"Hi, I want to cancel my mortgage application. Please help",LOAN,cancel_mortgage,"Thanks for reaching out, I can guide you through this. I can help you withdraw the mortgage application. Please contact our mortgage team through the app or at a branch and confirm the application reference. If the valuation or legal work has already started, some third party fees might still apply. Once cancelled, you will receive written confirmation."
"Quick question: I changed my name after marriage, how do I update it on my business account? Any idea what to do",RETAIL_EXCEPTION,legal_name_change,"To change your name in our records, we need proof of the legal name change, such as a marriage certificate, a gazette notification or a deed poll, together with your identification. Please upload the documents in the app under Profile or visit a branch, and we will update your accounts and cards. Because this affects several products, the update may take a few working days, and we will notify you when it is complete. If anything changes in the meantime, please let us know straight away."
Please help: what is the remaining balance on my mortgage? I need this sorted today.,LOAN,check_mortgage_payments,"Certainly, I can help with that. In the app, open Loans and select your mortgage to see your monthly payment, the next due date, the remaining balance and the split between interest and principal. Statements and a yearly interest certificate can also be downloaded from the documents section. Please reach out again if anything is unclear."
"Quick question: ATM retained my card ending 2285, how do I recover it?",ATM,recover_swallowed_card,"Please do not worry, this happens sometimes. First, block the card in the app as a precaution until you have it back. Then contact the branch that owns the ATM or call customer service, and we will check if the card was retained by the machine. If it can be recovered you may collect it with valid photo ID, otherwise we will issue a replacement card to you. If you need any further help, just let me know."
Pls help: could you tell me the yearly charges on the card ending 3303,CARD,check_card_annual_fee,"Sure, here is how this works. Annual fees vary by card, and many cards waive the fee after a certain level of yearly spending. Please check Fees and Charges for your card in the app to see your amount and the anniversary date. If you would like to ask about a waiver, customer service can review your eligibility. Please reach out again if anything is unclear."
"hello there, my loan application for 480,080 dollars was rejected and i do not understand why. thank you.",RETAIL_EXCEPTION,loan_application_rejected_appeal,"I am sorry that your application was not approved. Decisions are based on factors such as income, existing debts, credit history and the value of the loan requested, and we can share the main reasons with you. You may ask for a review, especially if your circumstances have changed or if some information was missing. I will pass your request to a loans specialist who can explain the decision and suggest what may improve your chances next time."
"Hello there, could you tell me the yearly charges on the card ending 4491? I need this sorted today",CARD,check_card_annual_fee,"Of course, happy to help. Annual fees vary by card, and many cards waive the fee after a certain level of yearly spending. Please check Fees and Charges for your card in the app to see your amount and the anniversary date. If you would like to ask about a waiver, customer service can review your eligibility. Feel free to ask if you have any other questions."
Cash was not dispensed at the ATM yet my account was debited,ATM,dispute_ATM_withdrawal,"Sorry about the trouble with the ATM. Please keep the receipt if you have one and raise a dispute through the app or by calling customer service. We will check the ATM records for the withdrawal and update you by message. If the money is confirmed as not dispensed, it will be returned to your account. Please reach out again if anything is unclear."
"good morning, how do i see my card balance and available limit? i need this sorted today.",CARD,check_current_balance_on_card,"Absolutely, let me walk you through it. To check your balance, log in to net banking or the app and open Cards. The card summary shows your current balance, available credit and the last statement amount. Balances update in near real time, but very recent transactions can take a short while to appear. I am here if you need anything else."
"Hi, I want to open a new account, what documents are required? Please advise.",ACCOUNT,create_account,"To start, choose the type of account that suits you, then fill in the application form online. You will need identity and address documents, and you may complete a short video verification. Once approved, your account details arrive by message and email, and your debit card is sent to your address."
"Hi team, I lost my card and passport in Hyderabad and I have no cash.",PAYMENT_EXCEPTION,lost_card_abroad_emergency,"That sounds very stressful. The first step is to block all lost cards so nobody can use them. Then our emergency support team can help with a replacement card delivered to your location or a cash advance, after confirming your identity. Please keep any police report reference, as it can help with disputed transactions. Please keep your reference number safe, and reply here if you need anything else."
"Excuse me, someone may have my card details, how can I block the card immediately? Please help.",CARD,block_card,"That sounds frustrating, and I will do my best to help you resolve it. You can block the card immediately in the mobile app. Go to Cards, choose the card and tap Block Card, then pick Lost or Stolen as the reason. The card stops working straight away and any new transactions are declined. We will then help you order a replacement, which usually arrives in a few working days."
"Good morning, I need extra help managing my money after my illness. Not sure what to do.",RETAIL_EXCEPTION,vulnerable_customer_support,"Thank you for telling us, and please know that we are here to help in a way that works for you. We offer support such as large print or audio statements, assisted banking at branches, a dedicated helpline with priority handling and, in some areas, home visits. If you are worried about a suspicious call, please do not share any codes or personal details, and we will help you check it. I will connect you with our customer care specialists to set up the support you need. If you would like, I can connect you with a human agent right now."
"Good morning, please block my card ending 5247, I think it was stolen. Please advise.",CARD,block_card,"I am sorry to hear about this and I want to help sort it out. To protect your money, block the card first. Use the app under Cards and Block, or call the 24 hour phone banking line and ask for an immediate block. Once blocked, please review your recent transactions and tell us about any you do not recognise so we can look into them. I am here if you need anything else."
Urgent: when is my next mortgage payment due? Thank you.,LOAN,check_mortgage_payments,"In the app, open Loans and select your mortgage to see your monthly payment, the next due date, the remaining balance and the split between interest and principal. Statements and a yearly interest certificate can also be downloaded from the documents section. Please reach out again if anything is unclear."
"Good evening, what do I need to do before closing my student account? Appreciate the help.",ACCOUNT,close_account,"Sure, here is how this works. I can explain how to close your student account. Please first clear any dues, cancel standing instructions and move the remaining balance to another account. Then submit a closure request through customer service or at a branch with valid identification. Once processed, you will receive written confirmation and the final statement. I am here if you need anything else."
Please help: can you explain the steps for a home loan application?,LOAN,apply_for_mortgage,"Of course, happy to help. For a mortgage, the first step is to check how much you can borrow using the mortgage calculator in the app. Then submit an application with your identity, income and property details, and we will arrange a valuation of the property. After approval you receive a formal offer, and the funds are released to the seller once the legal formalities are complete. A deposit is usually needed, and the amount depends on the property value and your profile."
"Excuse me, I sent GBP 433 to the wrong person, can I cancel the transfer? Thank you.",TRANSFER,cancel_transfer,"Thanks for reaching out, I can guide you through this. Please act quickly. For transfers that have not been processed yet, use Cancel next to the transfer in your pending list. For completed transfers, raise a recall request from the same screen or through customer service, and keep the transaction reference handy. We will update you as soon as we hear back from the other bank. If you need any further help, just let me know."
"Quick question: the other holder of my joint current account is not cooperating, what are my options? I need this sorted today.",RETAIL_EXCEPTION,joint_account_dispute,"Thank you for explaining. Changing the operating instruction on a joint account depends on the mandate, and sometimes a court order is needed. Our specialist team can review the account terms with you and tell you what can be done, such as requiring both signatures for withdrawals. I will connect you with them. If you would like, I can connect you with a human agent right now."
I want to talk to a real person. Appreciate the help,CONTACT,human_agent,"Certainly, I can arrange for one of our advisors to help you. I am transferring you now, and I will share the details of our conversation so you do not need to repeat yourself. If the queue is long, you can choose to receive a call back instead."
"Quick question: there is an ATM transaction I do not recognise for EUR 2,140, how do I raise a dispute? Please help.",ATM,dispute_ATM_withdrawal,"Sorry about the trouble with the ATM. Please keep the receipt if you have one and raise a dispute through the app or by calling customer service. We will check the ATM records for the withdrawal and update you by message. If the money is confirmed as not dispensed, it will be returned to your account. Let me know if there is anything more I can do for you."
"Hi, the bank asked for documents for a payment abroad and it is delayed",PAYMENT_EXCEPTION,international_transfer_compliance_hold,"Thank you for your patience. Some cross border payments are checked before release, and I am not able to share the specific reason for a review. Please keep supporting documents ready. I am escalating your transfer to a specialist team, who will tell you what is required and the expected timing. You can ask for a human agent at any time and I will arrange it."
Is there an ATM near the central railway station? Please advise,FIND,find_ATM,"Certainly, I can help with that. To locate an ATM, open the Locator in the app or on our website and search by city or landmark. Filters help you find machines that offer deposits, cheque drops or extended hours. Please remember that using an ATM outside our network may attract a fee. I am here if you need anything else."
"Excuse me, help, the cash machine did not return my card. Please help.",ATM,recover_swallowed_card,"I am sorry that the ATM kept your card. For your safety, I suggest blocking the card right away in the app. We will then arrange either collection from the ATM branch with identification or a replacement card sent to your address, usually within a few working days. Please reach out again if anything is unclear."
Urgent: I am confused and worried about a scam call asking for my details.,RETAIL_EXCEPTION,vulnerable_customer_support,"Thank you for telling us, and please know that we are here to help in a way that works for you. We offer support such as large print or audio statements, assisted banking at branches, a dedicated helpline with priority handling and, in some areas, home visits. If you are worried about a suspicious call, please do not share any codes or personal details, and we will help you check it. I will connect you with our customer care specialists to set up the support you need."
"i changed my name after marriage, how do i update it on my student account? appreciate the help",RETAIL_EXCEPTION,legal_name_change,"To change your name in our records, we need proof of the legal name change, such as a marriage certificate, a gazette notification or a deed poll, together with your identification. Please upload the documents in the app under Profile or visit a branch, and we will update your accounts and cards. Because this affects several products, the update may take a few working days, and we will notify you when it is complete. If you would like, I can connect you with a human agent right now."
"Hey, I have a visual impairment and cant read the statements, what support do you offer? Thanks.",RETAIL_EXCEPTION,vulnerable_customer_support,"Thank you for telling us, and please know that we are here to help in a way that works for you. We offer support such as large print or audio statements, assisted banking at branches, a dedicated helpline with priority handling and, in some areas, home visits. If you are worried about a suspicious call, please do not share any codes or personal details, and we will help you check it. I will connect you with our customer care specialists to set up the support you need."
"Hello there, can I see how much interest I have paid on my home loan? Thank you.",LOAN,check_mortgage_payments,"In the app, open Loans and select your mortgage to see your monthly payment, the next due date, the remaining balance and the split between interest and principal. Statements and a yearly interest certificate can also be downloaded from the documents section. Feel free to ask if you have any other questions."
"Quick question: I have a visual impairment and cannot read the statements, what support do you offer? Please advise.",RETAIL_EXCEPTION,vulnerable_customer_support,"Thank you for telling us, and please know that we are here to help in a way that works for you. We offer support such as large print or audio statements, assisted banking at branches, a dedicated helpline with priority handling and, in some areas, home visits. If you are worried about a suspicious call, please do not share any codes or personal details, and we will help you check it. I will connect you with our customer care specialists to set up the support you need. If anything changes in the meantime, please let us know straight away."
Urgent: how much do I pay every year to keep my card? Not sure what to do.,CARD,check_card_annual_fee,"Of course, happy to help. Annual fees vary by card, and many cards waive the fee after a certain level of yearly spending. Please check Fees and Charges for your card in the app to see your amount and the anniversary date. If you would like to ask about a waiver, customer service can review your eligibility. Let me know if there is anything more I can do for you."
"my wire transfer has been under review for 7 days, i need the money urgently. please advise.",PAYMENT_EXCEPTION,international_transfer_compliance_hold,"Thank you for your patience. Some cross border payments are checked before release, and I am not able to share the specific reason for a review. Please keep supporting documents ready. I am escalating your transfer to a specialist team, who will tell you what is required and the expected timing. Please keep your reference number safe, and reply here if you need anything else."
Please escalate my complaint to a senior manager,RETAIL_EXCEPTION,formal_complaint_escalation,"I am sorry that your issue has not been resolved, and you have every right to escalate. I can register a formal complaint now, which will be given a reference number and reviewed by our complaints team, who will respond in writing within the time required. If you are not satisfied with the final response, you can take the matter to the external financial ombudsman. It helps if you share the dates and details of your previous contacts."
"Good evening, pls escalate my complaint to a senior manager.",RETAIL_EXCEPTION,formal_complaint_escalation,"I am sorry that your issue has not been resolved, and you have every right to escalate. I can register a formal complaint now, which will be given a reference number and reviewed by our complaints team, who will respond in writing within the time required. If you are not satisfied with the final response, you can take the matter to the external financial ombudsman. It helps if you share the dates and details of your previous contacts. Please keep your reference number safe, and reply here if you need anything else."
"Hello, how much do I pay every year to keep my card",CARD,check_card_annual_fee,"Of course, happy to help. Annual fees vary by card, and many cards waive the fee after a certain level of yearly spending. Please check Fees and Charges for your card in the app to see your amount and the anniversary date. If you would like to ask about a waiver, customer service can review your eligibility."
"Excuse me, how do I freeze my card temporarily? I cannot find it. Appreciate the help",CARD,block_card,"That sounds frustrating, and I will do my best to help you resolve it. To protect your money, block the card first. Use the app under Cards and Block, or call the 24 hour phone banking line and ask for an immediate block. Once blocked, please review your recent transactions and tell us about any you do not recognise so we can look into them. I am here if you need anything else."
Quick question: I cancelled an order with Flipkart and the credit has not shown on my card.,PAYMENT_EXCEPTION,refund_not_received,"Thank you for the details. A refund can take some time after the merchant approves it. If it has been more than ten working days, please send us the refund confirmation from the merchant. We will trace the credit and follow up with the merchant bank on your behalf. You can ask for a human agent at any time and I will arrange it."
"Urgent: please help me close the account, I am moving abroad. Appreciate the help.",ACCOUNT,close_account,"To close the account, make sure there are no pending transactions, linked cards or loans. Request closure through the app under Account Services or visit a branch. We will transfer any remaining balance to the account you nominate and confirm once the account is closed. I am here if you need anything else."
"Hey, how can I withdraw my home loan request? Please advise",LOAN,cancel_mortgage,"To cancel a mortgage application, send a withdrawal request with your application reference. Any costs already incurred for valuation or legal checks may not be refundable. We will confirm the cancellation in writing and close the file. I am here if you need anything else."
"Hi, I have a visual impairment and cant read the statements, what support do u offer? Appreciate the help.",RETAIL_EXCEPTION,vulnerable_customer_support,"Thank you for telling us, and please know that we are here to help in a way that works for you. We offer support such as large print or audio statements, assisted banking at branches, a dedicated helpline with priority handling and, in some areas, home visits. If you are worried about a suspicious call, please do not share any codes or personal details, and we will help you check it. I will connect you with our customer care specialists to set up the support you need. Please keep your reference number safe, and reply here if you need anything else."
"Hello there, I am behind on my mortgage payments and worried about losing my home. I need this sorted today.",RETAIL_EXCEPTION,mortgage_arrears_support,"I understand how worrying this is, and I want you to know that help is available. Please do not ignore the notice, because early contact gives us more options such as revising the payment plan, extending the term or a temporary arrangement. I will connect you with our specialist mortgage support team, who can go through the details with you in confidence. It is also worth getting free independent money advice alongside speaking to us. Please keep your reference number safe, and reply here if you need anything else."
Please help: how can I change my password to something stronger,PASSWORD,set_up_password,"New customers can create a password using the First Time Login option. Enter your customer ID, verify with a one-time code, then choose a password that meets the rules shown on screen. Please do not share it with anyone, including bank staff. Feel free to ask if you have any other questions."
"Hello, please explain how to apply for a loan online.",LOAN,apply_for_loan,"Sure, here is how this works. To apply for a loan, go to Loans in the app and select the type of loan you need. Enter the amount and tenure, upload the required documents and submit. Your eligibility is based on income, existing commitments and credit score, and you will see a decision and an offer once the review is complete."
"The ATM did not give me the full cash but the money was deducted, I withdrew GBP 1,130. Please help.",ATM,dispute_ATM_withdrawal,"I will help you raise a dispute for the ATM withdrawal of GBP 1,130. Please go to Disputes in the app, select the transaction and choose ATM Cash Issue, then give the date, time and ATM location if you have them. We will investigate with the ATM operator and most cases are reviewed within a few working days. If the ATM did not dispense the cash, the amount is usually credited back to your account. If you need any further help, just let me know."
"Good morning, someone may have my card details, how can I block the card immediately? Can you help me with this?",CARD,block_card,"You can block the card immediately in the mobile app. Go to Cards, choose the card and tap Block Card, then pick Lost or Stolen as the reason. The card stops working straight away and any new transactions are declined. We will then help you order a replacement, which usually arrives in a few working days."
"hello there, my income has dropped, can you restructure my car loan? please help",RETAIL_EXCEPTION,loan_hardship_request,"I am sorry you are facing this, and I am glad you reached out early. We have options for customers in financial difficulty, such as a temporary payment holiday, a longer tenure with lower instalments, or restructuring, depending on your situation. I will pass your request to our customer support team, who will review your income and expenses and discuss what is possible. Please try to keep making any payments you can, and avoid ignoring reminders, as talking to us early gives you more choices. Please keep your reference number safe, and reply here if you need anything else."
"Please help: I need a person to help me with this, not an automated reply.",CONTACT,human_agent,"Of course. I will connect you with a human agent now. Please stay in this chat, and it helps if you briefly describe your issue so the agent can pick up straight away. Waiting times can vary, and if it is not urgent you can also request a call back at a time that suits you. Let me know if there is anything more I can do for you."
"hello there, how can i add a new payee and transfer funds?",TRANSFER,make_transfer,"Absolutely, let me walk you through it. You can send money in a few steps. Open Transfers, choose Send Money and select an existing payee or add a new one. Type in the amount, check the details carefully because transfers to the wrong account can be hard to reverse, and approve with your security code. Instant methods arrive within minutes, while standard transfers can take up to one working day. Feel free to ask if you have any other questions."
"i am abroad and my debit card stopped working at the shop, please help now",PAYMENT_EXCEPTION,card_declined_while_travelling,"Sorry about the inconvenience, especially while you are travelling. Please check that international transactions are enabled and that you have not reached your daily limit. Because this is urgent, I recommend calling the emergency line on the back of the card, where an agent can verify you and remove any block. Emergency cash or a replacement card can be arranged if needed. We will keep you updated by message until this is resolved."
Where can I download my statement for the last 7 days? Thanks.,ACCOUNT,check_recent_transactions,"Absolutely, let me walk you through it. To review your recent activity, log in and choose the account, then select Recent Transactions. Pending items are shown separately from completed ones. If something looks unfamiliar, tap it to see the details and report it directly from that screen. Feel free to ask if you have any other questions."
"Hello, I lost my card and passport in Amsterdam and I have no cash. Any idea what to do",PAYMENT_EXCEPTION,lost_card_abroad_emergency,"That sounds very stressful. The first step is to block all lost cards so nobody can use them. Then our emergency support team can help with a replacement card delivered to your location or a cash advance, after confirming your identity. Please keep any police report reference, as it can help with disputed transactions."
please help: can you help me activate my card? it has not been used yet. i need this sorted today,CARD,activate_card,"You can activate your card in two easy ways. In the mobile app, go to Cards, pick your card, and tap Activate. If you prefer, call the phone banking number printed on the back of the card and follow the voice prompts. After verification your card will be active within a few minutes."
"Good morning, when is my next personal loan instalment due? Please advise.",LOAN,check_loan_payments,"Certainly, I can help with that. You can see your repayment details in the app under Loans. Select your personal loan to view the instalment amount, the next due date, the number of payments remaining and the total outstanding balance. The full repayment schedule can also be downloaded as a document. Please reach out again if anything is unclear."
"hello, how can i contact customer service? i need this sorted today",CONTACT,customer_service,"Of course, happy to help. You can reach customer service by phone banking, through secure chat in the mobile app, or by email through the Contact Us section. Phone and chat support are available round the clock for urgent matters such as blocking a card, and other requests are handled during business hours. Please keep your customer ID handy so we can help you faster. Let me know if there is anything more I can do for you."
"excuse me, please put me through to a customer service representative. appreciate the help.",CONTACT,human_agent,"Certainly, I can arrange for one of our advisors to help you. I am transferring you now, and I will share the details of our conversation so you do not need to repeat yourself. If the queue is long, you can choose to receive a call back instead."
"Sent $1,120 to a stranger by mistake last night. I need this sorted today.",PAYMENT_EXCEPTION,transfer_wrong_account,"I am sorry this happened. Please raise a wrong transfer request in the app or with customer service right away with the payment reference. We will ask the receiving bank to hold and return the funds, but they need the account holder consent, so the timing can vary. A specialist will follow up with you."
"Hello, how do I withdraw my loan request?",LOAN,cancel_loan,"To cancel a loan application, tell us which application you mean and we will stop the process. Before disbursal there is normally no cost. After disbursal, the loan must be closed by repaying the outstanding amount, and we will give you the exact figure and any applicable charges. If you need any further help, just let me know."
"Quick question: I do not want a bot, please connect me to an advisor. thx.",CONTACT,human_agent,"Certainly, I can arrange for one of our advisors to help you. I am transferring you now, and I will share the details of our conversation so you do not need to repeat yourself. If the queue is long, you can choose to receive a call back instead."
"Hello there, why was I charged a fee of GBP 358 this month? Can you help me with this?",FEES,check_fees,"Fees depend on the type of account or service. You can find the full list in the app under Help and then Fees and Charges, including maintenance, ATM, transfer and card fees. If you tell me the specific service you are asking about, I can explain how that fee is calculated and when it applies."
"Hello, I found a recurring payment on my card that I do not recognise. Not sure what to do.",PAYMENT_EXCEPTION,recurring_payment_unauthorized,"Sorry about the trouble. We can block future payments to the merchant on your card, and I can start a dispute for charges you did not authorise. Please share the dates and the amounts of the payments and any cancellation emails you have. A specialist will review whether the money can be recovered. If you would like, I can connect you with a human agent right now."
"hi team, i entered the wrong account number and sent $1,180, please help me get it back. thank you.",PAYMENT_EXCEPTION,transfer_wrong_account,"I am sorry this happened. Please raise a wrong transfer request in the app or with customer service right away with the payment reference. We will ask the receiving bank to hold and return the funds, but they need the account holder consent, so the timing can vary. A specialist will follow up with you. If anything changes in the meantime, please let us know straight away."
"Hello, the bank stopped my big payment for GBP 49,910, why? Please advise",PAYMENT_EXCEPTION,large_transaction_blocked,"Thank you for explaining. A large payment may exceed your set limit, or it may be waiting for extra verification. You can raise your limit in Card Controls after authentication, and the security team can release a held transaction after checking with you. Since it is time sensitive, shall I connect you to an agent now?"
"Hi team, is there any joining or annual fee on the travel card?",CARD,check_card_annual_fee,"Annual fees vary by card, and many cards waive the fee after a certain level of yearly spending. Please check Fees and Charges for your card in the app to see your amount and the anniversary date. If you would like to ask about a waiver, customer service can review your eligibility. I am here if you need anything else."
"Excuse me, why was my overseas payment blocked for a compliance review? Thanks.",PAYMENT_EXCEPTION,international_transfer_compliance_hold,"I understand this is frustrating. International payments can be held for a routine compliance review, which is a regulatory requirement, and we may ask for supporting documents such as an invoice, contract or proof of source of funds. I cannot see the full details of the review in this chat, so I will pass your case to our payments compliance team, who will contact you about what is needed. Providing the documents promptly usually speeds things up."
"Good morning, is there a fee if my balance drops below the minimum? I need this sorted today.",FEES,check_fees,"I can help you understand the charges. Common fees include monthly maintenance, foreign transaction fees, ATM use outside our network and penalties for low balance. Your latest statement shows every fee that has been applied, and customer service can review any fee you believe was charged in error. Please reach out again if anything is unclear."
"Quick question: I forgot my password, how do I get it back",PASSWORD,get_password,"You can recover access in a few steps. Select Forgot Password on the login screen, verify your identity with the one-time code sent to your registered number, and set a new password. If you no longer have access to that number, please visit a branch with your identification to update it."
quick question: i want a written response to my complaint about business account charges. i need this sorted today,RETAIL_EXCEPTION,formal_complaint_escalation,"I am sorry that your issue has not been resolved, and you have every right to escalate. I can register a formal complaint now, which will be given a reference number and reviewed by our complaints team, who will respond in writing within the time required. If you are not satisfied with the final response, you can take the matter to the external financial ombudsman. It helps if you share the dates and details of your previous contacts. You can ask for a human agent at any time and I will arrange it."
"Urgent: my card went missing last Friday, block it asap. Can you help me with this",CARD,block_card,"To protect your money, block the card first. Use the app under Cards and Block, or call the 24 hour phone banking line and ask for an immediate block. Once blocked, please review your recent transactions and tell us about any you do not recognise so we can look into them. I am here if you need anything else."
Quick question: is there any joining or annual fee on the prepaid card? Thank you.,CARD,check_card_annual_fee,"Certainly, I can help with that. Annual fees vary by card, and many cards waive the fee after a certain level of yearly spending. Please check Fees and Charges for your card in the app to see your amount and the anniversary date. If you would like to ask about a waiver, customer service can review your eligibility. I am here if you need anything else."
why did uber take $670 two times? i need this sorted today.,PAYMENT_EXCEPTION,duplicate_charge,"Thanks for letting us know. Please keep proof of your purchase and, if possible, the merchant receipt. We will open a dispute for the duplicate payment, and a specialist will review it with the merchant. Refunds usually take several working days once the duplicate is confirmed. You can ask for a human agent at any time and I will arrange it."
"I sent GBP 2,800 and it is not credited, but it was debited from my account. I need this sorted today.",PAYMENT_EXCEPTION,transfer_pending_stuck,"Sorry for the delay. A transfer can stay pending if the receiving bank is slow, if the details do not match, or if the payment is under review. I have noted the delay and a specialist team will trace the payment. If it cannot be completed, the money is returned to your account. We will keep you updated by message until this is resolved."
"Good evening, what are the opening hours of the branch near the bus terminal?",FIND,find_branch,"To find a branch, enter your area or city in the Locator and choose Branches. Each listing shows the address, working hours and the services offered, such as loans or locker facilities. Most branches are open on weekdays and some are open on Saturday mornings."
quick question: what is the annual fee for my prepaid card? can you help me with this,CARD,check_card_annual_fee,"Absolutely, let me walk you through it. Annual fees vary by card, and many cards waive the fee after a certain level of yearly spending. Please check Fees and Charges for your card in the app to see your amount and the anniversary date. If you would like to ask about a waiver, customer service can review your eligibility. Feel free to ask if you have any other questions."
"Hi, my card got stuck in the machine last weekend. Thank you.",ATM,recover_swallowed_card,"I am sorry that the ATM kept your card. For your safety, I suggest blocking the card right away in the app. We will then arrange either collection from the ATM branch with identification or a replacement card sent to your address, usually within a few working days."
"please help: why is my account restricted, i need to pay bills today. can you help me with this?",RETAIL_EXCEPTION,account_frozen_kyc,"I understand how stressful it is to have an account restricted. Accounts are sometimes frozen when identity documents are missing or expired, or when a compliance review is needed. I cannot lift a restriction from this chat, but I can raise a priority request with our account services team. Please keep your photo ID, proof of address and recent photograph ready, and a specialist will contact you with the exact documents required. If you would like, I can connect you with a human agent right now."
I want to check if the payment I made yesterday has gone through. Appreciate the help.,ACCOUNT,check_recent_transactions,"To review your recent activity, log in and choose the account, then select Recent Transactions. Pending items are shown separately from completed ones. If something looks unfamiliar, tap it to see the details and report it directly from that screen. Let me know if there is anything more I can do for you."
"my income has dropped, can you restructure my business loan? thank you.",RETAIL_EXCEPTION,loan_hardship_request,"I am sorry you are facing this, and I am glad you reached out early. We have options for customers in financial difficulty, such as a temporary payment holiday, a longer tenure with lower instalments, or restructuring, depending on your situation. I will pass your request to our customer support team, who will review your income and expenses and discuss what is possible. Please try to keep making any payments you can, and avoid ignoring reminders, as talking to us early gives you more choices. If anything changes in the meantime, please let us know straight away."
"Hi, is there any joining or annual fee on the travel card?",CARD,check_card_annual_fee,"The annual fee depends on the type of card you hold. You can see the exact amount for your travel card in the app under Cards and Card Details, and it is also listed in your welcome kit. The fee is normally charged once a year on the card anniversary date. Some cards offer a waiver if you reach a yearly spending target. If you need any further help, just let me know."
"Good morning, how can I avoid repossession of my house?",RETAIL_EXCEPTION,mortgage_arrears_support,"I understand how worrying this is, and I want you to know that help is available. Please do not ignore the notice, because early contact gives us more options such as revising the payment plan, extending the term or a temporary arrangement. I will connect you with our specialist mortgage support team, who can go through the details with you in confidence. It is also worth getting free independent money advice alongside speaking to us. Please keep your reference number safe, and reply here if you need anything else."
"Hello there, I am behind on my mortgage payments and worried about losing my home. Thank you.",RETAIL_EXCEPTION,mortgage_arrears_support,"Thank you for reaching out. Falling behind on a mortgage is stressful, and there are steps we can explore together. A mortgage support specialist will review your account, your income and expenses, and discuss a plan that suits you. I am raising this as urgent so they contact you soon. If anything changes in the meantime, please let us know straight away."
"hi, please tell me the reason my loan was denied. please advise.",RETAIL_EXCEPTION,loan_application_rejected_appeal,"I am sorry that your application was not approved. Decisions are based on factors such as income, existing debts, credit history and the value of the loan requested, and we can share the main reasons with you. You may ask for a review, especially if your circumstances have changed or if some information was missing. I will pass your request to a loans specialist who can explain the decision and suggest what may improve your chances next time. If you would like, I can connect you with a human agent right now."
"I need help. Please cancel my pending transfer of GBP 1,310. I need this sorted today",TRANSFER,cancel_transfer,"Please act quickly. For transfers that have not been processed yet, use Cancel next to the transfer in your pending list. For completed transfers, raise a recall request from the same screen or through customer service, and keep the transaction reference handy. We will update you as soon as we hear back from the other bank."
"Hi team, I need to withdraw cash in Singapore, where can I find one of your ATMs? thx",FIND,find_ATM,"To locate an ATM, open the Locator in the app or on our website and search by city or landmark. Filters help you find machines that offer deposits, cheque drops or extended hours. Please remember that using an ATM outside our network may attract a fee."
Urgent: how can I avoid repossession of my house? Please help,RETAIL_EXCEPTION,mortgage_arrears_support,"Thank you for reaching out. Falling behind on a mortgage is stressful, and there are steps we can explore together. A mortgage support specialist will review your account, your income and expenses, and discuss a plan that suits you. I am raising this as urgent so they contact you soon. Please keep your reference number safe, and reply here if you need anything else."
urgent: where do i activate the platinum credit card i got last weekend? thanks,CARD,activate_card,"Sure, here is how this works. First, open the mobile app or net banking and go to the Cards section. Then select your platinum credit card and choose Activate Card. You will receive a one-time code on your registered mobile number, so enter it to confirm. Once that is done, the card is active and ready to use straight away. If you need any further help, just let me know."
"Good evening, I just received my travel card in the mail, how can I start using it? Please advise.",CARD,activate_card,"Thanks for reaching out, I can guide you through this. First, open the mobile app or net banking and go to the Cards section. Then select your travel card and choose Activate Card. You will receive a one-time code on your registered mobile number, so enter it to confirm. Once that is done, the card is active and ready to use straight away. Please reach out again if anything is unclear."
"Hey, im abroad and my platinum credit card stopped working at the shop, pls help now. Any idea what to do",PAYMENT_EXCEPTION,card_declined_while_travelling,"Sorry about the inconvenience, especially while you are travelling. Please check that international transactions are enabled and that you have not reached your daily limit. Because this is urgent, I recommend calling the emergency line on the back of the card, where an agent can verify you and remove any block. Emergency cash or a replacement card can be arranged if needed. We will keep you updated by message until this is resolved."
"Hello there, pls enable international transactions on my card ending 2266. Can you help me with this",CARD,activate_card_international_usage,"Certainly, I can help with that. To use your card overseas, open Card Controls in the app and enable International Usage. It is a good idea to set a travel period and a daily limit. If you cannot use the app, phone banking can turn it on for you after verifying your identity. Please reach out again if anything is unclear."
Quick question: how can I enable my prepaid card for use abroad? I am travelling to Rome. Not sure what to do.,CARD,activate_card_international_usage,"International usage can be switched on from the mobile app. Go to Cards, select your prepaid card, open Card Controls and turn on International Transactions. You can also set the dates of your trip and a spending limit for extra safety. Changes usually take effect within a few minutes, so please do it before you leave. If you need any further help, just let me know."
"i need help. please help me close the account, i am moving abroad. any idea what to do?",ACCOUNT,close_account,"To close the account, make sure there are no pending transactions, linked cards or loans. Request closure through the app under Account Services or visit a branch. We will transfer any remaining balance to the account you nominate and confirm once the account is closed. Let me know if there is anything more I can do for you."
"I need to visit a branch, can you help me find one?",FIND,find_branch,"To find a branch, enter your area or city in the Locator and choose Branches. Each listing shows the address, working hours and the services offered, such as loans or locker facilities. Most branches are open on weekdays and some are open on Saturday mornings. If you need any further help, just let me know."
Please help: how do I stop a transfer I made this morning? Appreciate the help.,TRANSFER,cancel_transfer,"Please act quickly. For transfers that have not been processed yet, use Cancel next to the transfer in your pending list. For completed transfers, raise a recall request from the same screen or through customer service, and keep the transaction reference handy. We will update you as soon as we hear back from the other bank. Please reach out again if anything is unclear."
"Hello there, my debit card does not work outside the country, how do I switch on overseas payments? Appreciate the help.",CARD,activate_card_international_usage,"Absolutely, let me walk you through it. International usage can be switched on from the mobile app. Go to Cards, select your debit card, open Card Controls and turn on International Transactions. You can also set the dates of your trip and a spending limit for extra safety. Changes usually take effect within a few minutes, so please do it before you leave."
I need help. Can u list all the charges for using the ATM abroad? Any idea what to do?,FEES,check_fees,"Of course, happy to help. I can help you understand the charges. Common fees include monthly maintenance, foreign transaction fees, ATM use outside our network and penalties for low balance. Your latest statement shows every fee that has been applied, and customer service can review any fee you believe was charged in error. Please reach out again if anything is unclear."
"Good morning, how can I enable my prepaid card for use abroad? I am travelling to Paris. Not sure what to do",CARD,activate_card_international_usage,"To use your card overseas, open Card Controls in the app and enable International Usage. It is a good idea to set a travel period and a daily limit. If you cannot use the app, phone banking can turn it on for you after verifying your identity. Let me know if there is anything more I can do for you."
"Good evening, what documents do I need to update my name with the bank? Pls help.",RETAIL_EXCEPTION,legal_name_change,"To change your name in our records, we need proof of the legal name change, such as a marriage certificate, a gazette notification or a deed poll, together with your identification. Please upload the documents in the app under Profile or visit a branch, and we will update your accounts and cards. Because this affects several products, the update may take a few working days, and we will notify you when it is complete. You can ask for a human agent at any time and I will arrange it."
"Hello there, my father passed away recently, how do I access his business account? I need this sorted today.",RETAIL_EXCEPTION,deceased_account_holder,"My condolences to you and your family. Accounts of a deceased customer are handled by a dedicated team with care. Please share the death certificate and your identification, and they will explain how the balance is released to the nominee or legal heir and how the account is closed. I will connect you with them, so you do not have to repeat yourself."
"suspicious login on my account from another country, pls secure it.",RETAIL_EXCEPTION,identity_theft_account_takeover,"I am very sorry, and I will treat this as urgent. To protect you, we should restrict access to your account and cards immediately, and I am escalating this to our fraud and security team now. Please do not use the same password anywhere else, avoid clicking links in unexpected messages, and keep a note of any suspicious messages or calls. A specialist will contact you on a verified number to restore your access and review the activity. We will keep you updated by message until this is resolved."
I need help. Is there any joining or annual fee on the platinum credit card? Can you help me with this?,CARD,check_card_annual_fee,"Sure, here is how this works. Annual fees vary by card, and many cards waive the fee after a certain level of yearly spending. Please check Fees and Charges for your card in the app to see your amount and the anniversary date. If you would like to ask about a waiver, customer service can review your eligibility. I am here if you need anything else."
where is the nearest atm? thanks.,FIND,find_ATM,"To locate an ATM, open the Locator in the app or on our website and search by city or landmark. Filters help you find machines that offer deposits, cheque drops or extended hours. Please remember that using an ATM outside our network may attract a fee. Feel free to ask if you have any other questions."
Please explain how to apply for a loan online. Any idea what to do,LOAN,apply_for_loan,"Certainly, I can help with that. To apply for a loan, go to Loans in the app and select the type of loan you need. Enter the amount and tenure, upload the required documents and submit. Your eligibility is based on income, existing commitments and credit score, and you will see a decision and an offer once the review is complete. Feel free to ask if you have any other questions."
"hello, why is my account restricted, i need to pay bills today. any idea what to do?",RETAIL_EXCEPTION,account_frozen_kyc,"I am sorry for the inconvenience. A restriction usually means we need to verify or update some information. You can complete the update in the app under Profile and KYC, or visit a branch. If you have already submitted documents, I will ask the team to prioritise the review and update you."
Quick question: please change my surname on all my accounts. Please advise.,RETAIL_EXCEPTION,legal_name_change,"To change your name in our records, we need proof of the legal name change, such as a marriage certificate, a gazette notification or a deed poll, together with your identification. Please upload the documents in the app under Profile or visit a branch, and we will update your accounts and cards. Because this affects several products, the update may take a few working days, and we will notify you when it is complete. Please keep your reference number safe, and reply here if you need anything else."
"Excuse me, how can I enable my debit card for use abroad? I am travelling to Bangkok.",CARD,activate_card_international_usage,"Certainly, I can help with that. International usage can be switched on from the mobile app. Go to Cards, select your debit card, open Card Controls and turn on International Transactions. You can also set the dates of your trip and a spending limit for extra safety. Changes usually take effect within a few minutes, so please do it before you leave."
"I need help. I just received my platinum credit card in the mail, how can I start using it",CARD,activate_card,"First, open the mobile app or net banking and go to the Cards section. Then select your platinum credit card and choose Activate Card. You will receive a one-time code on your registered mobile number, so enter it to confirm. Once that is done, the card is active and ready to use straight away."
"Pls help: my wallet with my debit card was stolen in Paris, what do I do",PAYMENT_EXCEPTION,lost_card_abroad_emergency,"That sounds very stressful. The first step is to block all lost cards so nobody can use them. Then our emergency support team can help with a replacement card delivered to your location or a cash advance, after confirming your identity. Please keep any police report reference, as it can help with disputed transactions. Please keep your reference number safe, and reply here if you need anything else."
"please help: we decided not to buy the house, how do i cancel the mortgage?",LOAN,cancel_mortgage,"I can help you withdraw the mortgage application. Please contact our mortgage team through the app or at a branch and confirm the application reference. If the valuation or legal work has already started, some third party fees might still apply. Once cancelled, you will receive written confirmation. I am here if you need anything else."
"Good morning, what documents do I need to update my name with the bank? Any idea what to do",RETAIL_EXCEPTION,legal_name_change,"To change your name in our records, we need proof of the legal name change, such as a marriage certificate, a gazette notification or a deed poll, together with your identification. Please upload the documents in the app under Profile or visit a branch, and we will update your accounts and cards. Because this affects several products, the update may take a few working days, and we will notify you when it is complete. If anything changes in the meantime, please let us know straight away."
"Good morning, the seller is not responding and I want my GBP 327 back through my card. Please help.",PAYMENT_EXCEPTION,chargeback_request,Thank you for the details. A card dispute can be raised for items not received or not as described. We will need your order confirmation and any communication with the seller. Our disputes team will assess the claim and let you know whether the amount can be recovered. We will keep you updated by message until this is resolved.
"Hello there, I want to freeze the joint account until we settle things. Not sure what to do.",RETAIL_EXCEPTION,joint_account_dispute,"Thank you for explaining. Changing the operating instruction on a joint account depends on the mandate, and sometimes a court order is needed. Our specialist team can review the account terms with you and tell you what can be done, such as requiring both signatures for withdrawals. I will connect you with them. We will keep you updated by message until this is resolved."
"Good morning, find me a cash machine close to me.",FIND,find_ATM,"Sure, here is how this works. To locate an ATM, open the Locator in the app or on our website and search by city or landmark. Filters help you find machines that offer deposits, cheque drops or extended hours. Please remember that using an ATM outside our network may attract a fee."
"Urgent: help, the cash machine did not return my card.",ATM,recover_swallowed_card,"Please do not worry, this happens sometimes. First, block the card in the app as a precaution until you have it back. Then contact the branch that owns the ATM or call customer service, and we will check if the card was retained by the machine. If it can be recovered you may collect it with valid photo ID, otherwise we will issue a replacement card to you."
"hello, i lost my card and passport in rome and i have no cash",PAYMENT_EXCEPTION,lost_card_abroad_emergency,"I am sorry to hear that, and please make sure you are safe first. Block your cards immediately in the app, or call our 24 hour emergency line if you cannot log in. We can arrange an emergency replacement card or emergency cash in Rome, and our agent will verify your identity and guide you on the fastest option. I suggest reporting the theft to the local police as well, since some claims need a report. We will keep you updated by message until this is resolved."
"Hi, I found a recurring payment on my card that I do not recognise. Pls advise.",PAYMENT_EXCEPTION,recurring_payment_unauthorized,"Sorry about the trouble. We can block future payments to the merchant on your card, and I can start a dispute for charges you did not authorise. Please share the dates and the amounts of the payments and any cancellation emails you have. A specialist will review whether the money can be recovered. If anything changes in the meantime, please let us know straight away."
"Hello, how do I view what I spent this week? Not sure what to do",ACCOUNT,check_recent_transactions,"Of course, happy to help. To review your recent activity, log in and choose the account, then select Recent Transactions. Pending items are shown separately from completed ones. If something looks unfamiliar, tap it to see the details and report it directly from that screen. If you need any further help, just let me know."
"need to switch on my new card, what should i do? pls advise.",CARD,activate_card,"You can activate your card in two easy ways. In the mobile app, go to Cards, pick your card, and tap Activate. If you prefer, call the phone banking number printed on the back of the card and follow the voice prompts. After verification your card will be active within a few minutes. Feel free to ask if you have any other questions."
"hey, how can i reset my forgotten mobile banking password",PASSWORD,get_password,"I am sorry you are locked out. On the login page, tap Forgot Password and enter your customer ID. We will send a one-time code to your registered mobile number, and after you enter it you can choose a new password. For security reasons we can never tell you your old password. If you need any further help, just let me know."
Quick question: how do I set up a password for net banking? Thanks.,PASSWORD,set_up_password,"Sure, here is how this works. To set up or change your password, log in and go to Settings and then Security. Choose Change Password, enter your current password, and type the new one twice. A strong password uses at least eight characters with a mix of letters, numbers and symbols, and should not include your name or birth date. Let me know if there is anything more I can do for you."
Quick question: do you have ATMs that accept cash deposits nearby?,FIND,find_ATM,"To locate an ATM, open the Locator in the app or on our website and search by city or landmark. Filters help you find machines that offer deposits, cheque drops or extended hours. Please remember that using an ATM outside our network may attract a fee. I am here if you need anything else."
"hi team, how can i check how much credit i have left on my card? not sure what to do.",CARD,check_current_balance_on_card,"To check your balance, log in to net banking or the app and open Cards. The card summary shows your current balance, available credit and the last statement amount. Balances update in near real time, but very recent transactions can take a short while to appear."
"Hello, what is the annual fee for my prepaid card? Please help.",CARD,check_card_annual_fee,"Certainly, I can help with that. The annual fee depends on the type of card you hold. You can see the exact amount for your prepaid card in the app under Cards and Card Details, and it is also listed in your welcome kit. The fee is normally charged once a year on the card anniversary date. Some cards offer a waiver if you reach a yearly spending target. Please reach out again if anything is unclear."
"Hey, please help me make a transfer of 1,820 USD today.",TRANSFER,make_transfer,"You can send money in a few steps. Open Transfers, choose Send Money and select an existing payee or add a new one. Type in the amount, check the details carefully because transfers to the wrong account can be hard to reverse, and approve with your security code. Instant methods arrive within minutes, while standard transfers can take up to one working day. If you need any further help, just let me know."
"I need help. I just received my prepaid card in the mail, how can I start using it? Can you help me with this?",CARD,activate_card,"Of course, happy to help. First, open the mobile app or net banking and go to the Cards section. Then select your prepaid card and choose Activate Card. You will receive a one-time code on your registered mobile number, so enter it to confirm. Once that is done, the card is active and ready to use straight away. Please reach out again if anything is unclear."
Please help: my student account has been frozen and I do not know why. Can you help me with this?,RETAIL_EXCEPTION,account_frozen_kyc,"I am sorry for the inconvenience. A restriction usually means we need to verify or update some information. You can complete the update in the app under Profile and KYC, or visit a branch. If you have already submitted documents, I will ask the team to prioritise the review and update you. You can ask for a human agent at any time and I will arrange it."
"hi team, where do i activate the credit card i got last friday?",CARD,activate_card,"Of course, happy to help. You can activate your card in two easy ways. In the mobile app, go to Cards, pick your card, and tap Activate. If you prefer, call the phone banking number printed on the back of the card and follow the voice prompts. After verification your card will be active within a few minutes."
"i need help. where is my refund, it has been 3 days? can you help me with this?",PAYMENT_EXCEPTION,refund_not_received,"Thank you for the details. A refund can take some time after the merchant approves it. If it has been more than ten working days, please send us the refund confirmation from the merchant. We will trace the credit and follow up with the merchant bank on your behalf. If anything changes in the meantime, please let us know straight away."
"Good evening, how much is the fee for an international transfer? thx.",FEES,check_fees,"Fees depend on the type of account or service. You can find the full list in the app under Help and then Fees and Charges, including maintenance, ATM, transfer and card fees. If you tell me the specific service you are asking about, I can explain how that fee is calculated and when it applies. Feel free to ask if you have any other questions."
Do you have ATMs that accept cash deposits nearby? Please help.,FIND,find_ATM,"Certainly, I can help with that. To locate an ATM, open the Locator in the app or on our website and search by city or landmark. Filters help you find machines that offer deposits, cheque drops or extended hours. Please remember that using an ATM outside our network may attract a fee. If you need any further help, just let me know."
Please guide me through creating a new account. Thank you,ACCOUNT,create_account,"Sure, here is how this works. To start, choose the type of account that suits you, then fill in the application form online. You will need identity and address documents, and you may complete a short video verification. Once approved, your account details arrive by message and email, and your debit card is sent to your address. Please reach out again if anything is unclear."
"Hello, how much do I pay every year to keep my card? Thank you.",CARD,check_card_annual_fee,"Sure, here is how this works. Annual fees vary by card, and many cards waive the fee after a certain level of yearly spending. Please check Fees and Charges for your card in the app to see your amount and the anniversary date. If you would like to ask about a waiver, customer service can review your eligibility. I am here if you need anything else."
"Good evening, can I open an account online without visiting the branch? Thanks",ACCOUNT,create_account,"Absolutely, let me walk you through it. To start, choose the type of account that suits you, then fill in the application form online. You will need identity and address documents, and you may complete a short video verification. Once approved, your account details arrive by message and email, and your debit card is sent to your address. I am here if you need anything else."
what fees do you charge on my account?,FEES,check_fees,"I can help you understand the charges. Common fees include monthly maintenance, foreign transaction fees, ATM use outside our network and penalties for low balance. Your latest statement shows every fee that has been applied, and customer service can review any fee you believe was charged in error."
"Excuse me, im elderly and find the app very hard to use, can someone help me with my banking? I need this sorted today.",RETAIL_EXCEPTION,vulnerable_customer_support,"Thank you for telling us, and please know that we are here to help in a way that works for you. We offer support such as large print or audio statements, assisted banking at branches, a dedicated helpline with priority handling and, in some areas, home visits. If you are worried about a suspicious call, please do not share any codes or personal details, and we will help you check it. I will connect you with our customer care specialists to set up the support you need. If you would like, I can connect you with a human agent right now."
"Excuse me, please help me recover my login details. Can you help me with this?",PASSWORD,get_password,"You can recover access in a few steps. Select Forgot Password on the login screen, verify your identity with the one-time code sent to your registered number, and set a new password. If you no longer have access to that number, please visit a branch with your identification to update it."
"Good morning, please cancel the card ending 8216. Appreciate the help.",CARD,cancel_card,I can guide you through cancelling your card. First check that there are no pending transactions or unpaid dues. Then submit a cancellation request through the app or by phone banking. You will get a confirmation message once the card is closed. I am here if you need anything else.
"urgent: i want to make a large purchase of inr 16,280 but my card keeps getting declined. thanks",PAYMENT_EXCEPTION,large_transaction_blocked,"Thank you for explaining. A large payment may exceed your set limit, or it may be waiting for extra verification. You can raise your limit in Card Controls after authentication, and the security team can release a held transaction after checking with you. Since it is time sensitive, shall I connect you to an agent now? You can ask for a human agent at any time and I will arrange it."
"Good morning, I was charged twice by Spotify for the same purchase of EUR 1,270. I need this sorted today.",PAYMENT_EXCEPTION,duplicate_charge,"Thanks for letting us know. Please keep proof of your purchase and, if possible, the merchant receipt. We will open a dispute for the duplicate payment, and a specialist will review it with the merchant. Refunds usually take several working days once the duplicate is confirmed. You can ask for a human agent at any time and I will arrange it."
"excuse me, i am a new customer and want to create my login. not sure what to do",PASSWORD,set_up_password,"To set up or change your password, log in and go to Settings and then Security. Choose Change Password, enter your current password, and type the new one twice. A strong password uses at least eight characters with a mix of letters, numbers and symbols, and should not include your name or birth date."
"Good evening, I want to cancel my personal loan application.",LOAN,cancel_loan,"Thanks for reaching out, I can guide you through this. To cancel a loan application, tell us which application you mean and we will stop the process. Before disbursal there is normally no cost. After disbursal, the loan must be closed by repaying the outstanding amount, and we will give you the exact figure and any applicable charges. If you need any further help, just let me know."
"Quick question: I think I paid the wrong person 2,040 USD and I am panicking.",PAYMENT_EXCEPTION,transfer_wrong_account,"Please stay calm, and thank you for telling us quickly, because speed matters. Payments to a wrong account cannot always be reversed, but we can send a recall request to the receiving bank for the 2,040 USD. Please share the transaction reference, the date and the account number you used. We will contact the other bank and, if the account holder agrees or the funds are still available, the money can be returned. If you would like, I can connect you with a human agent right now."
Urgent: I want to talk to a real person.,CONTACT,human_agent,"Certainly, I can arrange for one of our advisors to help you. I am transferring you now, and I will share the details of our conversation so you do not need to repeat yourself. If the queue is long, you can choose to receive a call back instead. Let me know if there is anything more I can do for you."
"hey, my card ending 9039 has unknown purchases that appeared three days ago, please help urgently. please advise",PAYMENT_EXCEPTION,card_fraud_unauthorized_transaction,"Thank you for reporting this quickly. Your card should be blocked immediately to prevent more misuse, and the disputed transactions will be flagged for our fraud team. They will review the details, and where a transaction is confirmed as fraudulent the amount is normally returned to your account after the investigation. A specialist will reach out to collect a few more details. If anything changes in the meantime, please let us know straight away."
"I need help. I need to transfer money to another bank, what are the steps? Please advise.",TRANSFER,make_transfer,"Of course, happy to help. You can send money in a few steps. Open Transfers, choose Send Money and select an existing payee or add a new one. Type in the amount, check the details carefully because transfers to the wrong account can be hard to reverse, and approve with your security code. Instant methods arrive within minutes, while standard transfers can take up to one working day. Please reach out again if anything is unclear."
"hi, what is the process to allow foreign transactions on my card before my trip?",CARD,activate_card_international_usage,"Of course, happy to help. To use your card overseas, open Card Controls in the app and enable International Usage. It is a good idea to set a travel period and a daily limit. If you cannot use the app, phone banking can turn it on for you after verifying your identity."
"Please unfreeze my account, I already submitted my documents three days ago. Appreciate the help.",RETAIL_EXCEPTION,account_frozen_kyc,"I am sorry for the inconvenience. A restriction usually means we need to verify or update some information. You can complete the update in the app under Profile and KYC, or visit a branch. If you have already submitted documents, I will ask the team to prioritise the review and update you. You can ask for a human agent at any time and I will arrange it."
"Hello, how much do I pay every year to keep my card?",CARD,check_card_annual_fee,"Annual fees vary by card, and many cards waive the fee after a certain level of yearly spending. Please check Fees and Charges for your card in the app to see your amount and the anniversary date. If you would like to ask about a waiver, customer service can review your eligibility. If you need any further help, just let me know."
"Good evening, I just received my debit card in the mail, how can I start using it? Appreciate the help.",CARD,activate_card,"First, open the mobile app or net banking and go to the Cards section. Then select your debit card and choose Activate Card. You will receive a one-time code on your registered mobile number, so enter it to confirm. Once that is done, the card is active and ready to use straight away. Feel free to ask if you have any other questions."
The bank asked for documents for a payment abroad and it is delayed. Please help,PAYMENT_EXCEPTION,international_transfer_compliance_hold,"I understand this is frustrating. International payments can be held for a routine compliance review, which is a regulatory requirement, and we may ask for supporting documents such as an invoice, contract or proof of source of funds. I cannot see the full details of the review in this chat, so I will pass your case to our payments compliance team, who will contact you about what is needed. Providing the documents promptly usually speeds things up. We will keep you updated by message until this is resolved."
"Hey, I sent INR 421 and it is not credited, but it was debited from my account. Not sure what to do.",PAYMENT_EXCEPTION,transfer_pending_stuck,"Sorry for the delay. A transfer can stay pending if the receiving bank is slow, if the details do not match, or if the payment is under review. I have noted the delay and a specialist team will trace the payment. If it cannot be completed, the money is returned to your account. We will keep you updated by message until this is resolved."
"hey, my international transfer of eur 2,240 to delhi is on hold and nobody tells me why.",PAYMENT_EXCEPTION,international_transfer_compliance_hold,"Thank you for your patience. Some cross border payments are checked before release, and I am not able to share the specific reason for a review. Please keep supporting documents ready. I am escalating your transfer to a specialist team, who will tell you what is required and the expected timing. Please keep your reference number safe, and reply here if you need anything else."
"Good morning, the ATM gave me less money than what was debited from my account.",ATM,dispute_ATM_withdrawal,"Sorry about the trouble with the ATM. Please keep the receipt if you have one and raise a dispute through the app or by calling customer service. We will check the ATM records for the withdrawal and update you by message. If the money is confirmed as not dispensed, it will be returned to your account. I am here if you need anything else."
"hello there, how can i add a new payee and transfer funds? appreciate the help.",TRANSFER,make_transfer,"You can send money in a few steps. Open Transfers, choose Send Money and select an existing payee or add a new one. Type in the amount, check the details carefully because transfers to the wrong account can be hard to reverse, and approve with your security code. Instant methods arrive within minutes, while standard transfers can take up to one working day."
"Where is my refund, it has been 3 days? Can you help me with this",PAYMENT_EXCEPTION,refund_not_received,"Thank you for the details. A refund can take some time after the merchant approves it. If it has been more than ten working days, please send us the refund confirmation from the merchant. We will trace the credit and follow up with the merchant bank on your behalf. Please keep your reference number safe, and reply here if you need anything else."
"Hey, I think I paid the wrong person 1,840 dollars and im panicking. Thanks.",PAYMENT_EXCEPTION,transfer_wrong_account,"Please stay calm, and thank you for telling us quickly, because speed matters. Payments to a wrong account cannot always be reversed, but we can send a recall request to the receiving bank for the 1,840 dollars. Please share the transaction reference, the date and the account number you used. We will contact the other bank and, if the account holder agrees or the funds are still available, the money can be returned. If you would like, I can connect you with a human agent right now."
My online banking was accessed by someone else and money is missing. Appreciate the help.,RETAIL_EXCEPTION,identity_theft_account_takeover,"Thank you for flagging this quickly. Access to your online banking will be locked while we investigate. Our security team will verify your identity through a secure process, review recent changes and transactions, and help reset your details. Please tell us about any transaction you did not make, so it can be investigated. We will keep you updated by message until this is resolved."
"good evening, cash was not dispensed at the atm yet my account was debited. thanks.",ATM,dispute_ATM_withdrawal,"Sorry about the trouble with the ATM. Please keep the receipt if you have one and raise a dispute through the app or by calling customer service. We will check the ATM records for the withdrawal and update you by message. If the money is confirmed as not dispensed, it will be returned to your account. If you need any further help, just let me know."
"Hey, my prepaid card ending 2165 arrived today. What are the steps to activate it",CARD,activate_card,"You can activate your card in two easy ways. In the mobile app, go to Cards, pick your card, and tap Activate. If you prefer, call the phone banking number printed on the back of the card and follow the voice prompts. After verification your card will be active within a few minutes. Feel free to ask if you have any other questions."
"Good evening, we are buying our first home and need a mortgage, where do we start? Any idea what to do?",LOAN,apply_for_mortgage,"For a mortgage, the first step is to check how much you can borrow using the mortgage calculator in the app. Then submit an application with your identity, income and property details, and we will arrange a valuation of the property. After approval you receive a formal offer, and the funds are released to the seller once the legal formalities are complete. A deposit is usually needed, and the amount depends on the property value and your profile. I am here if you need anything else."
"urgent: please waive the overdraft charges, they are unfair",RETAIL_EXCEPTION,overdraft_fee_dispute,"Thanks for explaining. To review the fee, we need to see the order in which the deposit and the payments were processed. I will raise a request for the fee to be reviewed, and you will hear back with the outcome. In some cases, especially after a delayed salary, the fee can be waived. If anything changes in the meantime, please let us know straight away."
What is the fastest way to send money to someone? Any idea what to do?,TRANSFER,make_transfer,"You can send money in a few steps. Open Transfers, choose Send Money and select an existing payee or add a new one. Type in the amount, check the details carefully because transfers to the wrong account can be hard to reverse, and approve with your security code. Instant methods arrive within minutes, while standard transfers can take up to one working day. Let me know if there is anything more I can do for you."
i lost my prepaid card and need to block it right now. i need this sorted today.,CARD,block_card,"I apologise for the trouble this has caused, let me help. You can block the card immediately in the mobile app. Go to Cards, choose the card and tap Block Card, then pick Lost or Stolen as the reason. The card stops working straight away and any new transactions are declined. We will then help you order a replacement, which usually arrives in a few working days."
How do I set up a password for net banking? Please advise,PASSWORD,set_up_password,"Absolutely, let me walk you through it. To set up or change your password, log in and go to Settings and then Security. Choose Change Password, enter your current password, and type the new one twice. A strong password uses at least eight characters with a mix of letters, numbers and symbols, and should not include your name or birth date. I am here if you need anything else."
"Hi team, I want to talk to a real person.",CONTACT,human_agent,"Of course. I will connect you with a human agent now. Please stay in this chat, and it helps if you briefly describe your issue so the agent can pick up straight away. Waiting times can vary, and if it is not urgent you can also request a call back at a time that suits you."
"Hi, can I see my loan repayment schedule? Please help.",LOAN,check_loan_payments,"Certainly, I can help with that. To check your loan payments, log in and open Loans, then choose the loan. You will see what you have paid so far, what is left, and the next due date. If you would like to pay extra to reduce the balance, there is an option to make a part payment on the same screen. I am here if you need anything else."
I need help. How do I freeze my card temporarily? I cannot find it. Appreciate the help,CARD,block_card,"I understand how stressful this must be, and I am here to help. You can block the card immediately in the mobile app. Go to Cards, choose the card and tap Block Card, then pick Lost or Stolen as the reason. The card stops working straight away and any new transactions are declined. We will then help you order a replacement, which usually arrives in a few working days."
Please help: find me a cash machine close to me. Thanks.,FIND,find_ATM,"Certainly, I can help with that. To locate an ATM, open the Locator in the app or on our website and search by city or landmark. Filters help you find machines that offer deposits, cheque drops or extended hours. Please remember that using an ATM outside our network may attract a fee. I am here if you need anything else."
"excuse me, can i get someone to visit me at home for banking services? pls advise.",RETAIL_EXCEPTION,vulnerable_customer_support,"Thank you for telling us, and please know that we are here to help in a way that works for you. We offer support such as large print or audio statements, assisted banking at branches, a dedicated helpline with priority handling and, in some areas, home visits. If you are worried about a suspicious call, please do not share any codes or personal details, and we will help you check it. I will connect you with our customer care specialists to set up the support you need."
"Hello, I think I paid the wrong person EUR 1,050 and I am panicking.",PAYMENT_EXCEPTION,transfer_wrong_account,"I am sorry this happened. Please raise a wrong transfer request in the app or with customer service right away with the payment reference. We will ask the receiving bank to hold and return the funds, but they need the account holder consent, so the timing can vary. A specialist will follow up with you. If you would like, I can connect you with a human agent right now."
My debit card ending 0832 arrived today. What are the steps to activate it?,CARD,activate_card,"Thanks for reaching out, I can guide you through this. First, open the mobile app or net banking and go to the Cards section. Then select your debit card and choose Activate Card. You will receive a one-time code on your registered mobile number, so enter it to confirm. Once that is done, the card is active and ready to use straight away. I am here if you need anything else."
"My salary came late and I was penalised, can you reverse the fee? Please advise.",RETAIL_EXCEPTION,overdraft_fee_dispute,"Thanks for explaining. To review the fee, we need to see the order in which the deposit and the payments were processed. I will raise a request for the fee to be reviewed, and you will hear back with the outcome. In some cases, especially after a delayed salary, the fee can be waived. Please keep your reference number safe, and reply here if you need anything else."
"Good morning, I want to cancel my mortgage application. Appreciate the help",LOAN,cancel_mortgage,"Absolutely, let me walk you through it. I can help you withdraw the mortgage application. Please contact our mortgage team through the app or at a branch and confirm the application reference. If the valuation or legal work has already started, some third party fees might still apply. Once cancelled, you will receive written confirmation. Let me know if there is anything more I can do for you."
"Excuse me, I would like to apply for a home loan. Please help.",LOAN,apply_for_mortgage,"Applying for a home loan involves a few stages: an initial eligibility check, document submission, property valuation, formal approval and legal completion. A mortgage adviser can guide you at each stage. You can begin by booking a call from the Loans section of the app. Please reach out again if anything is unclear."
"Urgent: ATM retained my card ending 4126, how do I recover it? I need this sorted today",ATM,recover_swallowed_card,"I am sorry that the ATM kept your card. For your safety, I suggest blocking the card right away in the app. We will then arrange either collection from the ATM branch with identification or a replacement card sent to your address, usually within a few working days."
I need help. Please explain how to apply for a loan online. Appreciate the help.,LOAN,apply_for_loan,"To apply for a loan, go to Loans in the app and select the type of loan you need. Enter the amount and tenure, upload the required documents and submit. Your eligibility is based on income, existing commitments and credit score, and you will see a decision and an offer once the review is complete."
"Hi team, can I open an account online without visiting the branch? Any idea what to do",ACCOUNT,create_account,"Sure, here is how this works. To start, choose the type of account that suits you, then fill in the application form online. You will need identity and address documents, and you may complete a short video verification. Once approved, your account details arrive by message and email, and your debit card is sent to your address."
"Hi, payment stuck in processing for 2 days and my rent is due. Thank you.",PAYMENT_EXCEPTION,transfer_pending_stuck,"Sorry for the delay. A transfer can stay pending if the receiving bank is slow, if the details do not match, or if the payment is under review. I have noted the delay and a specialist team will trace the payment. If it cannot be completed, the money is returned to your account."
"Good evening, I need to withdraw cash in Mumbai, where can I find one of your ATMs? Appreciate the help",FIND,find_ATM,"Certainly, I can help with that. To locate an ATM, open the Locator in the app or on our website and search by city or landmark. Filters help you find machines that offer deposits, cheque drops or extended hours. Please remember that using an ATM outside our network may attract a fee. Feel free to ask if you have any other questions."
"Excuse me, I was charged more than expected because of the exchange rate on my purchase in Pune",PAYMENT_EXCEPTION,currency_conversion_dispute,"I understand the surprise. The debited amount comes from the exchange rate at the time of settlement, plus any conversion charges, and the shop may also offer to charge in your home currency at their own rate. I can flag your transaction for review so a specialist can confirm whether the correct rate was applied. Please keep your reference number safe, and reply here if you need anything else."
Urgent: airbnb said they refunded 497 USD 2 days ago but I have not received it,PAYMENT_EXCEPTION,refund_not_received,"Thank you for the details. A refund can take some time after the merchant approves it. If it has been more than ten working days, please send us the refund confirmation from the merchant. We will trace the credit and follow up with the merchant bank on your behalf. You can ask for a human agent at any time and I will arrange it."
"Hey, what are the opening hours of the branch near the main market? Any idea what to do",FIND,find_branch,"You can find branches using the Locator in the app or on our website. Search by city or a landmark like the main market, and you will see the address, opening hours and services available at each branch. Many branches allow you to book an appointment in advance, which reduces waiting time. I am here if you need anything else."
"Good morning, what are the opening hours of the branch near the university campus? Appreciate the help.",FIND,find_branch,"To find a branch, enter your area or city in the Locator and choose Branches. Each listing shows the address, working hours and the services offered, such as loans or locker facilities. Most branches are open on weekdays and some are open on Saturday mornings."
"Hello, I have complained three times and nobody has solved my problem, I want to escalate",RETAIL_EXCEPTION,formal_complaint_escalation,"I am sorry that your issue has not been resolved, and you have every right to escalate. I can register a formal complaint now, which will be given a reference number and reviewed by our complaints team, who will respond in writing within the time required. If you are not satisfied with the final response, you can take the matter to the external financial ombudsman. It helps if you share the dates and details of your previous contacts."
"We fell 3 weeks behind on the mortgage, what can we do? Thanks",RETAIL_EXCEPTION,mortgage_arrears_support,"I understand how worrying this is, and I want you to know that help is available. Please do not ignore the notice, because early contact gives us more options such as revising the payment plan, extending the term or a temporary arrangement. I will connect you with our specialist mortgage support team, who can go through the details with you in confidence. It is also worth getting free independent money advice alongside speaking to us. If you would like, I can connect you with a human agent right now."
"hello, the atm gave me less money than what was debited from my account. thank you",ATM,dispute_ATM_withdrawal,"Sorry about the trouble with the ATM. Please keep the receipt if you have one and raise a dispute through the app or by calling customer service. We will check the ATM records for the withdrawal and update you by message. If the money is confirmed as not dispensed, it will be returned to your account. Feel free to ask if you have any other questions."
"i need help. we decided not to buy the house, how do i cancel the mortgage",LOAN,cancel_mortgage,"Certainly, I can help with that. I can help you withdraw the mortgage application. Please contact our mortgage team through the app or at a branch and confirm the application reference. If the valuation or legal work has already started, some third party fees might still apply. Once cancelled, you will receive written confirmation. If you need any further help, just let me know."
How can I reset my forgotten mobile banking password? Can you help me with this,PASSWORD,get_password,"You can recover access in a few steps. Select Forgot Password on the login screen, verify your identity with the one-time code sent to your registered number, and set a new password. If you no longer have access to that number, please visit a branch with your identification to update it."
"Good morning, I want to apply for a car loan of 90,180 dollars. Thank you.",LOAN,apply_for_loan,"To apply for a loan, go to Loans in the app and select the type of loan you need. Enter the amount and tenure, upload the required documents and submit. Your eligibility is based on income, existing commitments and credit score, and you will see a decision and an offer once the review is complete."
"Quick question: we fell 2 weeks behind on the mortgage, what can we do? Any idea what to do",RETAIL_EXCEPTION,mortgage_arrears_support,"Thank you for reaching out. Falling behind on a mortgage is stressful, and there are steps we can explore together. A mortgage support specialist will review your account, your income and expenses, and discuss a plan that suits you. I am raising this as urgent so they contact you soon. You can ask for a human agent at any time and I will arrange it."
"I need help. I would like to stop my card, it has an annual fee I do not want to pay. I need this sorted today.",CARD,cancel_card,"Absolutely, let me walk you through it. I can guide you through cancelling your card. First check that there are no pending transactions or unpaid dues. Then submit a cancellation request through the app or by phone banking. You will get a confirmation message once the card is closed. If you need any further help, just let me know."
can you transfer me to a human agent? please help,CONTACT,human_agent,"Of course. I will connect you with a human agent now. Please stay in this chat, and it helps if you briefly describe your issue so the agent can pick up straight away. Waiting times can vary, and if it is not urgent you can also request a call back at a time that suits you."
"hi team, dispute foreign exchange markup on my card transaction. not sure what to do.",PAYMENT_EXCEPTION,currency_conversion_dispute,"Thanks for raising this. When you pay in a foreign currency, the amount is converted at the network exchange rate on the day the transaction is settled, and a foreign currency fee may also apply, so the final figure can differ from what you saw at the shop. Please check the transaction details in the app for the rate and fee that were used. If you believe the amount is wrong, we can raise a query and a specialist will review it. You can ask for a human agent at any time and I will arrange it."
"i cannot log in to net banking, i do not remember my password. not sure what to do.",PASSWORD,get_password,"You can recover access in a few steps. Select Forgot Password on the login screen, verify your identity with the one-time code sent to your registered number, and set a new password. If you no longer have access to that number, please visit a branch with your identification to update it. Let me know if there is anything more I can do for you."
I need help. How can I contact customer service?,CONTACT,customer_service,"Of course, happy to help. You can reach customer service by phone banking, through secure chat in the mobile app, or by email through the Contact Us section. Phone and chat support are available round the clock for urgent matters such as blocking a card, and other requests are handled during business hours. Please keep your customer ID handy so we can help you faster."
"Excuse me, there is an ATM transaction I do not recognise for 2,630 USD, how do I raise a dispute?",ATM,dispute_ATM_withdrawal,"Sorry about the trouble with the ATM. Please keep the receipt if you have one and raise a dispute through the app or by calling customer service. We will check the ATM records for the withdrawal and update you by message. If the money is confirmed as not dispensed, it will be returned to your account."
"hello, i need extra help managing my money after my illness. any idea what to do?",RETAIL_EXCEPTION,vulnerable_customer_support,"Thank you for telling us, and please know that we are here to help in a way that works for you. We offer support such as large print or audio statements, assisted banking at branches, a dedicated helpline with priority handling and, in some areas, home visits. If you are worried about a suspicious call, please do not share any codes or personal details, and we will help you check it. I will connect you with our customer care specialists to set up the support you need. If anything changes in the meantime, please let us know straight away."
"Urgent: card not working in Rome, I tried it two days ago and it failed, I have no other way to pay. Can u help me with this",PAYMENT_EXCEPTION,card_declined_while_travelling,"Sorry about the inconvenience, especially while you are travelling. Please check that international transactions are enabled and that you have not reached your daily limit. Because this is urgent, I recommend calling the emergency line on the back of the card, where an agent can verify you and remove any block. Emergency cash or a replacement card can be arranged if needed. You can ask for a human agent at any time and I will arrange it."
Quick question: why is my savings account overdrawn? I never spent that much. Any idea what to do?,RETAIL_EXCEPTION,overdraft_fee_dispute,"Thanks for explaining. To review the fee, we need to see the order in which the deposit and the payments were processed. I will raise a request for the fee to be reviewed, and you will hear back with the outcome. In some cases, especially after a delayed salary, the fee can be waived. You can ask for a human agent at any time and I will arrange it."
What is the process to claim the balance in my late mother's account? Please advise,RETAIL_EXCEPTION,deceased_account_holder,"My condolences to you and your family. Accounts of a deceased customer are handled by a dedicated team with care. Please share the death certificate and your identification, and they will explain how the balance is released to the nominee or legal heir and how the account is closed. I will connect you with them, so you do not have to repeat yourself. You can ask for a human agent at any time and I will arrange it."
"Urgent: 56,320 dollars payment held for security, please release it.",PAYMENT_EXCEPTION,large_transaction_blocked,"Thank you for explaining. A large payment may exceed your set limit, or it may be waiting for extra verification. You can raise your limit in Card Controls after authentication, and the security team can release a held transaction after checking with you. Since it is time sensitive, shall I connect you to an agent now? You can ask for a human agent at any time and I will arrange it."
"Excuse me, I want to cancel my car loan application. I need this sorted today.",LOAN,cancel_loan,"Certainly, I can help with that. If your car loan has not been disbursed yet, you can cancel the request through customer service or from Loans in the app by selecting your application and choosing Withdraw. If the money has already been credited, you will need to repay it, and we can share the foreclosure amount with you. Please note that some fees may apply after disbursal."
"excuse me, i am confused and worried about a scam call asking for my details.",RETAIL_EXCEPTION,vulnerable_customer_support,"Thank you for telling us, and please know that we are here to help in a way that works for you. We offer support such as large print or audio statements, assisted banking at branches, a dedicated helpline with priority handling and, in some areas, home visits. If you are worried about a suspicious call, please do not share any codes or personal details, and we will help you check it. I will connect you with our customer care specialists to set up the support you need. We will keep you updated by message until this is resolved."
I need help. How do I freeze my card temporarily? I cannot find it. Can you help me with this?,CARD,block_card,"To protect your money, block the card first. Use the app under Cards and Block, or call the 24 hour phone banking line and ask for an immediate block. Once blocked, please review your recent transactions and tell us about any you do not recognise so we can look into them. If you need any further help, just let me know."
please cancel the loan i applied for three days ago. i need this sorted today.,LOAN,cancel_loan,"To cancel a loan application, tell us which application you mean and we will stop the process. Before disbursal there is normally no cost. After disbursal, the loan must be closed by repaying the outstanding amount, and we will give you the exact figure and any applicable charges. If you need any further help, just let me know."
"Good morning, the bank refused my mortgage even though I have a stable income. Thank you.",RETAIL_EXCEPTION,loan_application_rejected_appeal,"I am sorry that your application was not approved. Decisions are based on factors such as income, existing debts, credit history and the value of the loan requested, and we can share the main reasons with you. You may ask for a review, especially if your circumstances have changed or if some information was missing. I will pass your request to a loans specialist who can explain the decision and suggest what may improve your chances next time. You can ask for a human agent at any time and I will arrange it."
Please help: how do I authorise someone to handle my banking on my behalf? Thanks.,RETAIL_EXCEPTION,power_of_attorney_request,"I am sorry to hear that. Managing another person's account requires a valid legal authority, such as a registered power of attorney, and we need to verify it before giving access. Please prepare the original or certified copy of the document, your identification and the account holder details. A specialist will check the paperwork and explain what your authority allows, and I will arrange for them to contact you. If you would like, I can connect you with a human agent right now."
"hello, i am not satisfied with the resolution and want to take this to the ombudsman. can you help me with this?",RETAIL_EXCEPTION,formal_complaint_escalation,"I am sorry that your issue has not been resolved, and you have every right to escalate. I can register a formal complaint now, which will be given a reference number and reviewed by our complaints team, who will respond in writing within the time required. If you are not satisfied with the final response, you can take the matter to the external financial ombudsman. It helps if you share the dates and details of your previous contacts."
"Good morning, I sent 294 USD and it is not credited, but it was debited from my account. Any idea what to do?",PAYMENT_EXCEPTION,transfer_pending_stuck,"Sorry for the delay. A transfer can stay pending if the receiving bank is slow, if the details do not match, or if the payment is under review. I have noted the delay and a specialist team will trace the payment. If it cannot be completed, the money is returned to your account. If you would like, I can connect you with a human agent right now."
"Good evening, I need to speak to support about my account, how do I reach you",CONTACT,customer_service,"You can reach customer service by phone banking, through secure chat in the mobile app, or by email through the Contact Us section. Phone and chat support are available round the clock for urgent matters such as blocking a card, and other requests are handled during business hours. Please keep your customer ID handy so we can help you faster."
how do i send 16 dollars to a friend's account?,TRANSFER,make_transfer,"Of course, happy to help. To make a transfer, log in to the app or net banking and go to Transfers. Add the payee by entering the name, account number and bank code, then confirm the payee with a one-time code. Enter the amount of 16 dollars, choose the payment method, review the details and confirm. You will get a confirmation message with a reference number."
"Pls help: I want to open a new account, what documents are required? Not sure what to do.",ACCOUNT,create_account,"Certainly, I can help with that. To start, choose the type of account that suits you, then fill in the application form online. You will need identity and address documents, and you may complete a short video verification. Once approved, your account details arrive by message and email, and your debit card is sent to your address."
"Hello, the ATM swallowed my card, what should I do? Not sure what to do",ATM,recover_swallowed_card,"Please do not worry, this happens sometimes. First, block the card in the app as a precaution until you have it back. Then contact the branch that owns the ATM or call customer service, and we will check if the card was retained by the machine. If it can be recovered you may collect it with valid photo ID, otherwise we will issue a replacement card to you. Please reach out again if anything is unclear."
"My mother is unwell and I need to manage her account, how does power of attorney work? Can you help me with this?",RETAIL_EXCEPTION,power_of_attorney_request,"I am sorry to hear that. Managing another person's account requires a valid legal authority, such as a registered power of attorney, and we need to verify it before giving access. Please prepare the original or certified copy of the document, your identification and the account holder details. A specialist will check the paperwork and explain what your authority allows, and I will arrange for them to contact you."
"Hi team, I never received the goods I paid GBP 551 for on PayPal, I want a chargeback",PAYMENT_EXCEPTION,chargeback_request,"I am sorry about your experience. You can ask for a chargeback when goods or services were not delivered or were not as described. Please raise a dispute in the app for the GBP 551 payment to PayPal, and attach evidence such as the order confirmation, messages with the seller and photographs if relevant. We will review your case, contact the merchant, and update you on the outcome. If anything changes in the meantime, please let us know straight away."
"I do not want a bot, please connect me to an advisor.",CONTACT,human_agent,"Certainly, I can arrange for one of our advisors to help you. I am transferring you now, and I will share the details of our conversation so you do not need to repeat yourself. If the queue is long, you can choose to receive a call back instead."
"quick question: how do i send eur 2,510 to a friend's account? thank you.",TRANSFER,make_transfer,"You can send money in a few steps. Open Transfers, choose Send Money and select an existing payee or add a new one. Type in the amount, check the details carefully because transfers to the wrong account can be hard to reverse, and approve with your security code. Instant methods arrive within minutes, while standard transfers can take up to one working day. Let me know if there is anything more I can do for you."
"Hi, how long will my transfer stay pending? It has been 2 days. Not sure what to do.",PAYMENT_EXCEPTION,transfer_pending_stuck,"Sorry for the delay. A transfer can stay pending if the receiving bank is slow, if the details do not match, or if the payment is under review. I have noted the delay and a specialist team will trace the payment. If it cannot be completed, the money is returned to your account. If you would like, I can connect you with a human agent right now."
"Hello there, I am elderly and find the app very hard to use, can someone help me with my banking?",RETAIL_EXCEPTION,vulnerable_customer_support,"Thank you for telling us, and please know that we are here to help in a way that works for you. We offer support such as large print or audio statements, assisted banking at branches, a dedicated helpline with priority handling and, in some areas, home visits. If you are worried about a suspicious call, please do not share any codes or personal details, and we will help you check it. I will connect you with our customer care specialists to set up the support you need. Please keep your reference number safe, and reply here if you need anything else."
"My card ending 6719 has unknown purchases that appeared last Friday, please help urgently. Any idea what to do?",PAYMENT_EXCEPTION,card_fraud_unauthorized_transaction,"Thank you for reporting this quickly. Your card should be blocked immediately to prevent more misuse, and the disputed transactions will be flagged for our fraud team. They will review the details, and where a transaction is confirmed as fraudulent the amount is normally returned to your account after the investigation. A specialist will reach out to collect a few more details. If anything changes in the meantime, please let us know straight away."
"Hello there, can I open an account online without visiting the branch",ACCOUNT,create_account,"Thanks for reaching out, I can guide you through this. To start, choose the type of account that suits you, then fill in the application form online. You will need identity and address documents, and you may complete a short video verification. Once approved, your account details arrive by message and email, and your debit card is sent to your address."
i need help. i am a new customer and want to create my login. any idea what to do,PASSWORD,set_up_password,"Thanks for reaching out, I can guide you through this. To set up or change your password, log in and go to Settings and then Security. Choose Change Password, enter your current password, and type the new one twice. A strong password uses at least eight characters with a mix of letters, numbers and symbols, and should not include your name or birth date."
"Hello there, how can I avoid repossession of my house? Thank you",RETAIL_EXCEPTION,mortgage_arrears_support,"I understand how worrying this is, and I want you to know that help is available. Please do not ignore the notice, because early contact gives us more options such as revising the payment plan, extending the term or a temporary arrangement. I will connect you with our specialist mortgage support team, who can go through the details with you in confidence. It is also worth getting free independent money advice alongside speaking to us."
quick question: can i cancel my loan after it was approved but before receiving the money? thank you,LOAN,cancel_loan,"Thanks for reaching out, I can guide you through this. To cancel a loan application, tell us which application you mean and we will stop the process. Before disbursal there is normally no cost. After disbursal, the loan must be closed by repaying the outstanding amount, and we will give you the exact figure and any applicable charges. Please reach out again if anything is unclear."
urgent: please escalate my complaint to a senior manager. any idea what to do,RETAIL_EXCEPTION,formal_complaint_escalation,"I am sorry that your issue has not been resolved, and you have every right to escalate. I can register a formal complaint now, which will be given a reference number and reviewed by our complaints team, who will respond in writing within the time required. If you are not satisfied with the final response, you can take the matter to the external financial ombudsman. It helps if you share the dates and details of your previous contacts. We will keep you updated by message until this is resolved."
Please help: how can I reset my forgotten mobile banking password? Can you help me with this?,PASSWORD,get_password,"I am sorry you are locked out. On the login page, tap Forgot Password and enter your customer ID. We will send a one-time code to your registered mobile number, and after you enter it you can choose a new password. For security reasons we can never tell you your old password."
"Please help: I need to withdraw cash in Delhi, where can I find one of your ATMs? Can you help me with this?",FIND,find_ATM,"Certainly, I can help with that. To locate an ATM, open the Locator in the app or on our website and search by city or landmark. Filters help you find machines that offer deposits, cheque drops or extended hours. Please remember that using an ATM outside our network may attract a fee. Feel free to ask if you have any other questions."
"Good morning, how do I freeze my card temporarily? I cannot find it. Any idea what to do",CARD,block_card,"You can block the card immediately in the mobile app. Go to Cards, choose the card and tap Block Card, then pick Lost or Stolen as the reason. The card stops working straight away and any new transactions are declined. We will then help you order a replacement, which usually arrives in a few working days. Please reach out again if anything is unclear."
"Hello, please help me close the account, im moving abroad.",ACCOUNT,close_account,"To close the account, make sure there are no pending transactions, linked cards or loans. Request closure through the app under Account Services or visit a branch. We will transfer any remaining balance to the account you nominate and confirm once the account is closed. If you need any further help, just let me know."
"Good evening, can I cancel my loan after it was approved but before receiving the money?",LOAN,cancel_loan,"To cancel a loan application, tell us which application you mean and we will stop the process. Before disbursal there is normally no cost. After disbursal, the loan must be closed by repaying the outstanding amount, and we will give you the exact figure and any applicable charges. Please reach out again if anything is unclear."
Urgent: my current account has been frozen and I do not know why. Thank you.,RETAIL_EXCEPTION,account_frozen_kyc,"I am sorry for the inconvenience. A restriction usually means we need to verify or update some information. You can complete the update in the app under Profile and KYC, or visit a branch. If you have already submitted documents, I will ask the team to prioritise the review and update you. If you would like, I can connect you with a human agent right now."
"Quick question: what is the process to get a mortgage for a house worth $421,360? Please advise.",LOAN,apply_for_mortgage,"Certainly, I can help with that. Applying for a home loan involves a few stages: an initial eligibility check, document submission, property valuation, formal approval and legal completion. A mortgage adviser can guide you at each stage. You can begin by booking a call from the Loans section of the app."
"Hello there, how do I start a chargeback for a service that was not delivered? Thank you.",PAYMENT_EXCEPTION,chargeback_request,Thank you for the details. A card dispute can be raised for items not received or not as described. We will need your order confirmation and any communication with the seller. Our disputes team will assess the claim and let you know whether the amount can be recovered. We will keep you updated by message until this is resolved.
What is the outstanding balance on my car loan? Can you help me with this?,LOAN,check_loan_payments,"Sure, here is how this works. To check your loan payments, log in and open Loans, then choose the loan. You will see what you have paid so far, what is left, and the next due date. If you would like to pay extra to reduce the balance, there is an option to make a part payment on the same screen. Let me know if there is anything more I can do for you."
"I need to transfer money to another bank, what are the steps? Please advise.",TRANSFER,make_transfer,"Sure, here is how this works. You can send money in a few steps. Open Transfers, choose Send Money and select an existing payee or add a new one. Type in the amount, check the details carefully because transfers to the wrong account can be hard to reverse, and approve with your security code. Instant methods arrive within minutes, while standard transfers can take up to one working day. I am here if you need anything else."
"Hello there, how can I reset my forgotten mobile banking password? Appreciate the help.",PASSWORD,get_password,"I am sorry you are locked out. On the login page, tap Forgot Password and enter your customer ID. We will send a one-time code to your registered mobile number, and after you enter it you can choose a new password. For security reasons we can never tell you your old password. I am here if you need anything else."
"Quick question: I have a visual impairment and cannot read the statements, what support do u offer? Thank you.",RETAIL_EXCEPTION,vulnerable_customer_support,"Thank you for telling us, and please know that we are here to help in a way that works for you. We offer support such as large print or audio statements, assisted banking at branches, a dedicated helpline with priority handling and, in some areas, home visits. If you are worried about a suspicious call, please do not share any codes or personal details, and we will help you check it. I will connect you with our customer care specialists to set up the support you need. You can ask for a human agent at any time and I will arrange it."
"excuse me, we are separating and i want to stop my partner from withdrawing from our joint account",RETAIL_EXCEPTION,joint_account_dispute,"I am sorry you are going through this. Joint accounts are governed by the mandate that was agreed when they were opened, and changes such as removing a holder or freezing the account usually need the consent of all holders, or a legal instruction. I can arrange for a specialist to explain your options and what proof would be required. Please keep in mind that we cannot take sides, and for serious disputes it can help to seek legal advice. You can ask for a human agent at any time and I will arrange it."
"Please help: ATM retained my card ending 5572, how do I recover it? I need this sorted today.",ATM,recover_swallowed_card,"I am sorry that the ATM kept your card. For your safety, I suggest blocking the card right away in the app. We will then arrange either collection from the ATM branch with identification or a replacement card sent to your address, usually within a few working days. If you need any further help, just let me know."
"Excuse me, I have a power of attorney document, how do I register it with the bank? I need this sorted today.",RETAIL_EXCEPTION,power_of_attorney_request,"I am sorry to hear that. Managing another person's account requires a valid legal authority, such as a registered power of attorney, and we need to verify it before giving access. Please prepare the original or certified copy of the document, your identification and the account holder details. A specialist will check the paperwork and explain what your authority allows, and I will arrange for them to contact you. If you would like, I can connect you with a human agent right now."
"excuse me, the bank stopped my big payment for eur 24,660, why? thank you.",PAYMENT_EXCEPTION,large_transaction_blocked,"I understand the urgency. Large payments can be blocked because they go over your daily limit or because our security systems flagged them for extra checks. I cannot release a held payment from this chat, but I can help you confirm it is genuine. Please approve any alert on your app, or I can connect you to a specialist who will verify you and, where possible, release the payment or raise your limit temporarily. You can ask for a human agent at any time and I will arrange it."
"Pls help: my income has dropped, can u restructure my home loan? Pls advise",RETAIL_EXCEPTION,loan_hardship_request,"I am sorry you are facing this, and I am glad you reached out early. We have options for customers in financial difficulty, such as a temporary payment holiday, a longer tenure with lower instalments, or restructuring, depending on your situation. I will pass your request to our customer support team, who will review your income and expenses and discuss what is possible. Please try to keep making any payments you can, and avoid ignoring reminders, as talking to us early gives you more choices. If anything changes in the meantime, please let us know straight away."
"excuse me, i am elderly and find the app very hard to use, can someone help me with my banking?",RETAIL_EXCEPTION,vulnerable_customer_support,"Thank you for telling us, and please know that we are here to help in a way that works for you. We offer support such as large print or audio statements, assisted banking at branches, a dedicated helpline with priority handling and, in some areas, home visits. If you are worried about a suspicious call, please do not share any codes or personal details, and we will help you check it. I will connect you with our customer care specialists to set up the support you need. Please keep your reference number safe, and reply here if you need anything else."
urgent: my card got stuck in the machine yesterday. thanks.,ATM,recover_swallowed_card,"I am sorry that the ATM kept your card. For your safety, I suggest blocking the card right away in the app. We will then arrange either collection from the ATM branch with identification or a replacement card sent to your address, usually within a few working days."
"Excuse me, when is my next student loan instalment due? Any idea what to do?",LOAN,check_loan_payments,"Sure, here is how this works. To check your loan payments, log in and open Loans, then choose the loan. You will see what you have paid so far, what is left, and the next due date. If you would like to pay extra to reduce the balance, there is an option to make a part payment on the same screen. Please reach out again if anything is unclear."
"Excuse me, what fees do you charge on my account? Appreciate the help.",FEES,check_fees,"Absolutely, let me walk you through it. Fees depend on the type of account or service. You can find the full list in the app under Help and then Fees and Charges, including maintenance, ATM, transfer and card fees. If you tell me the specific service you are asking about, I can explain how that fee is calculated and when it applies."
"Hi, I entered the wrong account number and sent 2,910 USD, please help me get it back. Any idea what to do?",PAYMENT_EXCEPTION,transfer_wrong_account,"I am sorry this happened. Please raise a wrong transfer request in the app or with customer service right away with the payment reference. We will ask the receiving bank to hold and return the funds, but they need the account holder consent, so the timing can vary. A specialist will follow up with you. If anything changes in the meantime, please let us know straight away."
"Hey, can you list all the charges for using the ATM abroad? Not sure what to do.",FEES,check_fees,"Fees depend on the type of account or service. You can find the full list in the app under Help and then Fees and Charges, including maintenance, ATM, transfer and card fees. If you tell me the specific service you are asking about, I can explain how that fee is calculated and when it applies. Feel free to ask if you have any other questions."
Quick question: when is my next mortgage payment due,LOAN,check_mortgage_payments,"Your mortgage details are available under Loans. There you can view the payment amount, upcoming due dates, the balance still owed and a summary of interest paid. If your payment changes because of a rate change, we will notify you in advance. If you need any further help, just let me know."
"my card went missing two days ago, block it asap. please advise",CARD,block_card,"To protect your money, block the card first. Use the app under Cards and Block, or call the 24 hour phone banking line and ask for an immediate block. Once blocked, please review your recent transactions and tell us about any you do not recognise so we can look into them. If you need any further help, just let me know."
find me a cash machine close to me. thanks.,FIND,find_ATM,"Certainly, I can help with that. To locate an ATM, open the Locator in the app or on our website and search by city or landmark. Filters help you find machines that offer deposits, cheque drops or extended hours. Please remember that using an ATM outside our network may attract a fee. Let me know if there is anything more I can do for you."
"hey, i was charged more than expected because of the exchange rate on my purchase in amsterdam. i need this sorted today.",PAYMENT_EXCEPTION,currency_conversion_dispute,"Thanks for raising this. When you pay in a foreign currency, the amount is converted at the network exchange rate on the day the transaction is settled, and a foreign currency fee may also apply, so the final figure can differ from what you saw at the shop. Please check the transaction details in the app for the rate and fee that were used. If you believe the amount is wrong, we can raise a query and a specialist will review it. You can ask for a human agent at any time and I will arrange it."
"The ATM did not give me the full cash but the money was deducted, I withdrew EUR 792. Thanks.",ATM,dispute_ATM_withdrawal,"I will help you raise a dispute for the ATM withdrawal of EUR 792. Please go to Disputes in the app, select the transaction and choose ATM Cash Issue, then give the date, time and ATM location if you have them. We will investigate with the ATM operator and most cases are reviewed within a few working days. If the ATM did not dispense the cash, the amount is usually credited back to your account."
The bank refused my mortgage even though I have a stable income.,RETAIL_EXCEPTION,loan_application_rejected_appeal,"I am sorry that your application was not approved. Decisions are based on factors such as income, existing debts, credit history and the value of the loan requested, and we can share the main reasons with you. You may ask for a review, especially if your circumstances have changed or if some information was missing. I will pass your request to a loans specialist who can explain the decision and suggest what may improve your chances next time. If you would like, I can connect you with a human agent right now."
"Excuse me, what is the annual fee for my platinum credit card? Can you help me with this?",CARD,check_card_annual_fee,"Certainly, I can help with that. The annual fee depends on the type of card you hold. You can see the exact amount for your platinum credit card in the app under Cards and Card Details, and it is also listed in your welcome kit. The fee is normally charged once a year on the card anniversary date. Some cards offer a waiver if you reach a yearly spending target. Please reach out again if anything is unclear."
"Hi, I ordered from Zomato last month, the item is not what was shown, can I dispute the charge? Appreciate the help.",PAYMENT_EXCEPTION,chargeback_request,Thank you for the details. A card dispute can be raised for items not received or not as described. We will need your order confirmation and any communication with the seller. Our disputes team will assess the claim and let you know whether the amount can be recovered. You can ask for a human agent at any time and I will arrange it.
"Please help: how do I send $2,420 to a friend's account? I need this sorted today.",TRANSFER,make_transfer,"Thanks for reaching out, I can guide you through this. To make a transfer, log in to the app or net banking and go to Transfers. Add the payee by entering the name, account number and bank code, then confirm the payee with a one-time code. Enter the amount of $2,420, choose the payment method, review the details and confirm. You will get a confirmation message with a reference number."
"Hello, my father passed away recently, how do I access his business account? Not sure what to do.",RETAIL_EXCEPTION,deceased_account_holder,"My condolences to you and your family. Accounts of a deceased customer are handled by a dedicated team with care. Please share the death certificate and your identification, and they will explain how the balance is released to the nominee or legal heir and how the account is closed. I will connect you with them, so you do not have to repeat yourself. If you would like, I can connect you with a human agent right now."
"Hello there, my salary came late and I was penalised, can u reverse the fee? Please help",RETAIL_EXCEPTION,overdraft_fee_dispute,"Thanks for explaining. To review the fee, we need to see the order in which the deposit and the payments were processed. I will raise a request for the fee to be reviewed, and you will hear back with the outcome. In some cases, especially after a delayed salary, the fee can be waived."
"Good morning, I am going to Mumbai soon. Can you turn on international usage for my card?",CARD,activate_card_international_usage,"Thanks for reaching out, I can guide you through this. To use your card overseas, open Card Controls in the app and enable International Usage. It is a good idea to set a travel period and a daily limit. If you cannot use the app, phone banking can turn it on for you after verifying your identity. Feel free to ask if you have any other questions."
"I need help. Please help me make a transfer of EUR 1,770 today. Thanks",TRANSFER,make_transfer,"Sure, here is how this works. To make a transfer, log in to the app or net banking and go to Transfers. Add the payee by entering the name, account number and bank code, then confirm the payee with a one-time code. Enter the amount of EUR 1,770, choose the payment method, review the details and confirm. You will get a confirmation message with a reference number. Please reach out again if anything is unclear."
"Good morning, pickpocketed in Berlin and all my cards are gone.",PAYMENT_EXCEPTION,lost_card_abroad_emergency,"I am sorry to hear that, and please make sure you are safe first. Block your cards immediately in the app, or call our 24 hour emergency line if you cannot log in. We can arrange an emergency replacement card or emergency cash in Berlin, and our agent will verify your identity and guide you on the fastest option. I suggest reporting the theft to the local police as well, since some claims need a report. If anything changes in the meantime, please let us know straight away."
"Good evening, I am a student and would like to start a savings account.",ACCOUNT,create_account,"Of course, happy to help. To start, choose the type of account that suits you, then fill in the application form online. You will need identity and address documents, and you may complete a short video verification. Once approved, your account details arrive by message and email, and your debit card is sent to your address. Let me know if there is anything more I can do for you."
The bank asked for documents for a payment abroad and it is delayed. Not sure what to do.,PAYMENT_EXCEPTION,international_transfer_compliance_hold,"I understand this is frustrating. International payments can be held for a routine compliance review, which is a regulatory requirement, and we may ask for supporting documents such as an invoice, contract or proof of source of funds. I cannot see the full details of the review in this chat, so I will pass your case to our payments compliance team, who will contact you about what is needed. Providing the documents promptly usually speeds things up. If anything changes in the meantime, please let us know straight away."
"Good morning, I ordered from Netflix last Friday, the item is not what was shown, can I dispute the charge? Thank you.",PAYMENT_EXCEPTION,chargeback_request,"Thank you for the details. A card dispute can be raised for items not received or not as described. We will need your order confirmation and any communication with the seller. Our disputes team will assess the claim and let you know whether the amount can be recovered. If you would like, I can connect you with a human agent right now."
"Hey, please tell me the reason my loan was denied. Thank you.",RETAIL_EXCEPTION,loan_application_rejected_appeal,"I am sorry that your application was not approved. Decisions are based on factors such as income, existing debts, credit history and the value of the loan requested, and we can share the main reasons with you. You may ask for a review, especially if your circumstances have changed or if some information was missing. I will pass your request to a loans specialist who can explain the decision and suggest what may improve your chances next time."
"Hi team, the merchant refused a refund of 2,240 USD, what are my options with the bank? Can you help me with this?",PAYMENT_EXCEPTION,chargeback_request,"Thank you for the details. A card dispute can be raised for items not received or not as described. We will need your order confirmation and any communication with the seller. Our disputes team will assess the claim and let you know whether the amount can be recovered. Please keep your reference number safe, and reply here if you need anything else."
"urgent: why was i charged a fee of $1,720 this month? appreciate the help",FEES,check_fees,"Sure, here is how this works. Fees depend on the type of account or service. You can find the full list in the app under Help and then Fees and Charges, including maintenance, ATM, transfer and card fees. If you tell me the specific service you are asking about, I can explain how that fee is calculated and when it applies. Please reach out again if anything is unclear."
"good evening, what do i need to do before closing my savings account? not sure what to do",ACCOUNT,close_account,"Of course, happy to help. I can explain how to close your savings account. Please first clear any dues, cancel standing instructions and move the remaining balance to another account. Then submit a closure request through customer service or at a branch with valid identification. Once processed, you will receive written confirmation and the final statement. Feel free to ask if you have any other questions."
"excuse me, could you tell me the yearly charges on the card ending 2543? appreciate the help.",CARD,check_card_annual_fee,"Thanks for reaching out, I can guide you through this. Annual fees vary by card, and many cards waive the fee after a certain level of yearly spending. Please check Fees and Charges for your card in the app to see your amount and the anniversary date. If you would like to ask about a waiver, customer service can review your eligibility."
"Excuse me, my spouse emptied our joint account without telling me. Thanks",RETAIL_EXCEPTION,joint_account_dispute,"I am sorry you are going through this. Joint accounts are governed by the mandate that was agreed when they were opened, and changes such as removing a holder or freezing the account usually need the consent of all holders, or a legal instruction. I can arrange for a specialist to explain your options and what proof would be required. Please keep in mind that we cannot take sides, and for serious disputes it can help to seek legal advice. If you would like, I can connect you with a human agent right now."
How do I withdraw my loan request? Appreciate the help.,LOAN,cancel_loan,"Absolutely, let me walk you through it. To cancel a loan application, tell us which application you mean and we will stop the process. Before disbursal there is normally no cost. After disbursal, the loan must be closed by repaying the outstanding amount, and we will give you the exact figure and any applicable charges. I am here if you need anything else."
Urgent: dispute foreign exchange markup on my card transaction. Pls help,PAYMENT_EXCEPTION,currency_conversion_dispute,"Thanks for raising this. When you pay in a foreign currency, the amount is converted at the network exchange rate on the day the transaction is settled, and a foreign currency fee may also apply, so the final figure can differ from what you saw at the shop. Please check the transaction details in the app for the rate and fee that were used. If you believe the amount is wrong, we can raise a query and a specialist will review it. We will keep you updated by message until this is resolved."
"hi team, cancel the automatic payment to makemytrip right now.",PAYMENT_EXCEPTION,recurring_payment_unauthorized,"Sorry about the trouble. We can block future payments to the merchant on your card, and I can start a dispute for charges you did not authorise. Please share the dates and the amounts of the payments and any cancellation emails you have. A specialist will review whether the money can be recovered. If you would like, I can connect you with a human agent right now."
How do I file a formal complaint against the bank? Please advise.,RETAIL_EXCEPTION,formal_complaint_escalation,"I am sorry that your issue has not been resolved, and you have every right to escalate. I can register a formal complaint now, which will be given a reference number and reviewed by our complaints team, who will respond in writing within the time required. If you are not satisfied with the final response, you can take the matter to the external financial ombudsman. It helps if you share the dates and details of your previous contacts. You can ask for a human agent at any time and I will arrange it."
"Hello, the account number I typed was one digit off, and the payment went through. I need this sorted today",PAYMENT_EXCEPTION,transfer_wrong_account,"I am sorry this happened. Please raise a wrong transfer request in the app or with customer service right away with the payment reference. We will ask the receiving bank to hold and return the funds, but they need the account holder consent, so the timing can vary. A specialist will follow up with you."
Please help: I lost my card and passport in Singapore and I have no cash. Appreciate the help.,PAYMENT_EXCEPTION,lost_card_abroad_emergency,"That sounds very stressful. The first step is to block all lost cards so nobody can use them. Then our emergency support team can help with a replacement card delivered to your location or a cash advance, after confirming your identity. Please keep any police report reference, as it can help with disputed transactions. If you would like, I can connect you with a human agent right now."
Please help: I want to cancel my platinum credit card permanently. Any idea what to do?,CARD,cancel_card,"Of course, happy to help. To cancel a card, go to Cards in the mobile app, select your platinum credit card and choose Cancel Card, or contact customer service. Before we close it, please clear any outstanding balance and cancel recurring payments linked to the card. Once cancelled, the card cannot be used again, and you can request a new one later if you change your mind. If you need any further help, just let me know."
"Somebody used my travel card to buy things I do not recognise, this is fraud.",PAYMENT_EXCEPTION,card_fraud_unauthorized_transaction,"Thank you for reporting this quickly. Your card should be blocked immediately to prevent more misuse, and the disputed transactions will be flagged for our fraud team. They will review the details, and where a transaction is confirmed as fraudulent the amount is normally returned to your account after the investigation. A specialist will reach out to collect a few more details. Please keep your reference number safe, and reply here if you need anything else."
Urgent: why was I charged a fee of GBP 193 this month? Please advise.,FEES,check_fees,"I can help you understand the charges. Common fees include monthly maintenance, foreign transaction fees, ATM use outside our network and penalties for low balance. Your latest statement shows every fee that has been applied, and customer service can review any fee you believe was charged in error. Please reach out again if anything is unclear."
how can i check how much credit i have left on my card? please help.,CARD,check_current_balance_on_card,"To check your balance, log in to net banking or the app and open Cards. The card summary shows your current balance, available credit and the last statement amount. Balances update in near real time, but very recent transactions can take a short while to appear."
"good morning, please tell me the current balance on the card ending 2512. can you help me with this?",CARD,check_current_balance_on_card,"To check your balance, log in to net banking or the app and open Cards. The card summary shows your current balance, available credit and the last statement amount. Balances update in near real time, but very recent transactions can take a short while to appear. Please reach out again if anything is unclear."
"The bank stopped my big payment for GBP 12,900, why? Please advise.",PAYMENT_EXCEPTION,large_transaction_blocked,"I understand the urgency. Large payments can be blocked because they go over your daily limit or because our security systems flagged them for extra checks. I cannot release a held payment from this chat, but I can help you confirm it is genuine. Please approve any alert on your app, or I can connect you to a specialist who will verify you and, where possible, release the payment or raise your limit temporarily. You can ask for a human agent at any time and I will arrange it."
"Quick question: sent EUR 2,520 to a stranger by mistake last night. Can you help me with this?",PAYMENT_EXCEPTION,transfer_wrong_account,"I am sorry this happened. Please raise a wrong transfer request in the app or with customer service right away with the payment reference. We will ask the receiving bank to hold and return the funds, but they need the account holder consent, so the timing can vary. A specialist will follow up with you. Please keep your reference number safe, and reply here if you need anything else."
"Hey, when is my card annual fee charged and can it be waived?",CARD,check_card_annual_fee,"Sure, here is how this works. Annual fees vary by card, and many cards waive the fee after a certain level of yearly spending. Please check Fees and Charges for your card in the app to see your amount and the anniversary date. If you would like to ask about a waiver, customer service can review your eligibility. Let me know if there is anything more I can do for you."
"Urgent, travelling and card blocked, I cannot pay my hotel. Not sure what to do.",PAYMENT_EXCEPTION,card_declined_while_travelling,"Sorry about the inconvenience, especially while you are travelling. Please check that international transactions are enabled and that you have not reached your daily limit. Because this is urgent, I recommend calling the emergency line on the back of the card, where an agent can verify you and remove any block. Emergency cash or a replacement card can be arranged if needed. If you would like, I can connect you with a human agent right now."
"hey, could u tell me the yearly charges on the card ending 6051? pls help.",CARD,check_card_annual_fee,"Sure, here is how this works. Annual fees vary by card, and many cards waive the fee after a certain level of yearly spending. Please check Fees and Charges for your card in the app to see your amount and the anniversary date. If you would like to ask about a waiver, customer service can review your eligibility. Please reach out again if anything is unclear."
"hi team, i need to speak to support about my account, how do i reach you? thank you.",CONTACT,customer_service,"Sure, here is how this works. You can reach customer service by phone banking, through secure chat in the mobile app, or by email through the Contact Us section. Phone and chat support are available round the clock for urgent matters such as blocking a card, and other requests are handled during business hours. Please keep your customer ID handy so we can help you faster."
"Hey, I would like to apply for a home loan. I need this sorted today.",LOAN,apply_for_mortgage,"Of course, happy to help. For a mortgage, the first step is to check how much you can borrow using the mortgage calculator in the app. Then submit an application with your identity, income and property details, and we will arrange a valuation of the property. After approval you receive a formal offer, and the funds are released to the seller once the legal formalities are complete. A deposit is usually needed, and the amount depends on the property value and your profile."
"Good evening, can I cancel my loan after it was approved but before receiving the money? Not sure what to do",LOAN,cancel_loan,"To cancel a loan application, tell us which application you mean and we will stop the process. Before disbursal there is normally no cost. After disbursal, the loan must be closed by repaying the outstanding amount, and we will give you the exact figure and any applicable charges."
Please help: I lost my card and passport in Berlin and I have no cash. Any idea what to do?,PAYMENT_EXCEPTION,lost_card_abroad_emergency,"That sounds very stressful. The first step is to block all lost cards so nobody can use them. Then our emergency support team can help with a replacement card delivered to your location or a cash advance, after confirming your identity. Please keep any police report reference, as it can help with disputed transactions."
"I need help. I cannot make any transactions, the bank says KYC is pending. Thanks.",RETAIL_EXCEPTION,account_frozen_kyc,"I am sorry for the inconvenience. A restriction usually means we need to verify or update some information. You can complete the update in the app under Profile and KYC, or visit a branch. If you have already submitted documents, I will ask the team to prioritise the review and update you."
I want to close my joint account. Thanks.,ACCOUNT,close_account,"Certainly, I can help with that. I can explain how to close your joint account. Please first clear any dues, cancel standing instructions and move the remaining balance to another account. Then submit a closure request through customer service or at a branch with valid identification. Once processed, you will receive written confirmation and the final statement. Please reach out again if anything is unclear."
"Good morning, how can I check how much credit I have left on my card? Not sure what to do.",CARD,check_current_balance_on_card,"To check your balance, log in to net banking or the app and open Cards. The card summary shows your current balance, available credit and the last statement amount. Balances update in near real time, but very recent transactions can take a short while to appear. I am here if you need anything else."
I need help. I need extra help managing my money after my illness,RETAIL_EXCEPTION,vulnerable_customer_support,"Thank you for telling us, and please know that we are here to help in a way that works for you. We offer support such as large print or audio statements, assisted banking at branches, a dedicated helpline with priority handling and, in some areas, home visits. If you are worried about a suspicious call, please do not share any codes or personal details, and we will help you check it. I will connect you with our customer care specialists to set up the support you need. If anything changes in the meantime, please let us know straight away."
"Please help: my income has dropped, can you restructure my personal loan?",RETAIL_EXCEPTION,loan_hardship_request,"I am sorry you are facing this, and I am glad you reached out early. We have options for customers in financial difficulty, such as a temporary payment holiday, a longer tenure with lower instalments, or restructuring, depending on your situation. I will pass your request to our customer support team, who will review your income and expenses and discuss what is possible. Please try to keep making any payments you can, and avoid ignoring reminders, as talking to us early gives you more choices. If you would like, I can connect you with a human agent right now."
how can i withdraw my home loan request? not sure what to do.,LOAN,cancel_mortgage,"To cancel a mortgage application, send a withdrawal request with your application reference. Any costs already incurred for valuation or legal checks may not be refundable. We will confirm the cancellation in writing and close the file. If you need any further help, just let me know."
Urgent: cancel my savings account and send me the balance.,ACCOUNT,close_account,"Absolutely, let me walk you through it. To close the account, make sure there are no pending transactions, linked cards or loans. Request closure through the app under Account Services or visit a branch. We will transfer any remaining balance to the account you nominate and confirm once the account is closed. I am here if you need anything else."
How can I change my password to something stronger,PASSWORD,set_up_password,"New customers can create a password using the First Time Login option. Enter your customer ID, verify with a one-time code, then choose a password that meets the rules shown on screen. Please do not share it with anyone, including bank staff."
How long will my transfer stay pending? It has been 6 days. Thank you.,PAYMENT_EXCEPTION,transfer_pending_stuck,"Sorry for the delay. A transfer can stay pending if the receiving bank is slow, if the details do not match, or if the payment is under review. I have noted the delay and a specialist team will trace the payment. If it cannot be completed, the money is returned to your account. Please keep your reference number safe, and reply here if you need anything else."
"I need to visit a branch, can you help me find one? Appreciate the help.",FIND,find_branch,"To find a branch, enter your area or city in the Locator and choose Branches. Each listing shows the address, working hours and the services offered, such as loans or locker facilities. Most branches are open on weekdays and some are open on Saturday mornings. Please reach out again if anything is unclear."
Can you help me activate my card? It has not been used yet. Thanks.,CARD,activate_card,"Thanks for reaching out, I can guide you through this. You can activate your card in two easy ways. In the mobile app, go to Cards, pick your card, and tap Activate. If you prefer, call the phone banking number printed on the back of the card and follow the voice prompts. After verification your card will be active within a few minutes. Please reach out again if anything is unclear."
"Hello, why did Steam take $2,480 two times? Appreciate the help.",PAYMENT_EXCEPTION,duplicate_charge,"Thanks for letting us know. Please keep proof of your purchase and, if possible, the merchant receipt. We will open a dispute for the duplicate payment, and a specialist will review it with the merchant. Refunds usually take several working days once the duplicate is confirmed. Please keep your reference number safe, and reply here if you need anything else."
quick question: can i get a payment holiday on my loan for a few months? thanks.,RETAIL_EXCEPTION,loan_hardship_request,"I am sorry you are facing this, and I am glad you reached out early. We have options for customers in financial difficulty, such as a temporary payment holiday, a longer tenure with lower instalments, or restructuring, depending on your situation. I will pass your request to our customer support team, who will review your income and expenses and discuss what is possible. Please try to keep making any payments you can, and avoid ignoring reminders, as talking to us early gives you more choices. Please keep your reference number safe, and reply here if you need anything else."
How can I close my credit card? I no longer use it. Please help.,CARD,cancel_card,I can guide you through cancelling your card. First check that there are no pending transactions or unpaid dues. Then submit a cancellation request through the app or by phone banking. You will get a confirmation message once the card is closed.
"Hello, please guide me through creating a new account. Not sure what to do",ACCOUNT,create_account,"To start, choose the type of account that suits you, then fill in the application form online. You will need identity and address documents, and you may complete a short video verification. Once approved, your account details arrive by message and email, and your debit card is sent to your address. Feel free to ask if you have any other questions."
Please help: can I cancel a scheduled transfer for next week? Thanks.,TRANSFER,cancel_transfer,"Thanks for reaching out, I can guide you through this. Please act quickly. For transfers that have not been processed yet, use Cancel next to the transfer in your pending list. For completed transfers, raise a recall request from the same screen or through customer service, and keep the transaction reference handy. We will update you as soon as we hear back from the other bank. Feel free to ask if you have any other questions."
Urgent: I want to close my business account. Any idea what to do?,ACCOUNT,close_account,"I can explain how to close your business account. Please first clear any dues, cancel standing instructions and move the remaining balance to another account. Then submit a closure request through customer service or at a branch with valid identification. Once processed, you will receive written confirmation and the final statement."
"Hello there, please guide me through creating a new account. I need this sorted today.",ACCOUNT,create_account,"To start, choose the type of account that suits you, then fill in the application form online. You will need identity and address documents, and you may complete a short video verification. Once approved, your account details arrive by message and email, and your debit card is sent to your address. Please reach out again if anything is unclear."
"I need a person to help me with this, not an automated reply. Can you help me with this",CONTACT,human_agent,"Certainly, I can arrange for one of our advisors to help you. I am transferring you now, and I will share the details of our conversation so you do not need to repeat yourself. If the queue is long, you can choose to receive a call back instead."
"good evening, i want to apply for a personal loan of inr 52,200.",LOAN,apply_for_loan,"Of course, happy to help. You can apply for a personal loan online or at a branch. Please keep your identity proof, address proof, recent salary slips or income proof, and bank statements ready. After you submit the application, we check your eligibility and credit history and share an offer with the interest rate and repayment plan. Once you accept, the money is usually credited within a few working days."
"I just received my travel card in the mail, how can I start using it? Any idea what to do",CARD,activate_card,"Of course, happy to help. First, open the mobile app or net banking and go to the Cards section. Then select your travel card and choose Activate Card. You will receive a one-time code on your registered mobile number, so enter it to confirm. Once that is done, the card is active and ready to use straight away. I am here if you need anything else."
"Hello there, can I see how much interest I have paid on my home loan? Any idea what to do?",LOAN,check_mortgage_payments,"Sure, here is how this works. In the app, open Loans and select your mortgage to see your monthly payment, the next due date, the remaining balance and the split between interest and principal. Statements and a yearly interest certificate can also be downloaded from the documents section. Feel free to ask if you have any other questions."
"Excuse me, can you list all the charges for using the ATM abroad? Appreciate the help.",FEES,check_fees,"Absolutely, let me walk you through it. I can help you understand the charges. Common fees include monthly maintenance, foreign transaction fees, ATM use outside our network and penalties for low balance. Your latest statement shows every fee that has been applied, and customer service can review any fee you believe was charged in error. Please reach out again if anything is unclear."
i would like to apply for a home loan. please help,LOAN,apply_for_mortgage,"For a mortgage, the first step is to check how much you can borrow using the mortgage calculator in the app. Then submit an application with your identity, income and property details, and we will arrange a valuation of the property. After approval you receive a formal offer, and the funds are released to the seller once the legal formalities are complete. A deposit is usually needed, and the amount depends on the property value and your profile."
"Hi team, I have complained three times and nobody has solved my problem, I want to escalate.",RETAIL_EXCEPTION,formal_complaint_escalation,"I am sorry that your issue has not been resolved, and you have every right to escalate. I can register a formal complaint now, which will be given a reference number and reviewed by our complaints team, who will respond in writing within the time required. If you are not satisfied with the final response, you can take the matter to the external financial ombudsman. It helps if you share the dates and details of your previous contacts. We will keep you updated by message until this is resolved."
"Hello there, I cannot afford my mortgage after the rate increase. Not sure what to do.",RETAIL_EXCEPTION,mortgage_arrears_support,"Thank you for reaching out. Falling behind on a mortgage is stressful, and there are steps we can explore together. A mortgage support specialist will review your account, your income and expenses, and discuss a plan that suits you. I am raising this as urgent so they contact you soon. Please keep your reference number safe, and reply here if you need anything else."
Quick question: please enable international transactions on my card ending 2492. thx,CARD,activate_card_international_usage,"Absolutely, let me walk you through it. To use your card overseas, open Card Controls in the app and enable International Usage. It is a good idea to set a travel period and a daily limit. If you cannot use the app, phone banking can turn it on for you after verifying your identity. Feel free to ask if you have any other questions."
"Hi, how do I start a chargeback for a service that was not delivered? Appreciate the help",PAYMENT_EXCEPTION,chargeback_request,"Thank you for the details. A card dispute can be raised for items not received or not as described. We will need your order confirmation and any communication with the seller. Our disputes team will assess the claim and let you know whether the amount can be recovered. If anything changes in the meantime, please let us know straight away."
"Hey, I am going to Dublin soon. Can u turn on international usage for my card?",CARD,activate_card_international_usage,"Certainly, I can help with that. To use your card overseas, open Card Controls in the app and enable International Usage. It is a good idea to set a travel period and a daily limit. If you cannot use the app, phone banking can turn it on for you after verifying your identity. Feel free to ask if you have any other questions."
My debit card ending 5466 arrived today. What are the steps to activate it? Thanks,CARD,activate_card,"Certainly, I can help with that. First, open the mobile app or net banking and go to the Cards section. Then select your debit card and choose Activate Card. You will receive a one-time code on your registered mobile number, so enter it to confirm. Once that is done, the card is active and ready to use straight away."
"Good evening, I want to open a new account, what documents are required? Thanks.",ACCOUNT,create_account,"To start, choose the type of account that suits you, then fill in the application form online. You will need identity and address documents, and you may complete a short video verification. Once approved, your account details arrive by message and email, and your debit card is sent to your address. Please reach out again if anything is unclear."
"Please help: I sent 871 dollars to the wrong person, can I cancel the transfer? I need this sorted today.",TRANSFER,cancel_transfer,"Please act quickly. For transfers that have not been processed yet, use Cancel next to the transfer in your pending list. For completed transfers, raise a recall request from the same screen or through customer service, and keep the transaction reference handy. We will update you as soon as we hear back from the other bank. I am here if you need anything else."
"good evening, i need to visit a branch, can you help me find one? not sure what to do.",FIND,find_branch,"To find a branch, enter your area or city in the Locator and choose Branches. Each listing shows the address, working hours and the services offered, such as loans or locker facilities. Most branches are open on weekdays and some are open on Saturday mornings. I am here if you need anything else."
"Hi team, my refund of INR 1,820 is still missing, the shop says it was processed. Not sure what to do.",PAYMENT_EXCEPTION,refund_not_received,"Thank you for the details. A refund can take some time after the merchant approves it. If it has been more than ten working days, please send us the refund confirmation from the merchant. We will trace the credit and follow up with the merchant bank on your behalf. If you would like, I can connect you with a human agent right now."
"Excuse me, myntra said they refunded INR 1,540 7 days ago but I have not received it.",PAYMENT_EXCEPTION,refund_not_received,"Thank you for the details. A refund can take some time after the merchant approves it. If it has been more than ten working days, please send us the refund confirmation from the merchant. We will trace the credit and follow up with the merchant bank on your behalf. If anything changes in the meantime, please let us know straight away."
Can I reapply after a rejection and what should I improve? Please advise.,RETAIL_EXCEPTION,loan_application_rejected_appeal,"I am sorry that your application was not approved. Decisions are based on factors such as income, existing debts, credit history and the value of the loan requested, and we can share the main reasons with you. You may ask for a review, especially if your circumstances have changed or if some information was missing. I will pass your request to a loans specialist who can explain the decision and suggest what may improve your chances next time."
"Good morning, suspicious login on my account from another country, please secure it.",RETAIL_EXCEPTION,identity_theft_account_takeover,"Thank you for flagging this quickly. Access to your online banking will be locked while we investigate. Our security team will verify your identity through a secure process, review recent changes and transactions, and help reset your details. Please tell us about any transaction you did not make, so it can be investigated. If you would like, I can connect you with a human agent right now."
"Good morning, account blocked after I updated my address, how do I get access? Please help",RETAIL_EXCEPTION,account_frozen_kyc,"I am sorry for the inconvenience. A restriction usually means we need to verify or update some information. You can complete the update in the app under Profile and KYC, or visit a branch. If you have already submitted documents, I will ask the team to prioritise the review and update you. Please keep your reference number safe, and reply here if you need anything else."
"hi team, i changed my name after marriage, how do i update it on my business account? i need this sorted today.",RETAIL_EXCEPTION,legal_name_change,"To change your name in our records, we need proof of the legal name change, such as a marriage certificate, a gazette notification or a deed poll, together with your identification. Please upload the documents in the app under Profile or visit a branch, and we will update your accounts and cards. Because this affects several products, the update may take a few working days, and we will notify you when it is complete. If you would like, I can connect you with a human agent right now."
"Hello, I want to dispute an ATM withdrawal of $2,350 from earlier today. Thank you.",ATM,dispute_ATM_withdrawal,"I will help you raise a dispute for the ATM withdrawal of $2,350. Please go to Disputes in the app, select the transaction and choose ATM Cash Issue, then give the date, time and ATM location if you have them. We will investigate with the ATM operator and most cases are reviewed within a few working days. If the ATM did not dispense the cash, the amount is usually credited back to your account."
"Good evening, where can I download my statement for the last 6 days",ACCOUNT,check_recent_transactions,"Absolutely, let me walk you through it. To review your recent activity, log in and choose the account, then select Recent Transactions. Pending items are shown separately from completed ones. If something looks unfamiliar, tap it to see the details and report it directly from that screen. Please reach out again if anything is unclear."
Please enable international transactions on my card ending 2336. I need this sorted today.,CARD,activate_card_international_usage,"Certainly, I can help with that. To use your card overseas, open Card Controls in the app and enable International Usage. It is a good idea to set a travel period and a daily limit. If you cannot use the app, phone banking can turn it on for you after verifying your identity. If you need any further help, just let me know."
Please help: how do I stop a transfer I made last month? Can u help me with this?,TRANSFER,cancel_transfer,"Certainly, I can help with that. Please act quickly. For transfers that have not been processed yet, use Cancel next to the transfer in your pending list. For completed transfers, raise a recall request from the same screen or through customer service, and keep the transaction reference handy. We will update you as soon as we hear back from the other bank."
"Can I get a loan for 450,950 USD over 12 months? Can you help me with this?",LOAN,apply_for_loan,"Of course, happy to help. To apply for a loan, go to Loans in the app and select the type of loan you need. Enter the amount and tenure, upload the required documents and submit. Your eligibility is based on income, existing commitments and credit score, and you will see a decision and an offer once the review is complete. If you need any further help, just let me know."
"hi, what are the opening hours of the branch near the airport? not sure what to do.",FIND,find_branch,"Of course, happy to help. You can find branches using the Locator in the app or on our website. Search by city or a landmark like the airport, and you will see the address, opening hours and services available at each branch. Many branches allow you to book an appointment in advance, which reduces waiting time."
I want to know my outstanding amount on the credit card. Not sure what to do.,CARD,check_current_balance_on_card,"Absolutely, let me walk you through it. To check your balance, log in to net banking or the app and open Cards. The card summary shows your current balance, available credit and the last statement amount. Balances update in near real time, but very recent transactions can take a short while to appear. Feel free to ask if you have any other questions."
"Hello there, what is the fastest way to send money to someone? Any idea what to do?",TRANSFER,make_transfer,"Absolutely, let me walk you through it. You can send money in a few steps. Open Transfers, choose Send Money and select an existing payee or add a new one. Type in the amount, check the details carefully because transfers to the wrong account can be hard to reverse, and approve with your security code. Instant methods arrive within minutes, while standard transfers can take up to one working day. Let me know if there is anything more I can do for you."
"Good morning, my card ending 5624 has unknown purchases that appeared last weekend, pls help urgently. Any idea what to do?",PAYMENT_EXCEPTION,card_fraud_unauthorized_transaction,"Thank you for reporting this quickly. Your card should be blocked immediately to prevent more misuse, and the disputed transactions will be flagged for our fraud team. They will review the details, and where a transaction is confirmed as fraudulent the amount is normally returned to your account after the investigation. A specialist will reach out to collect a few more details. If anything changes in the meantime, please let us know straight away."
"Hi, why was I charged a fee of GBP 1,650 this month? Thank you.",FEES,check_fees,"I can help you understand the charges. Common fees include monthly maintenance, foreign transaction fees, ATM use outside our network and penalties for low balance. Your latest statement shows every fee that has been applied, and customer service can review any fee you believe was charged in error."
Please enable international transactions on my card ending 0781. Any idea what to do?,CARD,activate_card_international_usage,"To use your card overseas, open Card Controls in the app and enable International Usage. It is a good idea to set a travel period and a daily limit. If you cannot use the app, phone banking can turn it on for you after verifying your identity. I am here if you need anything else."
"Hi team, how can I close my credit card? I no longer use it. Thanks.",CARD,cancel_card,"Sure, here is how this works. I can guide you through cancelling your card. First check that there are no pending transactions or unpaid dues. Then submit a cancellation request through the app or by phone banking. You will get a confirmation message once the card is closed. Please reach out again if anything is unclear."
"Excuse me, can I see my loan repayment schedule? Appreciate the help.",LOAN,check_loan_payments,"To check your loan payments, log in and open Loans, then choose the loan. You will see what you have paid so far, what is left, and the next due date. If you would like to pay extra to reduce the balance, there is an option to make a part payment on the same screen. Let me know if there is anything more I can do for you."
"I think I paid the wrong person $1,340 and im panicking. Appreciate the help.",PAYMENT_EXCEPTION,transfer_wrong_account,"I am sorry this happened. Please raise a wrong transfer request in the app or with customer service right away with the payment reference. We will ask the receiving bank to hold and return the funds, but they need the account holder consent, so the timing can vary. A specialist will follow up with you."
Urgent: I lost my platinum credit card and need to block it right now. Pls help.,CARD,block_card,"I apologise for the trouble this has caused, let me help. You can block the card immediately in the mobile app. Go to Cards, choose the card and tap Block Card, then pick Lost or Stolen as the reason. The card stops working straight away and any new transactions are declined. We will then help you order a replacement, which usually arrives in a few working days."
"Hello, I have a visual impairment and cannot read the statements, what support do you offer?",RETAIL_EXCEPTION,vulnerable_customer_support,"Thank you for telling us, and please know that we are here to help in a way that works for you. We offer support such as large print or audio statements, assisted banking at branches, a dedicated helpline with priority handling and, in some areas, home visits. If you are worried about a suspicious call, please do not share any codes or personal details, and we will help you check it. I will connect you with our customer care specialists to set up the support you need. You can ask for a human agent at any time and I will arrange it."
"Hey, I have a power of attorney document, how do I register it with the bank?",RETAIL_EXCEPTION,power_of_attorney_request,"I am sorry to hear that. Managing another person's account requires a valid legal authority, such as a registered power of attorney, and we need to verify it before giving access. Please prepare the original or certified copy of the document, your identification and the account holder details. A specialist will check the paperwork and explain what your authority allows, and I will arrange for them to contact you. If anything changes in the meantime, please let us know straight away."
"hi team, how can i close my credit card? i no longer use it. can u help me with this?",CARD,cancel_card,"Absolutely, let me walk you through it. I can guide you through cancelling your card. First check that there are no pending transactions or unpaid dues. Then submit a cancellation request through the app or by phone banking. You will get a confirmation message once the card is closed. If you need any further help, just let me know."
"Good morning, my card was declined in Dubai and I am stuck without money. Please advise",PAYMENT_EXCEPTION,card_declined_while_travelling,"Sorry about the inconvenience, especially while you are travelling. Please check that international transactions are enabled and that you have not reached your daily limit. Because this is urgent, I recommend calling the emergency line on the back of the card, where an agent can verify you and remove any block. Emergency cash or a replacement card can be arranged if needed. Please keep your reference number safe, and reply here if you need anything else."
"Please help: my prepaid card does not work outside the country, how do I switch on overseas payments? Thank you.",CARD,activate_card_international_usage,"Absolutely, let me walk you through it. International usage can be switched on from the mobile app. Go to Cards, select your prepaid card, open Card Controls and turn on International Transactions. You can also set the dates of your trip and a spending limit for extra safety. Changes usually take effect within a few minutes, so please do it before you leave."
"Urgent: I cannot make any transactions, the bank says KYC is pending. Appreciate the help",RETAIL_EXCEPTION,account_frozen_kyc,"I am sorry for the inconvenience. A restriction usually means we need to verify or update some information. You can complete the update in the app under Profile and KYC, or visit a branch. If you have already submitted documents, I will ask the team to prioritise the review and update you. Please keep your reference number safe, and reply here if you need anything else."
Quick question: cash was not dispensed at the ATM yet my account was debited.,ATM,dispute_ATM_withdrawal,"Sorry about the trouble with the ATM. Please keep the receipt if you have one and raise a dispute through the app or by calling customer service. We will check the ATM records for the withdrawal and update you by message. If the money is confirmed as not dispensed, it will be returned to your account. Feel free to ask if you have any other questions."
"hello there, where is the closest branch? pls advise.",FIND,find_branch,"To find a branch, enter your area or city in the Locator and choose Branches. Each listing shows the address, working hours and the services offered, such as loans or locker facilities. Most branches are open on weekdays and some are open on Saturday mornings. Please reach out again if anything is unclear."
"Quick question: we decided not to buy the house, how do I cancel the mortgage? Appreciate the help.",LOAN,cancel_mortgage,"To cancel a mortgage application, send a withdrawal request with your application reference. Any costs already incurred for valuation or legal checks may not be refundable. We will confirm the cancellation in writing and close the file. Let me know if there is anything more I can do for you."
Please help: show me my recent activity on the salary account. Any idea what to do?,ACCOUNT,check_recent_transactions,"You can see recent transactions in the app or net banking. Open your salary account and tap Transactions to view the latest activity, and use the filters to search by date or amount. Statements for earlier periods can be downloaded as a PDF from the Statements section. Please reach out again if anything is unclear."
"The bank stopped my big payment for GBP 19,280, why? Please advise",PAYMENT_EXCEPTION,large_transaction_blocked,"I understand the urgency. Large payments can be blocked because they go over your daily limit or because our security systems flagged them for extra checks. I cannot release a held payment from this chat, but I can help you confirm it is genuine. Please approve any alert on your app, or I can connect you to a specialist who will verify you and, where possible, release the payment or raise your limit temporarily. We will keep you updated by message until this is resolved."
"Hi team, what is the customer care number? Not sure what to do.",CONTACT,customer_service,"Thanks for reaching out, I can guide you through this. You can reach customer service by phone banking, through secure chat in the mobile app, or by email through the Contact Us section. Phone and chat support are available round the clock for urgent matters such as blocking a card, and other requests are handled during business hours. Please keep your customer ID handy so we can help you faster. If you need any further help, just let me know."
"hi, how can i reset my forgotten mobile banking password? appreciate the help.",PASSWORD,get_password,"You can recover access in a few steps. Select Forgot Password on the login screen, verify your identity with the one-time code sent to your registered number, and set a new password. If you no longer have access to that number, please visit a branch with your identification to update it."
"Excuse me, I want to dispute an ATM withdrawal of $1,970 from last month. I need this sorted today.",ATM,dispute_ATM_withdrawal,"I will help you raise a dispute for the ATM withdrawal of $1,970. Please go to Disputes in the app, select the transaction and choose ATM Cash Issue, then give the date, time and ATM location if you have them. We will investigate with the ATM operator and most cases are reviewed within a few working days. If the ATM did not dispense the cash, the amount is usually credited back to your account."
please help: how do i set up a password for net banking? can you help me with this?,PASSWORD,set_up_password,"Thanks for reaching out, I can guide you through this. To set up or change your password, log in and go to Settings and then Security. Choose Change Password, enter your current password, and type the new one twice. A strong password uses at least eight characters with a mix of letters, numbers and symbols, and should not include your name or birth date. Let me know if there is anything more I can do for you."
Is there an ATM near the airport? I need this sorted today.,FIND,find_ATM,"Of course, happy to help. You can find your nearest ATM using the ATM and Branch Locator in the app. Allow location access or type in an area such as the airport, and the map will show the closest machines, including ones that accept cash deposits. You can also use ATMs from partner networks with lower or no charges. Feel free to ask if you have any other questions."
"Hi, how do I freeze my card temporarily? I cannot find it. I need this sorted today.",CARD,block_card,"To protect your money, block the card first. Use the app under Cards and Block, or call the 24 hour phone banking line and ask for an immediate block. Once blocked, please review your recent transactions and tell us about any you do not recognise so we can look into them. If you need any further help, just let me know."
"Hi team, what are the rules for choosing a password?",PASSWORD,set_up_password,"Certainly, I can help with that. New customers can create a password using the First Time Login option. Enter your customer ID, verify with a one-time code, then choose a password that meets the rules shown on screen. Please do not share it with anyone, including bank staff. Feel free to ask if you have any other questions."
"Please help: my credit card does not work outside the country, how do I switch on overseas payments?",CARD,activate_card_international_usage,"Thanks for reaching out, I can guide you through this. International usage can be switched on from the mobile app. Go to Cards, select your credit card, open Card Controls and turn on International Transactions. You can also set the dates of your trip and a spending limit for extra safety. Changes usually take effect within a few minutes, so please do it before you leave. Feel free to ask if you have any other questions."
Please help: can I open an account online without visiting the branch? Can you help me with this?,ACCOUNT,create_account,"To start, choose the type of account that suits you, then fill in the application form online. You will need identity and address documents, and you may complete a short video verification. Once approved, your account details arrive by message and email, and your debit card is sent to your address. Feel free to ask if you have any other questions."
"i need help. the account holder cannot sign anymore, what documents do i need to act for them? not sure what to do.",RETAIL_EXCEPTION,power_of_attorney_request,"I am sorry to hear that. Managing another person's account requires a valid legal authority, such as a registered power of attorney, and we need to verify it before giving access. Please prepare the original or certified copy of the document, your identification and the account holder details. A specialist will check the paperwork and explain what your authority allows, and I will arrange for them to contact you. Please keep your reference number safe, and reply here if you need anything else."
"Excuse me, what happens to my mortgage application if I cancel it now",LOAN,cancel_mortgage,"To cancel a mortgage application, send a withdrawal request with your application reference. Any costs already incurred for valuation or legal checks may not be refundable. We will confirm the cancellation in writing and close the file."
"urgent: please block my card ending 5379, i think it was stolen. not sure what to do.",CARD,block_card,"I understand how stressful this must be, and I am here to help. To protect your money, block the card first. Use the app under Cards and Block, or call the 24 hour phone banking line and ask for an immediate block. Once blocked, please review your recent transactions and tell us about any you do not recognise so we can look into them. I am here if you need anything else."
"I need help. The ATM swallowed my card, what should I do? Please advise.",ATM,recover_swallowed_card,"I am sorry that the ATM kept your card. For your safety, I suggest blocking the card right away in the app. We will then arrange either collection from the ATM branch with identification or a replacement card sent to your address, usually within a few working days. Feel free to ask if you have any other questions."
"Hello, my card went missing yesterday, block it asap. Can you help me with this?",CARD,block_card,"I am sorry to hear about this and I want to help sort it out. You can block the card immediately in the mobile app. Go to Cards, choose the card and tap Block Card, then pick Lost or Stolen as the reason. The card stops working straight away and any new transactions are declined. We will then help you order a replacement, which usually arrives in a few working days."
i need help. please guide me through creating a new account.,ACCOUNT,create_account,"To start, choose the type of account that suits you, then fill in the application form online. You will need identity and address documents, and you may complete a short video verification. Once approved, your account details arrive by message and email, and your debit card is sent to your address. If you need any further help, just let me know."
"Hey, can I get a loan for GBP 122,400 over 48 months? Thank you.",LOAN,apply_for_loan,"To apply for a loan, go to Loans in the app and select the type of loan you need. Enter the amount and tenure, upload the required documents and submit. Your eligibility is based on income, existing commitments and credit score, and you will see a decision and an offer once the review is complete."
Cash was not dispensed at the ATM yet my account was debited. Can you help me with this?,ATM,dispute_ATM_withdrawal,"Sorry about the trouble with the ATM. Please keep the receipt if you have one and raise a dispute through the app or by calling customer service. We will check the ATM records for the withdrawal and update you by message. If the money is confirmed as not dispensed, it will be returned to your account."
"Hello, pls cancel the loan I applied for two days ago. I need this sorted today.",LOAN,cancel_loan,"Absolutely, let me walk you through it. To cancel a loan application, tell us which application you mean and we will stop the process. Before disbursal there is normally no cost. After disbursal, the loan must be closed by repaying the outstanding amount, and we will give you the exact figure and any applicable charges."
"hi, how much is the fee for an international transfer?",FEES,check_fees,"I can help you understand the charges. Common fees include monthly maintenance, foreign transaction fees, ATM use outside our network and penalties for low balance. Your latest statement shows every fee that has been applied, and customer service can review any fee you believe was charged in error. I am here if you need anything else."
Urgent: how do I shut down my account permanently? Appreciate the help.,ACCOUNT,close_account,"To close the account, make sure there are no pending transactions, linked cards or loans. Request closure through the app under Account Services or visit a branch. We will transfer any remaining balance to the account you nominate and confirm once the account is closed. I am here if you need anything else."
"Hello there, could you tell me the yearly charges on the card ending 6244?",CARD,check_card_annual_fee,"Annual fees vary by card, and many cards waive the fee after a certain level of yearly spending. Please check Fees and Charges for your card in the app to see your amount and the anniversary date. If you would like to ask about a waiver, customer service can review your eligibility. Please reach out again if anything is unclear."
what is the available balance on my prepaid card? thanks.,CARD,check_current_balance_on_card,"Absolutely, let me walk you through it. To check your balance, log in to net banking or the app and open Cards. The card summary shows your current balance, available credit and the last statement amount. Balances update in near real time, but very recent transactions can take a short while to appear. Let me know if there is anything more I can do for you."
cancel my savings account and send me the balance. please advise,ACCOUNT,close_account,"To close the account, make sure there are no pending transactions, linked cards or loans. Request closure through the app under Account Services or visit a branch. We will transfer any remaining balance to the account you nominate and confirm once the account is closed."
i need help. i want to cancel my mortgage application. thanks,LOAN,cancel_mortgage,"I can help you withdraw the mortgage application. Please contact our mortgage team through the app or at a branch and confirm the application reference. If the valuation or legal work has already started, some third party fees might still apply. Once cancelled, you will receive written confirmation. If you need any further help, just let me know."
"hey, we are separating and i want to stop my partner from withdrawing from our joint account. any idea what to do?",RETAIL_EXCEPTION,joint_account_dispute,"I am sorry you are going through this. Joint accounts are governed by the mandate that was agreed when they were opened, and changes such as removing a holder or freezing the account usually need the consent of all holders, or a legal instruction. I can arrange for a specialist to explain your options and what proof would be required. Please keep in mind that we cannot take sides, and for serious disputes it can help to seek legal advice."
Quick question: how do I stop a transfer I made this morning? I need this sorted today.,TRANSFER,cancel_transfer,"Please act quickly. For transfers that have not been processed yet, use Cancel next to the transfer in your pending list. For completed transfers, raise a recall request from the same screen or through customer service, and keep the transaction reference handy. We will update you as soon as we hear back from the other bank. Let me know if there is anything more I can do for you."
"I want to make a large purchase of INR 5,370 but my card keeps getting declined. Any idea what to do?",PAYMENT_EXCEPTION,large_transaction_blocked,"I understand the urgency. Large payments can be blocked because they go over your daily limit or because our security systems flagged them for extra checks. I cannot release a held payment from this chat, but I can help you confirm it is genuine. Please approve any alert on your app, or I can connect you to a specialist who will verify you and, where possible, release the payment or raise your limit temporarily. Please keep your reference number safe, and reply here if you need anything else."
"Hey, the ATM kept my debit card and I cannot get it back.",ATM,recover_swallowed_card,"Please do not worry, this happens sometimes. First, block the card in the app as a precaution until you have it back. Then contact the branch that owns the ATM or call customer service, and we will check if the card was retained by the machine. If it can be recovered you may collect it with valid photo ID, otherwise we will issue a replacement card to you. Let me know if there is anything more I can do for you."
"Hello there, we decided not to buy the house, how do I cancel the mortgage? Can you help me with this",LOAN,cancel_mortgage,"Thanks for reaching out, I can guide you through this. To cancel a mortgage application, send a withdrawal request with your application reference. Any costs already incurred for valuation or legal checks may not be refundable. We will confirm the cancellation in writing and close the file. Let me know if there is anything more I can do for you."
"Hey, please guide me through creating a new account. Please advise.",ACCOUNT,create_account,"To start, choose the type of account that suits you, then fill in the application form online. You will need identity and address documents, and you may complete a short video verification. Once approved, your account details arrive by message and email, and your debit card is sent to your address."
I need help. I want to know how many payments are left on my loan. Not sure what to do.,LOAN,check_loan_payments,"Of course, happy to help. To check your loan payments, log in and open Loans, then choose the loan. You will see what you have paid so far, what is left, and the next due date. If you would like to pay extra to reduce the balance, there is an option to make a part payment on the same screen. Feel free to ask if you have any other questions."
"Hi team, how much do I pay every year to keep my card? Appreciate the help.",CARD,check_card_annual_fee,"Absolutely, let me walk you through it. Annual fees vary by card, and many cards waive the fee after a certain level of yearly spending. Please check Fees and Charges for your card in the app to see your amount and the anniversary date. If you would like to ask about a waiver, customer service can review your eligibility."
"Good morning, I have a power of attorney document, how do I register it with the bank? Appreciate the help.",RETAIL_EXCEPTION,power_of_attorney_request,"I am sorry to hear that. Managing another person's account requires a valid legal authority, such as a registered power of attorney, and we need to verify it before giving access. Please prepare the original or certified copy of the document, your identification and the account holder details. A specialist will check the paperwork and explain what your authority allows, and I will arrange for them to contact you. We will keep you updated by message until this is resolved."
i need help. what is the annual fee for my travel card? appreciate the help,CARD,check_card_annual_fee,"Absolutely, let me walk you through it. Annual fees vary by card, and many cards waive the fee after a certain level of yearly spending. Please check Fees and Charges for your card in the app to see your amount and the anniversary date. If you would like to ask about a waiver, customer service can review your eligibility."
Quick question: what is the process to claim the balance in my late mother's account? Thanks.,RETAIL_EXCEPTION,deceased_account_holder,"I am very sorry for your loss. Please take your time, and we will make this as simple as we can. To begin, please inform us of the death by contacting our bereavement team, who will guide you personally. You will usually need a copy of the death certificate, your own identification and proof of your relationship, and if you are the nominee, the nomination details. Because this involves legal steps, a specialist will handle your request and explain the timeline. If you would like, I can connect you with a human agent right now."
"Excuse me, could you tell me the yearly charges on the card ending 4148? I need this sorted today",CARD,check_card_annual_fee,"Annual fees vary by card, and many cards waive the fee after a certain level of yearly spending. Please check Fees and Charges for your card in the app to see your amount and the anniversary date. If you would like to ask about a waiver, customer service can review your eligibility. Please reach out again if anything is unclear."
"Hello there, we are buying our first home and need a mortgage, where do we start? I need this sorted today.",LOAN,apply_for_mortgage,"For a mortgage, the first step is to check how much you can borrow using the mortgage calculator in the app. Then submit an application with your identity, income and property details, and we will arrange a valuation of the property. After approval you receive a formal offer, and the funds are released to the seller once the legal formalities are complete. A deposit is usually needed, and the amount depends on the property value and your profile. Feel free to ask if you have any other questions."
please help: please put me through to a customer service representative. i need this sorted today.,CONTACT,human_agent,"Of course. I will connect you with a human agent now. Please stay in this chat, and it helps if you briefly describe your issue so the agent can pick up straight away. Waiting times can vary, and if it is not urgent you can also request a call back at a time that suits you. If you need any further help, just let me know."
Urgent: I lost my job and cannot pay my business loan instalments. Please help.,RETAIL_EXCEPTION,loan_hardship_request,"Thank you for being open about this. We treat hardship requests seriously and with respect. A specialist will contact you to understand your circumstances and explore ways to reduce the pressure, for example a payment break or revised repayment plan. They may ask for proof of the change in your income. Nothing is decided in this chat, but I will raise it as a priority. If anything changes in the meantime, please let us know straight away."
"Excuse me, when is my next mortgage payment due? Please help.",LOAN,check_mortgage_payments,"In the app, open Loans and select your mortgage to see your monthly payment, the next due date, the remaining balance and the split between interest and principal. Statements and a yearly interest certificate can also be downloaded from the documents section. I am here if you need anything else."
Quick question: my card was declined in Chennai and I am stuck without money,PAYMENT_EXCEPTION,card_declined_while_travelling,"Sorry about the inconvenience, especially while you are travelling. Please check that international transactions are enabled and that you have not reached your daily limit. Because this is urgent, I recommend calling the emergency line on the back of the card, where an agent can verify you and remove any block. Emergency cash or a replacement card can be arranged if needed. We will keep you updated by message until this is resolved."
Urgent: my spouse emptied our joint account without telling me. Thank you.,RETAIL_EXCEPTION,joint_account_dispute,"Thank you for explaining. Changing the operating instruction on a joint account depends on the mandate, and sometimes a court order is needed. Our specialist team can review the account terms with you and tell you what can be done, such as requiring both signatures for withdrawals. I will connect you with them. If you would like, I can connect you with a human agent right now."
"Hello there, why was I charged a fee of 1,560 USD this month? Appreciate the help.",FEES,check_fees,"Absolutely, let me walk you through it. I can help you understand the charges. Common fees include monthly maintenance, foreign transaction fees, ATM use outside our network and penalties for low balance. Your latest statement shows every fee that has been applied, and customer service can review any fee you believe was charged in error."
"I need help. Please cancel my pending transfer of 2,620 USD. Can you help me with this?",TRANSFER,cancel_transfer,"Of course, happy to help. If the transfer of 2,620 USD is still pending or scheduled, you can cancel it in the app. Go to Transfers, open Pending or Scheduled, select the transfer and tap Cancel. If it has already been completed, it cannot be cancelled directly, but you can raise a request and we will contact the receiving bank to ask for the money back. Success depends on the receiving bank and the account holder agreeing to return it. I am here if you need anything else."
Quick question: cash was not dispensed at the ATM yet my account was debited. Appreciate the help.,ATM,dispute_ATM_withdrawal,"Sorry about the trouble with the ATM. Please keep the receipt if you have one and raise a dispute through the app or by calling customer service. We will check the ATM records for the withdrawal and update you by message. If the money is confirmed as not dispensed, it will be returned to your account."
"Good evening, cash was not dispensed at the ATM yet my account was debited. Thank you.",ATM,dispute_ATM_withdrawal,"Sorry about the trouble with the ATM. Please keep the receipt if you have one and raise a dispute through the app or by calling customer service. We will check the ATM records for the withdrawal and update you by message. If the money is confirmed as not dispensed, it will be returned to your account."
"Quick question: I am in Dublin and my credit card is lost, how can I get emergency help? Not sure what to do.",PAYMENT_EXCEPTION,lost_card_abroad_emergency,"I am sorry to hear that, and please make sure you are safe first. Block your cards immediately in the app, or call our 24 hour emergency line if you cannot log in. We can arrange an emergency replacement card or emergency cash in Dublin, and our agent will verify your identity and guide you on the fastest option. I suggest reporting the theft to the local police as well, since some claims need a report. If you would like, I can connect you with a human agent right now."
Quick question: which branch can I go to for a loan discussion?,FIND,find_branch,"Thanks for reaching out, I can guide you through this. To find a branch, enter your area or city in the Locator and choose Branches. Each listing shows the address, working hours and the services offered, such as loans or locker facilities. Most branches are open on weekdays and some are open on Saturday mornings. Please reach out again if anything is unclear."
The bank asked for documents for a payment abroad and it is delayed.,PAYMENT_EXCEPTION,international_transfer_compliance_hold,"Thank you for your patience. Some cross border payments are checked before release, and I am not able to share the specific reason for a review. Please keep supporting documents ready. I am escalating your transfer to a specialist team, who will tell you what is required and the expected timing. If you would like, I can connect you with a human agent right now."
"Hello there, help, the cash machine did not return my card. Any idea what to do",ATM,recover_swallowed_card,"I am sorry that the ATM kept your card. For your safety, I suggest blocking the card right away in the app. We will then arrange either collection from the ATM branch with identification or a replacement card sent to your address, usually within a few working days. Let me know if there is anything more I can do for you."
"Hi team, what is the remaining balance on my mortgage? I need this sorted today.",LOAN,check_mortgage_payments,"In the app, open Loans and select your mortgage to see your monthly payment, the next due date, the remaining balance and the split between interest and principal. Statements and a yearly interest certificate can also be downloaded from the documents section. Please reach out again if anything is unclear."
"There is an ATM transaction I do not recognise for GBP 44, how do I raise a dispute? Not sure what to do.",ATM,dispute_ATM_withdrawal,"I will help you raise a dispute for the ATM withdrawal of GBP 44. Please go to Disputes in the app, select the transaction and choose ATM Cash Issue, then give the date, time and ATM location if you have them. We will investigate with the ATM operator and most cases are reviewed within a few working days. If the ATM did not dispense the cash, the amount is usually credited back to your account."
I need help. I want to cancel my debit card permanently. Can you help me with this?,CARD,cancel_card,I can guide you through cancelling your card. First check that there are no pending transactions or unpaid dues. Then submit a cancellation request through the app or by phone banking. You will get a confirmation message once the card is closed. Let me know if there is anything more I can do for you.
"Excuse me, my mother is unwell and I need to manage her account, how does power of attorney work? Pls help.",RETAIL_EXCEPTION,power_of_attorney_request,"I am sorry to hear that. Managing another person's account requires a valid legal authority, such as a registered power of attorney, and we need to verify it before giving access. Please prepare the original or certified copy of the document, your identification and the account holder details. A specialist will check the paperwork and explain what your authority allows, and I will arrange for them to contact you. We will keep you updated by message until this is resolved."
"Hey, the same payment of EUR 2,660 shows up two times on my statement. Appreciate the help.",PAYMENT_EXCEPTION,duplicate_charge,"Thanks for letting us know. Please keep proof of your purchase and, if possible, the merchant receipt. We will open a dispute for the duplicate payment, and a specialist will review it with the merchant. Refunds usually take several working days once the duplicate is confirmed. Please keep your reference number safe, and reply here if you need anything else."
"Hello, can I cancel my loan after it was approved but before receiving the money?",LOAN,cancel_loan,"To cancel a loan application, tell us which application you mean and we will stop the process. Before disbursal there is normally no cost. After disbursal, the loan must be closed by repaying the outstanding amount, and we will give you the exact figure and any applicable charges. I am here if you need anything else."
"Hello, sent 1,030 USD to a stranger by mistake last week. Any idea what to do?",PAYMENT_EXCEPTION,transfer_wrong_account,"I am sorry this happened. Please raise a wrong transfer request in the app or with customer service right away with the payment reference. We will ask the receiving bank to hold and return the funds, but they need the account holder consent, so the timing can vary. A specialist will follow up with you."
Urgent: how much deposit do I need for a mortgage? Can you help me with this?,LOAN,apply_for_mortgage,"Applying for a home loan involves a few stages: an initial eligibility check, document submission, property valuation, formal approval and legal completion. A mortgage adviser can guide you at each stage. You can begin by booking a call from the Loans section of the app."
"Please help: sent 1,710 dollars to a stranger by mistake last weekend. Not sure what to do.",PAYMENT_EXCEPTION,transfer_wrong_account,"I am sorry this happened. Please raise a wrong transfer request in the app or with customer service right away with the payment reference. We will ask the receiving bank to hold and return the funds, but they need the account holder consent, so the timing can vary. A specialist will follow up with you. Please keep your reference number safe, and reply here if you need anything else."
"Hi team, im abroad and my platinum credit card stopped working at the shop, please help now. Can u help me with this?",PAYMENT_EXCEPTION,card_declined_while_travelling,"Sorry about the inconvenience, especially while you are travelling. Please check that international transactions are enabled and that you have not reached your daily limit. Because this is urgent, I recommend calling the emergency line on the back of the card, where an agent can verify you and remove any block. Emergency cash or a replacement card can be arranged if needed. You can ask for a human agent at any time and I will arrange it."
Please help: can I cancel my loan after it was approved but before receiving the money?,LOAN,cancel_loan,"Of course, happy to help. To cancel a loan application, tell us which application you mean and we will stop the process. Before disbursal there is normally no cost. After disbursal, the loan must be closed by repaying the outstanding amount, and we will give you the exact figure and any applicable charges. Let me know if there is anything more I can do for you."
"Quick question: I entered the wrong account number and sent EUR 2,700, please help me get it back. Appreciate the help",PAYMENT_EXCEPTION,transfer_wrong_account,"I am sorry this happened. Please raise a wrong transfer request in the app or with customer service right away with the payment reference. We will ask the receiving bank to hold and return the funds, but they need the account holder consent, so the timing can vary. A specialist will follow up with you. If you would like, I can connect you with a human agent right now."
"Hello there, I was charged an overdraft fee of EUR 2,510 even though I had funds. Thank you.",RETAIL_EXCEPTION,overdraft_fee_dispute,"I understand your concern, and I will help you look into it. Overdraft fees can arise when a payment goes through before a deposit is credited, or when the balance goes below the agreed limit. Please check the dates on your statement for the fee of EUR 2,510. If you feel it was applied unfairly, we can review it as a goodwill request or a complaint, and a specialist will assess your account history."
"Excuse me, my travel card does not work outside the country, how do I switch on overseas payments? I need this sorted today.",CARD,activate_card_international_usage,"Of course, happy to help. International usage can be switched on from the mobile app. Go to Cards, select your travel card, open Card Controls and turn on International Transactions. You can also set the dates of your trip and a spending limit for extra safety. Changes usually take effect within a few minutes, so please do it before you leave."
"Hello, how can I withdraw my home loan request?",LOAN,cancel_mortgage,"Certainly, I can help with that. To cancel a mortgage application, send a withdrawal request with your application reference. Any costs already incurred for valuation or legal checks may not be refundable. We will confirm the cancellation in writing and close the file. If you need any further help, just let me know."
"Hey, I would like to apply for a home loan.",LOAN,apply_for_mortgage,"Thanks for reaching out, I can guide you through this. Applying for a home loan involves a few stages: an initial eligibility check, document submission, property valuation, formal approval and legal completion. A mortgage adviser can guide you at each stage. You can begin by booking a call from the Loans section of the app."
"Good morning, I want to open a new account, what documents are required? Can u help me with this?",ACCOUNT,create_account,"To start, choose the type of account that suits you, then fill in the application form online. You will need identity and address documents, and you may complete a short video verification. Once approved, your account details arrive by message and email, and your debit card is sent to your address. Let me know if there is anything more I can do for you."
Quick question: what are the rules for choosing a password? Thank you,PASSWORD,set_up_password,"New customers can create a password using the First Time Login option. Enter your customer ID, verify with a one-time code, then choose a password that meets the rules shown on screen. Please do not share it with anyone, including bank staff."
"Hi team, cash was not dispensed at the ATM yet my account was debited. I need this sorted today.",ATM,dispute_ATM_withdrawal,"Sorry about the trouble with the ATM. Please keep the receipt if you have one and raise a dispute through the app or by calling customer service. We will check the ATM records for the withdrawal and update you by message. If the money is confirmed as not dispensed, it will be returned to your account."
"Good evening, I need to visit a branch, can u help me find one? Appreciate the help",FIND,find_branch,"To find a branch, enter your area or city in the Locator and choose Branches. Each listing shows the address, working hours and the services offered, such as loans or locker facilities. Most branches are open on weekdays and some are open on Saturday mornings. I am here if you need anything else."
"Hello, ATM retained my card ending 0493, how do I recover it? Can you help me with this?",ATM,recover_swallowed_card,"I am sorry that the ATM kept your card. For your safety, I suggest blocking the card right away in the app. We will then arrange either collection from the ATM branch with identification or a replacement card sent to your address, usually within a few working days."
"Hello, where do I activate the debit card I got last night? Appreciate the help.",CARD,activate_card,"You can activate your card in two easy ways. In the mobile app, go to Cards, pick your card, and tap Activate. If you prefer, call the phone banking number printed on the back of the card and follow the voice prompts. After verification your card will be active within a few minutes. I am here if you need anything else."
i need help. what is the annual fee for my platinum credit card,CARD,check_card_annual_fee,"Absolutely, let me walk you through it. Annual fees vary by card, and many cards waive the fee after a certain level of yearly spending. Please check Fees and Charges for your card in the app to see your amount and the anniversary date. If you would like to ask about a waiver, customer service can review your eligibility."
"hi, where can i download my statement for the last 10 days?",ACCOUNT,check_recent_transactions,"Sure, here is how this works. To review your recent activity, log in and choose the account, then select Recent Transactions. Pending items are shown separately from completed ones. If something looks unfamiliar, tap it to see the details and report it directly from that screen. If you need any further help, just let me know."
My transfer of INR 168 has been pending for 7 days.,PAYMENT_EXCEPTION,transfer_pending_stuck,"Sorry for the delay. A transfer can stay pending if the receiving bank is slow, if the details do not match, or if the payment is under review. I have noted the delay and a specialist team will trace the payment. If it cannot be completed, the money is returned to your account. Please keep your reference number safe, and reply here if you need anything else."
Please help: cancel my savings account and send me the balance. Thanks.,ACCOUNT,close_account,"To close the account, make sure there are no pending transactions, linked cards or loans. Request closure through the app under Account Services or visit a branch. We will transfer any remaining balance to the account you nominate and confirm once the account is closed."
What is the annual fee for my platinum credit card? Please advise.,CARD,check_card_annual_fee,"Absolutely, let me walk you through it. The annual fee depends on the type of card you hold. You can see the exact amount for your platinum credit card in the app under Cards and Card Details, and it is also listed in your welcome kit. The fee is normally charged once a year on the card anniversary date. Some cards offer a waiver if you reach a yearly spending target. Let me know if there is anything more I can do for you."
I need help. How can I close my credit card? I no longer use it. Can you help me with this?,CARD,cancel_card,I can guide you through cancelling your card. First check that there are no pending transactions or unpaid dues. Then submit a cancellation request through the app or by phone banking. You will get a confirmation message once the card is closed. Let me know if there is anything more I can do for you.
I need help. What is the remaining balance on my mortgage? Can you help me with this?,LOAN,check_mortgage_payments,"In the app, open Loans and select your mortgage to see your monthly payment, the next due date, the remaining balance and the split between interest and principal. Statements and a yearly interest certificate can also be downloaded from the documents section. Let me know if there is anything more I can do for you."
please help: the bank asked for documents for a payment abroad and it is delayed.,PAYMENT_EXCEPTION,international_transfer_compliance_hold,"Thank you for your patience. Some cross border payments are checked before release, and I am not able to share the specific reason for a review. Please keep supporting documents ready. I am escalating your transfer to a specialist team, who will tell you what is required and the expected timing."
"Good evening, I need help because I am struggling to repay my loan of $317,030.",RETAIL_EXCEPTION,loan_hardship_request,"I am sorry you are facing this, and I am glad you reached out early. We have options for customers in financial difficulty, such as a temporary payment holiday, a longer tenure with lower instalments, or restructuring, depending on your situation. I will pass your request to our customer support team, who will review your income and expenses and discuss what is possible. Please try to keep making any payments you can, and avoid ignoring reminders, as talking to us early gives you more choices. We will keep you updated by message until this is resolved."
"Hey, I need a person to help me with this, not an automated reply. Thanks.",CONTACT,human_agent,"Certainly, I can arrange for one of our advisors to help you. I am transferring you now, and I will share the details of our conversation so you do not need to repeat yourself. If the queue is long, you can choose to receive a call back instead. Let me know if there is anything more I can do for you."
"Hi team, I want to cancel my mortgage application. Appreciate the help",LOAN,cancel_mortgage,"To cancel a mortgage application, send a withdrawal request with your application reference. Any costs already incurred for valuation or legal checks may not be refundable. We will confirm the cancellation in writing and close the file. Let me know if there is anything more I can do for you."
"Good evening, when is my card annual fee charged and can it be waived?",CARD,check_card_annual_fee,"Certainly, I can help with that. Annual fees vary by card, and many cards waive the fee after a certain level of yearly spending. Please check Fees and Charges for your card in the app to see your amount and the anniversary date. If you would like to ask about a waiver, customer service can review your eligibility. Please reach out again if anything is unclear."
"hello there, how can i change my password to something stronger? thank you.",PASSWORD,set_up_password,"Thanks for reaching out, I can guide you through this. New customers can create a password using the First Time Login option. Enter your customer ID, verify with a one-time code, then choose a password that meets the rules shown on screen. Please do not share it with anyone, including bank staff."
Urgent: pls guide me through creating a new account. Thank you,ACCOUNT,create_account,"Absolutely, let me walk you through it. To start, choose the type of account that suits you, then fill in the application form online. You will need identity and address documents, and you may complete a short video verification. Once approved, your account details arrive by message and email, and your debit card is sent to your address. Feel free to ask if you have any other questions."
"Good evening, we fell 6 weeks behind on the mortgage, what can we do? Not sure what to do.",RETAIL_EXCEPTION,mortgage_arrears_support,"Thank you for reaching out. Falling behind on a mortgage is stressful, and there are steps we can explore together. A mortgage support specialist will review your account, your income and expenses, and discuss a plan that suits you. I am raising this as urgent so they contact you soon. If anything changes in the meantime, please let us know straight away."
"Excuse me, I want to open a new account, what documents are required",ACCOUNT,create_account,"Absolutely, let me walk you through it. To start, choose the type of account that suits you, then fill in the application form online. You will need identity and address documents, and you may complete a short video verification. Once approved, your account details arrive by message and email, and your debit card is sent to your address. If you need any further help, just let me know."
"Hello there, the bank asked for documents for a payment abroad and it is delayed. Any idea what to do?",PAYMENT_EXCEPTION,international_transfer_compliance_hold,"I understand this is frustrating. International payments can be held for a routine compliance review, which is a regulatory requirement, and we may ask for supporting documents such as an invoice, contract or proof of source of funds. I cannot see the full details of the review in this chat, so I will pass your case to our payments compliance team, who will contact you about what is needed. Providing the documents promptly usually speeds things up. If anything changes in the meantime, please let us know straight away."
"Hello there, can I open an account online without visiting the branch? Thanks.",ACCOUNT,create_account,"Absolutely, let me walk you through it. To start, choose the type of account that suits you, then fill in the application form online. You will need identity and address documents, and you may complete a short video verification. Once approved, your account details arrive by message and email, and your debit card is sent to your address. If you need any further help, just let me know."
"Hello, how do I view what I spent this week? Please advise.",ACCOUNT,check_recent_transactions,"Of course, happy to help. To review your recent activity, log in and choose the account, then select Recent Transactions. Pending items are shown separately from completed ones. If something looks unfamiliar, tap it to see the details and report it directly from that screen. Please reach out again if anything is unclear."
Pls help: I paid in the local currency but was billed at a strange rate. Thanks.,PAYMENT_EXCEPTION,currency_conversion_dispute,"Thanks for raising this. When you pay in a foreign currency, the amount is converted at the network exchange rate on the day the transaction is settled, and a foreign currency fee may also apply, so the final figure can differ from what you saw at the shop. Please check the transaction details in the app for the rate and fee that were used. If you believe the amount is wrong, we can raise a query and a specialist will review it. We will keep you updated by message until this is resolved."
"Hello there, where do I activate the travel card I got last weekend?",CARD,activate_card,"First, open the mobile app or net banking and go to the Cards section. Then select your travel card and choose Activate Card. You will receive a one-time code on your registered mobile number, so enter it to confirm. Once that is done, the card is active and ready to use straight away."
"Hello there, I missed 2 instalments and I am afraid of penalties.",RETAIL_EXCEPTION,loan_hardship_request,"I am sorry you are facing this, and I am glad you reached out early. We have options for customers in financial difficulty, such as a temporary payment holiday, a longer tenure with lower instalments, or restructuring, depending on your situation. I will pass your request to our customer support team, who will review your income and expenses and discuss what is possible. Please try to keep making any payments you can, and avoid ignoring reminders, as talking to us early gives you more choices. If anything changes in the meantime, please let us know straight away."
"Hello, my card got stuck in the machine two days ago. Not sure what to do.",ATM,recover_swallowed_card,"I am sorry that the ATM kept your card. For your safety, I suggest blocking the card right away in the app. We will then arrange either collection from the ATM branch with identification or a replacement card sent to your address, usually within a few working days."
Please help: can I see my last transactions? Please help.,ACCOUNT,check_recent_transactions,"Absolutely, let me walk you through it. To review your recent activity, log in and choose the account, then select Recent Transactions. Pending items are shown separately from completed ones. If something looks unfamiliar, tap it to see the details and report it directly from that screen. I am here if you need anything else."
"hi team, what are your support hours? please advise.",CONTACT,customer_service,"Absolutely, let me walk you through it. You can reach customer service by phone banking, through secure chat in the mobile app, or by email through the Contact Us section. Phone and chat support are available round the clock for urgent matters such as blocking a card, and other requests are handled during business hours. Please keep your customer ID handy so we can help you faster."
I need help. Show me my recent activity on the student account,ACCOUNT,check_recent_transactions,"You can see recent transactions in the app or net banking. Open your student account and tap Transactions to view the latest activity, and use the filters to search by date or amount. Statements for earlier periods can be downloaded as a PDF from the Statements section. Feel free to ask if you have any other questions."
"good evening, how can i check how much credit i have left on my card? i need this sorted today",CARD,check_current_balance_on_card,"Of course, happy to help. To check your balance, log in to net banking or the app and open Cards. The card summary shows your current balance, available credit and the last statement amount. Balances update in near real time, but very recent transactions can take a short while to appear."
"Hey, please enable international transactions on my card ending 1245.",CARD,activate_card_international_usage,"To use your card overseas, open Card Controls in the app and enable International Usage. It is a good idea to set a travel period and a daily limit. If you cannot use the app, phone banking can turn it on for you after verifying your identity. I am here if you need anything else."
"we are buying our first home and need a mortgage, where do we start? appreciate the help.",LOAN,apply_for_mortgage,"For a mortgage, the first step is to check how much you can borrow using the mortgage calculator in the app. Then submit an application with your identity, income and property details, and we will arrange a valuation of the property. After approval you receive a formal offer, and the funds are released to the seller once the legal formalities are complete. A deposit is usually needed, and the amount depends on the property value and your profile."
"I need help. The ATM swallowed my card, what should I do? Can u help me with this?",ATM,recover_swallowed_card,"Please do not worry, this happens sometimes. First, block the card in the app as a precaution until you have it back. Then contact the branch that owns the ATM or call customer service, and we will check if the card was retained by the machine. If it can be recovered you may collect it with valid photo ID, otherwise we will issue a replacement card to you. Please reach out again if anything is unclear."
"My loan application for EUR 178,670 was rejected and I do not understand why. I need this sorted today.",RETAIL_EXCEPTION,loan_application_rejected_appeal,"I am sorry that your application was not approved. Decisions are based on factors such as income, existing debts, credit history and the value of the loan requested, and we can share the main reasons with you. You may ask for a review, especially if your circumstances have changed or if some information was missing. I will pass your request to a loans specialist who can explain the decision and suggest what may improve your chances next time. Please keep your reference number safe, and reply here if you need anything else."
"Hi team, a free trial with Zomato turned into a monthly charge of $2,150, help. Appreciate the help.",PAYMENT_EXCEPTION,recurring_payment_unauthorized,"I understand how annoying unwanted charges are. You can stop a recurring payment by going to Cards and Recurring Payments in the app and choosing Stop for Zomato. If the merchant has already taken money you did not agree to, we can raise a dispute for the $2,150 charges. It also helps to contact the merchant to cancel the subscription so they stop trying to bill you. If you would like, I can connect you with a human agent right now."
"Hello, I am a student and would like to start a savings account. Thank you",ACCOUNT,create_account,"Absolutely, let me walk you through it. To start, choose the type of account that suits you, then fill in the application form online. You will need identity and address documents, and you may complete a short video verification. Once approved, your account details arrive by message and email, and your debit card is sent to your address."
Urgent: how can I add a new payee and transfer funds? Please advise,TRANSFER,make_transfer,"Sure, here is how this works. You can send money in a few steps. Open Transfers, choose Send Money and select an existing payee or add a new one. Type in the amount, check the details carefully because transfers to the wrong account can be hard to reverse, and approve with your security code. Instant methods arrive within minutes, while standard transfers can take up to one working day. Please reach out again if anything is unclear."
Urgent: I am a new customer and want to create my login. Please help.,PASSWORD,set_up_password,"To set up or change your password, log in and go to Settings and then Security. Choose Change Password, enter your current password, and type the new one twice. A strong password uses at least eight characters with a mix of letters, numbers and symbols, and should not include your name or birth date. Let me know if there is anything more I can do for you."
"Excuse me, someone may have my card details, how can I block the card immediately? Please help",CARD,block_card,"I apologise for the trouble this has caused, let me help. To protect your money, block the card first. Use the app under Cards and Block, or call the 24 hour phone banking line and ask for an immediate block. Once blocked, please review your recent transactions and tell us about any you do not recognise so we can look into them."
"i need help. the atm swallowed my card, what should i do? i need this sorted today.",ATM,recover_swallowed_card,"Please do not worry, this happens sometimes. First, block the card in the app as a precaution until you have it back. Then contact the branch that owns the ATM or call customer service, and we will check if the card was retained by the machine. If it can be recovered you may collect it with valid photo ID, otherwise we will issue a replacement card to you."
I need help. How do I see my card balance and available limit? I need this sorted today.,CARD,check_current_balance_on_card,"Certainly, I can help with that. To check your balance, log in to net banking or the app and open Cards. The card summary shows your current balance, available credit and the last statement amount. Balances update in near real time, but very recent transactions can take a short while to appear. I am here if you need anything else."
"Excuse me, please change my surname on all my accounts. Thanks",RETAIL_EXCEPTION,legal_name_change,"To change your name in our records, we need proof of the legal name change, such as a marriage certificate, a gazette notification or a deed poll, together with your identification. Please upload the documents in the app under Profile or visit a branch, and we will update your accounts and cards. Because this affects several products, the update may take a few working days, and we will notify you when it is complete. You can ask for a human agent at any time and I will arrange it."
Pls help: I paid in the local currency but was billed at a strange rate.,PAYMENT_EXCEPTION,currency_conversion_dispute,"I understand the surprise. The debited amount comes from the exchange rate at the time of settlement, plus any conversion charges, and the shop may also offer to charge in your home currency at their own rate. I can flag your transaction for review so a specialist can confirm whether the correct rate was applied. If anything changes in the meantime, please let us know straight away."
I cancelled an order with Uber and the credit has not shown on my card,PAYMENT_EXCEPTION,refund_not_received,"I am sorry for the wait. Refunds from merchants usually take between five and ten working days to appear, depending on the merchant and the card network. Please ask Uber for the refund reference number or acquirer reference number, which lets us trace it. Once you share it, we can check whether the credit was received and, if not, raise an enquiry with the merchant bank."
"Good evening, my loan application for $421,320 was rejected and I do not understand why. Appreciate the help",RETAIL_EXCEPTION,loan_application_rejected_appeal,"I am sorry that your application was not approved. Decisions are based on factors such as income, existing debts, credit history and the value of the loan requested, and we can share the main reasons with you. You may ask for a review, especially if your circumstances have changed or if some information was missing. I will pass your request to a loans specialist who can explain the decision and suggest what may improve your chances next time. If anything changes in the meantime, please let us know straight away."
Quick question: please help me recover my login details. Not sure what to do.,PASSWORD,get_password,"You can recover access in a few steps. Select Forgot Password on the login screen, verify your identity with the one-time code sent to your registered number, and set a new password. If you no longer have access to that number, please visit a branch with your identification to update it."
"Hi, please guide me through creating a new account. Any idea what to do?",ACCOUNT,create_account,"Thanks for reaching out, I can guide you through this. To start, choose the type of account that suits you, then fill in the application form online. You will need identity and address documents, and you may complete a short video verification. Once approved, your account details arrive by message and email, and your debit card is sent to your address. If you need any further help, just let me know."
"Good evening, I want to check if the payment I made last week has gone through. I need this sorted today.",ACCOUNT,check_recent_transactions,"Certainly, I can help with that. To review your recent activity, log in and choose the account, then select Recent Transactions. Pending items are shown separately from completed ones. If something looks unfamiliar, tap it to see the details and report it directly from that screen. If you need any further help, just let me know."
quick question: how can i withdraw my home loan request? thanks.,LOAN,cancel_mortgage,"I can help you withdraw the mortgage application. Please contact our mortgage team through the app or at a branch and confirm the application reference. If the valuation or legal work has already started, some third party fees might still apply. Once cancelled, you will receive written confirmation. I am here if you need anything else."
"Excuse me, I have a visual impairment and cannot read the statements, what support do you offer? Any idea what to do",RETAIL_EXCEPTION,vulnerable_customer_support,"Thank you for telling us, and please know that we are here to help in a way that works for you. We offer support such as large print or audio statements, assisted banking at branches, a dedicated helpline with priority handling and, in some areas, home visits. If you are worried about a suspicious call, please do not share any codes or personal details, and we will help you check it. I will connect you with our customer care specialists to set up the support you need. We will keep you updated by message until this is resolved."
"Excuse me, my salary came late and I was penalised, can you reverse the fee? I need this sorted today.",RETAIL_EXCEPTION,overdraft_fee_dispute,"Thanks for explaining. To review the fee, we need to see the order in which the deposit and the payments were processed. I will raise a request for the fee to be reviewed, and you will hear back with the outcome. In some cases, especially after a delayed salary, the fee can be waived. If anything changes in the meantime, please let us know straight away."
Is there a branch in Pune? Appreciate the help.,FIND,find_branch,"Sure, here is how this works. To find a branch, enter your area or city in the Locator and choose Branches. Each listing shows the address, working hours and the services offered, such as loans or locker facilities. Most branches are open on weekdays and some are open on Saturday mornings. Feel free to ask if you have any other questions."
"Good evening, how do I start a chargeback for a service that was not delivered? Not sure what to do.",PAYMENT_EXCEPTION,chargeback_request,Thank you for the details. A card dispute can be raised for items not received or not as described. We will need your order confirmation and any communication with the seller. Our disputes team will assess the claim and let you know whether the amount can be recovered.
"Hi, can I get a loan for GBP 403,060 over 60 months? Thanks",LOAN,apply_for_loan,"To apply for a loan, go to Loans in the app and select the type of loan you need. Enter the amount and tenure, upload the required documents and submit. Your eligibility is based on income, existing commitments and credit score, and you will see a decision and an offer once the review is complete. If you need any further help, just let me know."
"Hi, I need to visit a branch, can you help me find one? Thanks.",FIND,find_branch,"Thanks for reaching out, I can guide you through this. To find a branch, enter your area or city in the Locator and choose Branches. Each listing shows the address, working hours and the services offered, such as loans or locker facilities. Most branches are open on weekdays and some are open on Saturday mornings."
"Hi team, what is the customer care number? Can you help me with this?",CONTACT,customer_service,"You can reach customer service by phone banking, through secure chat in the mobile app, or by email through the Contact Us section. Phone and chat support are available round the clock for urgent matters such as blocking a card, and other requests are handled during business hours. Please keep your customer ID handy so we can help you faster. Please reach out again if anything is unclear."
"Hey, I lost my prepaid card and need to block it right now. Any idea what to do?",CARD,block_card,"To protect your money, block the card first. Use the app under Cards and Block, or call the 24 hour phone banking line and ask for an immediate block. Once blocked, please review your recent transactions and tell us about any you do not recognise so we can look into them. Feel free to ask if you have any other questions."
Urgent: how do I shut down my account permanently? Can you help me with this?,ACCOUNT,close_account,"To close the account, make sure there are no pending transactions, linked cards or loans. Request closure through the app under Account Services or visit a branch. We will transfer any remaining balance to the account you nominate and confirm once the account is closed."
How can I withdraw my home loan request? Any idea what to do,LOAN,cancel_mortgage,"To cancel a mortgage application, send a withdrawal request with your application reference. Any costs already incurred for valuation or legal checks may not be refundable. We will confirm the cancellation in writing and close the file."
Urgent: is there any joining or annual fee on the debit card?,CARD,check_card_annual_fee,"Certainly, I can help with that. Annual fees vary by card, and many cards waive the fee after a certain level of yearly spending. Please check Fees and Charges for your card in the app to see your amount and the anniversary date. If you would like to ask about a waiver, customer service can review your eligibility. If you need any further help, just let me know."
Please help: cancel the automatic payment to Airbnb right now. Can you help me with this?,PAYMENT_EXCEPTION,recurring_payment_unauthorized,"Sorry about the trouble. We can block future payments to the merchant on your card, and I can start a dispute for charges you did not authorise. Please share the dates and the amounts of the payments and any cancellation emails you have. A specialist will review whether the money can be recovered. If you would like, I can connect you with a human agent right now."
"Hi, how do I file a formal complaint against the bank? I need this sorted today.",RETAIL_EXCEPTION,formal_complaint_escalation,"I am sorry that your issue has not been resolved, and you have every right to escalate. I can register a formal complaint now, which will be given a reference number and reviewed by our complaints team, who will respond in writing within the time required. If you are not satisfied with the final response, you can take the matter to the external financial ombudsman. It helps if you share the dates and details of your previous contacts. We will keep you updated by message until this is resolved."
"Hey, show me my recent activity on the current account. Not sure what to do.",ACCOUNT,check_recent_transactions,"To review your recent activity, log in and choose the account, then select Recent Transactions. Pending items are shown separately from completed ones. If something looks unfamiliar, tap it to see the details and report it directly from that screen."
"Hello, please help me close the account, I am moving abroad. Please advise",ACCOUNT,close_account,"To close the account, make sure there are no pending transactions, linked cards or loans. Request closure through the app under Account Services or visit a branch. We will transfer any remaining balance to the account you nominate and confirm once the account is closed. If you need any further help, just let me know."
How do I set up a password for net banking? I need this sorted today,PASSWORD,set_up_password,"New customers can create a password using the First Time Login option. Enter your customer ID, verify with a one-time code, then choose a password that meets the rules shown on screen. Please do not share it with anyone, including bank staff. If you need any further help, just let me know."
"I need to transfer money to another bank, what are the steps? Please help",TRANSFER,make_transfer,"Sure, here is how this works. You can send money in a few steps. Open Transfers, choose Send Money and select an existing payee or add a new one. Type in the amount, check the details carefully because transfers to the wrong account can be hard to reverse, and approve with your security code. Instant methods arrive within minutes, while standard transfers can take up to one working day. If you need any further help, just let me know."
"Good evening, cancel the automatic payment to Airbnb right now",PAYMENT_EXCEPTION,recurring_payment_unauthorized,"Sorry about the trouble. We can block future payments to the merchant on your card, and I can start a dispute for charges you did not authorise. Please share the dates and the amounts of the payments and any cancellation emails you have. A specialist will review whether the money can be recovered. We will keep you updated by message until this is resolved."
how much do i still owe on my loan? thanks.,LOAN,check_loan_payments,"To check your loan payments, log in and open Loans, then choose the loan. You will see what you have paid so far, what is left, and the next due date. If you would like to pay extra to reduce the balance, there is an option to make a part payment on the same screen. Please reach out again if anything is unclear."
"Hi team, what is the annual fee for my travel card? Any idea what to do?",CARD,check_card_annual_fee,"Annual fees vary by card, and many cards waive the fee after a certain level of yearly spending. Please check Fees and Charges for your card in the app to see your amount and the anniversary date. If you would like to ask about a waiver, customer service can review your eligibility."
"Hey, can you transfer me to a human agent? Please advise",CONTACT,human_agent,"Of course. I will connect you with a human agent now. Please stay in this chat, and it helps if you briefly describe your issue so the agent can pick up straight away. Waiting times can vary, and if it is not urgent you can also request a call back at a time that suits you."
"Good evening, I just received my platinum credit card in the mail, how can I start using it?",CARD,activate_card,"Of course, happy to help. First, open the mobile app or net banking and go to the Cards section. Then select your platinum credit card and choose Activate Card. You will receive a one-time code on your registered mobile number, so enter it to confirm. Once that is done, the card is active and ready to use straight away."
"Good evening, my mother is unwell and I need to manage her account, how does power of attorney work",RETAIL_EXCEPTION,power_of_attorney_request,"I am sorry to hear that. Managing another person's account requires a valid legal authority, such as a registered power of attorney, and we need to verify it before giving access. Please prepare the original or certified copy of the document, your identification and the account holder details. A specialist will check the paperwork and explain what your authority allows, and I will arrange for them to contact you. If you would like, I can connect you with a human agent right now."
"Hey, double debit on my card for Steam, please fix.",PAYMENT_EXCEPTION,duplicate_charge,"Thanks for letting us know. Please keep proof of your purchase and, if possible, the merchant receipt. We will open a dispute for the duplicate payment, and a specialist will review it with the merchant. Refunds usually take several working days once the duplicate is confirmed."
"Hi team, help, the cash machine did not return my card.",ATM,recover_swallowed_card,"Please do not worry, this happens sometimes. First, block the card in the app as a precaution until you have it back. Then contact the branch that owns the ATM or call customer service, and we will check if the card was retained by the machine. If it can be recovered you may collect it with valid photo ID, otherwise we will issue a replacement card to you. Please reach out again if anything is unclear."
"Good evening, how do I open a business account? Please help",ACCOUNT,create_account,"Absolutely, let me walk you through it. To start, choose the type of account that suits you, then fill in the application form online. You will need identity and address documents, and you may complete a short video verification. Once approved, your account details arrive by message and email, and your debit card is sent to your address. Please reach out again if anything is unclear."
Urgent: what fees do you charge on my account,FEES,check_fees,"Fees depend on the type of account or service. You can find the full list in the app under Help and then Fees and Charges, including maintenance, ATM, transfer and card fees. If you tell me the specific service you are asking about, I can explain how that fee is calculated and when it applies. Feel free to ask if you have any other questions."
"Hello, is there any joining or annual fee on the platinum credit card? Appreciate the help",CARD,check_card_annual_fee,"Certainly, I can help with that. Annual fees vary by card, and many cards waive the fee after a certain level of yearly spending. Please check Fees and Charges for your card in the app to see your amount and the anniversary date. If you would like to ask about a waiver, customer service can review your eligibility. Please reach out again if anything is unclear."
"Hi team, what are the rules for choosing a password? Appreciate the help.",PASSWORD,set_up_password,"Thanks for reaching out, I can guide you through this. New customers can create a password using the First Time Login option. Enter your customer ID, verify with a one-time code, then choose a password that meets the rules shown on screen. Please do not share it with anyone, including bank staff."
"excuse me, what is the remaining balance on my mortgage? thanks.",LOAN,check_mortgage_payments,"In the app, open Loans and select your mortgage to see your monthly payment, the next due date, the remaining balance and the split between interest and principal. Statements and a yearly interest certificate can also be downloaded from the documents section. If you need any further help, just let me know."
Dispute foreign exchange markup on my card transaction. Thanks.,PAYMENT_EXCEPTION,currency_conversion_dispute,"Thanks for raising this. When you pay in a foreign currency, the amount is converted at the network exchange rate on the day the transaction is settled, and a foreign currency fee may also apply, so the final figure can differ from what you saw at the shop. Please check the transaction details in the app for the rate and fee that were used. If you believe the amount is wrong, we can raise a query and a specialist will review it."
"i cannot log in to net banking, i do not remember my password. can you help me with this?",PASSWORD,get_password,"I am sorry you are locked out. On the login page, tap Forgot Password and enter your customer ID. We will send a one-time code to your registered mobile number, and after you enter it you can choose a new password. For security reasons we can never tell you your old password."
"Quick question: I need a person to help me with this, not an automated reply. Can you help me with this",CONTACT,human_agent,"Of course. I will connect you with a human agent now. Please stay in this chat, and it helps if you briefly describe your issue so the agent can pick up straight away. Waiting times can vary, and if it is not urgent you can also request a call back at a time that suits you."
"Hi, is there a fee if my balance drops below the minimum? Thanks.",FEES,check_fees,"Certainly, I can help with that. Fees depend on the type of account or service. You can find the full list in the app under Help and then Fees and Charges, including maintenance, ATM, transfer and card fees. If you tell me the specific service you are asking about, I can explain how that fee is calculated and when it applies. I am here if you need anything else."
"Hi team, I want to cancel my car loan application.",LOAN,cancel_loan,"Sure, here is how this works. If your car loan has not been disbursed yet, you can cancel the request through customer service or from Loans in the app by selecting your application and choosing Withdraw. If the money has already been credited, you will need to repay it, and we can share the foreclosure amount with you. Please note that some fees may apply after disbursal."
"Hey, I would like to apply for a home loan. Can you help me with this?",LOAN,apply_for_mortgage,"For a mortgage, the first step is to check how much you can borrow using the mortgage calculator in the app. Then submit an application with your identity, income and property details, and we will arrange a valuation of the property. After approval you receive a formal offer, and the funds are released to the seller once the legal formalities are complete. A deposit is usually needed, and the amount depends on the property value and your profile."
"Good morning, my online banking was accessed by someone else and money is missing. Please help.",RETAIL_EXCEPTION,identity_theft_account_takeover,"Thank you for flagging this quickly. Access to your online banking will be locked while we investigate. Our security team will verify your identity through a secure process, review recent changes and transactions, and help reset your details. Please tell us about any transaction you did not make, so it can be investigated. You can ask for a human agent at any time and I will arrange it."
"good evening, can i see how much interest i have paid on my home loan? please help.",LOAN,check_mortgage_payments,"Certainly, I can help with that. Your mortgage details are available under Loans. There you can view the payment amount, upcoming due dates, the balance still owed and a summary of interest paid. If your payment changes because of a rate change, we will notify you in advance."
Urgent: how do I close the account of a deceased family member? Thank you.,RETAIL_EXCEPTION,deceased_account_holder,"I am very sorry for your loss. Please take your time, and we will make this as simple as we can. To begin, please inform us of the death by contacting our bereavement team, who will guide you personally. You will usually need a copy of the death certificate, your own identification and proof of your relationship, and if you are the nominee, the nomination details. Because this involves legal steps, a specialist will handle your request and explain the timeline. You can ask for a human agent at any time and I will arrange it."
"Good morning, can I cancel my loan after it was approved but before receiving the money? Please help.",LOAN,cancel_loan,"To cancel a loan application, tell us which application you mean and we will stop the process. Before disbursal there is normally no cost. After disbursal, the loan must be closed by repaying the outstanding amount, and we will give you the exact figure and any applicable charges. If you need any further help, just let me know."
"Excuse me, can I get a payment holiday on my loan for a few months? Not sure what to do.",RETAIL_EXCEPTION,loan_hardship_request,"I am sorry you are facing this, and I am glad you reached out early. We have options for customers in financial difficulty, such as a temporary payment holiday, a longer tenure with lower instalments, or restructuring, depending on your situation. I will pass your request to our customer support team, who will review your income and expenses and discuss what is possible. Please try to keep making any payments you can, and avoid ignoring reminders, as talking to us early gives you more choices. If you would like, I can connect you with a human agent right now."
quick question: i need to inform the bank about the death of my husband and settle his accounts.,RETAIL_EXCEPTION,deceased_account_holder,"I am very sorry for your loss. Please take your time, and we will make this as simple as we can. To begin, please inform us of the death by contacting our bereavement team, who will guide you personally. You will usually need a copy of the death certificate, your own identification and proof of your relationship, and if you are the nominee, the nomination details. Because this involves legal steps, a specialist will handle your request and explain the timeline. We will keep you updated by message until this is resolved."
"Hello there, I want to close my joint account.",ACCOUNT,close_account,"Certainly, I can help with that. To close the account, make sure there are no pending transactions, linked cards or loans. Request closure through the app under Account Services or visit a branch. We will transfer any remaining balance to the account you nominate and confirm once the account is closed. Please reach out again if anything is unclear."
"Please help: the other holder of my joint business account is not cooperating, what are my options",RETAIL_EXCEPTION,joint_account_dispute,"I am sorry you are going through this. Joint accounts are governed by the mandate that was agreed when they were opened, and changes such as removing a holder or freezing the account usually need the consent of all holders, or a legal instruction. I can arrange for a specialist to explain your options and what proof would be required. Please keep in mind that we cannot take sides, and for serious disputes it can help to seek legal advice. You can ask for a human agent at any time and I will arrange it."
"Hello there, how do I start a chargeback for a service that was not delivered? Not sure what to do.",PAYMENT_EXCEPTION,chargeback_request,"Thank you for the details. A card dispute can be raised for items not received or not as described. We will need your order confirmation and any communication with the seller. Our disputes team will assess the claim and let you know whether the amount can be recovered. If anything changes in the meantime, please let us know straight away."
"Hi, when is my next personal loan instalment due? Please advise",LOAN,check_loan_payments,"Of course, happy to help. To check your loan payments, log in and open Loans, then choose the loan. You will see what you have paid so far, what is left, and the next due date. If you would like to pay extra to reduce the balance, there is an option to make a part payment on the same screen. I am here if you need anything else."
"Hi, why is the currency conversion fee on my GBP 1,510 payment so high?",PAYMENT_EXCEPTION,currency_conversion_dispute,"Thanks for raising this. When you pay in a foreign currency, the amount is converted at the network exchange rate on the day the transaction is settled, and a foreign currency fee may also apply, so the final figure can differ from what you saw at the shop. Please check the transaction details in the app for the rate and fee that were used. If you believe the amount is wrong, we can raise a query and a specialist will review it."
"Hi, how can I withdraw my home loan request",LOAN,cancel_mortgage,"Sure, here is how this works. To cancel a mortgage application, send a withdrawal request with your application reference. Any costs already incurred for valuation or legal checks may not be refundable. We will confirm the cancellation in writing and close the file. Let me know if there is anything more I can do for you."
"Hi, tell me about the monthly maintenance fees on my current account. Please advise",FEES,check_fees,"I can help you understand the charges. Common fees include monthly maintenance, foreign transaction fees, ATM use outside our network and penalties for low balance. Your latest statement shows every fee that has been applied, and customer service can review any fee you believe was charged in error. Feel free to ask if you have any other questions."
"Hi, what is the annual fee for my travel card?",CARD,check_card_annual_fee,"Absolutely, let me walk you through it. Annual fees vary by card, and many cards waive the fee after a certain level of yearly spending. Please check Fees and Charges for your card in the app to see your amount and the anniversary date. If you would like to ask about a waiver, customer service can review your eligibility. If you need any further help, just let me know."
"The ATM did not give me the full cash but the money was deducted, I withdrew 2,200 USD. Thanks.",ATM,dispute_ATM_withdrawal,"Sorry about the trouble with the ATM. Please keep the receipt if you have one and raise a dispute through the app or by calling customer service. We will check the ATM records for the withdrawal and update you by message. If the money is confirmed as not dispensed, it will be returned to your account. Feel free to ask if you have any other questions."
"Hi team, how much deposit do I need for a mortgage? Thanks.",LOAN,apply_for_mortgage,"For a mortgage, the first step is to check how much you can borrow using the mortgage calculator in the app. Then submit an application with your identity, income and property details, and we will arrange a valuation of the property. After approval you receive a formal offer, and the funds are released to the seller once the legal formalities are complete. A deposit is usually needed, and the amount depends on the property value and your profile."
"Good morning, what is the annual fee for my debit card? Please advise.",CARD,check_card_annual_fee,"The annual fee depends on the type of card you hold. You can see the exact amount for your debit card in the app under Cards and Card Details, and it is also listed in your welcome kit. The fee is normally charged once a year on the card anniversary date. Some cards offer a waiver if you reach a yearly spending target."
"The bank sent a notice about mortgage arrears, please help.",RETAIL_EXCEPTION,mortgage_arrears_support,"I understand how worrying this is, and I want you to know that help is available. Please do not ignore the notice, because early contact gives us more options such as revising the payment plan, extending the term or a temporary arrangement. I will connect you with our specialist mortgage support team, who can go through the details with you in confidence. It is also worth getting free independent money advice alongside speaking to us. We will keep you updated by message until this is resolved."
"urgent: my card ending 4833 has unknown purchases that appeared last weekend, please help urgently. thanks.",PAYMENT_EXCEPTION,card_fraud_unauthorized_transaction,"Thank you for reporting this quickly. Your card should be blocked immediately to prevent more misuse, and the disputed transactions will be flagged for our fraud team. They will review the details, and where a transaction is confirmed as fraudulent the amount is normally returned to your account after the investigation. A specialist will reach out to collect a few more details. We will keep you updated by message until this is resolved."
"I need help. I see a charge from Swiggy for 1,850 USD and I did not authorise it.",PAYMENT_EXCEPTION,card_fraud_unauthorized_transaction,"Thank you for reporting this quickly. Your card should be blocked immediately to prevent more misuse, and the disputed transactions will be flagged for our fraud team. They will review the details, and where a transaction is confirmed as fraudulent the amount is normally returned to your account after the investigation. A specialist will reach out to collect a few more details. You can ask for a human agent at any time and I will arrange it."
"Hi, I never received the goods I paid 98 dollars for on Booking.com, I want a chargeback. Appreciate the help",PAYMENT_EXCEPTION,chargeback_request,"I am sorry about your experience. You can ask for a chargeback when goods or services were not delivered or were not as described. Please raise a dispute in the app for the 98 dollars payment to Booking.com, and attach evidence such as the order confirmation, messages with the seller and photographs if relevant. We will review your case, contact the merchant, and update you on the outcome. Please keep your reference number safe, and reply here if you need anything else."
What do I need to do before closing my savings account? Appreciate the help.,ACCOUNT,close_account,"To close the account, make sure there are no pending transactions, linked cards or loans. Request closure through the app under Account Services or visit a branch. We will transfer any remaining balance to the account you nominate and confirm once the account is closed. If you need any further help, just let me know."
I need help. Can I see how much interest I have paid on my home loan?,LOAN,check_mortgage_payments,"Your mortgage details are available under Loans. There you can view the payment amount, upcoming due dates, the balance still owed and a summary of interest paid. If your payment changes because of a rate change, we will notify you in advance."
"Hey, I want to cancel my platinum credit card permanently. Not sure what to do.",CARD,cancel_card,"Of course, happy to help. I can guide you through cancelling your card. First check that there are no pending transactions or unpaid dues. Then submit a cancellation request through the app or by phone banking. You will get a confirmation message once the card is closed. Feel free to ask if you have any other questions."
The ATM gave me less money than what was debited from my account. Any idea what to do?,ATM,dispute_ATM_withdrawal,"Sorry about the trouble with the ATM. Please keep the receipt if you have one and raise a dispute through the app or by calling customer service. We will check the ATM records for the withdrawal and update you by message. If the money is confirmed as not dispensed, it will be returned to your account."
im a student and would like to start a savings account.,ACCOUNT,create_account,"Certainly, I can help with that. To start, choose the type of account that suits you, then fill in the application form online. You will need identity and address documents, and you may complete a short video verification. Once approved, your account details arrive by message and email, and your debit card is sent to your address. Feel free to ask if you have any other questions."
"Good morning, please escalate my complaint to a senior manager. Any idea what to do?",RETAIL_EXCEPTION,formal_complaint_escalation,"I am sorry that your issue has not been resolved, and you have every right to escalate. I can register a formal complaint now, which will be given a reference number and reviewed by our complaints team, who will respond in writing within the time required. If you are not satisfied with the final response, you can take the matter to the external financial ombudsman. It helps if you share the dates and details of your previous contacts. We will keep you updated by message until this is resolved."
Please help: can you help me activate my card? It has not been used yet. Thanks.,CARD,activate_card,"Certainly, I can help with that. You can activate your card in two easy ways. In the mobile app, go to Cards, pick your card, and tap Activate. If you prefer, call the phone banking number printed on the back of the card and follow the voice prompts. After verification your card will be active within a few minutes. Let me know if there is anything more I can do for you."
Can I see my last transactions? Thank you.,ACCOUNT,check_recent_transactions,"To review your recent activity, log in and choose the account, then select Recent Transactions. Pending items are shown separately from completed ones. If something looks unfamiliar, tap it to see the details and report it directly from that screen."
"Hello, why was my overseas payment blocked for a compliance review? Please help.",PAYMENT_EXCEPTION,international_transfer_compliance_hold,"Thank you for your patience. Some cross border payments are checked before release, and I am not able to share the specific reason for a review. Please keep supporting documents ready. I am escalating your transfer to a specialist team, who will tell you what is required and the expected timing."
How do I freeze my card temporarily? I cannot find it.,CARD,block_card,"That sounds frustrating, and I will do my best to help you resolve it. You can block the card immediately in the mobile app. Go to Cards, choose the card and tap Block Card, then pick Lost or Stolen as the reason. The card stops working straight away and any new transactions are declined. We will then help you order a replacement, which usually arrives in a few working days. Please reach out again if anything is unclear."
I need help. Tell me about the monthly maintenance fees on my student account.,FEES,check_fees,"Of course, happy to help. I can help you understand the charges. Common fees include monthly maintenance, foreign transaction fees, ATM use outside our network and penalties for low balance. Your latest statement shows every fee that has been applied, and customer service can review any fee you believe was charged in error. If you need any further help, just let me know."
"Hello, the ATM swallowed my card, what should I do? Thank you.",ATM,recover_swallowed_card,"Please do not worry, this happens sometimes. First, block the card in the app as a precaution until you have it back. Then contact the branch that owns the ATM or call customer service, and we will check if the card was retained by the machine. If it can be recovered you may collect it with valid photo ID, otherwise we will issue a replacement card to you."
I need help. How do I withdraw my loan request? Thank you,LOAN,cancel_loan,"Absolutely, let me walk you through it. To cancel a loan application, tell us which application you mean and we will stop the process. Before disbursal there is normally no cost. After disbursal, the loan must be closed by repaying the outstanding amount, and we will give you the exact figure and any applicable charges. Please reach out again if anything is unclear."
"Hi team, I would like to stop my card, it has an annual fee I do not want to pay. I need this sorted today.",CARD,cancel_card,"Thanks for reaching out, I can guide you through this. I can guide you through cancelling your card. First check that there are no pending transactions or unpaid dues. Then submit a cancellation request through the app or by phone banking. You will get a confirmation message once the card is closed."
"Excuse me, I have a visual impairment and cant read the statements, what support do you offer? Thank you",RETAIL_EXCEPTION,vulnerable_customer_support,"Thank you for telling us, and please know that we are here to help in a way that works for you. We offer support such as large print or audio statements, assisted banking at branches, a dedicated helpline with priority handling and, in some areas, home visits. If you are worried about a suspicious call, please do not share any codes or personal details, and we will help you check it. I will connect you with our customer care specialists to set up the support you need. If anything changes in the meantime, please let us know straight away."
"Hello, what are the rules for choosing a password? Any idea what to do",PASSWORD,set_up_password,"Thanks for reaching out, I can guide you through this. To set up or change your password, log in and go to Settings and then Security. Choose Change Password, enter your current password, and type the new one twice. A strong password uses at least eight characters with a mix of letters, numbers and symbols, and should not include your name or birth date. Feel free to ask if you have any other questions."
I need help. Why was my overseas payment blocked for a compliance review? Any idea what to do,PAYMENT_EXCEPTION,international_transfer_compliance_hold,"I understand this is frustrating. International payments can be held for a routine compliance review, which is a regulatory requirement, and we may ask for supporting documents such as an invoice, contract or proof of source of funds. I cannot see the full details of the review in this chat, so I will pass your case to our payments compliance team, who will contact you about what is needed. Providing the documents promptly usually speeds things up. We will keep you updated by message until this is resolved."
"hi, when is my card annual fee charged and can it be waived?",CARD,check_card_annual_fee,"Annual fees vary by card, and many cards waive the fee after a certain level of yearly spending. Please check Fees and Charges for your card in the app to see your amount and the anniversary date. If you would like to ask about a waiver, customer service can review your eligibility. Feel free to ask if you have any other questions."
I lost my credit card and need to block it right now. Any idea what to do?,CARD,block_card,"You can block the card immediately in the mobile app. Go to Cards, choose the card and tap Block Card, then pick Lost or Stolen as the reason. The card stops working straight away and any new transactions are declined. We will then help you order a replacement, which usually arrives in a few working days. Please reach out again if anything is unclear."
Please help: someone changed my phone number and email on my account and I am locked out. Not sure what to do.,RETAIL_EXCEPTION,identity_theft_account_takeover,"Thank you for flagging this quickly. Access to your online banking will be locked while we investigate. Our security team will verify your identity through a secure process, review recent changes and transactions, and help reset your details. Please tell us about any transaction you did not make, so it can be investigated. We will keep you updated by message until this is resolved."
Urgent: please guide me through creating a new account. Please help,ACCOUNT,create_account,"Thanks for reaching out, I can guide you through this. To start, choose the type of account that suits you, then fill in the application form online. You will need identity and address documents, and you may complete a short video verification. Once approved, your account details arrive by message and email, and your debit card is sent to your address. Feel free to ask if you have any other questions."
"Good morning, payment declined overseas even though I have enough balance.",PAYMENT_EXCEPTION,card_declined_while_travelling,"Sorry about the inconvenience, especially while you are travelling. Please check that international transactions are enabled and that you have not reached your daily limit. Because this is urgent, I recommend calling the emergency line on the back of the card, where an agent can verify you and remove any block. Emergency cash or a replacement card can be arranged if needed. Please keep your reference number safe, and reply here if you need anything else."
Could you tell me the yearly charges on the card ending 6299? Thanks,CARD,check_card_annual_fee,"Annual fees vary by card, and many cards waive the fee after a certain level of yearly spending. Please check Fees and Charges for your card in the app to see your amount and the anniversary date. If you would like to ask about a waiver, customer service can review your eligibility. Please reach out again if anything is unclear."
"hey, can you list all the charges for using the atm abroad? can you help me with this?",FEES,check_fees,"Certainly, I can help with that. Fees depend on the type of account or service. You can find the full list in the app under Help and then Fees and Charges, including maintenance, ATM, transfer and card fees. If you tell me the specific service you are asking about, I can explain how that fee is calculated and when it applies. I am here if you need anything else."
My legal name has changed and my cards still show the old one.,RETAIL_EXCEPTION,legal_name_change,"To change your name in our records, we need proof of the legal name change, such as a marriage certificate, a gazette notification or a deed poll, together with your identification. Please upload the documents in the app under Profile or visit a branch, and we will update your accounts and cards. Because this affects several products, the update may take a few working days, and we will notify you when it is complete. You can ask for a human agent at any time and I will arrange it."
Please help: pls change my surname on all my accounts. Thank you.,RETAIL_EXCEPTION,legal_name_change,"To change your name in our records, we need proof of the legal name change, such as a marriage certificate, a gazette notification or a deed poll, together with your identification. Please upload the documents in the app under Profile or visit a branch, and we will update your accounts and cards. Because this affects several products, the update may take a few working days, and we will notify you when it is complete. If anything changes in the meantime, please let us know straight away."
quick question: why is my business account overdrawn? i never spent that much. please help.,RETAIL_EXCEPTION,overdraft_fee_dispute,"Thanks for explaining. To review the fee, we need to see the order in which the deposit and the payments were processed. I will raise a request for the fee to be reviewed, and you will hear back with the outcome. In some cases, especially after a delayed salary, the fee can be waived. You can ask for a human agent at any time and I will arrange it."
I need help. How long will my transfer stay pending? It has been 2 days. Can you help me with this,PAYMENT_EXCEPTION,transfer_pending_stuck,"I understand how worrying it is when a payment is delayed. Most transfers complete within one working day, but some can be held for security checks or because of details that need correcting. Please check the transaction status and reference number in the app. Since it has been 2 days, I will raise this as a payment investigation so a specialist can trace the payment with the receiving bank and update you. Please keep your reference number safe, and reply here if you need anything else."
Quick question: can you list all the charges for using the ATM abroad?,FEES,check_fees,"I can help you understand the charges. Common fees include monthly maintenance, foreign transaction fees, ATM use outside our network and penalties for low balance. Your latest statement shows every fee that has been applied, and customer service can review any fee you believe was charged in error. I am here if you need anything else."
"Good morning, please escalate my complaint to a senior manager. Not sure what to do.",RETAIL_EXCEPTION,formal_complaint_escalation,"I am sorry that your issue has not been resolved, and you have every right to escalate. I can register a formal complaint now, which will be given a reference number and reviewed by our complaints team, who will respond in writing within the time required. If you are not satisfied with the final response, you can take the matter to the external financial ombudsman. It helps if you share the dates and details of your previous contacts. If you would like, I can connect you with a human agent right now."
"Hello there, what is the process to allow foreign transactions on my card before my trip? Can you help me with this?",CARD,activate_card_international_usage,"To use your card overseas, open Card Controls in the app and enable International Usage. It is a good idea to set a travel period and a daily limit. If you cannot use the app, phone banking can turn it on for you after verifying your identity."
"Good evening, what is the process to claim the balance in my late mother's account? Please advise",RETAIL_EXCEPTION,deceased_account_holder,"I am very sorry for your loss. Please take your time, and we will make this as simple as we can. To begin, please inform us of the death by contacting our bereavement team, who will guide you personally. You will usually need a copy of the death certificate, your own identification and proof of your relationship, and if you are the nominee, the nomination details. Because this involves legal steps, a specialist will handle your request and explain the timeline. You can ask for a human agent at any time and I will arrange it."
"hey, i am confused and worried about a scam call asking for my details.",RETAIL_EXCEPTION,vulnerable_customer_support,"Thank you for telling us, and please know that we are here to help in a way that works for you. We offer support such as large print or audio statements, assisted banking at branches, a dedicated helpline with priority handling and, in some areas, home visits. If you are worried about a suspicious call, please do not share any codes or personal details, and we will help you check it. I will connect you with our customer care specialists to set up the support you need. If you would like, I can connect you with a human agent right now."
"Hi team, please explain how to apply for a loan online. thx.",LOAN,apply_for_loan,"Certainly, I can help with that. To apply for a loan, go to Loans in the app and select the type of loan you need. Enter the amount and tenure, upload the required documents and submit. Your eligibility is based on income, existing commitments and credit score, and you will see a decision and an offer once the review is complete. If you need any further help, just let me know."
"Hi team, please change my surname on all my accounts. Thanks",RETAIL_EXCEPTION,legal_name_change,"To change your name in our records, we need proof of the legal name change, such as a marriage certificate, a gazette notification or a deed poll, together with your identification. Please upload the documents in the app under Profile or visit a branch, and we will update your accounts and cards. Because this affects several products, the update may take a few working days, and we will notify you when it is complete. If you would like, I can connect you with a human agent right now."
"hi, my credit card does not work outside the country, how do i switch on overseas payments? please advise.",CARD,activate_card_international_usage,"Absolutely, let me walk you through it. To use your card overseas, open Card Controls in the app and enable International Usage. It is a good idea to set a travel period and a daily limit. If you cannot use the app, phone banking can turn it on for you after verifying your identity. Let me know if there is anything more I can do for you."
"I need help. I am in Chennai and my prepaid card is lost, how can I get emergency help? Thank you.",PAYMENT_EXCEPTION,lost_card_abroad_emergency,"I am sorry to hear that, and please make sure you are safe first. Block your cards immediately in the app, or call our 24 hour emergency line if you cannot log in. We can arrange an emergency replacement card or emergency cash in Chennai, and our agent will verify your identity and guide you on the fastest option. I suggest reporting the theft to the local police as well, since some claims need a report. We will keep you updated by message until this is resolved."
"Good morning, I need extra help managing my money after my illness. Thank you.",RETAIL_EXCEPTION,vulnerable_customer_support,"Thank you for telling us, and please know that we are here to help in a way that works for you. We offer support such as large print or audio statements, assisted banking at branches, a dedicated helpline with priority handling and, in some areas, home visits. If you are worried about a suspicious call, please do not share any codes or personal details, and we will help you check it. I will connect you with our customer care specialists to set up the support you need. You can ask for a human agent at any time and I will arrange it."
"Hello, I need to transfer money to another bank, what are the steps?",TRANSFER,make_transfer,"You can send money in a few steps. Open Transfers, choose Send Money and select an existing payee or add a new one. Type in the amount, check the details carefully because transfers to the wrong account can be hard to reverse, and approve with your security code. Instant methods arrive within minutes, while standard transfers can take up to one working day. I am here if you need anything else."
"Good evening, can I see how much interest I have paid on my home loan? Can you help me with this?",LOAN,check_mortgage_payments,"In the app, open Loans and select your mortgage to see your monthly payment, the next due date, the remaining balance and the split between interest and principal. Statements and a yearly interest certificate can also be downloaded from the documents section. Let me know if there is anything more I can do for you."
How do I see my card balance and available limit? Appreciate the help,CARD,check_current_balance_on_card,"To check your balance, log in to net banking or the app and open Cards. The card summary shows your current balance, available credit and the last statement amount. Balances update in near real time, but very recent transactions can take a short while to appear. Feel free to ask if you have any other questions."
"Excuse me, can I see my loan repayment schedule? Please help.",LOAN,check_loan_payments,"Absolutely, let me walk you through it. To check your loan payments, log in and open Loans, then choose the loan. You will see what you have paid so far, what is left, and the next due date. If you would like to pay extra to reduce the balance, there is an option to make a part payment on the same screen. Please reach out again if anything is unclear."
How can I check how much credit I have left on my card?,CARD,check_current_balance_on_card,"To check your balance, log in to net banking or the app and open Cards. The card summary shows your current balance, available credit and the last statement amount. Balances update in near real time, but very recent transactions can take a short while to appear. I am here if you need anything else."
"Hi, my card went missing last night, block it asap.",CARD,block_card,"I apologise for the trouble this has caused, let me help. To protect your money, block the card first. Use the app under Cards and Block, or call the 24 hour phone banking line and ask for an immediate block. Once blocked, please review your recent transactions and tell us about any you do not recognise so we can look into them. I am here if you need anything else."
"Hi team, card stolen abroad, need emergency replacement.",PAYMENT_EXCEPTION,lost_card_abroad_emergency,"That sounds very stressful. The first step is to block all lost cards so nobody can use them. Then our emergency support team can help with a replacement card delivered to your location or a cash advance, after confirming your identity. Please keep any police report reference, as it can help with disputed transactions. If you would like, I can connect you with a human agent right now."
"Good morning, im behind on my mortgage payments and worried about losing my home.",RETAIL_EXCEPTION,mortgage_arrears_support,"I understand how worrying this is, and I want you to know that help is available. Please do not ignore the notice, because early contact gives us more options such as revising the payment plan, extending the term or a temporary arrangement. I will connect you with our specialist mortgage support team, who can go through the details with you in confidence. It is also worth getting free independent money advice alongside speaking to us."
"Good evening, please block my card ending 9564, I think it was stolen. Can you help me with this?",CARD,block_card,"That sounds frustrating, and I will do my best to help you resolve it. You can block the card immediately in the mobile app. Go to Cards, choose the card and tap Block Card, then pick Lost or Stolen as the reason. The card stops working straight away and any new transactions are declined. We will then help you order a replacement, which usually arrives in a few working days. Feel free to ask if you have any other questions."
Please cancel the loan I applied for last weekend. I need this sorted today.,LOAN,cancel_loan,"Sure, here is how this works. To cancel a loan application, tell us which application you mean and we will stop the process. Before disbursal there is normally no cost. After disbursal, the loan must be closed by repaying the outstanding amount, and we will give you the exact figure and any applicable charges. Feel free to ask if you have any other questions."
"Please help: transfer to Dublin flagged, what proof do I need to provide? Not sure what to do.",PAYMENT_EXCEPTION,international_transfer_compliance_hold,"I understand this is frustrating. International payments can be held for a routine compliance review, which is a regulatory requirement, and we may ask for supporting documents such as an invoice, contract or proof of source of funds. I cannot see the full details of the review in this chat, so I will pass your case to our payments compliance team, who will contact you about what is needed. Providing the documents promptly usually speeds things up. We will keep you updated by message until this is resolved."
Urgent: what is the process to allow foreign transactions on my card before my trip? Please help,CARD,activate_card_international_usage,"To use your card overseas, open Card Controls in the app and enable International Usage. It is a good idea to set a travel period and a daily limit. If you cannot use the app, phone banking can turn it on for you after verifying your identity."
"Hey, please unfreeze my account, I already submitted my documents two days ago.",RETAIL_EXCEPTION,account_frozen_kyc,"I understand how stressful it is to have an account restricted. Accounts are sometimes frozen when identity documents are missing or expired, or when a compliance review is needed. I cannot lift a restriction from this chat, but I can raise a priority request with our account services team. Please keep your photo ID, proof of address and recent photograph ready, and a specialist will contact you with the exact documents required. We will keep you updated by message until this is resolved."
"urgent: pls help me close the account, i am moving abroad. can u help me with this?",ACCOUNT,close_account,"Of course, happy to help. To close the account, make sure there are no pending transactions, linked cards or loans. Request closure through the app under Account Services or visit a branch. We will transfer any remaining balance to the account you nominate and confirm once the account is closed. Please reach out again if anything is unclear."
Pls help: dispute foreign exchange markup on my card transaction. Not sure what to do.,PAYMENT_EXCEPTION,currency_conversion_dispute,"I understand the surprise. The debited amount comes from the exchange rate at the time of settlement, plus any conversion charges, and the shop may also offer to charge in your home currency at their own rate. I can flag your transaction for review so a specialist can confirm whether the correct rate was applied. We will keep you updated by message until this is resolved."
"Hello there, can I open an account online without visiting the branch?",ACCOUNT,create_account,"Absolutely, let me walk you through it. To start, choose the type of account that suits you, then fill in the application form online. You will need identity and address documents, and you may complete a short video verification. Once approved, your account details arrive by message and email, and your debit card is sent to your address."
Quick question: dispute foreign exchange markup on my card transaction.,PAYMENT_EXCEPTION,currency_conversion_dispute,"I understand the surprise. The debited amount comes from the exchange rate at the time of settlement, plus any conversion charges, and the shop may also offer to charge in your home currency at their own rate. I can flag your transaction for review so a specialist can confirm whether the correct rate was applied. You can ask for a human agent at any time and I will arrange it."
What are the rules for choosing a password? Can u help me with this?,PASSWORD,set_up_password,"Certainly, I can help with that. New customers can create a password using the First Time Login option. Enter your customer ID, verify with a one-time code, then choose a password that meets the rules shown on screen. Please do not share it with anyone, including bank staff. I am here if you need anything else."
"Urgent: I want to make a large purchase of 58,320 USD but my card keeps getting declined. Please advise",PAYMENT_EXCEPTION,large_transaction_blocked,"Thank you for explaining. A large payment may exceed your set limit, or it may be waiting for extra verification. You can raise your limit in Card Controls after authentication, and the security team can release a held transaction after checking with you. Since it is time sensitive, shall I connect you to an agent now? You can ask for a human agent at any time and I will arrange it."
"Hello, please cancel my pending transfer of $2,790. Thank you",TRANSFER,cancel_transfer,"If the transfer of $2,790 is still pending or scheduled, you can cancel it in the app. Go to Transfers, open Pending or Scheduled, select the transfer and tap Cancel. If it has already been completed, it cannot be cancelled directly, but you can raise a request and we will contact the receiving bank to ask for the money back. Success depends on the receiving bank and the account holder agreeing to return it. I am here if you need anything else."
"good evening, the atm gave me less money than what was debited from my account. not sure what to do.",ATM,dispute_ATM_withdrawal,"Sorry about the trouble with the ATM. Please keep the receipt if you have one and raise a dispute through the app or by calling customer service. We will check the ATM records for the withdrawal and update you by message. If the money is confirmed as not dispensed, it will be returned to your account."
"Good morning, what fees do you charge on my account? Please advise.",FEES,check_fees,"Thanks for reaching out, I can guide you through this. I can help you understand the charges. Common fees include monthly maintenance, foreign transaction fees, ATM use outside our network and penalties for low balance. Your latest statement shows every fee that has been applied, and customer service can review any fee you believe was charged in error. I am here if you need anything else."
Urgent: I am not satisfied with the resolution and want to take this to the ombudsman. Not sure what to do.,RETAIL_EXCEPTION,formal_complaint_escalation,"I am sorry that your issue has not been resolved, and you have every right to escalate. I can register a formal complaint now, which will be given a reference number and reviewed by our complaints team, who will respond in writing within the time required. If you are not satisfied with the final response, you can take the matter to the external financial ombudsman. It helps if you share the dates and details of your previous contacts. We will keep you updated by message until this is resolved."
"Hi team, what do I need to do before closing my joint account? Thank you.",ACCOUNT,close_account,"To close the account, make sure there are no pending transactions, linked cards or loans. Request closure through the app under Account Services or visit a branch. We will transfer any remaining balance to the account you nominate and confirm once the account is closed."
"good morning, my prepaid card does not work outside the country, how do i switch on overseas payments? appreciate the help.",CARD,activate_card_international_usage,"Certainly, I can help with that. International usage can be switched on from the mobile app. Go to Cards, select your prepaid card, open Card Controls and turn on International Transactions. You can also set the dates of your trip and a spending limit for extra safety. Changes usually take effect within a few minutes, so please do it before you leave. Please reach out again if anything is unclear."
"Hi, how do I freeze my card temporarily? I cannot find it.",CARD,block_card,"You can block the card immediately in the mobile app. Go to Cards, choose the card and tap Block Card, then pick Lost or Stolen as the reason. The card stops working straight away and any new transactions are declined. We will then help you order a replacement, which usually arrives in a few working days. If you need any further help, just let me know."
"Good evening, how much do I pay every year to keep my card?",CARD,check_card_annual_fee,"Annual fees vary by card, and many cards waive the fee after a certain level of yearly spending. Please check Fees and Charges for your card in the app to see your amount and the anniversary date. If you would like to ask about a waiver, customer service can review your eligibility. If you need any further help, just let me know."
"Hi, how do I authorise someone to handle my banking on my behalf?",RETAIL_EXCEPTION,power_of_attorney_request,"I am sorry to hear that. Managing another person's account requires a valid legal authority, such as a registered power of attorney, and we need to verify it before giving access. Please prepare the original or certified copy of the document, your identification and the account holder details. A specialist will check the paperwork and explain what your authority allows, and I will arrange for them to contact you. If anything changes in the meantime, please let us know straight away."
"Good evening, how do I start a chargeback for a service that was not delivered",PAYMENT_EXCEPTION,chargeback_request,Thank you for the details. A card dispute can be raised for items not received or not as described. We will need your order confirmation and any communication with the seller. Our disputes team will assess the claim and let you know whether the amount can be recovered. You can ask for a human agent at any time and I will arrange it.
"please help: i was charged an overdraft fee of inr 2,670 even though i had funds.",RETAIL_EXCEPTION,overdraft_fee_dispute,"I understand your concern, and I will help you look into it. Overdraft fees can arise when a payment goes through before a deposit is credited, or when the balance goes below the agreed limit. Please check the dates on your statement for the fee of INR 2,670. If you feel it was applied unfairly, we can review it as a goodwill request or a complaint, and a specialist will assess your account history. If you would like, I can connect you with a human agent right now."
"Urgent: I paid 2,110 USD once but the money left my account twice last weekend.",PAYMENT_EXCEPTION,duplicate_charge,"Thanks for letting us know. Please keep proof of your purchase and, if possible, the merchant receipt. We will open a dispute for the duplicate payment, and a specialist will review it with the merchant. Refunds usually take several working days once the duplicate is confirmed. If anything changes in the meantime, please let us know straight away."
can you help me activate my card? it has not been used yet.,CARD,activate_card,"Of course, happy to help. You can activate your card in two easy ways. In the mobile app, go to Cards, pick your card, and tap Activate. If you prefer, call the phone banking number printed on the back of the card and follow the voice prompts. After verification your card will be active within a few minutes. I am here if you need anything else."
"excuse me, please put me through to a customer service representative. not sure what to do",CONTACT,human_agent,"Certainly, I can arrange for one of our advisors to help you. I am transferring you now, and I will share the details of our conversation so you do not need to repeat yourself. If the queue is long, you can choose to receive a call back instead."
"Hi, what is the annual fee for my prepaid card?",CARD,check_card_annual_fee,"The annual fee depends on the type of card you hold. You can see the exact amount for your prepaid card in the app under Cards and Card Details, and it is also listed in your welcome kit. The fee is normally charged once a year on the card anniversary date. Some cards offer a waiver if you reach a yearly spending target."
"Hey, how can I avoid repossession of my house? Thank you.",RETAIL_EXCEPTION,mortgage_arrears_support,"I understand how worrying this is, and I want you to know that help is available. Please do not ignore the notice, because early contact gives us more options such as revising the payment plan, extending the term or a temporary arrangement. I will connect you with our specialist mortgage support team, who can go through the details with you in confidence. It is also worth getting free independent money advice alongside speaking to us. You can ask for a human agent at any time and I will arrange it."
"Hello, I want to know my outstanding amount on the credit card. Not sure what to do.",CARD,check_current_balance_on_card,"Absolutely, let me walk you through it. To check your balance, log in to net banking or the app and open Cards. The card summary shows your current balance, available credit and the last statement amount. Balances update in near real time, but very recent transactions can take a short while to appear. I am here if you need anything else."
"Excuse me, please help me make a transfer of INR 1,110 today. Can u help me with this?",TRANSFER,make_transfer,"To make a transfer, log in to the app or net banking and go to Transfers. Add the payee by entering the name, account number and bank code, then confirm the payee with a one-time code. Enter the amount of INR 1,110, choose the payment method, review the details and confirm. You will get a confirmation message with a reference number."
"Please help me close the account, I am moving abroad. Thank you.",ACCOUNT,close_account,"Sure, here is how this works. To close the account, make sure there are no pending transactions, linked cards or loans. Request closure through the app under Account Services or visit a branch. We will transfer any remaining balance to the account you nominate and confirm once the account is closed."
"I do not want a bot, please connect me to an advisor. Any idea what to do?",CONTACT,human_agent,"Of course. I will connect you with a human agent now. Please stay in this chat, and it helps if you briefly describe your issue so the agent can pick up straight away. Waiting times can vary, and if it is not urgent you can also request a call back at a time that suits you."
Urgent: what is the process to claim the balance in my late mother's account?,RETAIL_EXCEPTION,deceased_account_holder,"My condolences to you and your family. Accounts of a deceased customer are handled by a dedicated team with care. Please share the death certificate and your identification, and they will explain how the balance is released to the nominee or legal heir and how the account is closed. I will connect you with them, so you do not have to repeat yourself. If you would like, I can connect you with a human agent right now."
What is the fastest way to send money to someone,TRANSFER,make_transfer,"You can send money in a few steps. Open Transfers, choose Send Money and select an existing payee or add a new one. Type in the amount, check the details carefully because transfers to the wrong account can be hard to reverse, and approve with your security code. Instant methods arrive within minutes, while standard transfers can take up to one working day. Let me know if there is anything more I can do for you."
Quick question: how do I stop a transfer I made last Friday? Not sure what to do.,TRANSFER,cancel_transfer,"Of course, happy to help. Please act quickly. For transfers that have not been processed yet, use Cancel next to the transfer in your pending list. For completed transfers, raise a recall request from the same screen or through customer service, and keep the transaction reference handy. We will update you as soon as we hear back from the other bank. Feel free to ask if you have any other questions."
"Hey, payment stuck in processing for 10 days and my rent is due",PAYMENT_EXCEPTION,transfer_pending_stuck,"I understand how worrying it is when a payment is delayed. Most transfers complete within one working day, but some can be held for security checks or because of details that need correcting. Please check the transaction status and reference number in the app. Since it has been 10 days, I will raise this as a payment investigation so a specialist can trace the payment with the receiving bank and update you. If anything changes in the meantime, please let us know straight away."
"Hey, what happens if I cancel my prepaid card, and how do I do it? Please help.",CARD,cancel_card,"Certainly, I can help with that. To cancel a card, go to Cards in the mobile app, select your prepaid card and choose Cancel Card, or contact customer service. Before we close it, please clear any outstanding balance and cancel recurring payments linked to the card. Once cancelled, the card cannot be used again, and you can request a new one later if you change your mind. I am here if you need anything else."
"Hello there, I want to check if the payment I made three days ago has gone through. Please advise.",ACCOUNT,check_recent_transactions,"Sure, here is how this works. To review your recent activity, log in and choose the account, then select Recent Transactions. Pending items are shown separately from completed ones. If something looks unfamiliar, tap it to see the details and report it directly from that screen."
"Excuse me, I am a new customer and want to create my login. Can you help me with this?",PASSWORD,set_up_password,"Sure, here is how this works. New customers can create a password using the First Time Login option. Enter your customer ID, verify with a one-time code, then choose a password that meets the rules shown on screen. Please do not share it with anyone, including bank staff."
I need help. Please help me recover my login details,PASSWORD,get_password,"I am sorry you are locked out. On the login page, tap Forgot Password and enter your customer ID. We will send a one-time code to your registered mobile number, and after you enter it you can choose a new password. For security reasons we can never tell you your old password."
"Excuse me, can I see my last transactions? Any idea what to do",ACCOUNT,check_recent_transactions,"Thanks for reaching out, I can guide you through this. To review your recent activity, log in and choose the account, then select Recent Transactions. Pending items are shown separately from completed ones. If something looks unfamiliar, tap it to see the details and report it directly from that screen. Please reach out again if anything is unclear."
Please help: my platinum credit card ending 1719 arrived today. What are the steps to activate it? Can you help me with this?,CARD,activate_card,"Thanks for reaching out, I can guide you through this. First, open the mobile app or net banking and go to the Cards section. Then select your platinum credit card and choose Activate Card. You will receive a one-time code on your registered mobile number, so enter it to confirm. Once that is done, the card is active and ready to use straight away. Please reach out again if anything is unclear."
"Good morning, the amount debited does not match the price I saw abroad. Can you help me with this?",PAYMENT_EXCEPTION,currency_conversion_dispute,"Thanks for raising this. When you pay in a foreign currency, the amount is converted at the network exchange rate on the day the transaction is settled, and a foreign currency fee may also apply, so the final figure can differ from what you saw at the shop. Please check the transaction details in the app for the rate and fee that were used. If you believe the amount is wrong, we can raise a query and a specialist will review it. You can ask for a human agent at any time and I will arrange it."
How can I reset my forgotten mobile banking password,PASSWORD,get_password,"I am sorry you are locked out. On the login page, tap Forgot Password and enter your customer ID. We will send a one-time code to your registered mobile number, and after you enter it you can choose a new password. For security reasons we can never tell you your old password."
How do I withdraw my loan request? Thank you.,LOAN,cancel_loan,"Absolutely, let me walk you through it. To cancel a loan application, tell us which application you mean and we will stop the process. Before disbursal there is normally no cost. After disbursal, the loan must be closed by repaying the outstanding amount, and we will give you the exact figure and any applicable charges."
"please help: atm retained my card ending 0481, how do i recover it? appreciate the help.",ATM,recover_swallowed_card,"I am sorry that the ATM kept your card. For your safety, I suggest blocking the card right away in the app. We will then arrange either collection from the ATM branch with identification or a replacement card sent to your address, usually within a few working days. Feel free to ask if you have any other questions."
"Good morning, what is the remaining balance on my mortgage? Thank you.",LOAN,check_mortgage_payments,"Your mortgage details are available under Loans. There you can view the payment amount, upcoming due dates, the balance still owed and a summary of interest paid. If your payment changes because of a rate change, we will notify you in advance. Let me know if there is anything more I can do for you."
I want to talk to a real person,CONTACT,human_agent,"Of course. I will connect you with a human agent now. Please stay in this chat, and it helps if you briefly describe your issue so the agent can pick up straight away. Waiting times can vary, and if it is not urgent you can also request a call back at a time that suits you. I am here if you need anything else."
the atm gave me less money than what was debited from my account. not sure what to do,ATM,dispute_ATM_withdrawal,"Sorry about the trouble with the ATM. Please keep the receipt if you have one and raise a dispute through the app or by calling customer service. We will check the ATM records for the withdrawal and update you by message. If the money is confirmed as not dispensed, it will be returned to your account."
"Hello there, when is my card annual fee charged and can it be waived? I need this sorted today.",CARD,check_card_annual_fee,"Thanks for reaching out, I can guide you through this. Annual fees vary by card, and many cards waive the fee after a certain level of yearly spending. Please check Fees and Charges for your card in the app to see your amount and the anniversary date. If you would like to ask about a waiver, customer service can review your eligibility."
"Hello, how do I activate my new platinum credit card?",CARD,activate_card,"Of course, happy to help. You can activate your card in two easy ways. In the mobile app, go to Cards, pick your card, and tap Activate. If you prefer, call the phone banking number printed on the back of the card and follow the voice prompts. After verification your card will be active within a few minutes."
Quick question: can you transfer me to a human agent? Please help,CONTACT,human_agent,"Of course. I will connect you with a human agent now. Please stay in this chat, and it helps if you briefly describe your issue so the agent can pick up straight away. Waiting times can vary, and if it is not urgent you can also request a call back at a time that suits you. Let me know if there is anything more I can do for you."
"Please help: somebody used my prepaid card to buy things I do not recognise, this is fraud. I need this sorted today.",PAYMENT_EXCEPTION,card_fraud_unauthorized_transaction,"Thank you for reporting this quickly. Your card should be blocked immediately to prevent more misuse, and the disputed transactions will be flagged for our fraud team. They will review the details, and where a transaction is confirmed as fraudulent the amount is normally returned to your account after the investigation. A specialist will reach out to collect a few more details. If you would like, I can connect you with a human agent right now."
"i changed my name after marriage, how do i update it on my current account?",RETAIL_EXCEPTION,legal_name_change,"To change your name in our records, we need proof of the legal name change, such as a marriage certificate, a gazette notification or a deed poll, together with your identification. Please upload the documents in the app under Profile or visit a branch, and we will update your accounts and cards. Because this affects several products, the update may take a few working days, and we will notify you when it is complete. We will keep you updated by message until this is resolved."
"I need help. Sent GBP 2,150 to a stranger by mistake last Friday. Please advise",PAYMENT_EXCEPTION,transfer_wrong_account,"Please stay calm, and thank you for telling us quickly, because speed matters. Payments to a wrong account cannot always be reversed, but we can send a recall request to the receiving bank for the GBP 2,150. Please share the transaction reference, the date and the account number you used. We will contact the other bank and, if the account holder agrees or the funds are still available, the money can be returned. If anything changes in the meantime, please let us know straight away."
"There are transactions of EUR 1,660 on my card that I never made, I think my card was hacked. Any idea what to do?",PAYMENT_EXCEPTION,card_fraud_unauthorized_transaction,"Thank you for reporting this quickly. Your card should be blocked immediately to prevent more misuse, and the disputed transactions will be flagged for our fraud team. They will review the details, and where a transaction is confirmed as fraudulent the amount is normally returned to your account after the investigation. A specialist will reach out to collect a few more details. You can ask for a human agent at any time and I will arrange it."
"Good morning, my spouse emptied our joint account without telling me. Thanks",RETAIL_EXCEPTION,joint_account_dispute,"I am sorry you are going through this. Joint accounts are governed by the mandate that was agreed when they were opened, and changes such as removing a holder or freezing the account usually need the consent of all holders, or a legal instruction. I can arrange for a specialist to explain your options and what proof would be required. Please keep in mind that we cannot take sides, and for serious disputes it can help to seek legal advice. You can ask for a human agent at any time and I will arrange it."
Urgent: how do I open a current account,ACCOUNT,create_account,"Sure, here is how this works. To start, choose the type of account that suits you, then fill in the application form online. You will need identity and address documents, and you may complete a short video verification. Once approved, your account details arrive by message and email, and your debit card is sent to your address. If you need any further help, just let me know."
How do I activate my new credit card,CARD,activate_card,"First, open the mobile app or net banking and go to the Cards section. Then select your credit card and choose Activate Card. You will receive a one-time code on your registered mobile number, so enter it to confirm. Once that is done, the card is active and ready to use straight away. Let me know if there is anything more I can do for you."
"Hello there, my spouse emptied our joint account without telling me. Thank you.",RETAIL_EXCEPTION,joint_account_dispute,"I am sorry you are going through this. Joint accounts are governed by the mandate that was agreed when they were opened, and changes such as removing a holder or freezing the account usually need the consent of all holders, or a legal instruction. I can arrange for a specialist to explain your options and what proof would be required. Please keep in mind that we cannot take sides, and for serious disputes it can help to seek legal advice. Please keep your reference number safe, and reply here if you need anything else."
What is the available balance on my travel card? Please help,CARD,check_current_balance_on_card,"To check your balance, log in to net banking or the app and open Cards. The card summary shows your current balance, available credit and the last statement amount. Balances update in near real time, but very recent transactions can take a short while to appear. Feel free to ask if you have any other questions."
"Hello there, the money I sent two days ago has not reached the receiver yet, the status still says processing.",PAYMENT_EXCEPTION,transfer_pending_stuck,"Sorry for the delay. A transfer can stay pending if the receiving bank is slow, if the details do not match, or if the payment is under review. I have noted the delay and a specialist team will trace the payment. If it cannot be completed, the money is returned to your account. Please keep your reference number safe, and reply here if you need anything else."
Please help: what is the process to allow foreign transactions on my card before my trip? Appreciate the help.,CARD,activate_card_international_usage,"Sure, here is how this works. To use your card overseas, open Card Controls in the app and enable International Usage. It is a good idea to set a travel period and a daily limit. If you cannot use the app, phone banking can turn it on for you after verifying your identity. Please reach out again if anything is unclear."
"good evening, i missed 7 instalments and i am afraid of penalties. i need this sorted today.",RETAIL_EXCEPTION,loan_hardship_request,"I am sorry you are facing this, and I am glad you reached out early. We have options for customers in financial difficulty, such as a temporary payment holiday, a longer tenure with lower instalments, or restructuring, depending on your situation. I will pass your request to our customer support team, who will review your income and expenses and discuss what is possible. Please try to keep making any payments you can, and avoid ignoring reminders, as talking to us early gives you more choices. If you would like, I can connect you with a human agent right now."
"Please help: I ordered from Airbnb last night, the item is not what was shown, can I dispute the charge?",PAYMENT_EXCEPTION,chargeback_request,Thank you for the details. A card dispute can be raised for items not received or not as described. We will need your order confirmation and any communication with the seller. Our disputes team will assess the claim and let you know whether the amount can be recovered. You can ask for a human agent at any time and I will arrange it.
What do I need to do before closing my savings account? I need this sorted today,ACCOUNT,close_account,"I can explain how to close your savings account. Please first clear any dues, cancel standing instructions and move the remaining balance to another account. Then submit a closure request through customer service or at a branch with valid identification. Once processed, you will receive written confirmation and the final statement. If you need any further help, just let me know."
"Hello there, card stolen abroad, need emergency replacement. Can you help me with this?",PAYMENT_EXCEPTION,lost_card_abroad_emergency,"That sounds very stressful. The first step is to block all lost cards so nobody can use them. Then our emergency support team can help with a replacement card delivered to your location or a cash advance, after confirming your identity. Please keep any police report reference, as it can help with disputed transactions. If anything changes in the meantime, please let us know straight away."
"quick question: we are buying our first home and need a mortgage, where do we start",LOAN,apply_for_mortgage,"Thanks for reaching out, I can guide you through this. For a mortgage, the first step is to check how much you can borrow using the mortgage calculator in the app. Then submit an application with your identity, income and property details, and we will arrange a valuation of the property. After approval you receive a formal offer, and the funds are released to the seller once the legal formalities are complete. A deposit is usually needed, and the amount depends on the property value and your profile. Feel free to ask if you have any other questions."
Quick question: I want a written response to my complaint about business account charges. I need this sorted today.,RETAIL_EXCEPTION,formal_complaint_escalation,"I am sorry that your issue has not been resolved, and you have every right to escalate. I can register a formal complaint now, which will be given a reference number and reviewed by our complaints team, who will respond in writing within the time required. If you are not satisfied with the final response, you can take the matter to the external financial ombudsman. It helps if you share the dates and details of your previous contacts. If anything changes in the meantime, please let us know straight away."
"I need help. I want to apply for a home loan of $325,210. Not sure what to do.",LOAN,apply_for_loan,"Sure, here is how this works. You can apply for a home loan online or at a branch. Please keep your identity proof, address proof, recent salary slips or income proof, and bank statements ready. After you submit the application, we check your eligibility and credit history and share an offer with the interest rate and repayment plan. Once you accept, the money is usually credited within a few working days. Please reach out again if anything is unclear."
"Hi team, I paid in the local currency but was billed at a strange rate. Can u help me with this?",PAYMENT_EXCEPTION,currency_conversion_dispute,"Thanks for raising this. When you pay in a foreign currency, the amount is converted at the network exchange rate on the day the transaction is settled, and a foreign currency fee may also apply, so the final figure can differ from what you saw at the shop. Please check the transaction details in the app for the rate and fee that were used. If you believe the amount is wrong, we can raise a query and a specialist will review it. If you would like, I can connect you with a human agent right now."
