instruction,category,intent,response
"Hello, my card went missing two days ago, block it asap. Any idea what to do?",CARD,block_card,"I understand how stressful this must be, and I am here to help. You can block the card immediately in the mobile app. Go to Cards, choose the card and tap Block Card, then pick Lost or Stolen as the reason. The card stops working straight away and any new transactions are declined. We will then help you order a replacement, which usually arrives in a few working days. Please reach out again if anything is unclear."
Quick question: I would like to apply for a home loan. Please advise.,LOAN,apply_for_mortgage,"Applying for a home loan involves a few stages: an initial eligibility check, document submission, property valuation, formal approval and legal completion. A mortgage adviser can guide you at each stage. You can begin by booking a call from the Loans section of the app."
"hi, could you tell me the yearly charges on the card ending 3794? can you help me with this?",CARD,check_card_annual_fee,"Sure, here is how this works. Annual fees vary by card, and many cards waive the fee after a certain level of yearly spending. Please check Fees and Charges for your card in the app to see your amount and the anniversary date. If you would like to ask about a waiver, customer service can review your eligibility."
"hi team, i need to withdraw cash in mumbai, where can i find one of your atms? please help.",FIND,find_ATM,"Sure, here is how this works. To locate an ATM, open the Locator in the app or on our website and search by city or landmark. Filters help you find machines that offer deposits, cheque drops or extended hours. Please remember that using an ATM outside our network may attract a fee. If you need any further help, just let me know."
Urgent: can you explain the steps for a home loan application? Please advise.,LOAN,apply_for_mortgage,"For a mortgage, the first step is to check how much you can borrow using the mortgage calculator in the app. Then submit an application with your identity, income and property details, and we will arrange a valuation of the property. After approval you receive a formal offer, and the funds are released to the seller once the legal formalities are complete. A deposit is usually needed, and the amount depends on the property value and your profile. Feel free to ask if you have any other questions."
Find me a cash machine close to me. I need this sorted today.,FIND,find_ATM,"Absolutely, let me walk you through it. To locate an ATM, open the Locator in the app or on our website and search by city or landmark. Filters help you find machines that offer deposits, cheque drops or extended hours. Please remember that using an ATM outside our network may attract a fee."
I need help. How can I withdraw my home loan request?,LOAN,cancel_mortgage,"Sure, here is how this works. I can help you withdraw the mortgage application. Please contact our mortgage team through the app or at a branch and confirm the application reference. If the valuation or legal work has already started, some third party fees might still apply. Once cancelled, you will receive written confirmation. Feel free to ask if you have any other questions."
"Hi, please enable international transactions on my card ending 5531. Please help.",CARD,activate_card_international_usage,"To use your card overseas, open Card Controls in the app and enable International Usage. It is a good idea to set a travel period and a daily limit. If you cannot use the app, phone banking can turn it on for you after verifying your identity."
"Excuse me, what fees do you charge on my account?",FEES,check_fees,"Of course, happy to help. Fees depend on the type of account or service. You can find the full list in the app under Help and then Fees and Charges, including maintenance, ATM, transfer and card fees. If you tell me the specific service you are asking about, I can explain how that fee is calculated and when it applies. Feel free to ask if you have any other questions."
"Hi, I cannot afford my mortgage after the rate increase. Any idea what to do",RETAIL_EXCEPTION,mortgage_arrears_support,"I understand how worrying this is, and I want you to know that help is available. Please do not ignore the notice, because early contact gives us more options such as revising the payment plan, extending the term or a temporary arrangement. I will connect you with our specialist mortgage support team, who can go through the details with you in confidence. It is also worth getting free independent money advice alongside speaking to us. If anything changes in the meantime, please let us know straight away."
"Good evening, the ATM swallowed my card, what should I do? Can you help me with this?",ATM,recover_swallowed_card,"Please do not worry, this happens sometimes. First, block the card in the app as a precaution until you have it back. Then contact the branch that owns the ATM or call customer service, and we will check if the card was retained by the machine. If it can be recovered you may collect it with valid photo ID, otherwise we will issue a replacement card to you."
"urgent: i just received my credit card in the mail, how can i start using it? appreciate the help",CARD,activate_card,"Thanks for reaching out, I can guide you through this. You can activate your card in two easy ways. In the mobile app, go to Cards, pick your card, and tap Activate. If you prefer, call the phone banking number printed on the back of the card and follow the voice prompts. After verification your card will be active within a few minutes. Let me know if there is anything more I can do for you."
"Good evening, I want to close my business account. Can you help me with this?",ACCOUNT,close_account,"I can explain how to close your business account. Please first clear any dues, cancel standing instructions and move the remaining balance to another account. Then submit a closure request through customer service or at a branch with valid identification. Once processed, you will receive written confirmation and the final statement. Please reach out again if anything is unclear."
I want to cancel my credit card permanently.,CARD,cancel_card,"Certainly, I can help with that. I can guide you through cancelling your card. First check that there are no pending transactions or unpaid dues. Then submit a cancellation request through the app or by phone banking. You will get a confirmation message once the card is closed."
"I need help. I want to reverse the payment I just made, is that possible",TRANSFER,cancel_transfer,"Of course, happy to help. Please act quickly. For transfers that have not been processed yet, use Cancel next to the transfer in your pending list. For completed transfers, raise a recall request from the same screen or through customer service, and keep the transaction reference handy. We will update you as soon as we hear back from the other bank. If you need any further help, just let me know."
"Hi, can I see my last transactions? Please advise",ACCOUNT,check_recent_transactions,"Absolutely, let me walk you through it. To review your recent activity, log in and choose the account, then select Recent Transactions. Pending items are shown separately from completed ones. If something looks unfamiliar, tap it to see the details and report it directly from that screen. I am here if you need anything else."
"Good evening, I want to cancel my prepaid card permanently.",CARD,cancel_card,"Thanks for reaching out, I can guide you through this. I can guide you through cancelling your card. First check that there are no pending transactions or unpaid dues. Then submit a cancellation request through the app or by phone banking. You will get a confirmation message once the card is closed."
"Please waive the overdraft charges, they are unfair. Any idea what to do?",RETAIL_EXCEPTION,overdraft_fee_dispute,"Thanks for explaining. To review the fee, we need to see the order in which the deposit and the payments were processed. I will raise a request for the fee to be reviewed, and you will hear back with the outcome. In some cases, especially after a delayed salary, the fee can be waived. If you would like, I can connect you with a human agent right now."
What are the eligibility criteria for a business loan? Not sure what to do,LOAN,apply_for_loan,"To apply for a loan, go to Loans in the app and select the type of loan you need. Enter the amount and tenure, upload the required documents and submit. Your eligibility is based on income, existing commitments and credit score, and you will see a decision and an offer once the review is complete. Please reach out again if anything is unclear."
"Good evening, please guide me through creating a new account. Thanks.",ACCOUNT,create_account,"Of course, happy to help. To start, choose the type of account that suits you, then fill in the application form online. You will need identity and address documents, and you may complete a short video verification. Once approved, your account details arrive by message and email, and your debit card is sent to your address. Please reach out again if anything is unclear."
Do you have ATMs that accept cash deposits nearby?,FIND,find_ATM,"To locate an ATM, open the Locator in the app or on our website and search by city or landmark. Filters help you find machines that offer deposits, cheque drops or extended hours. Please remember that using an ATM outside our network may attract a fee."
Quick question: how can I withdraw my home loan request? Any idea what to do?,LOAN,cancel_mortgage,"To cancel a mortgage application, send a withdrawal request with your application reference. Any costs already incurred for valuation or legal checks may not be refundable. We will confirm the cancellation in writing and close the file. If you need any further help, just let me know."
I need help. Pls enable international transactions on my card ending 4131. Pls help.,CARD,activate_card_international_usage,"Sure, here is how this works. To use your card overseas, open Card Controls in the app and enable International Usage. It is a good idea to set a travel period and a daily limit. If you cannot use the app, phone banking can turn it on for you after verifying your identity. Let me know if there is anything more I can do for you."
Please help: please cancel the card ending 4683. Can you help me with this?,CARD,cancel_card,"Certainly, I can help with that. I can guide you through cancelling your card. First check that there are no pending transactions or unpaid dues. Then submit a cancellation request through the app or by phone banking. You will get a confirmation message once the card is closed. Feel free to ask if you have any other questions."
"Hi, how much deposit do I need for a mortgage? Pls advise.",LOAN,apply_for_mortgage,"Applying for a home loan involves a few stages: an initial eligibility check, document submission, property valuation, formal approval and legal completion. A mortgage adviser can guide you at each stage. You can begin by booking a call from the Loans section of the app. Let me know if there is anything more I can do for you."
"Hi, what happens if I cancel my credit card, and how do I do it? I need this sorted today.",CARD,cancel_card,"Thanks for reaching out, I can guide you through this. To cancel a card, go to Cards in the mobile app, select your credit card and choose Cancel Card, or contact customer service. Before we close it, please clear any outstanding balance and cancel recurring payments linked to the card. Once cancelled, the card cannot be used again, and you can request a new one later if you change your mind. Feel free to ask if you have any other questions."
"We decided not to buy the house, how do I cancel the mortgage? Any idea what to do?",LOAN,cancel_mortgage,"To cancel a mortgage application, send a withdrawal request with your application reference. Any costs already incurred for valuation or legal checks may not be refundable. We will confirm the cancellation in writing and close the file."
Please help: I want to cancel my personal loan application.,LOAN,cancel_loan,"To cancel a loan application, tell us which application you mean and we will stop the process. Before disbursal there is normally no cost. After disbursal, the loan must be closed by repaying the outstanding amount, and we will give you the exact figure and any applicable charges. I am here if you need anything else."
Quick question: I lost my job and cant pay my home loan instalments. Please advise.,RETAIL_EXCEPTION,loan_hardship_request,"I am sorry you are facing this, and I am glad you reached out early. We have options for customers in financial difficulty, such as a temporary payment holiday, a longer tenure with lower instalments, or restructuring, depending on your situation. I will pass your request to our customer support team, who will review your income and expenses and discuss what is possible. Please try to keep making any payments you can, and avoid ignoring reminders, as talking to us early gives you more choices. You can ask for a human agent at any time and I will arrange it."
"i want to reverse the payment i just made, is that possible? please advise.",TRANSFER,cancel_transfer,"Please act quickly. For transfers that have not been processed yet, use Cancel next to the transfer in your pending list. For completed transfers, raise a recall request from the same screen or through customer service, and keep the transaction reference handy. We will update you as soon as we hear back from the other bank."
"Good evening, can I open an account online without visiting the branch? Please advise.",ACCOUNT,create_account,"Sure, here is how this works. To start, choose the type of account that suits you, then fill in the application form online. You will need identity and address documents, and you may complete a short video verification. Once approved, your account details arrive by message and email, and your debit card is sent to your address."
"Please help: I forgot my password, how do I get it back? Please help",PASSWORD,get_password,"You can recover access in a few steps. Select Forgot Password on the login screen, verify your identity with the one-time code sent to your registered number, and set a new password. If you no longer have access to that number, please visit a branch with your identification to update it. Let me know if there is anything more I can do for you."
"Good morning, how do I view what I spent this week? Please help.",ACCOUNT,check_recent_transactions,"To review your recent activity, log in and choose the account, then select Recent Transactions. Pending items are shown separately from completed ones. If something looks unfamiliar, tap it to see the details and report it directly from that screen. Let me know if there is anything more I can do for you."
"Hello there, I need to transfer money to another bank, what are the steps?",TRANSFER,make_transfer,"You can send money in a few steps. Open Transfers, choose Send Money and select an existing payee or add a new one. Type in the amount, check the details carefully because transfers to the wrong account can be hard to reverse, and approve with your security code. Instant methods arrive within minutes, while standard transfers can take up to one working day. Feel free to ask if you have any other questions."
"Good morning, the bank refused my mortgage even though I have a stable income. Pls help.",RETAIL_EXCEPTION,loan_application_rejected_appeal,"I am sorry that your application was not approved. Decisions are based on factors such as income, existing debts, credit history and the value of the loan requested, and we can share the main reasons with you. You may ask for a review, especially if your circumstances have changed or if some information was missing. I will pass your request to a loans specialist who can explain the decision and suggest what may improve your chances next time. You can ask for a human agent at any time and I will arrange it."
"Hi team, show me my recent activity on the salary account.",ACCOUNT,check_recent_transactions,"Thanks for reaching out, I can guide you through this. You can see recent transactions in the app or net banking. Open your salary account and tap Transactions to view the latest activity, and use the filters to search by date or amount. Statements for earlier periods can be downloaded as a PDF from the Statements section. I am here if you need anything else."
"Hello, the ATM gave me less money than what was debited from my account. Can you help me with this?",ATM,dispute_ATM_withdrawal,"Sorry about the trouble with the ATM. Please keep the receipt if you have one and raise a dispute through the app or by calling customer service. We will check the ATM records for the withdrawal and update you by message. If the money is confirmed as not dispensed, it will be returned to your account. Feel free to ask if you have any other questions."
Please help: what is the annual fee for my credit card? Please help.,CARD,check_card_annual_fee,"The annual fee depends on the type of card you hold. You can see the exact amount for your credit card in the app under Cards and Card Details, and it is also listed in your welcome kit. The fee is normally charged once a year on the card anniversary date. Some cards offer a waiver if you reach a yearly spending target. If you need any further help, just let me know."
"Hello there, please help me make a transfer of EUR 1,630 today. Please advise.",TRANSFER,make_transfer,"Certainly, I can help with that. You can send money in a few steps. Open Transfers, choose Send Money and select an existing payee or add a new one. Type in the amount, check the details carefully because transfers to the wrong account can be hard to reverse, and approve with your security code. Instant methods arrive within minutes, while standard transfers can take up to one working day."
"Double debit on my card for Amazon, please fix",PAYMENT_EXCEPTION,duplicate_charge,"Thanks for letting us know. Please keep proof of your purchase and, if possible, the merchant receipt. We will open a dispute for the duplicate payment, and a specialist will review it with the merchant. Refunds usually take several working days once the duplicate is confirmed. If you would like, I can connect you with a human agent right now."
"Good evening, what is the remaining balance on my mortgage? Please help.",LOAN,check_mortgage_payments,"In the app, open Loans and select your mortgage to see your monthly payment, the next due date, the remaining balance and the split between interest and principal. Statements and a yearly interest certificate can also be downloaded from the documents section. Feel free to ask if you have any other questions."
"Hey, can I get a loan for INR 382,020 over 24 months? Any idea what to do?",LOAN,apply_for_loan,"Sure, here is how this works. To apply for a loan, go to Loans in the app and select the type of loan you need. Enter the amount and tenure, upload the required documents and submit. Your eligibility is based on income, existing commitments and credit score, and you will see a decision and an offer once the review is complete. I am here if you need anything else."
Quick question: when is my card annual fee charged and can it be waived? Thanks,CARD,check_card_annual_fee,"Certainly, I can help with that. Annual fees vary by card, and many cards waive the fee after a certain level of yearly spending. Please check Fees and Charges for your card in the app to see your amount and the anniversary date. If you would like to ask about a waiver, customer service can review your eligibility."
"Please help: my wallet with my prepaid card was stolen in Istanbul, what do I do",PAYMENT_EXCEPTION,lost_card_abroad_emergency,"That sounds very stressful. The first step is to block all lost cards so nobody can use them. Then our emergency support team can help with a replacement card delivered to your location or a cash advance, after confirming your identity. Please keep any police report reference, as it can help with disputed transactions. Please keep your reference number safe, and reply here if you need anything else."
Quick question: what fees do you charge on my account,FEES,check_fees,"Sure, here is how this works. Fees depend on the type of account or service. You can find the full list in the app under Help and then Fees and Charges, including maintenance, ATM, transfer and card fees. If you tell me the specific service you are asking about, I can explain how that fee is calculated and when it applies. Please reach out again if anything is unclear."
"Expedia said they refunded $2,680 10 days ago but I have not received it. Thank you",PAYMENT_EXCEPTION,refund_not_received,"I am sorry for the wait. Refunds from merchants usually take between five and ten working days to appear, depending on the merchant and the card network. Please ask Expedia for the refund reference number or acquirer reference number, which lets us trace it. Once you share it, we can check whether the credit was received and, if not, raise an enquiry with the merchant bank."
"Hello, where can I download my statement for the last 10 days?",ACCOUNT,check_recent_transactions,"Sure, here is how this works. To review your recent activity, log in and choose the account, then select Recent Transactions. Pending items are shown separately from completed ones. If something looks unfamiliar, tap it to see the details and report it directly from that screen."
"Pls unfreeze my account, I already submitted my documents this morning. Can u help me with this?",RETAIL_EXCEPTION,account_frozen_kyc,"I understand how stressful it is to have an account restricted. Accounts are sometimes frozen when identity documents are missing or expired, or when a compliance review is needed. I cannot lift a restriction from this chat, but I can raise a priority request with our account services team. Please keep your photo ID, proof of address and recent photograph ready, and a specialist will contact you with the exact documents required. You can ask for a human agent at any time and I will arrange it."
"Hey, can I cancel a scheduled transfer for next week? Please advise.",TRANSFER,cancel_transfer,"Please act quickly. For transfers that have not been processed yet, use Cancel next to the transfer in your pending list. For completed transfers, raise a recall request from the same screen or through customer service, and keep the transaction reference handy. We will update you as soon as we hear back from the other bank. Let me know if there is anything more I can do for you."
"Please help: I would like to stop my card, it has an annual fee I do not want to pay. Please advise.",CARD,cancel_card,"Of course, happy to help. I can guide you through cancelling your card. First check that there are no pending transactions or unpaid dues. Then submit a cancellation request through the app or by phone banking. You will get a confirmation message once the card is closed. If you need any further help, just let me know."
i need help. i got a message that my password was changed and i did not do it. please help.,RETAIL_EXCEPTION,identity_theft_account_takeover,"Thank you for flagging this quickly. Access to your online banking will be locked while we investigate. Our security team will verify your identity through a secure process, review recent changes and transactions, and help reset your details. Please tell us about any transaction you did not make, so it can be investigated. Please keep your reference number safe, and reply here if you need anything else."
My debit card ending 1619 arrived today. What are the steps to activate it? Please advise.,CARD,activate_card,"Thanks for reaching out, I can guide you through this. You can activate your card in two easy ways. In the mobile app, go to Cards, pick your card, and tap Activate. If you prefer, call the phone banking number printed on the back of the card and follow the voice prompts. After verification your card will be active within a few minutes. Please reach out again if anything is unclear."
Urgent: is there a fee if my balance drops below the minimum? thx.,FEES,check_fees,"Fees depend on the type of account or service. You can find the full list in the app under Help and then Fees and Charges, including maintenance, ATM, transfer and card fees. If you tell me the specific service you are asking about, I can explain how that fee is calculated and when it applies. Let me know if there is anything more I can do for you."
Quick question: can I get someone to visit me at home for banking services? Thank you.,RETAIL_EXCEPTION,vulnerable_customer_support,"Thank you for telling us, and please know that we are here to help in a way that works for you. We offer support such as large print or audio statements, assisted banking at branches, a dedicated helpline with priority handling and, in some areas, home visits. If you are worried about a suspicious call, please do not share any codes or personal details, and we will help you check it. I will connect you with our customer care specialists to set up the support you need. If you would like, I can connect you with a human agent right now."
"there is an atm transaction i dont recognise for 998 usd, how do i raise a dispute?",ATM,dispute_ATM_withdrawal,"Sorry about the trouble with the ATM. Please keep the receipt if you have one and raise a dispute through the app or by calling customer service. We will check the ATM records for the withdrawal and update you by message. If the money is confirmed as not dispensed, it will be returned to your account."
How do I apply for a personal loan? Thanks.,LOAN,apply_for_loan,"To apply for a loan, go to Loans in the app and select the type of loan you need. Enter the amount and tenure, upload the required documents and submit. Your eligibility is based on income, existing commitments and credit score, and you will see a decision and an offer once the review is complete. I am here if you need anything else."
"Hello there, how do I view what I spent this week",ACCOUNT,check_recent_transactions,"Thanks for reaching out, I can guide you through this. To review your recent activity, log in and choose the account, then select Recent Transactions. Pending items are shown separately from completed ones. If something looks unfamiliar, tap it to see the details and report it directly from that screen. Feel free to ask if you have any other questions."
Urgent: what is the customer care number?,CONTACT,customer_service,"Certainly, I can help with that. There are several ways to contact us. The quickest is the chat option in the app, which is available all day. You can also call the number printed on the back of your card or on our website, or visit any branch during opening hours. Please reach out again if anything is unclear."
"Excuse me, cash was not dispensed at the ATM yet my account was debited. Not sure what to do",ATM,dispute_ATM_withdrawal,"Sorry about the trouble with the ATM. Please keep the receipt if you have one and raise a dispute through the app or by calling customer service. We will check the ATM records for the withdrawal and update you by message. If the money is confirmed as not dispensed, it will be returned to your account."
"Good morning, we decided not to buy the house, how do I cancel the mortgage? Thanks.",LOAN,cancel_mortgage,"Thanks for reaching out, I can guide you through this. To cancel a mortgage application, send a withdrawal request with your application reference. Any costs already incurred for valuation or legal checks may not be refundable. We will confirm the cancellation in writing and close the file. Let me know if there is anything more I can do for you."
"Hey, I never received the goods I paid 1,890 USD for on Myntra, I want a chargeback. Please help",PAYMENT_EXCEPTION,chargeback_request,"Thank you for the details. A card dispute can be raised for items not received or not as described. We will need your order confirmation and any communication with the seller. Our disputes team will assess the claim and let you know whether the amount can be recovered. Please keep your reference number safe, and reply here if you need anything else."
quick question: what is the process to allow foreign transactions on my card before my trip? any idea what to do?,CARD,activate_card_international_usage,"To use your card overseas, open Card Controls in the app and enable International Usage. It is a good idea to set a travel period and a daily limit. If you cannot use the app, phone banking can turn it on for you after verifying your identity. I am here if you need anything else."
"hi, my online banking was accessed by someone else and money is missing. can you help me with this?",RETAIL_EXCEPTION,identity_theft_account_takeover,"I am very sorry, and I will treat this as urgent. To protect you, we should restrict access to your account and cards immediately, and I am escalating this to our fraud and security team now. Please do not use the same password anywhere else, avoid clicking links in unexpected messages, and keep a note of any suspicious messages or calls. A specialist will contact you on a verified number to restore your access and review the activity. You can ask for a human agent at any time and I will arrange it."
quick question: i want to cancel my credit card permanently. not sure what to do.,CARD,cancel_card,"Thanks for reaching out, I can guide you through this. To cancel a card, go to Cards in the mobile app, select your credit card and choose Cancel Card, or contact customer service. Before we close it, please clear any outstanding balance and cancel recurring payments linked to the card. Once cancelled, the card cannot be used again, and you can request a new one later if you change your mind."
"Good morning, my card got stuck in the machine earlier today.",ATM,recover_swallowed_card,"I am sorry that the ATM kept your card. For your safety, I suggest blocking the card right away in the app. We will then arrange either collection from the ATM branch with identification or a replacement card sent to your address, usually within a few working days."
My card was declined in Pune and I am stuck without money. Appreciate the help.,PAYMENT_EXCEPTION,card_declined_while_travelling,"Sorry about the inconvenience, especially while you are travelling. Please check that international transactions are enabled and that you have not reached your daily limit. Because this is urgent, I recommend calling the emergency line on the back of the card, where an agent can verify you and remove any block. Emergency cash or a replacement card can be arranged if needed. If anything changes in the meantime, please let us know straight away."
"hello there, the other holder of my joint business account is not cooperating, what are my options? can u help me with this?",RETAIL_EXCEPTION,joint_account_dispute,"I am sorry you are going through this. Joint accounts are governed by the mandate that was agreed when they were opened, and changes such as removing a holder or freezing the account usually need the consent of all holders, or a legal instruction. I can arrange for a specialist to explain your options and what proof would be required. Please keep in mind that we cannot take sides, and for serious disputes it can help to seek legal advice. We will keep you updated by message until this is resolved."
Quick question: could you tell me the yearly charges on the card ending 5682,CARD,check_card_annual_fee,"Annual fees vary by card, and many cards waive the fee after a certain level of yearly spending. Please check Fees and Charges for your card in the app to see your amount and the anniversary date. If you would like to ask about a waiver, customer service can review your eligibility."
"Hey, I am a new customer and want to create my login. Appreciate the help.",PASSWORD,set_up_password,"New customers can create a password using the First Time Login option. Enter your customer ID, verify with a one-time code, then choose a password that meets the rules shown on screen. Please do not share it with anyone, including bank staff."
how can i change my password to something stronger? please help,PASSWORD,set_up_password,"Of course, happy to help. New customers can create a password using the First Time Login option. Enter your customer ID, verify with a one-time code, then choose a password that meets the rules shown on screen. Please do not share it with anyone, including bank staff. Please reach out again if anything is unclear."
"Hello there, I am in Dublin and my debit card is lost, how can I get emergency help? Please advise",PAYMENT_EXCEPTION,lost_card_abroad_emergency,"That sounds very stressful. The first step is to block all lost cards so nobody can use them. Then our emergency support team can help with a replacement card delivered to your location or a cash advance, after confirming your identity. Please keep any police report reference, as it can help with disputed transactions. If anything changes in the meantime, please let us know straight away."
"please help: zomato said they refunded gbp 1,880 6 days ago but i have not received it. thank you.",PAYMENT_EXCEPTION,refund_not_received,"I am sorry for the wait. Refunds from merchants usually take between five and ten working days to appear, depending on the merchant and the card network. Please ask Zomato for the refund reference number or acquirer reference number, which lets us trace it. Once you share it, we can check whether the credit was received and, if not, raise an enquiry with the merchant bank. We will keep you updated by message until this is resolved."
Urgent: im behind on my mortgage payments and worried about losing my home. Not sure what to do.,RETAIL_EXCEPTION,mortgage_arrears_support,"Thank you for reaching out. Falling behind on a mortgage is stressful, and there are steps we can explore together. A mortgage support specialist will review your account, your income and expenses, and discuss a plan that suits you. I am raising this as urgent so they contact you soon. Please keep your reference number safe, and reply here if you need anything else."
"Hello, payment declined overseas even though I have enough balance. Any idea what to do?",PAYMENT_EXCEPTION,card_declined_while_travelling,"Sorry about the inconvenience, especially while you are travelling. Please check that international transactions are enabled and that you have not reached your daily limit. Because this is urgent, I recommend calling the emergency line on the back of the card, where an agent can verify you and remove any block. Emergency cash or a replacement card can be arranged if needed. You can ask for a human agent at any time and I will arrange it."
"I need help. Please help me close the account, I am moving abroad. Thanks.",ACCOUNT,close_account,"To close the account, make sure there are no pending transactions, linked cards or loans. Request closure through the app under Account Services or visit a branch. We will transfer any remaining balance to the account you nominate and confirm once the account is closed."
"Hello, can I see my loan repayment schedule? Please help.",LOAN,check_loan_payments,"Absolutely, let me walk you through it. To check your loan payments, log in and open Loans, then choose the loan. You will see what you have paid so far, what is left, and the next due date. If you would like to pay extra to reduce the balance, there is an option to make a part payment on the same screen."
"Excuse me, what are the eligibility criteria for a home loan? Pls advise.",LOAN,apply_for_loan,"Thanks for reaching out, I can guide you through this. To apply for a loan, go to Loans in the app and select the type of loan you need. Enter the amount and tenure, upload the required documents and submit. Your eligibility is based on income, existing commitments and credit score, and you will see a decision and an offer once the review is complete. Let me know if there is anything more I can do for you."
Urgent: I am a student and would like to start a savings account. Not sure what to do.,ACCOUNT,create_account,"Certainly, I can help with that. To start, choose the type of account that suits you, then fill in the application form online. You will need identity and address documents, and you may complete a short video verification. Once approved, your account details arrive by message and email, and your debit card is sent to your address. I am here if you need anything else."
"Hi, my loan application for GBP 236,960 was rejected and I do not understand why. Can you help me with this?",RETAIL_EXCEPTION,loan_application_rejected_appeal,"I am sorry that your application was not approved. Decisions are based on factors such as income, existing debts, credit history and the value of the loan requested, and we can share the main reasons with you. You may ask for a review, especially if your circumstances have changed or if some information was missing. I will pass your request to a loans specialist who can explain the decision and suggest what may improve your chances next time. If you would like, I can connect you with a human agent right now."
"Hi, when is my next mortgage payment due",LOAN,check_mortgage_payments,"Your mortgage details are available under Loans. There you can view the payment amount, upcoming due dates, the balance still owed and a summary of interest paid. If your payment changes because of a rate change, we will notify you in advance. Feel free to ask if you have any other questions."
"please help me make a transfer of 1,320 usd today. thanks.",TRANSFER,make_transfer,"To make a transfer, log in to the app or net banking and go to Transfers. Add the payee by entering the name, account number and bank code, then confirm the payee with a one-time code. Enter the amount of 1,320 USD, choose the payment method, review the details and confirm. You will get a confirmation message with a reference number."
"good morning, is there a fee if my balance drops below the minimum?",FEES,check_fees,"I can help you understand the charges. Common fees include monthly maintenance, foreign transaction fees, ATM use outside our network and penalties for low balance. Your latest statement shows every fee that has been applied, and customer service can review any fee you believe was charged in error. Let me know if there is anything more I can do for you."
"Urgent: I just received my debit card in the mail, how can I start using it? Please help.",CARD,activate_card,"Absolutely, let me walk you through it. You can activate your card in two easy ways. In the mobile app, go to Cards, pick your card, and tap Activate. If you prefer, call the phone banking number printed on the back of the card and follow the voice prompts. After verification your card will be active within a few minutes. Please reach out again if anything is unclear."
i need help. what are the eligibility criteria for a personal loan? thanks.,LOAN,apply_for_loan,"You can apply for a personal loan online or at a branch. Please keep your identity proof, address proof, recent salary slips or income proof, and bank statements ready. After you submit the application, we check your eligibility and credit history and share an offer with the interest rate and repayment plan. Once you accept, the money is usually credited within a few working days. Please reach out again if anything is unclear."
"hey, please cancel the loan i applied for earlier today. can you help me with this?",LOAN,cancel_loan,"Sure, here is how this works. To cancel a loan application, tell us which application you mean and we will stop the process. Before disbursal there is normally no cost. After disbursal, the loan must be closed by repaying the outstanding amount, and we will give you the exact figure and any applicable charges. Feel free to ask if you have any other questions."
"Hi team, can I get a payment holiday on my loan for a few months?",RETAIL_EXCEPTION,loan_hardship_request,"Thank you for being open about this. We treat hardship requests seriously and with respect. A specialist will contact you to understand your circumstances and explore ways to reduce the pressure, for example a payment break or revised repayment plan. They may ask for proof of the change in your income. Nothing is decided in this chat, but I will raise it as a priority."
"Hello there, please cancel the loan I applied for yesterday. Please help.",LOAN,cancel_loan,"To cancel a loan application, tell us which application you mean and we will stop the process. Before disbursal there is normally no cost. After disbursal, the loan must be closed by repaying the outstanding amount, and we will give you the exact figure and any applicable charges."
"good evening, the atm did not give me the full cash but the money was deducted, i withdrew 658 usd.",ATM,dispute_ATM_withdrawal,"I will help you raise a dispute for the ATM withdrawal of 658 USD. Please go to Disputes in the app, select the transaction and choose ATM Cash Issue, then give the date, time and ATM location if you have them. We will investigate with the ATM operator and most cases are reviewed within a few working days. If the ATM did not dispense the cash, the amount is usually credited back to your account. I am here if you need anything else."
I need help. What are your support hours? Please help.,CONTACT,customer_service,"Sure, here is how this works. There are several ways to contact us. The quickest is the chat option in the app, which is available all day. You can also call the number printed on the back of your card or on our website, or visit any branch during opening hours. Please reach out again if anything is unclear."
"Hello there, I would like to apply for a home loan. Thank you.",LOAN,apply_for_mortgage,"Thanks for reaching out, I can guide you through this. For a mortgage, the first step is to check how much you can borrow using the mortgage calculator in the app. Then submit an application with your identity, income and property details, and we will arrange a valuation of the property. After approval you receive a formal offer, and the funds are released to the seller once the legal formalities are complete. A deposit is usually needed, and the amount depends on the property value and your profile."
"good evening, can you list all the charges for using the atm abroad? thanks.",FEES,check_fees,"Sure, here is how this works. Fees depend on the type of account or service. You can find the full list in the app under Help and then Fees and Charges, including maintenance, ATM, transfer and card fees. If you tell me the specific service you are asking about, I can explain how that fee is calculated and when it applies. If you need any further help, just let me know."
when is my next car loan instalment due? any idea what to do?,LOAN,check_loan_payments,"You can see your repayment details in the app under Loans. Select your car loan to view the instalment amount, the next due date, the number of payments remaining and the total outstanding balance. The full repayment schedule can also be downloaded as a document. If you need any further help, just let me know."
I want to know my outstanding amount on the credit card. Thank you,CARD,check_current_balance_on_card,"Thanks for reaching out, I can guide you through this. To check your balance, log in to net banking or the app and open Cards. The card summary shows your current balance, available credit and the last statement amount. Balances update in near real time, but very recent transactions can take a short while to appear."
"Hi, I am abroad and my platinum credit card stopped working at the shop, please help now.",PAYMENT_EXCEPTION,card_declined_while_travelling,"Sorry about the inconvenience, especially while you are travelling. Please check that international transactions are enabled and that you have not reached your daily limit. Because this is urgent, I recommend calling the emergency line on the back of the card, where an agent can verify you and remove any block. Emergency cash or a replacement card can be arranged if needed."
Quick question: find me a cash machine close to me,FIND,find_ATM,"Absolutely, let me walk you through it. To locate an ATM, open the Locator in the app or on our website and search by city or landmark. Filters help you find machines that offer deposits, cheque drops or extended hours. Please remember that using an ATM outside our network may attract a fee. Please reach out again if anything is unclear."
Urgent: how much do I pay every year to keep my card,CARD,check_card_annual_fee,"Annual fees vary by card, and many cards waive the fee after a certain level of yearly spending. Please check Fees and Charges for your card in the app to see your amount and the anniversary date. If you would like to ask about a waiver, customer service can review your eligibility. Please reach out again if anything is unclear."
"Hello there, I was charged an overdraft fee of 166 dollars even though I had funds. Appreciate the help",RETAIL_EXCEPTION,overdraft_fee_dispute,"Thanks for explaining. To review the fee, we need to see the order in which the deposit and the payments were processed. I will raise a request for the fee to be reviewed, and you will hear back with the outcome. In some cases, especially after a delayed salary, the fee can be waived. You can ask for a human agent at any time and I will arrange it."
I need help. When is my card annual fee charged and can it be waived? Thank you.,CARD,check_card_annual_fee,"Absolutely, let me walk you through it. Annual fees vary by card, and many cards waive the fee after a certain level of yearly spending. Please check Fees and Charges for your card in the app to see your amount and the anniversary date. If you would like to ask about a waiver, customer service can review your eligibility. I am here if you need anything else."
"Good morning, how do I freeze my card temporarily? I cannot find it. I need this sorted today.",CARD,block_card,"I am sorry to hear about this and I want to help sort it out. To protect your money, block the card first. Use the app under Cards and Block, or call the 24 hour phone banking line and ask for an immediate block. Once blocked, please review your recent transactions and tell us about any you do not recognise so we can look into them. I am here if you need anything else."
"Urgent: a free trial with Reliance Digital turned into a monthly charge of EUR 982, help. Thank you.",PAYMENT_EXCEPTION,recurring_payment_unauthorized,"I understand how annoying unwanted charges are. You can stop a recurring payment by going to Cards and Recurring Payments in the app and choosing Stop for Reliance Digital. If the merchant has already taken money you did not agree to, we can raise a dispute for the EUR 982 charges. It also helps to contact the merchant to cancel the subscription so they stop trying to bill you. If you would like, I can connect you with a human agent right now."
"Excuse me, I just received my debit card in the mail, how can I start using it? Appreciate the help",CARD,activate_card,"You can activate your card in two easy ways. In the mobile app, go to Cards, pick your card, and tap Activate. If you prefer, call the phone banking number printed on the back of the card and follow the voice prompts. After verification your card will be active within a few minutes. Feel free to ask if you have any other questions."
"hey, i would like to apply for a home loan. please advise.",LOAN,apply_for_mortgage,"Certainly, I can help with that. For a mortgage, the first step is to check how much you can borrow using the mortgage calculator in the app. Then submit an application with your identity, income and property details, and we will arrange a valuation of the property. After approval you receive a formal offer, and the funds are released to the seller once the legal formalities are complete. A deposit is usually needed, and the amount depends on the property value and your profile. Please reach out again if anything is unclear."
"Excuse me, what are the opening hours of the branch near the university campus? I need this sorted today.",FIND,find_branch,"You can find branches using the Locator in the app or on our website. Search by city or a landmark like the university campus, and you will see the address, opening hours and services available at each branch. Many branches allow you to book an appointment in advance, which reduces waiting time."
"Urgent: my brother died and I am the nominee on his account, what should I do?",RETAIL_EXCEPTION,deceased_account_holder,"My condolences to you and your family. Accounts of a deceased customer are handled by a dedicated team with care. Please share the death certificate and your identification, and they will explain how the balance is released to the nominee or legal heir and how the account is closed. I will connect you with them, so you do not have to repeat yourself. If you would like, I can connect you with a human agent right now."
"Hi, someone may have my card details, how can I block the card immediately? Thanks.",CARD,block_card,"You can block the card immediately in the mobile app. Go to Cards, choose the card and tap Block Card, then pick Lost or Stolen as the reason. The card stops working straight away and any new transactions are declined. We will then help you order a replacement, which usually arrives in a few working days."
tell me about the monthly maintenance fees on my joint account.,FEES,check_fees,"I can help you understand the charges. Common fees include monthly maintenance, foreign transaction fees, ATM use outside our network and penalties for low balance. Your latest statement shows every fee that has been applied, and customer service can review any fee you believe was charged in error. If you need any further help, just let me know."
"Good evening, please cancel my pending transfer of $626. Thank you.",TRANSFER,cancel_transfer,"Sure, here is how this works. Please act quickly. For transfers that have not been processed yet, use Cancel next to the transfer in your pending list. For completed transfers, raise a recall request from the same screen or through customer service, and keep the transaction reference handy. We will update you as soon as we hear back from the other bank."
"hi, please guide me through creating a new account. not sure what to do.",ACCOUNT,create_account,"To start, choose the type of account that suits you, then fill in the application form online. You will need identity and address documents, and you may complete a short video verification. Once approved, your account details arrive by message and email, and your debit card is sent to your address. If you need any further help, just let me know."
Please help: what fees do you charge on my account?,FEES,check_fees,"I can help you understand the charges. Common fees include monthly maintenance, foreign transaction fees, ATM use outside our network and penalties for low balance. Your latest statement shows every fee that has been applied, and customer service can review any fee you believe was charged in error. I am here if you need anything else."
Urgent: how do I apply for a personal loan?,LOAN,apply_for_loan,"Certainly, I can help with that. To apply for a loan, go to Loans in the app and select the type of loan you need. Enter the amount and tenure, upload the required documents and submit. Your eligibility is based on income, existing commitments and credit score, and you will see a decision and an offer once the review is complete. Feel free to ask if you have any other questions."
"hi team, how do i freeze my card temporarily? i cannot find it.",CARD,block_card,"I am sorry to hear about this and I want to help sort it out. To protect your money, block the card first. Use the app under Cards and Block, or call the 24 hour phone banking line and ask for an immediate block. Once blocked, please review your recent transactions and tell us about any you do not recognise so we can look into them."
"Please help: the bank sent a notice about mortgage arrears, please help. Thank you",RETAIL_EXCEPTION,mortgage_arrears_support,"I understand how worrying this is, and I want you to know that help is available. Please do not ignore the notice, because early contact gives us more options such as revising the payment plan, extending the term or a temporary arrangement. I will connect you with our specialist mortgage support team, who can go through the details with you in confidence. It is also worth getting free independent money advice alongside speaking to us. If anything changes in the meantime, please let us know straight away."
What is the process to allow foreign transactions on my card before my trip? Please help.,CARD,activate_card_international_usage,"To use your card overseas, open Card Controls in the app and enable International Usage. It is a good idea to set a travel period and a daily limit. If you cannot use the app, phone banking can turn it on for you after verifying your identity. Feel free to ask if you have any other questions."
"Hey, when is my card annual fee charged and can it be waived? Please help",CARD,check_card_annual_fee,"Annual fees vary by card, and many cards waive the fee after a certain level of yearly spending. Please check Fees and Charges for your card in the app to see your amount and the anniversary date. If you would like to ask about a waiver, customer service can review your eligibility."
i lost my credit card and need to block it right now. thanks.,CARD,block_card,"I apologise for the trouble this has caused, let me help. To protect your money, block the card first. Use the app under Cards and Block, or call the 24 hour phone banking line and ask for an immediate block. Once blocked, please review your recent transactions and tell us about any you do not recognise so we can look into them. I am here if you need anything else."
"Hi team, I lost my platinum credit card and need to block it right now. Any idea what to do",CARD,block_card,"That sounds frustrating, and I will do my best to help you resolve it. You can block the card immediately in the mobile app. Go to Cards, choose the card and tap Block Card, then pick Lost or Stolen as the reason. The card stops working straight away and any new transactions are declined. We will then help you order a replacement, which usually arrives in a few working days. If you need any further help, just let me know."
When is my next mortgage payment due,LOAN,check_mortgage_payments,"Certainly, I can help with that. Your mortgage details are available under Loans. There you can view the payment amount, upcoming due dates, the balance still owed and a summary of interest paid. If your payment changes because of a rate change, we will notify you in advance. If you need any further help, just let me know."
can you help me activate my card? it has not been used yet. appreciate the help.,CARD,activate_card,"You can activate your card in two easy ways. In the mobile app, go to Cards, pick your card, and tap Activate. If you prefer, call the phone banking number printed on the back of the card and follow the voice prompts. After verification your card will be active within a few minutes. Please reach out again if anything is unclear."
"Good morning, do you have ATMs that accept cash deposits nearby?",FIND,find_ATM,"Certainly, I can help with that. To locate an ATM, open the Locator in the app or on our website and search by city or landmark. Filters help you find machines that offer deposits, cheque drops or extended hours. Please remember that using an ATM outside our network may attract a fee."
"hello there, is there a live chat with the bank? i need this sorted today.",CONTACT,customer_service,"You can reach customer service by phone banking, through secure chat in the mobile app, or by email through the Contact Us section. Phone and chat support are available round the clock for urgent matters such as blocking a card, and other requests are handled during business hours. Please keep your customer ID handy so we can help you faster."
"Good evening, how much is my monthly mortgage payment? Any idea what to do?",LOAN,check_mortgage_payments,"Absolutely, let me walk you through it. In the app, open Loans and select your mortgage to see your monthly payment, the next due date, the remaining balance and the split between interest and principal. Statements and a yearly interest certificate can also be downloaded from the documents section."
"Hi, can you list all the charges for using the ATM abroad? Thank you.",FEES,check_fees,"Absolutely, let me walk you through it. I can help you understand the charges. Common fees include monthly maintenance, foreign transaction fees, ATM use outside our network and penalties for low balance. Your latest statement shows every fee that has been applied, and customer service can review any fee you believe was charged in error. Feel free to ask if you have any other questions."
"Urgent: the ATM swallowed my card, what should I do? Please help.",ATM,recover_swallowed_card,"I am sorry that the ATM kept your card. For your safety, I suggest blocking the card right away in the app. We will then arrange either collection from the ATM branch with identification or a replacement card sent to your address, usually within a few working days. Let me know if there is anything more I can do for you."
I need help. I want to cancel my prepaid card permanently. Not sure what to do,CARD,cancel_card,"Sure, here is how this works. To cancel a card, go to Cards in the mobile app, select your prepaid card and choose Cancel Card, or contact customer service. Before we close it, please clear any outstanding balance and cancel recurring payments linked to the card. Once cancelled, the card cannot be used again, and you can request a new one later if you change your mind. I am here if you need anything else."
"Please help: I have a visual impairment and cannot read the statements, what support do you offer? Not sure what to do",RETAIL_EXCEPTION,vulnerable_customer_support,"Thank you for telling us, and please know that we are here to help in a way that works for you. We offer support such as large print or audio statements, assisted banking at branches, a dedicated helpline with priority handling and, in some areas, home visits. If you are worried about a suspicious call, please do not share any codes or personal details, and we will help you check it. I will connect you with our customer care specialists to set up the support you need. If you would like, I can connect you with a human agent right now."
what is the fastest way to send money to someone? i need this sorted today,TRANSFER,make_transfer,"Sure, here is how this works. You can send money in a few steps. Open Transfers, choose Send Money and select an existing payee or add a new one. Type in the amount, check the details carefully because transfers to the wrong account can be hard to reverse, and approve with your security code. Instant methods arrive within minutes, while standard transfers can take up to one working day. Please reach out again if anything is unclear."
Urgent: how do I see my card balance and available limit? Any idea what to do,CARD,check_current_balance_on_card,"To check your balance, log in to net banking or the app and open Cards. The card summary shows your current balance, available credit and the last statement amount. Balances update in near real time, but very recent transactions can take a short while to appear. Please reach out again if anything is unclear."
"hi team, tell me about the monthly maintenance fees on my current account",FEES,check_fees,"I can help you understand the charges. Common fees include monthly maintenance, foreign transaction fees, ATM use outside our network and penalties for low balance. Your latest statement shows every fee that has been applied, and customer service can review any fee you believe was charged in error. Please reach out again if anything is unclear."
"Hi, my international transfer of GBP 585 to New York is on hold and nobody tells me why. Please advise.",PAYMENT_EXCEPTION,international_transfer_compliance_hold,"I understand this is frustrating. International payments can be held for a routine compliance review, which is a regulatory requirement, and we may ask for supporting documents such as an invoice, contract or proof of source of funds. I cannot see the full details of the review in this chat, so I will pass your case to our payments compliance team, who will contact you about what is needed. Providing the documents promptly usually speeds things up. Please keep your reference number safe, and reply here if you need anything else."
I need help. I would like to apply for a home loan. Please advise.,LOAN,apply_for_mortgage,"Applying for a home loan involves a few stages: an initial eligibility check, document submission, property valuation, formal approval and legal completion. A mortgage adviser can guide you at each stage. You can begin by booking a call from the Loans section of the app."
"good morning, please put me through to a customer service representative. please advise.",CONTACT,human_agent,"Certainly, I can arrange for one of our advisors to help you. I am transferring you now, and I will share the details of our conversation so you do not need to repeat yourself. If the queue is long, you can choose to receive a call back instead. Let me know if there is anything more I can do for you."
What fees do you charge on my account? Any idea what to do?,FEES,check_fees,"Fees depend on the type of account or service. You can find the full list in the app under Help and then Fees and Charges, including maintenance, ATM, transfer and card fees. If you tell me the specific service you are asking about, I can explain how that fee is calculated and when it applies. If you need any further help, just let me know."
"Hey, card not working in Bangalore, I tried it two days ago and it failed, I have no other way to pay",PAYMENT_EXCEPTION,card_declined_while_travelling,"Sorry about the inconvenience, especially while you are travelling. Please check that international transactions are enabled and that you have not reached your daily limit. Because this is urgent, I recommend calling the emergency line on the back of the card, where an agent can verify you and remove any block. Emergency cash or a replacement card can be arranged if needed. You can ask for a human agent at any time and I will arrange it."
"I need help. My income has dropped, can you restructure my personal loan? I need this sorted today.",RETAIL_EXCEPTION,loan_hardship_request,"I am sorry you are facing this, and I am glad you reached out early. We have options for customers in financial difficulty, such as a temporary payment holiday, a longer tenure with lower instalments, or restructuring, depending on your situation. I will pass your request to our customer support team, who will review your income and expenses and discuss what is possible. Please try to keep making any payments you can, and avoid ignoring reminders, as talking to us early gives you more choices. Please keep your reference number safe, and reply here if you need anything else."
I need help. I want to cancel my platinum credit card permanently. I need this sorted today.,CARD,cancel_card,"Sure, here is how this works. I can guide you through cancelling your card. First check that there are no pending transactions or unpaid dues. Then submit a cancellation request through the app or by phone banking. You will get a confirmation message once the card is closed. Please reach out again if anything is unclear."
"hello, transfer to delhi flagged, what proof do i need to provide? please advise",PAYMENT_EXCEPTION,international_transfer_compliance_hold,"I understand this is frustrating. International payments can be held for a routine compliance review, which is a regulatory requirement, and we may ask for supporting documents such as an invoice, contract or proof of source of funds. I cannot see the full details of the review in this chat, so I will pass your case to our payments compliance team, who will contact you about what is needed. Providing the documents promptly usually speeds things up. You can ask for a human agent at any time and I will arrange it."
i need help. please explain how to apply for a loan online. can you help me with this?,LOAN,apply_for_loan,"Absolutely, let me walk you through it. To apply for a loan, go to Loans in the app and select the type of loan you need. Enter the amount and tenure, upload the required documents and submit. Your eligibility is based on income, existing commitments and credit score, and you will see a decision and an offer once the review is complete. Feel free to ask if you have any other questions."
"Excuse me, what happens to my mortgage application if I cancel it now? Can you help me with this",LOAN,cancel_mortgage,"Of course, happy to help. I can help you withdraw the mortgage application. Please contact our mortgage team through the app or at a branch and confirm the application reference. If the valuation or legal work has already started, some third party fees might still apply. Once cancelled, you will receive written confirmation."
Urgent: when is my next personal loan instalment due? Thank you.,LOAN,check_loan_payments,"Of course, happy to help. You can see your repayment details in the app under Loans. Select your personal loan to view the instalment amount, the next due date, the number of payments remaining and the total outstanding balance. The full repayment schedule can also be downloaded as a document."
I was charged more than expected because of the exchange rate on my purchase in Paris. Appreciate the help.,PAYMENT_EXCEPTION,currency_conversion_dispute,"I understand the surprise. The debited amount comes from the exchange rate at the time of settlement, plus any conversion charges, and the shop may also offer to charge in your home currency at their own rate. I can flag your transaction for review so a specialist can confirm whether the correct rate was applied. You can ask for a human agent at any time and I will arrange it."
I need help. The bank refused my mortgage even though I have a stable income. Thank you.,RETAIL_EXCEPTION,loan_application_rejected_appeal,"I am sorry that your application was not approved. Decisions are based on factors such as income, existing debts, credit history and the value of the loan requested, and we can share the main reasons with you. You may ask for a review, especially if your circumstances have changed or if some information was missing. I will pass your request to a loans specialist who can explain the decision and suggest what may improve your chances next time. If you would like, I can connect you with a human agent right now."
How do I open a joint account? Not sure what to do.,ACCOUNT,create_account,"Opening a joint account is simple. You can apply online or at a branch by providing a valid photo ID, proof of address and a recent photograph. After we verify your details, the account is created and you will receive your account number and access to the app. Some accounts require a small opening deposit. Please reach out again if anything is unclear."
urgent: can i get a payment holiday on my loan for a few months? appreciate the help.,RETAIL_EXCEPTION,loan_hardship_request,"Thank you for being open about this. We treat hardship requests seriously and with respect. A specialist will contact you to understand your circumstances and explore ways to reduce the pressure, for example a payment break or revised repayment plan. They may ask for proof of the change in your income. Nothing is decided in this chat, but I will raise it as a priority."
"hello there, i need to visit a branch, can you help me find one?",FIND,find_branch,"To find a branch, enter your area or city in the Locator and choose Branches. Each listing shows the address, working hours and the services offered, such as loans or locker facilities. Most branches are open on weekdays and some are open on Saturday mornings. Feel free to ask if you have any other questions."
"Hi team, please tell me the reason my loan was denied.",RETAIL_EXCEPTION,loan_application_rejected_appeal,"I am sorry that your application was not approved. Decisions are based on factors such as income, existing debts, credit history and the value of the loan requested, and we can share the main reasons with you. You may ask for a review, especially if your circumstances have changed or if some information was missing. I will pass your request to a loans specialist who can explain the decision and suggest what may improve your chances next time. If you would like, I can connect you with a human agent right now."
Urgent: how do I send EUR 152 to a friend's account? Please help.,TRANSFER,make_transfer,"Certainly, I can help with that. To make a transfer, log in to the app or net banking and go to Transfers. Add the payee by entering the name, account number and bank code, then confirm the payee with a one-time code. Enter the amount of EUR 152, choose the payment method, review the details and confirm. You will get a confirmation message with a reference number."
"Good evening, I want to close my current account.",ACCOUNT,close_account,"Certainly, I can help with that. I can explain how to close your current account. Please first clear any dues, cancel standing instructions and move the remaining balance to another account. Then submit a closure request through customer service or at a branch with valid identification. Once processed, you will receive written confirmation and the final statement."
"hi, i received an alert for eur 2,820 at netflix while my card was in my wallet. appreciate the help",PAYMENT_EXCEPTION,card_fraud_unauthorized_transaction,"I am very sorry this has happened, and I will treat it as urgent. First, block your card in the app so no further charges can be made. Then please tell us which transactions you do not recognise, including the EUR 2,820 at Netflix, so we can raise a fraud claim. Our fraud team will investigate, may issue a replacement card, and will contact you with updates. Please do not share any codes or card details with anyone claiming to be from the bank. If anything changes in the meantime, please let us know straight away."
"hello, how do i set up a password for net banking? i need this sorted today.",PASSWORD,set_up_password,"Sure, here is how this works. New customers can create a password using the First Time Login option. Enter your customer ID, verify with a one-time code, then choose a password that meets the rules shown on screen. Please do not share it with anyone, including bank staff. Please reach out again if anything is unclear."
"Good morning, what are the rules for choosing a password?",PASSWORD,set_up_password,"Certainly, I can help with that. To set up or change your password, log in and go to Settings and then Security. Choose Change Password, enter your current password, and type the new one twice. A strong password uses at least eight characters with a mix of letters, numbers and symbols, and should not include your name or birth date. If you need any further help, just let me know."
"Hello there, I lost my prepaid card and need to block it right now.",CARD,block_card,"You can block the card immediately in the mobile app. Go to Cards, choose the card and tap Block Card, then pick Lost or Stolen as the reason. The card stops working straight away and any new transactions are declined. We will then help you order a replacement, which usually arrives in a few working days. Let me know if there is anything more I can do for you."
"Hi team, help, the cash machine did not return my card. Thank you.",ATM,recover_swallowed_card,"I am sorry that the ATM kept your card. For your safety, I suggest blocking the card right away in the app. We will then arrange either collection from the ATM branch with identification or a replacement card sent to your address, usually within a few working days."
Please help: I missed 7 instalments and I am afraid of penalties. Thanks.,RETAIL_EXCEPTION,loan_hardship_request,"Thank you for being open about this. We treat hardship requests seriously and with respect. A specialist will contact you to understand your circumstances and explore ways to reduce the pressure, for example a payment break or revised repayment plan. They may ask for proof of the change in your income. Nothing is decided in this chat, but I will raise it as a priority. If you would like, I can connect you with a human agent right now."
"Good evening, I lost my job and cannot pay my student loan instalments. Not sure what to do",RETAIL_EXCEPTION,loan_hardship_request,"Thank you for being open about this. We treat hardship requests seriously and with respect. A specialist will contact you to understand your circumstances and explore ways to reduce the pressure, for example a payment break or revised repayment plan. They may ask for proof of the change in your income. Nothing is decided in this chat, but I will raise it as a priority. If anything changes in the meantime, please let us know straight away."
"Good morning, I want to cancel my mortgage application.",LOAN,cancel_mortgage,"To cancel a mortgage application, send a withdrawal request with your application reference. Any costs already incurred for valuation or legal checks may not be refundable. We will confirm the cancellation in writing and close the file."
"Hello there, how do I shut down my account permanently? Please help.",ACCOUNT,close_account,"Certainly, I can help with that. To close the account, make sure there are no pending transactions, linked cards or loans. Request closure through the app under Account Services or visit a branch. We will transfer any remaining balance to the account you nominate and confirm once the account is closed. If you need any further help, just let me know."
"Hello there, how much do I still owe on my loan? Any idea what to do?",LOAN,check_loan_payments,"To check your loan payments, log in and open Loans, then choose the loan. You will see what you have paid so far, what is left, and the next due date. If you would like to pay extra to reduce the balance, there is an option to make a part payment on the same screen. Let me know if there is anything more I can do for you."
"Good evening, I want to talk to a real person. Please help.",CONTACT,human_agent,"Of course. I will connect you with a human agent now. Please stay in this chat, and it helps if you briefly describe your issue so the agent can pick up straight away. Waiting times can vary, and if it is not urgent you can also request a call back at a time that suits you."
Urgent: please enable international transactions on my card ending 0034.,CARD,activate_card_international_usage,"Absolutely, let me walk you through it. To use your card overseas, open Card Controls in the app and enable International Usage. It is a good idea to set a travel period and a daily limit. If you cannot use the app, phone banking can turn it on for you after verifying your identity. Please reach out again if anything is unclear."
I need help. I want to know my outstanding amount on the credit card. Thanks.,CARD,check_current_balance_on_card,"Absolutely, let me walk you through it. To check your balance, log in to net banking or the app and open Cards. The card summary shows your current balance, available credit and the last statement amount. Balances update in near real time, but very recent transactions can take a short while to appear. If you need any further help, just let me know."
"Hello there, how can I add a new payee and transfer funds? Please help.",TRANSFER,make_transfer,"You can send money in a few steps. Open Transfers, choose Send Money and select an existing payee or add a new one. Type in the amount, check the details carefully because transfers to the wrong account can be hard to reverse, and approve with your security code. Instant methods arrive within minutes, while standard transfers can take up to one working day. I am here if you need anything else."
"good evening, how can i check how much credit i have left on my card? appreciate the help.",CARD,check_current_balance_on_card,"To check your balance, log in to net banking or the app and open Cards. The card summary shows your current balance, available credit and the last statement amount. Balances update in near real time, but very recent transactions can take a short while to appear."
Pls help: what happens to my mortgage application if I cancel it now? I need this sorted today.,LOAN,cancel_mortgage,"To cancel a mortgage application, send a withdrawal request with your application reference. Any costs already incurred for valuation or legal checks may not be refundable. We will confirm the cancellation in writing and close the file. Feel free to ask if you have any other questions."
"Hey, I ordered from MakeMyTrip last week, the item is not what was shown, can I dispute the charge",PAYMENT_EXCEPTION,chargeback_request,Thank you for the details. A card dispute can be raised for items not received or not as described. We will need your order confirmation and any communication with the seller. Our disputes team will assess the claim and let you know whether the amount can be recovered.
"Hello, how much is the fee for an international transfer",FEES,check_fees,"Sure, here is how this works. I can help you understand the charges. Common fees include monthly maintenance, foreign transaction fees, ATM use outside our network and penalties for low balance. Your latest statement shows every fee that has been applied, and customer service can review any fee you believe was charged in error. Please reach out again if anything is unclear."
"Good evening, how much do I still owe on my loan? Can you help me with this?",LOAN,check_loan_payments,"Thanks for reaching out, I can guide you through this. To check your loan payments, log in and open Loans, then choose the loan. You will see what you have paid so far, what is left, and the next due date. If you would like to pay extra to reduce the balance, there is an option to make a part payment on the same screen. Feel free to ask if you have any other questions."
"Quick question: the seller is not responding and I want my GBP 2,290 back through my card. Appreciate the help",PAYMENT_EXCEPTION,chargeback_request,Thank you for the details. A card dispute can be raised for items not received or not as described. We will need your order confirmation and any communication with the seller. Our disputes team will assess the claim and let you know whether the amount can be recovered.
Urgent: I want to cancel my student loan application. Not sure what to do.,LOAN,cancel_loan,"Thanks for reaching out, I can guide you through this. To cancel a loan application, tell us which application you mean and we will stop the process. Before disbursal there is normally no cost. After disbursal, the loan must be closed by repaying the outstanding amount, and we will give you the exact figure and any applicable charges. Feel free to ask if you have any other questions."
"Hey, where do I activate the travel card I got this morning?",CARD,activate_card,"Certainly, I can help with that. First, open the mobile app or net banking and go to the Cards section. Then select your travel card and choose Activate Card. You will receive a one-time code on your registered mobile number, so enter it to confirm. Once that is done, the card is active and ready to use straight away. Please reach out again if anything is unclear."
Urgent: how do I freeze my card temporarily? I cant find it. Appreciate the help.,CARD,block_card,"I understand how stressful this must be, and I am here to help. To protect your money, block the card first. Use the app under Cards and Block, or call the 24 hour phone banking line and ask for an immediate block. Once blocked, please review your recent transactions and tell us about any you do not recognise so we can look into them."
"Quick question: I want to reverse the payment I just made, is that possible",TRANSFER,cancel_transfer,"Of course, happy to help. Please act quickly. For transfers that have not been processed yet, use Cancel next to the transfer in your pending list. For completed transfers, raise a recall request from the same screen or through customer service, and keep the transaction reference handy. We will update you as soon as we hear back from the other bank. Please reach out again if anything is unclear."
"hi team, the atm swallowed my card, what should i do? can you help me with this?",ATM,recover_swallowed_card,"I am sorry that the ATM kept your card. For your safety, I suggest blocking the card right away in the app. We will then arrange either collection from the ATM branch with identification or a replacement card sent to your address, usually within a few working days. If you need any further help, just let me know."
"Hi, I have a power of attorney document, how do I register it with the bank? Appreciate the help.",RETAIL_EXCEPTION,power_of_attorney_request,"I am sorry to hear that. Managing another person's account requires a valid legal authority, such as a registered power of attorney, and we need to verify it before giving access. Please prepare the original or certified copy of the document, your identification and the account holder details. A specialist will check the paperwork and explain what your authority allows, and I will arrange for them to contact you. We will keep you updated by message until this is resolved."
Quick question: I want to cancel my business loan application. Please advise,LOAN,cancel_loan,"If your business loan has not been disbursed yet, you can cancel the request through customer service or from Loans in the app by selecting your application and choosing Withdraw. If the money has already been credited, you will need to repay it, and we can share the foreclosure amount with you. Please note that some fees may apply after disbursal. I am here if you need anything else."
"Hi, the ATM did not give me the full cash but the money was deducted, I withdrew 964 USD. Can you help me with this?",ATM,dispute_ATM_withdrawal,"I will help you raise a dispute for the ATM withdrawal of 964 USD. Please go to Disputes in the app, select the transaction and choose ATM Cash Issue, then give the date, time and ATM location if you have them. We will investigate with the ATM operator and most cases are reviewed within a few working days. If the ATM did not dispense the cash, the amount is usually credited back to your account. I am here if you need anything else."
"hello there, how do i shut down my account permanently? thanks.",ACCOUNT,close_account,"To close the account, make sure there are no pending transactions, linked cards or loans. Request closure through the app under Account Services or visit a branch. We will transfer any remaining balance to the account you nominate and confirm once the account is closed. Please reach out again if anything is unclear."
"Good morning, what is the outstanding balance on my home loan?",LOAN,check_loan_payments,"Of course, happy to help. You can see your repayment details in the app under Loans. Select your home loan to view the instalment amount, the next due date, the number of payments remaining and the total outstanding balance. The full repayment schedule can also be downloaded as a document. Feel free to ask if you have any other questions."
urgent: how do i withdraw my loan request? i need this sorted today,LOAN,cancel_loan,"Absolutely, let me walk you through it. To cancel a loan application, tell us which application you mean and we will stop the process. Before disbursal there is normally no cost. After disbursal, the loan must be closed by repaying the outstanding amount, and we will give you the exact figure and any applicable charges. Let me know if there is anything more I can do for you."
Quick question: I want to cancel my mortgage application. Please help.,LOAN,cancel_mortgage,"Absolutely, let me walk you through it. To cancel a mortgage application, send a withdrawal request with your application reference. Any costs already incurred for valuation or legal checks may not be refundable. We will confirm the cancellation in writing and close the file. I am here if you need anything else."
"Hello there, I want to cancel my credit card permanently.",CARD,cancel_card,I can guide you through cancelling your card. First check that there are no pending transactions or unpaid dues. Then submit a cancellation request through the app or by phone banking. You will get a confirmation message once the card is closed. Let me know if there is anything more I can do for you.
"Hi, how do I apply for a personal loan? Thank you.",LOAN,apply_for_loan,"Sure, here is how this works. To apply for a loan, go to Loans in the app and select the type of loan you need. Enter the amount and tenure, upload the required documents and submit. Your eligibility is based on income, existing commitments and credit score, and you will see a decision and an offer once the review is complete. Please reach out again if anything is unclear."
"Urgent: I need to speak to support about my account, how do I reach you? Thank you",CONTACT,customer_service,"You can reach customer service by phone banking, through secure chat in the mobile app, or by email through the Contact Us section. Phone and chat support are available round the clock for urgent matters such as blocking a card, and other requests are handled during business hours. Please keep your customer ID handy so we can help you faster. I am here if you need anything else."
Please help: I want to cancel my mortgage application. Not sure what to do.,LOAN,cancel_mortgage,"To cancel a mortgage application, send a withdrawal request with your application reference. Any costs already incurred for valuation or legal checks may not be refundable. We will confirm the cancellation in writing and close the file. Please reach out again if anything is unclear."
"Hello there, suspicious login on my account from another country, please secure it. Any idea what to do",RETAIL_EXCEPTION,identity_theft_account_takeover,"Thank you for flagging this quickly. Access to your online banking will be locked while we investigate. Our security team will verify your identity through a secure process, review recent changes and transactions, and help reset your details. Please tell us about any transaction you did not make, so it can be investigated. If anything changes in the meantime, please let us know straight away."
"Excuse me, I sent 1,880 dollars to the wrong person, can I cancel the transfer? Appreciate the help",TRANSFER,cancel_transfer,"Sure, here is how this works. If the transfer of 1,880 dollars is still pending or scheduled, you can cancel it in the app. Go to Transfers, open Pending or Scheduled, select the transfer and tap Cancel. If it has already been completed, it cannot be cancelled directly, but you can raise a request and we will contact the receiving bank to ask for the money back. Success depends on the receiving bank and the account holder agreeing to return it. If you need any further help, just let me know."
"I need help. MakeMyTrip keeps charging me INR 1,600 every month and I never subscribed. Please advise",PAYMENT_EXCEPTION,recurring_payment_unauthorized,"I understand how annoying unwanted charges are. You can stop a recurring payment by going to Cards and Recurring Payments in the app and choosing Stop for MakeMyTrip. If the merchant has already taken money you did not agree to, we can raise a dispute for the INR 1,600 charges. It also helps to contact the merchant to cancel the subscription so they stop trying to bill you. You can ask for a human agent at any time and I will arrange it."
"Hi, what is the outstanding balance on my student loan? Thank you.",LOAN,check_loan_payments,"You can see your repayment details in the app under Loans. Select your student loan to view the instalment amount, the next due date, the number of payments remaining and the total outstanding balance. The full repayment schedule can also be downloaded as a document. I am here if you need anything else."
"good evening, where can i download my statement for the last 7 days? not sure what to do.",ACCOUNT,check_recent_transactions,"To review your recent activity, log in and choose the account, then select Recent Transactions. Pending items are shown separately from completed ones. If something looks unfamiliar, tap it to see the details and report it directly from that screen. If you need any further help, just let me know."
"Quick question: I want to dispute an ATM withdrawal of $1,390 from last Friday",ATM,dispute_ATM_withdrawal,"I will help you raise a dispute for the ATM withdrawal of $1,390. Please go to Disputes in the app, select the transaction and choose ATM Cash Issue, then give the date, time and ATM location if you have them. We will investigate with the ATM operator and most cases are reviewed within a few working days. If the ATM did not dispense the cash, the amount is usually credited back to your account."
"Hello there, please help me recover my login details. Thank you.",PASSWORD,get_password,"I am sorry you are locked out. On the login page, tap Forgot Password and enter your customer ID. We will send a one-time code to your registered mobile number, and after you enter it you can choose a new password. For security reasons we can never tell you your old password. Feel free to ask if you have any other questions."
"excuse me, can i cancel my loan after it was approved but before receiving the money? any idea what to do?",LOAN,cancel_loan,"To cancel a loan application, tell us which application you mean and we will stop the process. Before disbursal there is normally no cost. After disbursal, the loan must be closed by repaying the outstanding amount, and we will give you the exact figure and any applicable charges."
"Hey, pls enable international transactions on my card ending 8567.",CARD,activate_card_international_usage,"To use your card overseas, open Card Controls in the app and enable International Usage. It is a good idea to set a travel period and a daily limit. If you cannot use the app, phone banking can turn it on for you after verifying your identity. Let me know if there is anything more I can do for you."
"Excuse me, my card went missing last month, block it asap. Thank you",CARD,block_card,"I apologise for the trouble this has caused, let me help. You can block the card immediately in the mobile app. Go to Cards, choose the card and tap Block Card, then pick Lost or Stolen as the reason. The card stops working straight away and any new transactions are declined. We will then help you order a replacement, which usually arrives in a few working days. I am here if you need anything else."
Urgent: I am going to London soon. Can you turn on international usage for my card? Not sure what to do.,CARD,activate_card_international_usage,"To use your card overseas, open Card Controls in the app and enable International Usage. It is a good idea to set a travel period and a daily limit. If you cannot use the app, phone banking can turn it on for you after verifying your identity. Feel free to ask if you have any other questions."
Urgent: how do I set up a password for net banking,PASSWORD,set_up_password,"Absolutely, let me walk you through it. To set up or change your password, log in and go to Settings and then Security. Choose Change Password, enter your current password, and type the new one twice. A strong password uses at least eight characters with a mix of letters, numbers and symbols, and should not include your name or birth date. Feel free to ask if you have any other questions."
"Hi team, can you explain the steps for a home loan application? Thank you.",LOAN,apply_for_mortgage,"Applying for a home loan involves a few stages: an initial eligibility check, document submission, property valuation, formal approval and legal completion. A mortgage adviser can guide you at each stage. You can begin by booking a call from the Loans section of the app."
"excuse me, how can i close my credit card? i no longer use it. can you help me with this?",CARD,cancel_card,I can guide you through cancelling your card. First check that there are no pending transactions or unpaid dues. Then submit a cancellation request through the app or by phone banking. You will get a confirmation message once the card is closed.
quick question: please cancel the card ending 8084. any idea what to do?,CARD,cancel_card,"Thanks for reaching out, I can guide you through this. I can guide you through cancelling your card. First check that there are no pending transactions or unpaid dues. Then submit a cancellation request through the app or by phone banking. You will get a confirmation message once the card is closed. Please reach out again if anything is unclear."
Urgent: I am a new customer and want to create my login.,PASSWORD,set_up_password,"Sure, here is how this works. New customers can create a password using the First Time Login option. Enter your customer ID, verify with a one-time code, then choose a password that meets the rules shown on screen. Please do not share it with anyone, including bank staff. I am here if you need anything else."
Urgent: my travel card ending 1059 arrived today. What are the steps to activate it? Please advise.,CARD,activate_card,"Certainly, I can help with that. You can activate your card in two easy ways. In the mobile app, go to Cards, pick your card, and tap Activate. If you prefer, call the phone banking number printed on the back of the card and follow the voice prompts. After verification your card will be active within a few minutes. Please reach out again if anything is unclear."
"Hello, urgent: $10,910 payment held for security, pls release it.",PAYMENT_EXCEPTION,large_transaction_blocked,"I understand the urgency. Large payments can be blocked because they go over your daily limit or because our security systems flagged them for extra checks. I cannot release a held payment from this chat, but I can help you confirm it is genuine. Please approve any alert on your app, or I can connect you to a specialist who will verify you and, where possible, release the payment or raise your limit temporarily."
"Hi team, pls help me close the account, I am moving abroad. Please advise.",ACCOUNT,close_account,"Thanks for reaching out, I can guide you through this. To close the account, make sure there are no pending transactions, linked cards or loans. Request closure through the app under Account Services or visit a branch. We will transfer any remaining balance to the account you nominate and confirm once the account is closed. Please reach out again if anything is unclear."
quick question: i would like to apply for a home loan. i need this sorted today.,LOAN,apply_for_mortgage,"Applying for a home loan involves a few stages: an initial eligibility check, document submission, property valuation, formal approval and legal completion. A mortgage adviser can guide you at each stage. You can begin by booking a call from the Loans section of the app. Let me know if there is anything more I can do for you."
"Good evening, can I see my loan repayment schedule?",LOAN,check_loan_payments,"To check your loan payments, log in and open Loans, then choose the loan. You will see what you have paid so far, what is left, and the next due date. If you would like to pay extra to reduce the balance, there is an option to make a part payment on the same screen."
What are the rules for choosing a password? I need this sorted today,PASSWORD,set_up_password,"To set up or change your password, log in and go to Settings and then Security. Choose Change Password, enter your current password, and type the new one twice. A strong password uses at least eight characters with a mix of letters, numbers and symbols, and should not include your name or birth date. Feel free to ask if you have any other questions."
"hi team, i cannot log in to net banking, i do not remember my password.",PASSWORD,get_password,"I am sorry you are locked out. On the login page, tap Forgot Password and enter your customer ID. We will send a one-time code to your registered mobile number, and after you enter it you can choose a new password. For security reasons we can never tell you your old password."
"Hello, I need to visit a branch, can you help me find one",FIND,find_branch,"To find a branch, enter your area or city in the Locator and choose Branches. Each listing shows the address, working hours and the services offered, such as loans or locker facilities. Most branches are open on weekdays and some are open on Saturday mornings. If you need any further help, just let me know."
"Hello there, what are your support hours? I need this sorted today.",CONTACT,customer_service,"You can reach customer service by phone banking, through secure chat in the mobile app, or by email through the Contact Us section. Phone and chat support are available round the clock for urgent matters such as blocking a card, and other requests are handled during business hours. Please keep your customer ID handy so we can help you faster. Let me know if there is anything more I can do for you."
"good evening, i want to know how many payments are left on my loan. appreciate the help.",LOAN,check_loan_payments,"To check your loan payments, log in and open Loans, then choose the loan. You will see what you have paid so far, what is left, and the next due date. If you would like to pay extra to reduce the balance, there is an option to make a part payment on the same screen. Feel free to ask if you have any other questions."
"hello, double debit on my card for flipkart, please fix. please help.",PAYMENT_EXCEPTION,duplicate_charge,"Thanks for letting us know. Please keep proof of your purchase and, if possible, the merchant receipt. We will open a dispute for the duplicate payment, and a specialist will review it with the merchant. Refunds usually take several working days once the duplicate is confirmed. We will keep you updated by message until this is resolved."
"Hey, I think I paid the wrong person INR 2,980 and I am panicking. Please help",PAYMENT_EXCEPTION,transfer_wrong_account,"I am sorry this happened. Please raise a wrong transfer request in the app or with customer service right away with the payment reference. We will ask the receiving bank to hold and return the funds, but they need the account holder consent, so the timing can vary. A specialist will follow up with you. If anything changes in the meantime, please let us know straight away."
"hi, i would like to apply for a home loan",LOAN,apply_for_mortgage,"Applying for a home loan involves a few stages: an initial eligibility check, document submission, property valuation, formal approval and legal completion. A mortgage adviser can guide you at each stage. You can begin by booking a call from the Loans section of the app."
"excuse me, returned the item to google play and still no money back. any idea what to do?",PAYMENT_EXCEPTION,refund_not_received,"I am sorry for the wait. Refunds from merchants usually take between five and ten working days to appear, depending on the merchant and the card network. Please ask Google Play for the refund reference number or acquirer reference number, which lets us trace it. Once you share it, we can check whether the credit was received and, if not, raise an enquiry with the merchant bank."
"Hi, how do I see my card balance and available limit? Any idea what to do?",CARD,check_current_balance_on_card,"To check your balance, log in to net banking or the app and open Cards. The card summary shows your current balance, available credit and the last statement amount. Balances update in near real time, but very recent transactions can take a short while to appear. If you need any further help, just let me know."
"Hi, I want to cancel my car loan application. Please help.",LOAN,cancel_loan,"If your car loan has not been disbursed yet, you can cancel the request through customer service or from Loans in the app by selecting your application and choosing Withdraw. If the money has already been credited, you will need to repay it, and we can share the foreclosure amount with you. Please note that some fees may apply after disbursal. Let me know if there is anything more I can do for you."
"Hi team, someone may have my card details, how can I block the card immediately? Can you help me with this?",CARD,block_card,"I am sorry to hear about this and I want to help sort it out. To protect your money, block the card first. Use the app under Cards and Block, or call the 24 hour phone banking line and ask for an immediate block. Once blocked, please review your recent transactions and tell us about any you do not recognise so we can look into them."
"hello, what fees do you charge on my account? please advise.",FEES,check_fees,"I can help you understand the charges. Common fees include monthly maintenance, foreign transaction fees, ATM use outside our network and penalties for low balance. Your latest statement shows every fee that has been applied, and customer service can review any fee you believe was charged in error. Please reach out again if anything is unclear."
Could you tell me the yearly charges on the card ending 1481?,CARD,check_card_annual_fee,"Of course, happy to help. Annual fees vary by card, and many cards waive the fee after a certain level of yearly spending. Please check Fees and Charges for your card in the app to see your amount and the anniversary date. If you would like to ask about a waiver, customer service can review your eligibility. Let me know if there is anything more I can do for you."
I lost my credit card and need to block it right now.,CARD,block_card,"I understand how stressful this must be, and I am here to help. You can block the card immediately in the mobile app. Go to Cards, choose the card and tap Block Card, then pick Lost or Stolen as the reason. The card stops working straight away and any new transactions are declined. We will then help you order a replacement, which usually arrives in a few working days."
Please help: how much do I still owe on my loan? Not sure what to do,LOAN,check_loan_payments,"To check your loan payments, log in and open Loans, then choose the loan. You will see what you have paid so far, what is left, and the next due date. If you would like to pay extra to reduce the balance, there is an option to make a part payment on the same screen."
"hello, how do i see my card balance and available limit? not sure what to do.",CARD,check_current_balance_on_card,"To check your balance, log in to net banking or the app and open Cards. The card summary shows your current balance, available credit and the last statement amount. Balances update in near real time, but very recent transactions can take a short while to appear. Feel free to ask if you have any other questions."
"Hello there, tell me about the monthly maintenance fees on my current account. Not sure what to do.",FEES,check_fees,"Sure, here is how this works. Fees depend on the type of account or service. You can find the full list in the app under Help and then Fees and Charges, including maintenance, ATM, transfer and card fees. If you tell me the specific service you are asking about, I can explain how that fee is calculated and when it applies. I am here if you need anything else."
please explain how to apply for a loan online. i need this sorted today.,LOAN,apply_for_loan,"To apply for a loan, go to Loans in the app and select the type of loan you need. Enter the amount and tenure, upload the required documents and submit. Your eligibility is based on income, existing commitments and credit score, and you will see a decision and an offer once the review is complete. Let me know if there is anything more I can do for you."
"Good evening, I want to talk to a real person. I need this sorted today",CONTACT,human_agent,"Certainly, I can arrange for one of our advisors to help you. I am transferring you now, and I will share the details of our conversation so you do not need to repeat yourself. If the queue is long, you can choose to receive a call back instead."
"hello, how can i withdraw my home loan request? appreciate the help",LOAN,cancel_mortgage,"To cancel a mortgage application, send a withdrawal request with your application reference. Any costs already incurred for valuation or legal checks may not be refundable. We will confirm the cancellation in writing and close the file. Please reach out again if anything is unclear."
"I want to apply for a car loan of $359,450. Appreciate the help.",LOAN,apply_for_loan,"Sure, here is how this works. To apply for a loan, go to Loans in the app and select the type of loan you need. Enter the amount and tenure, upload the required documents and submit. Your eligibility is based on income, existing commitments and credit score, and you will see a decision and an offer once the review is complete. I am here if you need anything else."
"Good morning, I am abroad and my travel card stopped working at the shop, please help now. Not sure what to do",PAYMENT_EXCEPTION,card_declined_while_travelling,"I am sorry you are stuck, and I will help as quickly as possible. Cards are sometimes declined abroad because international usage is off, a limit has been reached, or a security check was triggered. Please open the app and check Card Controls for your travel card, and approve any security alert you received. If it still fails, I can connect you to our 24 hour support line so an agent can unblock the card or arrange emergency cash. If you would like, I can connect you with a human agent right now."
i need help. i want to talk to a real person. please advise.,CONTACT,human_agent,"Certainly, I can arrange for one of our advisors to help you. I am transferring you now, and I will share the details of our conversation so you do not need to repeat yourself. If the queue is long, you can choose to receive a call back instead."
Please cancel the loan I applied for three days ago. Not sure what to do,LOAN,cancel_loan,"Sure, here is how this works. To cancel a loan application, tell us which application you mean and we will stop the process. Before disbursal there is normally no cost. After disbursal, the loan must be closed by repaying the outstanding amount, and we will give you the exact figure and any applicable charges."
"Urgent: I have complained three times and nobody has solved my problem, I want to escalate. Thanks.",RETAIL_EXCEPTION,formal_complaint_escalation,"I am sorry that your issue has not been resolved, and you have every right to escalate. I can register a formal complaint now, which will be given a reference number and reviewed by our complaints team, who will respond in writing within the time required. If you are not satisfied with the final response, you can take the matter to the external financial ombudsman. It helps if you share the dates and details of your previous contacts. If anything changes in the meantime, please let us know straight away."
"Hello there, how much do I still owe on my loan?",LOAN,check_loan_payments,"Thanks for reaching out, I can guide you through this. To check your loan payments, log in and open Loans, then choose the loan. You will see what you have paid so far, what is left, and the next due date. If you would like to pay extra to reduce the balance, there is an option to make a part payment on the same screen. Let me know if there is anything more I can do for you."
"Hello there, I want to know my outstanding amount on the credit card. Pls help.",CARD,check_current_balance_on_card,"To check your balance, log in to net banking or the app and open Cards. The card summary shows your current balance, available credit and the last statement amount. Balances update in near real time, but very recent transactions can take a short while to appear."
"Hi, what do I need to do before closing my current account? I need this sorted today.",ACCOUNT,close_account,"I can explain how to close your current account. Please first clear any dues, cancel standing instructions and move the remaining balance to another account. Then submit a closure request through customer service or at a branch with valid identification. Once processed, you will receive written confirmation and the final statement. I am here if you need anything else."
i need help. how can i appeal a declined student loan? not sure what to do.,RETAIL_EXCEPTION,loan_application_rejected_appeal,"I am sorry that your application was not approved. Decisions are based on factors such as income, existing debts, credit history and the value of the loan requested, and we can share the main reasons with you. You may ask for a review, especially if your circumstances have changed or if some information was missing. I will pass your request to a loans specialist who can explain the decision and suggest what may improve your chances next time."
"Good evening, where is the nearest ATM?",FIND,find_ATM,"To locate an ATM, open the Locator in the app or on our website and search by city or landmark. Filters help you find machines that offer deposits, cheque drops or extended hours. Please remember that using an ATM outside our network may attract a fee."
"Hello, my travel card ending 0410 arrived today. What are the steps to activate it? Thanks.",CARD,activate_card,"Certainly, I can help with that. You can activate your card in two easy ways. In the mobile app, go to Cards, pick your card, and tap Activate. If you prefer, call the phone banking number printed on the back of the card and follow the voice prompts. After verification your card will be active within a few minutes. Please reach out again if anything is unclear."
How do I view what I spent this week? Thank you.,ACCOUNT,check_recent_transactions,"Absolutely, let me walk you through it. To review your recent activity, log in and choose the account, then select Recent Transactions. Pending items are shown separately from completed ones. If something looks unfamiliar, tap it to see the details and report it directly from that screen."
Please help: how do I shut down my account permanently? Any idea what to do?,ACCOUNT,close_account,"To close the account, make sure there are no pending transactions, linked cards or loans. Request closure through the app under Account Services or visit a branch. We will transfer any remaining balance to the account you nominate and confirm once the account is closed."
"Good evening, my wallet with my credit card was stolen in London, what do I do? Any idea what to do?",PAYMENT_EXCEPTION,lost_card_abroad_emergency,"I am sorry to hear that, and please make sure you are safe first. Block your cards immediately in the app, or call our 24 hour emergency line if you cannot log in. We can arrange an emergency replacement card or emergency cash in London, and our agent will verify your identity and guide you on the fastest option. I suggest reporting the theft to the local police as well, since some claims need a report. We will keep you updated by message until this is resolved."
"Good evening, please cancel the card ending 7602. Appreciate the help.",CARD,cancel_card,"Thanks for reaching out, I can guide you through this. I can guide you through cancelling your card. First check that there are no pending transactions or unpaid dues. Then submit a cancellation request through the app or by phone banking. You will get a confirmation message once the card is closed. I am here if you need anything else."
"hello there, i lost my job and cannot pay my student loan instalments. please advise.",RETAIL_EXCEPTION,loan_hardship_request,"Thank you for being open about this. We treat hardship requests seriously and with respect. A specialist will contact you to understand your circumstances and explore ways to reduce the pressure, for example a payment break or revised repayment plan. They may ask for proof of the change in your income. Nothing is decided in this chat, but I will raise it as a priority. If anything changes in the meantime, please let us know straight away."
"Good evening, my platinum credit card does not work outside the country, how do I switch on overseas payments?",CARD,activate_card_international_usage,"International usage can be switched on from the mobile app. Go to Cards, select your platinum credit card, open Card Controls and turn on International Transactions. You can also set the dates of your trip and a spending limit for extra safety. Changes usually take effect within a few minutes, so please do it before you leave. If you need any further help, just let me know."
"Hey, what is the annual fee for my prepaid card? Can you help me with this",CARD,check_card_annual_fee,"Annual fees vary by card, and many cards waive the fee after a certain level of yearly spending. Please check Fees and Charges for your card in the app to see your amount and the anniversary date. If you would like to ask about a waiver, customer service can review your eligibility. Feel free to ask if you have any other questions."
"We are buying our first home and need a mortgage, where do we start? Can you help me with this?",LOAN,apply_for_mortgage,"Sure, here is how this works. Applying for a home loan involves a few stages: an initial eligibility check, document submission, property valuation, formal approval and legal completion. A mortgage adviser can guide you at each stage. You can begin by booking a call from the Loans section of the app. I am here if you need anything else."
"Good morning, I need to transfer money to another bank, what are the steps? Thanks",TRANSFER,make_transfer,"You can send money in a few steps. Open Transfers, choose Send Money and select an existing payee or add a new one. Type in the amount, check the details carefully because transfers to the wrong account can be hard to reverse, and approve with your security code. Instant methods arrive within minutes, while standard transfers can take up to one working day. I am here if you need anything else."
"I need help. I sent $1,560 to the wrong person, can I cancel the transfer? Thank you",TRANSFER,cancel_transfer,"If the transfer of $1,560 is still pending or scheduled, you can cancel it in the app. Go to Transfers, open Pending or Scheduled, select the transfer and tap Cancel. If it has already been completed, it cannot be cancelled directly, but you can raise a request and we will contact the receiving bank to ask for the money back. Success depends on the receiving bank and the account holder agreeing to return it."
"urgent: i want to reverse the payment i just made, is that possible? i need this sorted today",TRANSFER,cancel_transfer,"Please act quickly. For transfers that have not been processed yet, use Cancel next to the transfer in your pending list. For completed transfers, raise a recall request from the same screen or through customer service, and keep the transaction reference handy. We will update you as soon as we hear back from the other bank."
"hello there, what do i need to do before closing my current account? i need this sorted today.",ACCOUNT,close_account,"I can explain how to close your current account. Please first clear any dues, cancel standing instructions and move the remaining balance to another account. Then submit a closure request through customer service or at a branch with valid identification. Once processed, you will receive written confirmation and the final statement. Let me know if there is anything more I can do for you."
"Excuse me, I want to close my student account.",ACCOUNT,close_account,"I can explain how to close your student account. Please first clear any dues, cancel standing instructions and move the remaining balance to another account. Then submit a closure request through customer service or at a branch with valid identification. Once processed, you will receive written confirmation and the final statement."
"please help: i would like to stop my card, it has an annual fee i do not want to pay. any idea what to do?",CARD,cancel_card,"Sure, here is how this works. I can guide you through cancelling your card. First check that there are no pending transactions or unpaid dues. Then submit a cancellation request through the app or by phone banking. You will get a confirmation message once the card is closed. I am here if you need anything else."
Please help: how do I activate my new travel card,CARD,activate_card,"Sure, here is how this works. First, open the mobile app or net banking and go to the Cards section. Then select your travel card and choose Activate Card. You will receive a one-time code on your registered mobile number, so enter it to confirm. Once that is done, the card is active and ready to use straight away. I am here if you need anything else."
"Excuse me, someone may have my card details, how can I block the card immediately? Any idea what to do?",CARD,block_card,"You can block the card immediately in the mobile app. Go to Cards, choose the card and tap Block Card, then pick Lost or Stolen as the reason. The card stops working straight away and any new transactions are declined. We will then help you order a replacement, which usually arrives in a few working days. Let me know if there is anything more I can do for you."
"quick question: urgent: gbp 17,640 payment held for security, please release it",PAYMENT_EXCEPTION,large_transaction_blocked,"I understand the urgency. Large payments can be blocked because they go over your daily limit or because our security systems flagged them for extra checks. I cannot release a held payment from this chat, but I can help you confirm it is genuine. Please approve any alert on your app, or I can connect you to a specialist who will verify you and, where possible, release the payment or raise your limit temporarily. If you would like, I can connect you with a human agent right now."
"hello there, my card went missing earlier today, block it asap. please advise",CARD,block_card,"To protect your money, block the card first. Use the app under Cards and Block, or call the 24 hour phone banking line and ask for an immediate block. Once blocked, please review your recent transactions and tell us about any you do not recognise so we can look into them."
Pls help: pls put me through to a customer service representative. Not sure what to do.,CONTACT,human_agent,"Certainly, I can arrange for one of our advisors to help you. I am transferring you now, and I will share the details of our conversation so you do not need to repeat yourself. If the queue is long, you can choose to receive a call back instead. Let me know if there is anything more I can do for you."
"Hello there, my card got stuck in the machine last weekend. Please advise.",ATM,recover_swallowed_card,"I am sorry that the ATM kept your card. For your safety, I suggest blocking the card right away in the app. We will then arrange either collection from the ATM branch with identification or a replacement card sent to your address, usually within a few working days."
"Hi, how do I send GBP 962 to a friend's account? Please advise.",TRANSFER,make_transfer,"To make a transfer, log in to the app or net banking and go to Transfers. Add the payee by entering the name, account number and bank code, then confirm the payee with a one-time code. Enter the amount of GBP 962, choose the payment method, review the details and confirm. You will get a confirmation message with a reference number. Let me know if there is anything more I can do for you."
"Good evening, my card was declined in New York and im stuck without money. Appreciate the help.",PAYMENT_EXCEPTION,card_declined_while_travelling,"Sorry about the inconvenience, especially while you are travelling. Please check that international transactions are enabled and that you have not reached your daily limit. Because this is urgent, I recommend calling the emergency line on the back of the card, where an agent can verify you and remove any block. Emergency cash or a replacement card can be arranged if needed. Please keep your reference number safe, and reply here if you need anything else."
"Hello, how do I activate my new credit card?",CARD,activate_card,"Of course, happy to help. First, open the mobile app or net banking and go to the Cards section. Then select your credit card and choose Activate Card. You will receive a one-time code on your registered mobile number, so enter it to confirm. Once that is done, the card is active and ready to use straight away. Feel free to ask if you have any other questions."
"I need help. My card went missing last weekend, block it asap. Any idea what to do?",CARD,block_card,"To protect your money, block the card first. Use the app under Cards and Block, or call the 24 hour phone banking line and ask for an immediate block. Once blocked, please review your recent transactions and tell us about any you do not recognise so we can look into them."
"I sent EUR 1,850 to the wrong person, can I cancel the transfer?",TRANSFER,cancel_transfer,"If the transfer of EUR 1,850 is still pending or scheduled, you can cancel it in the app. Go to Transfers, open Pending or Scheduled, select the transfer and tap Cancel. If it has already been completed, it cannot be cancelled directly, but you can raise a request and we will contact the receiving bank to ask for the money back. Success depends on the receiving bank and the account holder agreeing to return it. I am here if you need anything else."
"Good morning, please enable international transactions on my card ending 2189. Appreciate the help.",CARD,activate_card_international_usage,"To use your card overseas, open Card Controls in the app and enable International Usage. It is a good idea to set a travel period and a daily limit. If you cannot use the app, phone banking can turn it on for you after verifying your identity. Feel free to ask if you have any other questions."
Please help: how do I withdraw my loan request? Thank you.,LOAN,cancel_loan,"Thanks for reaching out, I can guide you through this. To cancel a loan application, tell us which application you mean and we will stop the process. Before disbursal there is normally no cost. After disbursal, the loan must be closed by repaying the outstanding amount, and we will give you the exact figure and any applicable charges. If you need any further help, just let me know."
Please help: I am going to Tokyo soon. Can you turn on international usage for my card? Please advise,CARD,activate_card_international_usage,"To use your card overseas, open Card Controls in the app and enable International Usage. It is a good idea to set a travel period and a daily limit. If you cannot use the app, phone banking can turn it on for you after verifying your identity."
"Quick question: I would like to stop my card, it has an annual fee I do not want to pay. Any idea what to do",CARD,cancel_card,I can guide you through cancelling your card. First check that there are no pending transactions or unpaid dues. Then submit a cancellation request through the app or by phone banking. You will get a confirmation message once the card is closed. Please reach out again if anything is unclear.
"Hi team, my card was declined in Sydney and im stuck without money. Please help",PAYMENT_EXCEPTION,card_declined_while_travelling,"Sorry about the inconvenience, especially while you are travelling. Please check that international transactions are enabled and that you have not reached your daily limit. Because this is urgent, I recommend calling the emergency line on the back of the card, where an agent can verify you and remove any block. Emergency cash or a replacement card can be arranged if needed. If you would like, I can connect you with a human agent right now."
"Hello there, transfer to Bangkok flagged, what proof do I need to provide? Appreciate the help.",PAYMENT_EXCEPTION,international_transfer_compliance_hold,"Thank you for your patience. Some cross border payments are checked before release, and I am not able to share the specific reason for a review. Please keep supporting documents ready. I am escalating your transfer to a specialist team, who will tell you what is required and the expected timing. Please keep your reference number safe, and reply here if you need anything else."
When is my card annual fee charged and can it be waived? Thanks.,CARD,check_card_annual_fee,"Annual fees vary by card, and many cards waive the fee after a certain level of yearly spending. Please check Fees and Charges for your card in the app to see your amount and the anniversary date. If you would like to ask about a waiver, customer service can review your eligibility. Let me know if there is anything more I can do for you."
Quick question: how can I change my password to something stronger? Not sure what to do.,PASSWORD,set_up_password,"Certainly, I can help with that. To set up or change your password, log in and go to Settings and then Security. Choose Change Password, enter your current password, and type the new one twice. A strong password uses at least eight characters with a mix of letters, numbers and symbols, and should not include your name or birth date. If you need any further help, just let me know."
"Quick question: the merchant refused a refund of EUR 1,010, what are my options with the bank? Thank you.",PAYMENT_EXCEPTION,chargeback_request,Thank you for the details. A card dispute can be raised for items not received or not as described. We will need your order confirmation and any communication with the seller. Our disputes team will assess the claim and let you know whether the amount can be recovered.
"Please block my card ending 2514, I think it was stolen. Thanks.",CARD,block_card,"I apologise for the trouble this has caused, let me help. To protect your money, block the card first. Use the app under Cards and Block, or call the 24 hour phone banking line and ask for an immediate block. Once blocked, please review your recent transactions and tell us about any you do not recognise so we can look into them. Feel free to ask if you have any other questions."
Please cancel the loan I applied for last week. Not sure what to do,LOAN,cancel_loan,"To cancel a loan application, tell us which application you mean and we will stop the process. Before disbursal there is normally no cost. After disbursal, the loan must be closed by repaying the outstanding amount, and we will give you the exact figure and any applicable charges. I am here if you need anything else."
How can I close my credit card? I no longer use it. Not sure what to do.,CARD,cancel_card,"I can guide you through cancelling your card. First check that there are no pending transactions or unpaid dues. Then submit a cancellation request through the app or by phone banking. You will get a confirmation message once the card is closed. If you need any further help, just let me know."
"Good evening, what fees do you charge on my account? Appreciate the help",FEES,check_fees,"Certainly, I can help with that. I can help you understand the charges. Common fees include monthly maintenance, foreign transaction fees, ATM use outside our network and penalties for low balance. Your latest statement shows every fee that has been applied, and customer service can review any fee you believe was charged in error. I am here if you need anything else."
"Hi team, flipkart said they refunded GBP 1,140 2 days ago but I have not received it.",PAYMENT_EXCEPTION,refund_not_received,"Thank you for the details. A refund can take some time after the merchant approves it. If it has been more than ten working days, please send us the refund confirmation from the merchant. We will trace the credit and follow up with the merchant bank on your behalf. You can ask for a human agent at any time and I will arrange it."
"Hi team, please cancel the card ending 1187. I need this sorted today.",CARD,cancel_card,I can guide you through cancelling your card. First check that there are no pending transactions or unpaid dues. Then submit a cancellation request through the app or by phone banking. You will get a confirmation message once the card is closed.
"Hi, how do I withdraw my loan request? Any idea what to do?",LOAN,cancel_loan,"Thanks for reaching out, I can guide you through this. To cancel a loan application, tell us which application you mean and we will stop the process. Before disbursal there is normally no cost. After disbursal, the loan must be closed by repaying the outstanding amount, and we will give you the exact figure and any applicable charges. Let me know if there is anything more I can do for you."
"Hey, how do I authorise someone to handle my banking on my behalf? Can you help me with this",RETAIL_EXCEPTION,power_of_attorney_request,"I am sorry to hear that. Managing another person's account requires a valid legal authority, such as a registered power of attorney, and we need to verify it before giving access. Please prepare the original or certified copy of the document, your identification and the account holder details. A specialist will check the paperwork and explain what your authority allows, and I will arrange for them to contact you. Please keep your reference number safe, and reply here if you need anything else."
"My card ending 7540 has unknown purchases that appeared two days ago, please help urgently. Can you help me with this",PAYMENT_EXCEPTION,card_fraud_unauthorized_transaction,"Thank you for reporting this quickly. Your card should be blocked immediately to prevent more misuse, and the disputed transactions will be flagged for our fraud team. They will review the details, and where a transaction is confirmed as fraudulent the amount is normally returned to your account after the investigation. A specialist will reach out to collect a few more details. If you would like, I can connect you with a human agent right now."
"Hey, how do I view what I spent this week?",ACCOUNT,check_recent_transactions,"To review your recent activity, log in and choose the account, then select Recent Transactions. Pending items are shown separately from completed ones. If something looks unfamiliar, tap it to see the details and report it directly from that screen. I am here if you need anything else."
My card got stuck in the machine earlier today. Thank you.,ATM,recover_swallowed_card,"Please do not worry, this happens sometimes. First, block the card in the app as a precaution until you have it back. Then contact the branch that owns the ATM or call customer service, and we will check if the card was retained by the machine. If it can be recovered you may collect it with valid photo ID, otherwise we will issue a replacement card to you. Please reach out again if anything is unclear."
How can I contact customer service?,CONTACT,customer_service,"There are several ways to contact us. The quickest is the chat option in the app, which is available all day. You can also call the number printed on the back of your card or on our website, or visit any branch during opening hours. Feel free to ask if you have any other questions."
quick question: i am a new customer and want to create my login.,PASSWORD,set_up_password,"New customers can create a password using the First Time Login option. Enter your customer ID, verify with a one-time code, then choose a password that meets the rules shown on screen. Please do not share it with anyone, including bank staff. If you need any further help, just let me know."
"Hey, how can I close my credit card? I no longer use it. Can you help me with this?",CARD,cancel_card,I can guide you through cancelling your card. First check that there are no pending transactions or unpaid dues. Then submit a cancellation request through the app or by phone banking. You will get a confirmation message once the card is closed. Please reach out again if anything is unclear.
pls help: how do i withdraw my loan request? i need this sorted today.,LOAN,cancel_loan,"Certainly, I can help with that. To cancel a loan application, tell us which application you mean and we will stop the process. Before disbursal there is normally no cost. After disbursal, the loan must be closed by repaying the outstanding amount, and we will give you the exact figure and any applicable charges. If you need any further help, just let me know."
"hello there, how can i appeal a declined personal loan? thank you",RETAIL_EXCEPTION,loan_application_rejected_appeal,"I am sorry that your application was not approved. Decisions are based on factors such as income, existing debts, credit history and the value of the loan requested, and we can share the main reasons with you. You may ask for a review, especially if your circumstances have changed or if some information was missing. I will pass your request to a loans specialist who can explain the decision and suggest what may improve your chances next time."
"Hey, why was I charged a fee of INR 645 this month?",FEES,check_fees,"Fees depend on the type of account or service. You can find the full list in the app under Help and then Fees and Charges, including maintenance, ATM, transfer and card fees. If you tell me the specific service you are asking about, I can explain how that fee is calculated and when it applies. Feel free to ask if you have any other questions."
Please help: can I see how much interest I have paid on my home loan? Please help,LOAN,check_mortgage_payments,"Absolutely, let me walk you through it. In the app, open Loans and select your mortgage to see your monthly payment, the next due date, the remaining balance and the split between interest and principal. Statements and a yearly interest certificate can also be downloaded from the documents section. I am here if you need anything else."
I need help. Why is my current account overdrawn? I never spent that much. Thanks.,RETAIL_EXCEPTION,overdraft_fee_dispute,"Thanks for explaining. To review the fee, we need to see the order in which the deposit and the payments were processed. I will raise a request for the fee to be reviewed, and you will hear back with the outcome. In some cases, especially after a delayed salary, the fee can be waived. If anything changes in the meantime, please let us know straight away."
"Excuse me, when is my next mortgage payment due? Any idea what to do?",LOAN,check_mortgage_payments,"Thanks for reaching out, I can guide you through this. In the app, open Loans and select your mortgage to see your monthly payment, the next due date, the remaining balance and the split between interest and principal. Statements and a yearly interest certificate can also be downloaded from the documents section. If you need any further help, just let me know."
What is the process to allow foreign transactions on my card before my trip? I need this sorted today.,CARD,activate_card_international_usage,"To use your card overseas, open Card Controls in the app and enable International Usage. It is a good idea to set a travel period and a daily limit. If you cannot use the app, phone banking can turn it on for you after verifying your identity. Feel free to ask if you have any other questions."
"Need to switch on my new card, what should I do? Can you help me with this?",CARD,activate_card,"Sure, here is how this works. You can activate your card in two easy ways. In the mobile app, go to Cards, pick your card, and tap Activate. If you prefer, call the phone banking number printed on the back of the card and follow the voice prompts. After verification your card will be active within a few minutes. I am here if you need anything else."
"Hi, can I get a loan for $157,480 over 24 months? Please help.",LOAN,apply_for_loan,"To apply for a loan, go to Loans in the app and select the type of loan you need. Enter the amount and tenure, upload the required documents and submit. Your eligibility is based on income, existing commitments and credit score, and you will see a decision and an offer once the review is complete. Feel free to ask if you have any other questions."
I need help. How can I withdraw my home loan request? Not sure what to do,LOAN,cancel_mortgage,"Of course, happy to help. I can help you withdraw the mortgage application. Please contact our mortgage team through the app or at a branch and confirm the application reference. If the valuation or legal work has already started, some third party fees might still apply. Once cancelled, you will receive written confirmation. If you need any further help, just let me know."
How can I change my password to something stronger? Any idea what to do?,PASSWORD,set_up_password,"Certainly, I can help with that. New customers can create a password using the First Time Login option. Enter your customer ID, verify with a one-time code, then choose a password that meets the rules shown on screen. Please do not share it with anyone, including bank staff. Feel free to ask if you have any other questions."
"hello there, the money i sent last friday has not reached the receiver yet, the status still says processing. any idea what to do?",PAYMENT_EXCEPTION,transfer_pending_stuck,"Sorry for the delay. A transfer can stay pending if the receiving bank is slow, if the details do not match, or if the payment is under review. I have noted the delay and a specialist team will trace the payment. If it cannot be completed, the money is returned to your account. We will keep you updated by message until this is resolved."
How do I freeze my card temporarily? I cannot find it. Not sure what to do,CARD,block_card,"I apologise for the trouble this has caused, let me help. You can block the card immediately in the mobile app. Go to Cards, choose the card and tap Block Card, then pick Lost or Stolen as the reason. The card stops working straight away and any new transactions are declined. We will then help you order a replacement, which usually arrives in a few working days."
"Hey, I am going to Istanbul soon. Can you turn on international usage for my card? Thank you.",CARD,activate_card_international_usage,"Thanks for reaching out, I can guide you through this. To use your card overseas, open Card Controls in the app and enable International Usage. It is a good idea to set a travel period and a daily limit. If you cannot use the app, phone banking can turn it on for you after verifying your identity. I am here if you need anything else."
I want to close my salary account. Thank you.,ACCOUNT,close_account,"I can explain how to close your salary account. Please first clear any dues, cancel standing instructions and move the remaining balance to another account. Then submit a closure request through customer service or at a branch with valid identification. Once processed, you will receive written confirmation and the final statement."
"hi team, how much is the fee for an international transfer? appreciate the help.",FEES,check_fees,"Sure, here is how this works. I can help you understand the charges. Common fees include monthly maintenance, foreign transaction fees, ATM use outside our network and penalties for low balance. Your latest statement shows every fee that has been applied, and customer service can review any fee you believe was charged in error. I am here if you need anything else."
"Good evening, there are transactions of EUR 578 on my card that I never made, I think my card was hacked. I need this sorted today.",PAYMENT_EXCEPTION,card_fraud_unauthorized_transaction,"Thank you for reporting this quickly. Your card should be blocked immediately to prevent more misuse, and the disputed transactions will be flagged for our fraud team. They will review the details, and where a transaction is confirmed as fraudulent the amount is normally returned to your account after the investigation. A specialist will reach out to collect a few more details. We will keep you updated by message until this is resolved."
"Hi, how much is the fee for an international transfer? Pls advise",FEES,check_fees,"Fees depend on the type of account or service. You can find the full list in the app under Help and then Fees and Charges, including maintenance, ATM, transfer and card fees. If you tell me the specific service you are asking about, I can explain how that fee is calculated and when it applies. Let me know if there is anything more I can do for you."
"Good evening, find me a cash machine close to me. I need this sorted today.",FIND,find_ATM,"To locate an ATM, open the Locator in the app or on our website and search by city or landmark. Filters help you find machines that offer deposits, cheque drops or extended hours. Please remember that using an ATM outside our network may attract a fee. Let me know if there is anything more I can do for you."
"Hi, please cancel the loan I applied for three days ago. Please advise.",LOAN,cancel_loan,"To cancel a loan application, tell us which application you mean and we will stop the process. Before disbursal there is normally no cost. After disbursal, the loan must be closed by repaying the outstanding amount, and we will give you the exact figure and any applicable charges. I am here if you need anything else."
I need help. Pls help me recover my login details. Pls help,PASSWORD,get_password,"You can recover access in a few steps. Select Forgot Password on the login screen, verify your identity with the one-time code sent to your registered number, and set a new password. If you no longer have access to that number, please visit a branch with your identification to update it. If you need any further help, just let me know."
"Hi, what do I need to do before closing my business account? Appreciate the help.",ACCOUNT,close_account,"To close the account, make sure there are no pending transactions, linked cards or loans. Request closure through the app under Account Services or visit a branch. We will transfer any remaining balance to the account you nominate and confirm once the account is closed. Please reach out again if anything is unclear."
"Please help: why is my account restricted, I need to pay bills today. I need this sorted today.",RETAIL_EXCEPTION,account_frozen_kyc,"I am sorry for the inconvenience. A restriction usually means we need to verify or update some information. You can complete the update in the app under Profile and KYC, or visit a branch. If you have already submitted documents, I will ask the team to prioritise the review and update you. You can ask for a human agent at any time and I will arrange it."
"Hello there, I want to know my outstanding amount on the credit card. I need this sorted today",CARD,check_current_balance_on_card,"Certainly, I can help with that. To check your balance, log in to net banking or the app and open Cards. The card summary shows your current balance, available credit and the last statement amount. Balances update in near real time, but very recent transactions can take a short while to appear. Please reach out again if anything is unclear."
"Hello there, my joint account has been frozen and I do not know why. I need this sorted today.",RETAIL_EXCEPTION,account_frozen_kyc,"I understand how stressful it is to have an account restricted. Accounts are sometimes frozen when identity documents are missing or expired, or when a compliance review is needed. I cannot lift a restriction from this chat, but I can raise a priority request with our account services team. Please keep your photo ID, proof of address and recent photograph ready, and a specialist will contact you with the exact documents required. Please keep your reference number safe, and reply here if you need anything else."
"How do I stop a subscription that I cancelled but still gets billed 1,710 USD? Any idea what to do?",PAYMENT_EXCEPTION,recurring_payment_unauthorized,"Sorry about the trouble. We can block future payments to the merchant on your card, and I can start a dispute for charges you did not authorise. Please share the dates and the amounts of the payments and any cancellation emails you have. A specialist will review whether the money can be recovered. Please keep your reference number safe, and reply here if you need anything else."
"Please help: I just received my debit card in the mail, how can I start using it? I need this sorted today.",CARD,activate_card,"First, open the mobile app or net banking and go to the Cards section. Then select your debit card and choose Activate Card. You will receive a one-time code on your registered mobile number, so enter it to confirm. Once that is done, the card is active and ready to use straight away. Let me know if there is anything more I can do for you."
"I need help. What is the process to get a mortgage for a house worth 437,880 USD? Thank you.",LOAN,apply_for_mortgage,"Applying for a home loan involves a few stages: an initial eligibility check, document submission, property valuation, formal approval and legal completion. A mortgage adviser can guide you at each stage. You can begin by booking a call from the Loans section of the app. Feel free to ask if you have any other questions."
Quick question: how can I add a new payee and transfer funds? Can you help me with this?,TRANSFER,make_transfer,"Of course, happy to help. You can send money in a few steps. Open Transfers, choose Send Money and select an existing payee or add a new one. Type in the amount, check the details carefully because transfers to the wrong account can be hard to reverse, and approve with your security code. Instant methods arrive within minutes, while standard transfers can take up to one working day."
"good evening, is there a live chat with the bank?",CONTACT,customer_service,"There are several ways to contact us. The quickest is the chat option in the app, which is available all day. You can also call the number printed on the back of your card or on our website, or visit any branch during opening hours. Please reach out again if anything is unclear."
"I need help. I need to withdraw cash in Dublin, where can I find one of your ATMs? Appreciate the help.",FIND,find_ATM,"To locate an ATM, open the Locator in the app or on our website and search by city or landmark. Filters help you find machines that offer deposits, cheque drops or extended hours. Please remember that using an ATM outside our network may attract a fee. Please reach out again if anything is unclear."
"Hello there, how can I enable my platinum credit card for use abroad? im travelling to Delhi. Any idea what to do?",CARD,activate_card_international_usage,"International usage can be switched on from the mobile app. Go to Cards, select your platinum credit card, open Card Controls and turn on International Transactions. You can also set the dates of your trip and a spending limit for extra safety. Changes usually take effect within a few minutes, so please do it before you leave."
"Urgent: I changed my name after marriage, how do I update it on my student account",RETAIL_EXCEPTION,legal_name_change,"To change your name in our records, we need proof of the legal name change, such as a marriage certificate, a gazette notification or a deed poll, together with your identification. Please upload the documents in the app under Profile or visit a branch, and we will update your accounts and cards. Because this affects several products, the update may take a few working days, and we will notify you when it is complete. If anything changes in the meantime, please let us know straight away."
"Need to switch on my new card, what should I do? Can you help me with this",CARD,activate_card,"Absolutely, let me walk you through it. You can activate your card in two easy ways. In the mobile app, go to Cards, pick your card, and tap Activate. If you prefer, call the phone banking number printed on the back of the card and follow the voice prompts. After verification your card will be active within a few minutes. Please reach out again if anything is unclear."
"Good morning, why is my account restricted, I need to pay bills today. Thank you.",RETAIL_EXCEPTION,account_frozen_kyc,"I am sorry for the inconvenience. A restriction usually means we need to verify or update some information. You can complete the update in the app under Profile and KYC, or visit a branch. If you have already submitted documents, I will ask the team to prioritise the review and update you. We will keep you updated by message until this is resolved."
"Hello, how much is the fee for an international transfer?",FEES,check_fees,"Of course, happy to help. I can help you understand the charges. Common fees include monthly maintenance, foreign transaction fees, ATM use outside our network and penalties for low balance. Your latest statement shows every fee that has been applied, and customer service can review any fee you believe was charged in error. Please reach out again if anything is unclear."
"Excuse me, can I cancel a scheduled transfer for next week? Any idea what to do?",TRANSFER,cancel_transfer,"Please act quickly. For transfers that have not been processed yet, use Cancel next to the transfer in your pending list. For completed transfers, raise a recall request from the same screen or through customer service, and keep the transaction reference handy. We will update you as soon as we hear back from the other bank. Feel free to ask if you have any other questions."
when is my next mortgage payment due? appreciate the help.,LOAN,check_mortgage_payments,"Your mortgage details are available under Loans. There you can view the payment amount, upcoming due dates, the balance still owed and a summary of interest paid. If your payment changes because of a rate change, we will notify you in advance. I am here if you need anything else."
"My payment of GBP 56,850 was blocked and I need it to go through today.",PAYMENT_EXCEPTION,large_transaction_blocked,"I understand the urgency. Large payments can be blocked because they go over your daily limit or because our security systems flagged them for extra checks. I cannot release a held payment from this chat, but I can help you confirm it is genuine. Please approve any alert on your app, or I can connect you to a specialist who will verify you and, where possible, release the payment or raise your limit temporarily. We will keep you updated by message until this is resolved."
i want to talk to a real person.,CONTACT,human_agent,"Certainly, I can arrange for one of our advisors to help you. I am transferring you now, and I will share the details of our conversation so you do not need to repeat yourself. If the queue is long, you can choose to receive a call back instead. I am here if you need anything else."
"urgent: i entered the wrong account number and sent 2,150 dollars, please help me get it back",PAYMENT_EXCEPTION,transfer_wrong_account,"I am sorry this happened. Please raise a wrong transfer request in the app or with customer service right away with the payment reference. We will ask the receiving bank to hold and return the funds, but they need the account holder consent, so the timing can vary. A specialist will follow up with you. If you would like, I can connect you with a human agent right now."
"hey, how do i freeze my card temporarily? i cannot find it. can you help me with this",CARD,block_card,"I am sorry to hear about this and I want to help sort it out. You can block the card immediately in the mobile app. Go to Cards, choose the card and tap Block Card, then pick Lost or Stolen as the reason. The card stops working straight away and any new transactions are declined. We will then help you order a replacement, which usually arrives in a few working days. Please reach out again if anything is unclear."
"Good morning, why was I charged a fee of EUR 2,390 this month",FEES,check_fees,"Fees depend on the type of account or service. You can find the full list in the app under Help and then Fees and Charges, including maintenance, ATM, transfer and card fees. If you tell me the specific service you are asking about, I can explain how that fee is calculated and when it applies."
"Good evening, my card got stuck in the machine last Friday. Can you help me with this",ATM,recover_swallowed_card,"Please do not worry, this happens sometimes. First, block the card in the app as a precaution until you have it back. Then contact the branch that owns the ATM or call customer service, and we will check if the card was retained by the machine. If it can be recovered you may collect it with valid photo ID, otherwise we will issue a replacement card to you. I am here if you need anything else."
"Hi team, the bank stopped my big payment for EUR 8,310, why?",PAYMENT_EXCEPTION,large_transaction_blocked,"Thank you for explaining. A large payment may exceed your set limit, or it may be waiting for extra verification. You can raise your limit in Card Controls after authentication, and the security team can release a held transaction after checking with you. Since it is time sensitive, shall I connect you to an agent now? We will keep you updated by message until this is resolved."
"Good morning, what are your support hours?",CONTACT,customer_service,"You can reach customer service by phone banking, through secure chat in the mobile app, or by email through the Contact Us section. Phone and chat support are available round the clock for urgent matters such as blocking a card, and other requests are handled during business hours. Please keep your customer ID handy so we can help you faster."
"Hello there, I am a new customer and want to create my login. Please help",PASSWORD,set_up_password,"To set up or change your password, log in and go to Settings and then Security. Choose Change Password, enter your current password, and type the new one twice. A strong password uses at least eight characters with a mix of letters, numbers and symbols, and should not include your name or birth date. Let me know if there is anything more I can do for you."
"Hi team, how can I add a new payee and transfer funds? Appreciate the help.",TRANSFER,make_transfer,"Absolutely, let me walk you through it. You can send money in a few steps. Open Transfers, choose Send Money and select an existing payee or add a new one. Type in the amount, check the details carefully because transfers to the wrong account can be hard to reverse, and approve with your security code. Instant methods arrive within minutes, while standard transfers can take up to one working day. Let me know if there is anything more I can do for you."
"Hello, how do I see my card balance and available limit?",CARD,check_current_balance_on_card,"Certainly, I can help with that. To check your balance, log in to net banking or the app and open Cards. The card summary shows your current balance, available credit and the last statement amount. Balances update in near real time, but very recent transactions can take a short while to appear. I am here if you need anything else."
What do I need to do before closing my salary account? Not sure what to do.,ACCOUNT,close_account,"I can explain how to close your salary account. Please first clear any dues, cancel standing instructions and move the remaining balance to another account. Then submit a closure request through customer service or at a branch with valid identification. Once processed, you will receive written confirmation and the final statement. Feel free to ask if you have any other questions."
Please help: can I open an account online without visiting the branch? Not sure what to do,ACCOUNT,create_account,"Certainly, I can help with that. To start, choose the type of account that suits you, then fill in the application form online. You will need identity and address documents, and you may complete a short video verification. Once approved, your account details arrive by message and email, and your debit card is sent to your address. Feel free to ask if you have any other questions."
urgent: i want to know my outstanding amount on the credit card. please help.,CARD,check_current_balance_on_card,"Absolutely, let me walk you through it. To check your balance, log in to net banking or the app and open Cards. The card summary shows your current balance, available credit and the last statement amount. Balances update in near real time, but very recent transactions can take a short while to appear."
Please help me recover my login details. Please help.,PASSWORD,get_password,"I am sorry you are locked out. On the login page, tap Forgot Password and enter your customer ID. We will send a one-time code to your registered mobile number, and after you enter it you can choose a new password. For security reasons we can never tell you your old password."
Can I get a payment holiday on my loan for a few months? Not sure what to do,RETAIL_EXCEPTION,loan_hardship_request,"Thank you for being open about this. We treat hardship requests seriously and with respect. A specialist will contact you to understand your circumstances and explore ways to reduce the pressure, for example a payment break or revised repayment plan. They may ask for proof of the change in your income. Nothing is decided in this chat, but I will raise it as a priority."
"Hello there, I need to transfer money to another bank, what are the steps? Appreciate the help.",TRANSFER,make_transfer,"Of course, happy to help. You can send money in a few steps. Open Transfers, choose Send Money and select an existing payee or add a new one. Type in the amount, check the details carefully because transfers to the wrong account can be hard to reverse, and approve with your security code. Instant methods arrive within minutes, while standard transfers can take up to one working day."
Please help: I am behind on my mortgage payments and worried about losing my home. Any idea what to do?,RETAIL_EXCEPTION,mortgage_arrears_support,"Thank you for reaching out. Falling behind on a mortgage is stressful, and there are steps we can explore together. A mortgage support specialist will review your account, your income and expenses, and discuss a plan that suits you. I am raising this as urgent so they contact you soon. If you would like, I can connect you with a human agent right now."
"Hey, show me my recent activity on the savings account. Thanks.",ACCOUNT,check_recent_transactions,"Certainly, I can help with that. You can see recent transactions in the app or net banking. Open your savings account and tap Transactions to view the latest activity, and use the filters to search by date or amount. Statements for earlier periods can be downloaded as a PDF from the Statements section."
"Hey, there are transactions of 944 dollars on my card that I never made, I think my card was hacked. I need this sorted today.",PAYMENT_EXCEPTION,card_fraud_unauthorized_transaction,"Thank you for reporting this quickly. Your card should be blocked immediately to prevent more misuse, and the disputed transactions will be flagged for our fraud team. They will review the details, and where a transaction is confirmed as fraudulent the amount is normally returned to your account after the investigation. A specialist will reach out to collect a few more details. We will keep you updated by message until this is resolved."
When is my next student loan instalment due,LOAN,check_loan_payments,"Of course, happy to help. To check your loan payments, log in and open Loans, then choose the loan. You will see what you have paid so far, what is left, and the next due date. If you would like to pay extra to reduce the balance, there is an option to make a part payment on the same screen."
"I need help. Need to switch on my new card, what should I do?",CARD,activate_card,"Of course, happy to help. You can activate your card in two easy ways. In the mobile app, go to Cards, pick your card, and tap Activate. If you prefer, call the phone banking number printed on the back of the card and follow the voice prompts. After verification your card will be active within a few minutes."
"I am in Bangkok and my debit card is lost, how can I get emergency help?",PAYMENT_EXCEPTION,lost_card_abroad_emergency,"That sounds very stressful. The first step is to block all lost cards so nobody can use them. Then our emergency support team can help with a replacement card delivered to your location or a cash advance, after confirming your identity. Please keep any police report reference, as it can help with disputed transactions. Please keep your reference number safe, and reply here if you need anything else."
"Hello there, I want to make a large purchase of EUR 10,530 but my card keeps getting declined. Please advise.",PAYMENT_EXCEPTION,large_transaction_blocked,"I understand the urgency. Large payments can be blocked because they go over your daily limit or because our security systems flagged them for extra checks. I cannot release a held payment from this chat, but I can help you confirm it is genuine. Please approve any alert on your app, or I can connect you to a specialist who will verify you and, where possible, release the payment or raise your limit temporarily. If anything changes in the meantime, please let us know straight away."
What happens to my mortgage application if I cancel it now? Please help.,LOAN,cancel_mortgage,"Certainly, I can help with that. I can help you withdraw the mortgage application. Please contact our mortgage team through the app or at a branch and confirm the application reference. If the valuation or legal work has already started, some third party fees might still apply. Once cancelled, you will receive written confirmation. Feel free to ask if you have any other questions."
Quick question: please enable international transactions on my card ending 4340. Can you help me with this?,CARD,activate_card_international_usage,"Absolutely, let me walk you through it. To use your card overseas, open Card Controls in the app and enable International Usage. It is a good idea to set a travel period and a daily limit. If you cannot use the app, phone banking can turn it on for you after verifying your identity. Let me know if there is anything more I can do for you."
"Please help me close the account, I am moving abroad. Can you help me with this?",ACCOUNT,close_account,"Thanks for reaching out, I can guide you through this. To close the account, make sure there are no pending transactions, linked cards or loans. Request closure through the app under Account Services or visit a branch. We will transfer any remaining balance to the account you nominate and confirm once the account is closed. If you need any further help, just let me know."
"Excuse me, I want to close my salary account. Please advise.",ACCOUNT,close_account,"To close the account, make sure there are no pending transactions, linked cards or loans. Request closure through the app under Account Services or visit a branch. We will transfer any remaining balance to the account you nominate and confirm once the account is closed. I am here if you need anything else."
What are the opening hours of the branch near the city mall? Please help,FIND,find_branch,"Sure, here is how this works. You can find branches using the Locator in the app or on our website. Search by city or a landmark like the city mall, and you will see the address, opening hours and services available at each branch. Many branches allow you to book an appointment in advance, which reduces waiting time. Please reach out again if anything is unclear."
"hi, i need a person to help me with this, not an automated reply. please help.",CONTACT,human_agent,"Of course. I will connect you with a human agent now. Please stay in this chat, and it helps if you briefly describe your issue so the agent can pick up straight away. Waiting times can vary, and if it is not urgent you can also request a call back at a time that suits you."
"Hi, cash was not dispensed at the ATM yet my account was debited. I need this sorted today",ATM,dispute_ATM_withdrawal,"Sorry about the trouble with the ATM. Please keep the receipt if you have one and raise a dispute through the app or by calling customer service. We will check the ATM records for the withdrawal and update you by message. If the money is confirmed as not dispensed, it will be returned to your account. Feel free to ask if you have any other questions."
"My payment of $16,960 was blocked and I need it to go through today. Please advise.",PAYMENT_EXCEPTION,large_transaction_blocked,"Thank you for explaining. A large payment may exceed your set limit, or it may be waiting for extra verification. You can raise your limit in Card Controls after authentication, and the security team can release a held transaction after checking with you. Since it is time sensitive, shall I connect you to an agent now? You can ask for a human agent at any time and I will arrange it."
Quick question: how much is the fee for an international transfer,FEES,check_fees,"I can help you understand the charges. Common fees include monthly maintenance, foreign transaction fees, ATM use outside our network and penalties for low balance. Your latest statement shows every fee that has been applied, and customer service can review any fee you believe was charged in error."
What is the outstanding balance on my car loan? Please advise.,LOAN,check_loan_payments,"Sure, here is how this works. You can see your repayment details in the app under Loans. Select your car loan to view the instalment amount, the next due date, the number of payments remaining and the total outstanding balance. The full repayment schedule can also be downloaded as a document. If you need any further help, just let me know."
"Hello there, please block my card ending 7080, I think it was stolen. Appreciate the help.",CARD,block_card,"You can block the card immediately in the mobile app. Go to Cards, choose the card and tap Block Card, then pick Lost or Stolen as the reason. The card stops working straight away and any new transactions are declined. We will then help you order a replacement, which usually arrives in a few working days. Feel free to ask if you have any other questions."
"Good morning, what is the fastest way to send money to someone?",TRANSFER,make_transfer,"You can send money in a few steps. Open Transfers, choose Send Money and select an existing payee or add a new one. Type in the amount, check the details carefully because transfers to the wrong account can be hard to reverse, and approve with your security code. Instant methods arrive within minutes, while standard transfers can take up to one working day."
"We fell 2 weeks behind on the mortgage, what can we do? Can u help me with this?",RETAIL_EXCEPTION,mortgage_arrears_support,"Thank you for reaching out. Falling behind on a mortgage is stressful, and there are steps we can explore together. A mortgage support specialist will review your account, your income and expenses, and discuss a plan that suits you. I am raising this as urgent so they contact you soon. You can ask for a human agent at any time and I will arrange it."
"Hello there, my spouse emptied our joint account without telling me",RETAIL_EXCEPTION,joint_account_dispute,"I am sorry you are going through this. Joint accounts are governed by the mandate that was agreed when they were opened, and changes such as removing a holder or freezing the account usually need the consent of all holders, or a legal instruction. I can arrange for a specialist to explain your options and what proof would be required. Please keep in mind that we cannot take sides, and for serious disputes it can help to seek legal advice. If you would like, I can connect you with a human agent right now."
"Hi team, I lost my job and cannot pay my car loan instalments. Thanks",RETAIL_EXCEPTION,loan_hardship_request,"I am sorry you are facing this, and I am glad you reached out early. We have options for customers in financial difficulty, such as a temporary payment holiday, a longer tenure with lower instalments, or restructuring, depending on your situation. I will pass your request to our customer support team, who will review your income and expenses and discuss what is possible. Please try to keep making any payments you can, and avoid ignoring reminders, as talking to us early gives you more choices. Please keep your reference number safe, and reply here if you need anything else."
"Hello, I want to check if the payment I made this morning has gone through. Please advise.",ACCOUNT,check_recent_transactions,"To review your recent activity, log in and choose the account, then select Recent Transactions. Pending items are shown separately from completed ones. If something looks unfamiliar, tap it to see the details and report it directly from that screen."
"Hello, how do I view what I spent this week? Any idea what to do?",ACCOUNT,check_recent_transactions,"Certainly, I can help with that. To review your recent activity, log in and choose the account, then select Recent Transactions. Pending items are shown separately from completed ones. If something looks unfamiliar, tap it to see the details and report it directly from that screen."
"I want to apply for a business loan of GBP 35,930. Any idea what to do?",LOAN,apply_for_loan,"Thanks for reaching out, I can guide you through this. You can apply for a business loan online or at a branch. Please keep your identity proof, address proof, recent salary slips or income proof, and bank statements ready. After you submit the application, we check your eligibility and credit history and share an offer with the interest rate and repayment plan. Once you accept, the money is usually credited within a few working days."
"Good evening, how do I see my card balance and available limit? Any idea what to do?",CARD,check_current_balance_on_card,"Thanks for reaching out, I can guide you through this. To check your balance, log in to net banking or the app and open Cards. The card summary shows your current balance, available credit and the last statement amount. Balances update in near real time, but very recent transactions can take a short while to appear. Please reach out again if anything is unclear."
"Good evening, what is the available balance on my debit card? Please help",CARD,check_current_balance_on_card,"Absolutely, let me walk you through it. To check your balance, log in to net banking or the app and open Cards. The card summary shows your current balance, available credit and the last statement amount. Balances update in near real time, but very recent transactions can take a short while to appear. Let me know if there is anything more I can do for you."
"Hi, card not working in Singapore, I tried it last Friday and it failed, I have no other way to pay. I need this sorted today.",PAYMENT_EXCEPTION,card_declined_while_travelling,"Sorry about the inconvenience, especially while you are travelling. Please check that international transactions are enabled and that you have not reached your daily limit. Because this is urgent, I recommend calling the emergency line on the back of the card, where an agent can verify you and remove any block. Emergency cash or a replacement card can be arranged if needed. If you would like, I can connect you with a human agent right now."
"Good morning, what are your support hours? Please help.",CONTACT,customer_service,"You can reach customer service by phone banking, through secure chat in the mobile app, or by email through the Contact Us section. Phone and chat support are available round the clock for urgent matters such as blocking a card, and other requests are handled during business hours. Please keep your customer ID handy so we can help you faster. If you need any further help, just let me know."
"hey, how do i set up a password for net banking? i need this sorted today.",PASSWORD,set_up_password,"New customers can create a password using the First Time Login option. Enter your customer ID, verify with a one-time code, then choose a password that meets the rules shown on screen. Please do not share it with anyone, including bank staff. Please reach out again if anything is unclear."
"Excuse me, my wire transfer has been under review for 6 days, I need the money urgently. Thanks.",PAYMENT_EXCEPTION,international_transfer_compliance_hold,"Thank you for your patience. Some cross border payments are checked before release, and I am not able to share the specific reason for a review. Please keep supporting documents ready. I am escalating your transfer to a specialist team, who will tell you what is required and the expected timing. If you would like, I can connect you with a human agent right now."
"I need help. I need to speak to support about my account, how do I reach you? I need this sorted today.",CONTACT,customer_service,"Of course, happy to help. There are several ways to contact us. The quickest is the chat option in the app, which is available all day. You can also call the number printed on the back of your card or on our website, or visit any branch during opening hours. Let me know if there is anything more I can do for you."
"Hello there, when is my next mortgage payment due? Thanks.",LOAN,check_mortgage_payments,"Your mortgage details are available under Loans. There you can view the payment amount, upcoming due dates, the balance still owed and a summary of interest paid. If your payment changes because of a rate change, we will notify you in advance. I am here if you need anything else."
"Hello, how much do I pay every year to keep my card? Please help.",CARD,check_card_annual_fee,"Sure, here is how this works. Annual fees vary by card, and many cards waive the fee after a certain level of yearly spending. Please check Fees and Charges for your card in the app to see your amount and the anniversary date. If you would like to ask about a waiver, customer service can review your eligibility. Let me know if there is anything more I can do for you."
"Please help: help, the cash machine did not return my card. Thanks.",ATM,recover_swallowed_card,"I am sorry that the ATM kept your card. For your safety, I suggest blocking the card right away in the app. We will then arrange either collection from the ATM branch with identification or a replacement card sent to your address, usually within a few working days."
Urgent: please help me recover my login details,PASSWORD,get_password,"I am sorry you are locked out. On the login page, tap Forgot Password and enter your customer ID. We will send a one-time code to your registered mobile number, and after you enter it you can choose a new password. For security reasons we can never tell you your old password. Please reach out again if anything is unclear."
"Please help: I have a power of attorney document, how do I register it with the bank? Not sure what to do.",RETAIL_EXCEPTION,power_of_attorney_request,"I am sorry to hear that. Managing another person's account requires a valid legal authority, such as a registered power of attorney, and we need to verify it before giving access. Please prepare the original or certified copy of the document, your identification and the account holder details. A specialist will check the paperwork and explain what your authority allows, and I will arrange for them to contact you. Please keep your reference number safe, and reply here if you need anything else."
How can I enable my prepaid card for use abroad? im travelling to Dublin. I need this sorted today.,CARD,activate_card_international_usage,"To use your card overseas, open Card Controls in the app and enable International Usage. It is a good idea to set a travel period and a daily limit. If you cannot use the app, phone banking can turn it on for you after verifying your identity. Let me know if there is anything more I can do for you."
"quick question: i ordered from apple last night, the item is not what was shown, can i dispute the charge? thank you.",PAYMENT_EXCEPTION,chargeback_request,"Thank you for the details. A card dispute can be raised for items not received or not as described. We will need your order confirmation and any communication with the seller. Our disputes team will assess the claim and let you know whether the amount can be recovered. Please keep your reference number safe, and reply here if you need anything else."
Quick question: please enable international transactions on my card ending 7930.,CARD,activate_card_international_usage,"To use your card overseas, open Card Controls in the app and enable International Usage. It is a good idea to set a travel period and a daily limit. If you cannot use the app, phone banking can turn it on for you after verifying your identity."
"good evening, i want to cancel my student loan application. please help",LOAN,cancel_loan,"Sure, here is how this works. If your student loan has not been disbursed yet, you can cancel the request through customer service or from Loans in the app by selecting your application and choosing Withdraw. If the money has already been credited, you will need to repay it, and we can share the foreclosure amount with you. Please note that some fees may apply after disbursal. Let me know if there is anything more I can do for you."
"Hello there, I want to cancel my mortgage application. Not sure what to do.",LOAN,cancel_mortgage,"Thanks for reaching out, I can guide you through this. To cancel a mortgage application, send a withdrawal request with your application reference. Any costs already incurred for valuation or legal checks may not be refundable. We will confirm the cancellation in writing and close the file. Feel free to ask if you have any other questions."
"Hey, which branch can I go to for a loan discussion? Please advise.",FIND,find_branch,"To find a branch, enter your area or city in the Locator and choose Branches. Each listing shows the address, working hours and the services offered, such as loans or locker facilities. Most branches are open on weekdays and some are open on Saturday mornings. Feel free to ask if you have any other questions."
Quick question: how do I open a savings account? Not sure what to do.,ACCOUNT,create_account,"Of course, happy to help. To start, choose the type of account that suits you, then fill in the application form online. You will need identity and address documents, and you may complete a short video verification. Once approved, your account details arrive by message and email, and your debit card is sent to your address."
I need help. Can I cancel a scheduled transfer for next week,TRANSFER,cancel_transfer,"Certainly, I can help with that. Please act quickly. For transfers that have not been processed yet, use Cancel next to the transfer in your pending list. For completed transfers, raise a recall request from the same screen or through customer service, and keep the transaction reference handy. We will update you as soon as we hear back from the other bank. Please reach out again if anything is unclear."
"Good evening, is there a fee if my balance drops below the minimum? Thanks.",FEES,check_fees,"Of course, happy to help. Fees depend on the type of account or service. You can find the full list in the app under Help and then Fees and Charges, including maintenance, ATM, transfer and card fees. If you tell me the specific service you are asking about, I can explain how that fee is calculated and when it applies. Let me know if there is anything more I can do for you."
"Name mismatch is blocking my loan, how do I correct it in your records?",RETAIL_EXCEPTION,legal_name_change,"To change your name in our records, we need proof of the legal name change, such as a marriage certificate, a gazette notification or a deed poll, together with your identification. Please upload the documents in the app under Profile or visit a branch, and we will update your accounts and cards. Because this affects several products, the update may take a few working days, and we will notify you when it is complete. If you would like, I can connect you with a human agent right now."
Quick question: I want to cancel my mortgage application.,LOAN,cancel_mortgage,"To cancel a mortgage application, send a withdrawal request with your application reference. Any costs already incurred for valuation or legal checks may not be refundable. We will confirm the cancellation in writing and close the file. Please reach out again if anything is unclear."
"hello, is there any joining or annual fee on the prepaid card? please advise.",CARD,check_card_annual_fee,"Certainly, I can help with that. Annual fees vary by card, and many cards waive the fee after a certain level of yearly spending. Please check Fees and Charges for your card in the app to see your amount and the anniversary date. If you would like to ask about a waiver, customer service can review your eligibility."
"hello, need to switch on my new card, what should i do? pls help.",CARD,activate_card,"Certainly, I can help with that. You can activate your card in two easy ways. In the mobile app, go to Cards, pick your card, and tap Activate. If you prefer, call the phone banking number printed on the back of the card and follow the voice prompts. After verification your card will be active within a few minutes. Let me know if there is anything more I can do for you."
"Hi team, pls cancel the loan I applied for earlier today. I need this sorted today",LOAN,cancel_loan,"Absolutely, let me walk you through it. To cancel a loan application, tell us which application you mean and we will stop the process. Before disbursal there is normally no cost. After disbursal, the loan must be closed by repaying the outstanding amount, and we will give you the exact figure and any applicable charges. Let me know if there is anything more I can do for you."
Urgent: how long will my transfer stay pending? It has been 2 days. Not sure what to do,PAYMENT_EXCEPTION,transfer_pending_stuck,"Sorry for the delay. A transfer can stay pending if the receiving bank is slow, if the details do not match, or if the payment is under review. I have noted the delay and a specialist team will trace the payment. If it cannot be completed, the money is returned to your account. If anything changes in the meantime, please let us know straight away."
Quick question: what is the outstanding balance on my personal loan? Can you help me with this?,LOAN,check_loan_payments,"You can see your repayment details in the app under Loans. Select your personal loan to view the instalment amount, the next due date, the number of payments remaining and the total outstanding balance. The full repayment schedule can also be downloaded as a document."
I want to check if the payment I made last night has gone through.,ACCOUNT,check_recent_transactions,"To review your recent activity, log in and choose the account, then select Recent Transactions. Pending items are shown separately from completed ones. If something looks unfamiliar, tap it to see the details and report it directly from that screen. I am here if you need anything else."
"Good evening, I paid 1,380 USD once but the money left my account twice last month. Please advise.",PAYMENT_EXCEPTION,duplicate_charge,"Thanks for letting us know. Please keep proof of your purchase and, if possible, the merchant receipt. We will open a dispute for the duplicate payment, and a specialist will review it with the merchant. Refunds usually take several working days once the duplicate is confirmed. You can ask for a human agent at any time and I will arrange it."
"Good evening, how do I activate my new debit card?",CARD,activate_card,"Of course, happy to help. You can activate your card in two easy ways. In the mobile app, go to Cards, pick your card, and tap Activate. If you prefer, call the phone banking number printed on the back of the card and follow the voice prompts. After verification your card will be active within a few minutes."
"Hi, I want to cancel my business loan application. Any idea what to do",LOAN,cancel_loan,"Certainly, I can help with that. If your business loan has not been disbursed yet, you can cancel the request through customer service or from Loans in the app by selecting your application and choosing Withdraw. If the money has already been credited, you will need to repay it, and we can share the foreclosure amount with you. Please note that some fees may apply after disbursal."
"Hey, my salary came late and I was penalised, can you reverse the fee? Please help.",RETAIL_EXCEPTION,overdraft_fee_dispute,"Thanks for explaining. To review the fee, we need to see the order in which the deposit and the payments were processed. I will raise a request for the fee to be reviewed, and you will hear back with the outcome. In some cases, especially after a delayed salary, the fee can be waived. You can ask for a human agent at any time and I will arrange it."
"Hello there, I am elderly and find the app very hard to use, can someone help me with my banking? Thanks.",RETAIL_EXCEPTION,vulnerable_customer_support,"Thank you for telling us, and please know that we are here to help in a way that works for you. We offer support such as large print or audio statements, assisted banking at branches, a dedicated helpline with priority handling and, in some areas, home visits. If you are worried about a suspicious call, please do not share any codes or personal details, and we will help you check it. I will connect you with our customer care specialists to set up the support you need. If you would like, I can connect you with a human agent right now."
Quick question: how can I withdraw my home loan request? Not sure what to do.,LOAN,cancel_mortgage,"To cancel a mortgage application, send a withdrawal request with your application reference. Any costs already incurred for valuation or legal checks may not be refundable. We will confirm the cancellation in writing and close the file. I am here if you need anything else."
"my travel card does not work outside the country, how do i switch on overseas payments? any idea what to do",CARD,activate_card_international_usage,"Of course, happy to help. International usage can be switched on from the mobile app. Go to Cards, select your travel card, open Card Controls and turn on International Transactions. You can also set the dates of your trip and a spending limit for extra safety. Changes usually take effect within a few minutes, so please do it before you leave."
"excuse me, how do i withdraw my loan request? please advise",LOAN,cancel_loan,"Sure, here is how this works. To cancel a loan application, tell us which application you mean and we will stop the process. Before disbursal there is normally no cost. After disbursal, the loan must be closed by repaying the outstanding amount, and we will give you the exact figure and any applicable charges. I am here if you need anything else."
"Good evening, what happens to my mortgage application if I cancel it now? Can you help me with this",LOAN,cancel_mortgage,"I can help you withdraw the mortgage application. Please contact our mortgage team through the app or at a branch and confirm the application reference. If the valuation or legal work has already started, some third party fees might still apply. Once cancelled, you will receive written confirmation."
"Hi team, my travel card ending 8837 arrived today. What are the steps to activate it?",CARD,activate_card,"Thanks for reaching out, I can guide you through this. You can activate your card in two easy ways. In the mobile app, go to Cards, pick your card, and tap Activate. If you prefer, call the phone banking number printed on the back of the card and follow the voice prompts. After verification your card will be active within a few minutes. Let me know if there is anything more I can do for you."
I lost my card and passport in Delhi and I have no cash. Not sure what to do.,PAYMENT_EXCEPTION,lost_card_abroad_emergency,"I am sorry to hear that, and please make sure you are safe first. Block your cards immediately in the app, or call our 24 hour emergency line if you cannot log in. We can arrange an emergency replacement card or emergency cash in Delhi, and our agent will verify your identity and guide you on the fastest option. I suggest reporting the theft to the local police as well, since some claims need a report. If anything changes in the meantime, please let us know straight away."
"Urgent: can I get a loan for $461,790 over 48 months? Not sure what to do.",LOAN,apply_for_loan,"To apply for a loan, go to Loans in the app and select the type of loan you need. Enter the amount and tenure, upload the required documents and submit. Your eligibility is based on income, existing commitments and credit score, and you will see a decision and an offer once the review is complete. I am here if you need anything else."
"Please help: please help me make a transfer of 2,530 USD today. I need this sorted today",TRANSFER,make_transfer,"You can send money in a few steps. Open Transfers, choose Send Money and select an existing payee or add a new one. Type in the amount, check the details carefully because transfers to the wrong account can be hard to reverse, and approve with your security code. Instant methods arrive within minutes, while standard transfers can take up to one working day. Feel free to ask if you have any other questions."
"Hi, when is my card annual fee charged and can it be waived? Thank you.",CARD,check_card_annual_fee,"Certainly, I can help with that. Annual fees vary by card, and many cards waive the fee after a certain level of yearly spending. Please check Fees and Charges for your card in the app to see your amount and the anniversary date. If you would like to ask about a waiver, customer service can review your eligibility. If you need any further help, just let me know."
Please help: how can I avoid repossession of my house? Any idea what to do?,RETAIL_EXCEPTION,mortgage_arrears_support,"I understand how worrying this is, and I want you to know that help is available. Please do not ignore the notice, because early contact gives us more options such as revising the payment plan, extending the term or a temporary arrangement. I will connect you with our specialist mortgage support team, who can go through the details with you in confidence. It is also worth getting free independent money advice alongside speaking to us."
"Hello, my card went missing last night, block it asap. I need this sorted today",CARD,block_card,"That sounds frustrating, and I will do my best to help you resolve it. You can block the card immediately in the mobile app. Go to Cards, choose the card and tap Block Card, then pick Lost or Stolen as the reason. The card stops working straight away and any new transactions are declined. We will then help you order a replacement, which usually arrives in a few working days. I am here if you need anything else."
"Good morning, how can I add a new payee and transfer funds? I need this sorted today.",TRANSFER,make_transfer,"Sure, here is how this works. You can send money in a few steps. Open Transfers, choose Send Money and select an existing payee or add a new one. Type in the amount, check the details carefully because transfers to the wrong account can be hard to reverse, and approve with your security code. Instant methods arrive within minutes, while standard transfers can take up to one working day. Please reach out again if anything is unclear."
"Good evening, someone may have my card details, how can I block the card immediately? Can you help me with this",CARD,block_card,"You can block the card immediately in the mobile app. Go to Cards, choose the card and tap Block Card, then pick Lost or Stolen as the reason. The card stops working straight away and any new transactions are declined. We will then help you order a replacement, which usually arrives in a few working days. If you need any further help, just let me know."
When is my next mortgage payment due? Please help.,LOAN,check_mortgage_payments,"In the app, open Loans and select your mortgage to see your monthly payment, the next due date, the remaining balance and the split between interest and principal. Statements and a yearly interest certificate can also be downloaded from the documents section. Let me know if there is anything more I can do for you."
"My card went missing last night, block it asap.",CARD,block_card,"That sounds frustrating, and I will do my best to help you resolve it. You can block the card immediately in the mobile app. Go to Cards, choose the card and tap Block Card, then pick Lost or Stolen as the reason. The card stops working straight away and any new transactions are declined. We will then help you order a replacement, which usually arrives in a few working days."
"I never received the goods I paid 253 dollars for on Flipkart, I want a chargeback. Can you help me with this?",PAYMENT_EXCEPTION,chargeback_request,"Thank you for the details. A card dispute can be raised for items not received or not as described. We will need your order confirmation and any communication with the seller. Our disputes team will assess the claim and let you know whether the amount can be recovered. Please keep your reference number safe, and reply here if you need anything else."
"Hi, can you help me activate my card? It has not been used yet.",CARD,activate_card,"You can activate your card in two easy ways. In the mobile app, go to Cards, pick your card, and tap Activate. If you prefer, call the phone banking number printed on the back of the card and follow the voice prompts. After verification your card will be active within a few minutes. Let me know if there is anything more I can do for you."
"Good morning, I need extra help managing my money after my illness. I need this sorted today.",RETAIL_EXCEPTION,vulnerable_customer_support,"Thank you for telling us, and please know that we are here to help in a way that works for you. We offer support such as large print or audio statements, assisted banking at branches, a dedicated helpline with priority handling and, in some areas, home visits. If you are worried about a suspicious call, please do not share any codes or personal details, and we will help you check it. I will connect you with our customer care specialists to set up the support you need. If you would like, I can connect you with a human agent right now."
"Hi team, please put me through to a customer service representative. Please advise.",CONTACT,human_agent,"Certainly, I can arrange for one of our advisors to help you. I am transferring you now, and I will share the details of our conversation so you do not need to repeat yourself. If the queue is long, you can choose to receive a call back instead. If you need any further help, just let me know."
"Hello there, how much deposit do I need for a mortgage? Not sure what to do",LOAN,apply_for_mortgage,"Thanks for reaching out, I can guide you through this. Applying for a home loan involves a few stages: an initial eligibility check, document submission, property valuation, formal approval and legal completion. A mortgage adviser can guide you at each stage. You can begin by booking a call from the Loans section of the app. If you need any further help, just let me know."
"hello, can u transfer me to a human agent? any idea what to do?",CONTACT,human_agent,"Certainly, I can arrange for one of our advisors to help you. I am transferring you now, and I will share the details of our conversation so you do not need to repeat yourself. If the queue is long, you can choose to receive a call back instead. If you need any further help, just let me know."
"Good morning, how do I set up a password for net banking? Please advise",PASSWORD,set_up_password,"New customers can create a password using the First Time Login option. Enter your customer ID, verify with a one-time code, then choose a password that meets the rules shown on screen. Please do not share it with anyone, including bank staff. I am here if you need anything else."
Where is the nearest ATM?,FIND,find_ATM,"Thanks for reaching out, I can guide you through this. To locate an ATM, open the Locator in the app or on our website and search by city or landmark. Filters help you find machines that offer deposits, cheque drops or extended hours. Please remember that using an ATM outside our network may attract a fee."
How do I freeze my card temporarily? I cannot find it. Any idea what to do,CARD,block_card,"I am sorry to hear about this and I want to help sort it out. You can block the card immediately in the mobile app. Go to Cards, choose the card and tap Block Card, then pick Lost or Stolen as the reason. The card stops working straight away and any new transactions are declined. We will then help you order a replacement, which usually arrives in a few working days."
"Good morning, payment declined overseas even though I have enough balance. Not sure what to do",PAYMENT_EXCEPTION,card_declined_while_travelling,"Sorry about the inconvenience, especially while you are travelling. Please check that international transactions are enabled and that you have not reached your daily limit. Because this is urgent, I recommend calling the emergency line on the back of the card, where an agent can verify you and remove any block. Emergency cash or a replacement card can be arranged if needed. You can ask for a human agent at any time and I will arrange it."
"Good evening, can I see my last transactions?",ACCOUNT,check_recent_transactions,"Certainly, I can help with that. To review your recent activity, log in and choose the account, then select Recent Transactions. Pending items are shown separately from completed ones. If something looks unfamiliar, tap it to see the details and report it directly from that screen. Please reach out again if anything is unclear."
"Good evening, I paid INR 2,680 once but the money left my account twice yesterday. Can you help me with this?",PAYMENT_EXCEPTION,duplicate_charge,"Thanks for letting us know. Please keep proof of your purchase and, if possible, the merchant receipt. We will open a dispute for the duplicate payment, and a specialist will review it with the merchant. Refunds usually take several working days once the duplicate is confirmed. If you would like, I can connect you with a human agent right now."
I need help. Can you list all the charges for using the ATM abroad? Appreciate the help.,FEES,check_fees,"I can help you understand the charges. Common fees include monthly maintenance, foreign transaction fees, ATM use outside our network and penalties for low balance. Your latest statement shows every fee that has been applied, and customer service can review any fee you believe was charged in error. Please reach out again if anything is unclear."
Urgent: what happens to my mortgage application if I cancel it now?,LOAN,cancel_mortgage,"Absolutely, let me walk you through it. To cancel a mortgage application, send a withdrawal request with your application reference. Any costs already incurred for valuation or legal checks may not be refundable. We will confirm the cancellation in writing and close the file."
"Good morning, I paid 2,680 dollars once but the money left my account twice yesterday.",PAYMENT_EXCEPTION,duplicate_charge,"Thanks for letting us know. Please keep proof of your purchase and, if possible, the merchant receipt. We will open a dispute for the duplicate payment, and a specialist will review it with the merchant. Refunds usually take several working days once the duplicate is confirmed. Please keep your reference number safe, and reply here if you need anything else."
Please help: payment stuck in processing for 4 days and my rent is due. Can you help me with this?,PAYMENT_EXCEPTION,transfer_pending_stuck,"I understand how worrying it is when a payment is delayed. Most transfers complete within one working day, but some can be held for security checks or because of details that need correcting. Please check the transaction status and reference number in the app. Since it has been 4 days, I will raise this as a payment investigation so a specialist can trace the payment with the receiving bank and update you. If anything changes in the meantime, please let us know straight away."
"Hi, can you explain the steps for a home loan application? Please help.",LOAN,apply_for_mortgage,"Applying for a home loan involves a few stages: an initial eligibility check, document submission, property valuation, formal approval and legal completion. A mortgage adviser can guide you at each stage. You can begin by booking a call from the Loans section of the app."
Please help: where do I activate the debit card I got last Friday? I need this sorted today.,CARD,activate_card,"Sure, here is how this works. You can activate your card in two easy ways. In the mobile app, go to Cards, pick your card, and tap Activate. If you prefer, call the phone banking number printed on the back of the card and follow the voice prompts. After verification your card will be active within a few minutes. Let me know if there is anything more I can do for you."
"hello, tell me about the monthly maintenance fees on my current account. thanks.",FEES,check_fees,"I can help you understand the charges. Common fees include monthly maintenance, foreign transaction fees, ATM use outside our network and penalties for low balance. Your latest statement shows every fee that has been applied, and customer service can review any fee you believe was charged in error. Please reach out again if anything is unclear."
I want to cancel my travel card permanently. Thank you,CARD,cancel_card,"Certainly, I can help with that. I can guide you through cancelling your card. First check that there are no pending transactions or unpaid dues. Then submit a cancellation request through the app or by phone banking. You will get a confirmation message once the card is closed."
"I cant log in to net banking, I dont remember my password. Please advise",PASSWORD,get_password,"You can recover access in a few steps. Select Forgot Password on the login screen, verify your identity with the one-time code sent to your registered number, and set a new password. If you no longer have access to that number, please visit a branch with your identification to update it."
What is the remaining balance on my mortgage? Thank you,LOAN,check_mortgage_payments,"Absolutely, let me walk you through it. Your mortgage details are available under Loans. There you can view the payment amount, upcoming due dates, the balance still owed and a summary of interest paid. If your payment changes because of a rate change, we will notify you in advance. Let me know if there is anything more I can do for you."
What are your support hours?,CONTACT,customer_service,"You can reach customer service by phone banking, through secure chat in the mobile app, or by email through the Contact Us section. Phone and chat support are available round the clock for urgent matters such as blocking a card, and other requests are handled during business hours. Please keep your customer ID handy so we can help you faster. Feel free to ask if you have any other questions."
"Good morning, what happens to my mortgage application if I cancel it now?",LOAN,cancel_mortgage,"Sure, here is how this works. I can help you withdraw the mortgage application. Please contact our mortgage team through the app or at a branch and confirm the application reference. If the valuation or legal work has already started, some third party fees might still apply. Once cancelled, you will receive written confirmation."
"Hello, I want to close my current account. Can you help me with this?",ACCOUNT,close_account,"Of course, happy to help. To close the account, make sure there are no pending transactions, linked cards or loans. Request closure through the app under Account Services or visit a branch. We will transfer any remaining balance to the account you nominate and confirm once the account is closed."
"Excuse me, please explain how to apply for a loan online. Not sure what to do",LOAN,apply_for_loan,"Thanks for reaching out, I can guide you through this. To apply for a loan, go to Loans in the app and select the type of loan you need. Enter the amount and tenure, upload the required documents and submit. Your eligibility is based on income, existing commitments and credit score, and you will see a decision and an offer once the review is complete. If you need any further help, just let me know."
"Hi team, I want to apply for a business loan of $233,820. Any idea what to do",LOAN,apply_for_loan,"To apply for a loan, go to Loans in the app and select the type of loan you need. Enter the amount and tenure, upload the required documents and submit. Your eligibility is based on income, existing commitments and credit score, and you will see a decision and an offer once the review is complete. If you need any further help, just let me know."
"Hi team, cancel the automatic payment to PayPal right now. Please help",PAYMENT_EXCEPTION,recurring_payment_unauthorized,"Sorry about the trouble. We can block future payments to the merchant on your card, and I can start a dispute for charges you did not authorise. Please share the dates and the amounts of the payments and any cancellation emails you have. A specialist will review whether the money can be recovered. Please keep your reference number safe, and reply here if you need anything else."
"Excuse me, I want to know my outstanding amount on the credit card.",CARD,check_current_balance_on_card,"To check your balance, log in to net banking or the app and open Cards. The card summary shows your current balance, available credit and the last statement amount. Balances update in near real time, but very recent transactions can take a short while to appear. If you need any further help, just let me know."
"Hey, I want to cancel my mortgage application. Please advise.",LOAN,cancel_mortgage,"To cancel a mortgage application, send a withdrawal request with your application reference. Any costs already incurred for valuation or legal checks may not be refundable. We will confirm the cancellation in writing and close the file. Please reach out again if anything is unclear."
"The merchant refused a refund of GBP 493, what are my options with the bank? Appreciate the help.",PAYMENT_EXCEPTION,chargeback_request,"Thank you for the details. A card dispute can be raised for items not received or not as described. We will need your order confirmation and any communication with the seller. Our disputes team will assess the claim and let you know whether the amount can be recovered. Please keep your reference number safe, and reply here if you need anything else."
can i see my last transactions? please advise.,ACCOUNT,check_recent_transactions,"Sure, here is how this works. To review your recent activity, log in and choose the account, then select Recent Transactions. Pending items are shown separately from completed ones. If something looks unfamiliar, tap it to see the details and report it directly from that screen."
Urgent: could you tell me the yearly charges on the card ending 0057? Not sure what to do.,CARD,check_card_annual_fee,"Annual fees vary by card, and many cards waive the fee after a certain level of yearly spending. Please check Fees and Charges for your card in the app to see your amount and the anniversary date. If you would like to ask about a waiver, customer service can review your eligibility. Please reach out again if anything is unclear."
"hi team, i want to talk to a real person. thank you",CONTACT,human_agent,"Certainly, I can arrange for one of our advisors to help you. I am transferring you now, and I will share the details of our conversation so you do not need to repeat yourself. If the queue is long, you can choose to receive a call back instead. I am here if you need anything else."
"good evening, the atm gave me less money than what was debited from my account. not sure what to do",ATM,dispute_ATM_withdrawal,"Sorry about the trouble with the ATM. Please keep the receipt if you have one and raise a dispute through the app or by calling customer service. We will check the ATM records for the withdrawal and update you by message. If the money is confirmed as not dispensed, it will be returned to your account."
"Hi, please block my card ending 5293, I think it was stolen",CARD,block_card,"That sounds frustrating, and I will do my best to help you resolve it. You can block the card immediately in the mobile app. Go to Cards, choose the card and tap Block Card, then pick Lost or Stolen as the reason. The card stops working straight away and any new transactions are declined. We will then help you order a replacement, which usually arrives in a few working days. Let me know if there is anything more I can do for you."
I need help. How can I enable my travel card for use abroad? I am travelling to Amsterdam.,CARD,activate_card_international_usage,"Of course, happy to help. To use your card overseas, open Card Controls in the app and enable International Usage. It is a good idea to set a travel period and a daily limit. If you cannot use the app, phone banking can turn it on for you after verifying your identity. Let me know if there is anything more I can do for you."
"Good morning, what do I need to do before closing my joint account? Any idea what to do?",ACCOUNT,close_account,"To close the account, make sure there are no pending transactions, linked cards or loans. Request closure through the app under Account Services or visit a branch. We will transfer any remaining balance to the account you nominate and confirm once the account is closed. I am here if you need anything else."
"Urgent: please help me make a transfer of GBP 1,690 today.",TRANSFER,make_transfer,"To make a transfer, log in to the app or net banking and go to Transfers. Add the payee by entering the name, account number and bank code, then confirm the payee with a one-time code. Enter the amount of GBP 1,690, choose the payment method, review the details and confirm. You will get a confirmation message with a reference number."
"excuse me, what are the opening hours of the branch near my office",FIND,find_branch,"You can find branches using the Locator in the app or on our website. Search by city or a landmark like my office, and you will see the address, opening hours and services available at each branch. Many branches allow you to book an appointment in advance, which reduces waiting time. Let me know if there is anything more I can do for you."
"I need help. The ATM did not give me the full cash but the money was deducted, I withdrew INR 1,730. I need this sorted today.",ATM,dispute_ATM_withdrawal,"Sorry about the trouble with the ATM. Please keep the receipt if you have one and raise a dispute through the app or by calling customer service. We will check the ATM records for the withdrawal and update you by message. If the money is confirmed as not dispensed, it will be returned to your account."
"excuse me, i would like to stop my card, it has an annual fee i do not want to pay. please help.",CARD,cancel_card,"Certainly, I can help with that. I can guide you through cancelling your card. First check that there are no pending transactions or unpaid dues. Then submit a cancellation request through the app or by phone banking. You will get a confirmation message once the card is closed. Feel free to ask if you have any other questions."
i need help. please cancel the card ending 5873. i need this sorted today.,CARD,cancel_card,"Sure, here is how this works. I can guide you through cancelling your card. First check that there are no pending transactions or unpaid dues. Then submit a cancellation request through the app or by phone banking. You will get a confirmation message once the card is closed."
"hi team, please cancel the card ending 2006. can you help me with this?",CARD,cancel_card,I can guide you through cancelling your card. First check that there are no pending transactions or unpaid dues. Then submit a cancellation request through the app or by phone banking. You will get a confirmation message once the card is closed. Let me know if there is anything more I can do for you.
"I need help. I think my identity was stolen, there are accounts and loans in my name that I did not open. Any idea what to do?",RETAIL_EXCEPTION,identity_theft_account_takeover,"Thank you for flagging this quickly. Access to your online banking will be locked while we investigate. Our security team will verify your identity through a secure process, review recent changes and transactions, and help reset your details. Please tell us about any transaction you did not make, so it can be investigated. We will keep you updated by message until this is resolved."
"Good morning, there is an ATM transaction I do not recognise for EUR 724, how do I raise a dispute? Not sure what to do.",ATM,dispute_ATM_withdrawal,"I will help you raise a dispute for the ATM withdrawal of EUR 724. Please go to Disputes in the app, select the transaction and choose ATM Cash Issue, then give the date, time and ATM location if you have them. We will investigate with the ATM operator and most cases are reviewed within a few working days. If the ATM did not dispense the cash, the amount is usually credited back to your account. If you need any further help, just let me know."
"Hi team, can you help me activate my card? It has not been used yet. Not sure what to do.",CARD,activate_card,"You can activate your card in two easy ways. In the mobile app, go to Cards, pick your card, and tap Activate. If you prefer, call the phone banking number printed on the back of the card and follow the voice prompts. After verification your card will be active within a few minutes."
urgent: can u transfer me to a human agent? thanks.,CONTACT,human_agent,"Of course. I will connect you with a human agent now. Please stay in this chat, and it helps if you briefly describe your issue so the agent can pick up straight away. Waiting times can vary, and if it is not urgent you can also request a call back at a time that suits you. Feel free to ask if you have any other questions."
Urgent: is there a branch in Paris?,FIND,find_branch,"Sure, here is how this works. To find a branch, enter your area or city in the Locator and choose Branches. Each listing shows the address, working hours and the services offered, such as loans or locker facilities. Most branches are open on weekdays and some are open on Saturday mornings. Let me know if there is anything more I can do for you."
"Quick question: I want to apply for a personal loan of 370,030 USD. I need this sorted today",LOAN,apply_for_loan,"To apply for a loan, go to Loans in the app and select the type of loan you need. Enter the amount and tenure, upload the required documents and submit. Your eligibility is based on income, existing commitments and credit score, and you will see a decision and an offer once the review is complete."
"There are transactions of GBP 883 on my card that I never made, I think my card was hacked. Not sure what to do.",PAYMENT_EXCEPTION,card_fraud_unauthorized_transaction,"Thank you for reporting this quickly. Your card should be blocked immediately to prevent more misuse, and the disputed transactions will be flagged for our fraud team. They will review the details, and where a transaction is confirmed as fraudulent the amount is normally returned to your account after the investigation. A specialist will reach out to collect a few more details. If you would like, I can connect you with a human agent right now."
"Hi, how do I send 156 dollars to a friend's account? Any idea what to do",TRANSFER,make_transfer,"To make a transfer, log in to the app or net banking and go to Transfers. Add the payee by entering the name, account number and bank code, then confirm the payee with a one-time code. Enter the amount of 156 dollars, choose the payment method, review the details and confirm. You will get a confirmation message with a reference number."
"Good morning, I lost my debit card and need to block it right now. Any idea what to do?",CARD,block_card,"I apologise for the trouble this has caused, let me help. To protect your money, block the card first. Use the app under Cards and Block, or call the 24 hour phone banking line and ask for an immediate block. Once blocked, please review your recent transactions and tell us about any you do not recognise so we can look into them. Please reach out again if anything is unclear."
"hey, can i get a loan for gbp 40,160 over 48 months? appreciate the help",LOAN,apply_for_loan,"To apply for a loan, go to Loans in the app and select the type of loan you need. Enter the amount and tenure, upload the required documents and submit. Your eligibility is based on income, existing commitments and credit score, and you will see a decision and an offer once the review is complete. Feel free to ask if you have any other questions."
Urgent: what is the annual fee for my debit card? Any idea what to do,CARD,check_card_annual_fee,"Of course, happy to help. The annual fee depends on the type of card you hold. You can see the exact amount for your debit card in the app under Cards and Card Details, and it is also listed in your welcome kit. The fee is normally charged once a year on the card anniversary date. Some cards offer a waiver if you reach a yearly spending target. Please reach out again if anything is unclear."
"Excuse me, a free trial with Airbnb turned into a monthly charge of GBP 234, help. Please advise.",PAYMENT_EXCEPTION,recurring_payment_unauthorized,"Sorry about the trouble. We can block future payments to the merchant on your card, and I can start a dispute for charges you did not authorise. Please share the dates and the amounts of the payments and any cancellation emails you have. A specialist will review whether the money can be recovered. Please keep your reference number safe, and reply here if you need anything else."
Quick question: how much is my monthly mortgage payment? Any idea what to do?,LOAN,check_mortgage_payments,"Your mortgage details are available under Loans. There you can view the payment amount, upcoming due dates, the balance still owed and a summary of interest paid. If your payment changes because of a rate change, we will notify you in advance. Let me know if there is anything more I can do for you."
"Hello there, please enable international transactions on my card ending 5349. Not sure what to do",CARD,activate_card_international_usage,"To use your card overseas, open Card Controls in the app and enable International Usage. It is a good idea to set a travel period and a daily limit. If you cannot use the app, phone banking can turn it on for you after verifying your identity. Let me know if there is anything more I can do for you."
"Please cancel my pending transfer of 1,410 dollars. Please help.",TRANSFER,cancel_transfer,"Absolutely, let me walk you through it. Please act quickly. For transfers that have not been processed yet, use Cancel next to the transfer in your pending list. For completed transfers, raise a recall request from the same screen or through customer service, and keep the transaction reference handy. We will update you as soon as we hear back from the other bank. Feel free to ask if you have any other questions."
"Hello there, what happens to my mortgage application if I cancel it now? Thanks.",LOAN,cancel_mortgage,"To cancel a mortgage application, send a withdrawal request with your application reference. Any costs already incurred for valuation or legal checks may not be refundable. We will confirm the cancellation in writing and close the file. I am here if you need anything else."
"Hi team, I was charged more than expected because of the exchange rate on my purchase in Mumbai. Thanks.",PAYMENT_EXCEPTION,currency_conversion_dispute,"Thanks for raising this. When you pay in a foreign currency, the amount is converted at the network exchange rate on the day the transaction is settled, and a foreign currency fee may also apply, so the final figure can differ from what you saw at the shop. Please check the transaction details in the app for the rate and fee that were used. If you believe the amount is wrong, we can raise a query and a specialist will review it. You can ask for a human agent at any time and I will arrange it."
I need help. How much deposit do I need for a mortgage? Can you help me with this?,LOAN,apply_for_mortgage,"Of course, happy to help. For a mortgage, the first step is to check how much you can borrow using the mortgage calculator in the app. Then submit an application with your identity, income and property details, and we will arrange a valuation of the property. After approval you receive a formal offer, and the funds are released to the seller once the legal formalities are complete. A deposit is usually needed, and the amount depends on the property value and your profile. If you need any further help, just let me know."
Quick question: I want to cancel my mortgage application. Thanks,LOAN,cancel_mortgage,"Thanks for reaching out, I can guide you through this. I can help you withdraw the mortgage application. Please contact our mortgage team through the app or at a branch and confirm the application reference. If the valuation or legal work has already started, some third party fees might still apply. Once cancelled, you will receive written confirmation."
How much do I still owe on my loan?,LOAN,check_loan_payments,"To check your loan payments, log in and open Loans, then choose the loan. You will see what you have paid so far, what is left, and the next due date. If you would like to pay extra to reduce the balance, there is an option to make a part payment on the same screen. I am here if you need anything else."
what do i need to do before closing my current account,ACCOUNT,close_account,"Of course, happy to help. I can explain how to close your current account. Please first clear any dues, cancel standing instructions and move the remaining balance to another account. Then submit a closure request through customer service or at a branch with valid identification. Once processed, you will receive written confirmation and the final statement. Please reach out again if anything is unclear."
"Urgent: I sent 211 USD to the wrong person, can I cancel the transfer? Any idea what to do?",TRANSFER,cancel_transfer,"If the transfer of 211 USD is still pending or scheduled, you can cancel it in the app. Go to Transfers, open Pending or Scheduled, select the transfer and tap Cancel. If it has already been completed, it cannot be cancelled directly, but you can raise a request and we will contact the receiving bank to ask for the money back. Success depends on the receiving bank and the account holder agreeing to return it."
please help: i want to cancel my debit card permanently. i need this sorted today.,CARD,cancel_card,"To cancel a card, go to Cards in the mobile app, select your debit card and choose Cancel Card, or contact customer service. Before we close it, please clear any outstanding balance and cancel recurring payments linked to the card. Once cancelled, the card cannot be used again, and you can request a new one later if you change your mind. Let me know if there is anything more I can do for you."
Where do I activate the platinum credit card I got yesterday? I need this sorted today,CARD,activate_card,"Sure, here is how this works. First, open the mobile app or net banking and go to the Cards section. Then select your platinum credit card and choose Activate Card. You will receive a one-time code on your registered mobile number, so enter it to confirm. Once that is done, the card is active and ready to use straight away. I am here if you need anything else."
"Hi, what are the eligibility criteria for a student loan? I need this sorted today",LOAN,apply_for_loan,"Certainly, I can help with that. You can apply for a student loan online or at a branch. Please keep your identity proof, address proof, recent salary slips or income proof, and bank statements ready. After you submit the application, we check your eligibility and credit history and share an offer with the interest rate and repayment plan. Once you accept, the money is usually credited within a few working days."
"I want to dispute an ATM withdrawal of INR 2,170 from last Friday.",ATM,dispute_ATM_withdrawal,"I will help you raise a dispute for the ATM withdrawal of INR 2,170. Please go to Disputes in the app, select the transaction and choose ATM Cash Issue, then give the date, time and ATM location if you have them. We will investigate with the ATM operator and most cases are reviewed within a few working days. If the ATM did not dispense the cash, the amount is usually credited back to your account."
"Hey, I found a recurring payment on my card that I dont recognise. Not sure what to do.",PAYMENT_EXCEPTION,recurring_payment_unauthorized,"Sorry about the trouble. We can block future payments to the merchant on your card, and I can start a dispute for charges you did not authorise. Please share the dates and the amounts of the payments and any cancellation emails you have. A specialist will review whether the money can be recovered. If you would like, I can connect you with a human agent right now."
"Hello, I never received the goods I paid GBP 967 for on IKEA, I want a chargeback. Can you help me with this?",PAYMENT_EXCEPTION,chargeback_request,"I am sorry about your experience. You can ask for a chargeback when goods or services were not delivered or were not as described. Please raise a dispute in the app for the GBP 967 payment to IKEA, and attach evidence such as the order confirmation, messages with the seller and photographs if relevant. We will review your case, contact the merchant, and update you on the outcome. We will keep you updated by message until this is resolved."
I need help. Why was my overseas payment blocked for a compliance review?,PAYMENT_EXCEPTION,international_transfer_compliance_hold,"I understand this is frustrating. International payments can be held for a routine compliance review, which is a regulatory requirement, and we may ask for supporting documents such as an invoice, contract or proof of source of funds. I cannot see the full details of the review in this chat, so I will pass your case to our payments compliance team, who will contact you about what is needed. Providing the documents promptly usually speeds things up. Please keep your reference number safe, and reply here if you need anything else."
"Hi team, I just received my credit card in the mail, how can I start using it? Can you help me with this?",CARD,activate_card,"First, open the mobile app or net banking and go to the Cards section. Then select your credit card and choose Activate Card. You will receive a one-time code on your registered mobile number, so enter it to confirm. Once that is done, the card is active and ready to use straight away."
I need help. Is there a fee if my balance drops below the minimum,FEES,check_fees,"Of course, happy to help. Fees depend on the type of account or service. You can find the full list in the app under Help and then Fees and Charges, including maintenance, ATM, transfer and card fees. If you tell me the specific service you are asking about, I can explain how that fee is calculated and when it applies. I am here if you need anything else."
Quick question: please tell me the reason my loan was denied.,RETAIL_EXCEPTION,loan_application_rejected_appeal,"I am sorry that your application was not approved. Decisions are based on factors such as income, existing debts, credit history and the value of the loan requested, and we can share the main reasons with you. You may ask for a review, especially if your circumstances have changed or if some information was missing. I will pass your request to a loans specialist who can explain the decision and suggest what may improve your chances next time. Please keep your reference number safe, and reply here if you need anything else."
"Hey, what is the process to allow foreign transactions on my card before my trip? Appreciate the help.",CARD,activate_card_international_usage,"Thanks for reaching out, I can guide you through this. To use your card overseas, open Card Controls in the app and enable International Usage. It is a good idea to set a travel period and a daily limit. If you cannot use the app, phone banking can turn it on for you after verifying your identity. If you need any further help, just let me know."
"Hello, starbucks said they refunded 1,510 USD 4 days ago but I have not received it. Appreciate the help.",PAYMENT_EXCEPTION,refund_not_received,"I am sorry for the wait. Refunds from merchants usually take between five and ten working days to appear, depending on the merchant and the card network. Please ask Starbucks for the refund reference number or acquirer reference number, which lets us trace it. Once you share it, we can check whether the credit was received and, if not, raise an enquiry with the merchant bank. Please keep your reference number safe, and reply here if you need anything else."
How do I send 913 USD to a friend's account? Please help.,TRANSFER,make_transfer,"You can send money in a few steps. Open Transfers, choose Send Money and select an existing payee or add a new one. Type in the amount, check the details carefully because transfers to the wrong account can be hard to reverse, and approve with your security code. Instant methods arrive within minutes, while standard transfers can take up to one working day."
"Transaction limit exceeded, can you increase my limit for today",PAYMENT_EXCEPTION,large_transaction_blocked,"Thank you for explaining. A large payment may exceed your set limit, or it may be waiting for extra verification. You can raise your limit in Card Controls after authentication, and the security team can release a held transaction after checking with you. Since it is time sensitive, shall I connect you to an agent now? You can ask for a human agent at any time and I will arrange it."
"Hi, find me a cash machine close to me. Appreciate the help.",FIND,find_ATM,"Of course, happy to help. To locate an ATM, open the Locator in the app or on our website and search by city or landmark. Filters help you find machines that offer deposits, cheque drops or extended hours. Please remember that using an ATM outside our network may attract a fee. Let me know if there is anything more I can do for you."
"Hi team, my income has dropped, can you restructure my home loan? Please advise.",RETAIL_EXCEPTION,loan_hardship_request,"Thank you for being open about this. We treat hardship requests seriously and with respect. A specialist will contact you to understand your circumstances and explore ways to reduce the pressure, for example a payment break or revised repayment plan. They may ask for proof of the change in your income. Nothing is decided in this chat, but I will raise it as a priority. You can ask for a human agent at any time and I will arrange it."
"Good morning, I am abroad and my platinum credit card stopped working at the shop, please help now. Please advise.",PAYMENT_EXCEPTION,card_declined_while_travelling,"I am sorry you are stuck, and I will help as quickly as possible. Cards are sometimes declined abroad because international usage is off, a limit has been reached, or a security check was triggered. Please open the app and check Card Controls for your platinum credit card, and approve any security alert you received. If it still fails, I can connect you to our 24 hour support line so an agent can unblock the card or arrange emergency cash. We will keep you updated by message until this is resolved."
"Excuse me, my platinum credit card does not work outside the country, how do I switch on overseas payments? Please help.",CARD,activate_card_international_usage,"International usage can be switched on from the mobile app. Go to Cards, select your platinum credit card, open Card Controls and turn on International Transactions. You can also set the dates of your trip and a spending limit for extra safety. Changes usually take effect within a few minutes, so please do it before you leave."
"Hi team, I want to talk to a real person. Not sure what to do.",CONTACT,human_agent,"Of course. I will connect you with a human agent now. Please stay in this chat, and it helps if you briefly describe your issue so the agent can pick up straight away. Waiting times can vary, and if it is not urgent you can also request a call back at a time that suits you."
"Excuse me, my card got stuck in the machine yesterday. Thanks",ATM,recover_swallowed_card,"I am sorry that the ATM kept your card. For your safety, I suggest blocking the card right away in the app. We will then arrange either collection from the ATM branch with identification or a replacement card sent to your address, usually within a few working days."
"Excuse me, what is the fastest way to send money to someone? Not sure what to do.",TRANSFER,make_transfer,"You can send money in a few steps. Open Transfers, choose Send Money and select an existing payee or add a new one. Type in the amount, check the details carefully because transfers to the wrong account can be hard to reverse, and approve with your security code. Instant methods arrive within minutes, while standard transfers can take up to one working day. Feel free to ask if you have any other questions."
"Hi team, when is my card annual fee charged and can it be waived? Can you help me with this?",CARD,check_card_annual_fee,"Absolutely, let me walk you through it. Annual fees vary by card, and many cards waive the fee after a certain level of yearly spending. Please check Fees and Charges for your card in the app to see your amount and the anniversary date. If you would like to ask about a waiver, customer service can review your eligibility."
"Hello, where is the nearest ATM",FIND,find_ATM,"Sure, here is how this works. To locate an ATM, open the Locator in the app or on our website and search by city or landmark. Filters help you find machines that offer deposits, cheque drops or extended hours. Please remember that using an ATM outside our network may attract a fee."
"Excuse me, how can I change my password to something stronger? I need this sorted today",PASSWORD,set_up_password,"Of course, happy to help. New customers can create a password using the First Time Login option. Enter your customer ID, verify with a one-time code, then choose a password that meets the rules shown on screen. Please do not share it with anyone, including bank staff. I am here if you need anything else."
"Hello, the ATM swallowed my card, what should I do? Any idea what to do",ATM,recover_swallowed_card,"I am sorry that the ATM kept your card. For your safety, I suggest blocking the card right away in the app. We will then arrange either collection from the ATM branch with identification or a replacement card sent to your address, usually within a few working days."
"I do not want a bot, please connect me to an advisor. Please advise.",CONTACT,human_agent,"Of course. I will connect you with a human agent now. Please stay in this chat, and it helps if you briefly describe your issue so the agent can pick up straight away. Waiting times can vary, and if it is not urgent you can also request a call back at a time that suits you. I am here if you need anything else."
Quick question: what is the annual fee for my credit card? I need this sorted today.,CARD,check_card_annual_fee,"Thanks for reaching out, I can guide you through this. Annual fees vary by card, and many cards waive the fee after a certain level of yearly spending. Please check Fees and Charges for your card in the app to see your amount and the anniversary date. If you would like to ask about a waiver, customer service can review your eligibility. Let me know if there is anything more I can do for you."
Quick question: pls guide me through creating a new account,ACCOUNT,create_account,"Of course, happy to help. To start, choose the type of account that suits you, then fill in the application form online. You will need identity and address documents, and you may complete a short video verification. Once approved, your account details arrive by message and email, and your debit card is sent to your address. I am here if you need anything else."
How do I open a student account? Please advise,ACCOUNT,create_account,"Of course, happy to help. To start, choose the type of account that suits you, then fill in the application form online. You will need identity and address documents, and you may complete a short video verification. Once approved, your account details arrive by message and email, and your debit card is sent to your address."
"hello there, how do i withdraw my loan request? any idea what to do?",LOAN,cancel_loan,"Certainly, I can help with that. To cancel a loan application, tell us which application you mean and we will stop the process. Before disbursal there is normally no cost. After disbursal, the loan must be closed by repaying the outstanding amount, and we will give you the exact figure and any applicable charges. Feel free to ask if you have any other questions."
Please help: cash was not dispensed at the ATM yet my account was debited. I need this sorted today.,ATM,dispute_ATM_withdrawal,"Sorry about the trouble with the ATM. Please keep the receipt if you have one and raise a dispute through the app or by calling customer service. We will check the ATM records for the withdrawal and update you by message. If the money is confirmed as not dispensed, it will be returned to your account."
"Good evening, can I cancel a scheduled transfer for next week? Any idea what to do",TRANSFER,cancel_transfer,"Certainly, I can help with that. Please act quickly. For transfers that have not been processed yet, use Cancel next to the transfer in your pending list. For completed transfers, raise a recall request from the same screen or through customer service, and keep the transaction reference handy. We will update you as soon as we hear back from the other bank."
Urgent: returned the item to Expedia and still no money back. I need this sorted today.,PAYMENT_EXCEPTION,refund_not_received,"I am sorry for the wait. Refunds from merchants usually take between five and ten working days to appear, depending on the merchant and the card network. Please ask Expedia for the refund reference number or acquirer reference number, which lets us trace it. Once you share it, we can check whether the credit was received and, if not, raise an enquiry with the merchant bank. We will keep you updated by message until this is resolved."
"My travel card does not work outside the country, how do I switch on overseas payments? Please advise.",CARD,activate_card_international_usage,"To use your card overseas, open Card Controls in the app and enable International Usage. It is a good idea to set a travel period and a daily limit. If you cannot use the app, phone banking can turn it on for you after verifying your identity. If you need any further help, just let me know."
"i sent $1,290 to the wrong person, can i cancel the transfer? can you help me with this",TRANSFER,cancel_transfer,"Thanks for reaching out, I can guide you through this. If the transfer of $1,290 is still pending or scheduled, you can cancel it in the app. Go to Transfers, open Pending or Scheduled, select the transfer and tap Cancel. If it has already been completed, it cannot be cancelled directly, but you can raise a request and we will contact the receiving bank to ask for the money back. Success depends on the receiving bank and the account holder agreeing to return it. If you need any further help, just let me know."
Please help: what is the outstanding balance on my student loan? Please help.,LOAN,check_loan_payments,"Certainly, I can help with that. You can see your repayment details in the app under Loans. Select your student loan to view the instalment amount, the next due date, the number of payments remaining and the total outstanding balance. The full repayment schedule can also be downloaded as a document. Let me know if there is anything more I can do for you."
Urgent: I want to check if the payment I made earlier today has gone through. Not sure what to do.,ACCOUNT,check_recent_transactions,"Absolutely, let me walk you through it. To review your recent activity, log in and choose the account, then select Recent Transactions. Pending items are shown separately from completed ones. If something looks unfamiliar, tap it to see the details and report it directly from that screen. If you need any further help, just let me know."
"good morning, can i get a loan for inr 354,620 over 12 months? any idea what to do?",LOAN,apply_for_loan,"Absolutely, let me walk you through it. To apply for a loan, go to Loans in the app and select the type of loan you need. Enter the amount and tenure, upload the required documents and submit. Your eligibility is based on income, existing commitments and credit score, and you will see a decision and an offer once the review is complete. If you need any further help, just let me know."
"Excuse me, I want to close my savings account. Thanks",ACCOUNT,close_account,"I can explain how to close your savings account. Please first clear any dues, cancel standing instructions and move the remaining balance to another account. Then submit a closure request through customer service or at a branch with valid identification. Once processed, you will receive written confirmation and the final statement. Feel free to ask if you have any other questions."
"Hello, I want to know my outstanding amount on the credit card. Appreciate the help.",CARD,check_current_balance_on_card,"To check your balance, log in to net banking or the app and open Cards. The card summary shows your current balance, available credit and the last statement amount. Balances update in near real time, but very recent transactions can take a short while to appear. Please reach out again if anything is unclear."
"Hello there, what are the rules for choosing a password? Can you help me with this",PASSWORD,set_up_password,"New customers can create a password using the First Time Login option. Enter your customer ID, verify with a one-time code, then choose a password that meets the rules shown on screen. Please do not share it with anyone, including bank staff. Please reach out again if anything is unclear."
"Hi, what are the opening hours of the branch near the airport? Appreciate the help.",FIND,find_branch,"Sure, here is how this works. You can find branches using the Locator in the app or on our website. Search by city or a landmark like the airport, and you will see the address, opening hours and services available at each branch. Many branches allow you to book an appointment in advance, which reduces waiting time."
"Hello, I would like to stop my card, it has an annual fee I do not want to pay. Please help.",CARD,cancel_card,I can guide you through cancelling your card. First check that there are no pending transactions or unpaid dues. Then submit a cancellation request through the app or by phone banking. You will get a confirmation message once the card is closed. Please reach out again if anything is unclear.
"hello, how do i withdraw my loan request? not sure what to do.",LOAN,cancel_loan,"Sure, here is how this works. To cancel a loan application, tell us which application you mean and we will stop the process. Before disbursal there is normally no cost. After disbursal, the loan must be closed by repaying the outstanding amount, and we will give you the exact figure and any applicable charges. Feel free to ask if you have any other questions."
"Hi team, my international transfer of $1,970 to Paris is on hold and nobody tells me why.",PAYMENT_EXCEPTION,international_transfer_compliance_hold,"I understand this is frustrating. International payments can be held for a routine compliance review, which is a regulatory requirement, and we may ask for supporting documents such as an invoice, contract or proof of source of funds. I cannot see the full details of the review in this chat, so I will pass your case to our payments compliance team, who will contact you about what is needed. Providing the documents promptly usually speeds things up. You can ask for a human agent at any time and I will arrange it."
What fees do you charge on my account? Any idea what to do,FEES,check_fees,"Absolutely, let me walk you through it. I can help you understand the charges. Common fees include monthly maintenance, foreign transaction fees, ATM use outside our network and penalties for low balance. Your latest statement shows every fee that has been applied, and customer service can review any fee you believe was charged in error."
Urgent: can you help me activate my card? It has not been used yet. Thanks,CARD,activate_card,"You can activate your card in two easy ways. In the mobile app, go to Cards, pick your card, and tap Activate. If you prefer, call the phone banking number printed on the back of the card and follow the voice prompts. After verification your card will be active within a few minutes. I am here if you need anything else."
"Hello, can I cancel a scheduled transfer for next week? Thank you.",TRANSFER,cancel_transfer,"Please act quickly. For transfers that have not been processed yet, use Cancel next to the transfer in your pending list. For completed transfers, raise a recall request from the same screen or through customer service, and keep the transaction reference handy. We will update you as soon as we hear back from the other bank. Feel free to ask if you have any other questions."
"Good evening, the bank stopped my big payment for 44,700 USD, why? Any idea what to do?",PAYMENT_EXCEPTION,large_transaction_blocked,"I understand the urgency. Large payments can be blocked because they go over your daily limit or because our security systems flagged them for extra checks. I cannot release a held payment from this chat, but I can help you confirm it is genuine. Please approve any alert on your app, or I can connect you to a specialist who will verify you and, where possible, release the payment or raise your limit temporarily."
"Please help: the ATM swallowed my card, what should I do? Please advise",ATM,recover_swallowed_card,"Please do not worry, this happens sometimes. First, block the card in the app as a precaution until you have it back. Then contact the branch that owns the ATM or call customer service, and we will check if the card was retained by the machine. If it can be recovered you may collect it with valid photo ID, otherwise we will issue a replacement card to you. If you need any further help, just let me know."
"good morning, i need to transfer money to another bank, what are the steps? thank you",TRANSFER,make_transfer,"You can send money in a few steps. Open Transfers, choose Send Money and select an existing payee or add a new one. Type in the amount, check the details carefully because transfers to the wrong account can be hard to reverse, and approve with your security code. Instant methods arrive within minutes, while standard transfers can take up to one working day."
"excuse me, how much is my monthly mortgage payment? thank you.",LOAN,check_mortgage_payments,"Certainly, I can help with that. In the app, open Loans and select your mortgage to see your monthly payment, the next due date, the remaining balance and the split between interest and principal. Statements and a yearly interest certificate can also be downloaded from the documents section."
"Please help: I cannot log in to net banking, I do not remember my password. Please help",PASSWORD,get_password,"I am sorry you are locked out. On the login page, tap Forgot Password and enter your customer ID. We will send a one-time code to your registered mobile number, and after you enter it you can choose a new password. For security reasons we can never tell you your old password."
"Hi, we decided not to buy the house, how do I cancel the mortgage? Not sure what to do.",LOAN,cancel_mortgage,"Absolutely, let me walk you through it. To cancel a mortgage application, send a withdrawal request with your application reference. Any costs already incurred for valuation or legal checks may not be refundable. We will confirm the cancellation in writing and close the file. I am here if you need anything else."
Urgent: I would like to apply for a home loan. Please help.,LOAN,apply_for_mortgage,"Applying for a home loan involves a few stages: an initial eligibility check, document submission, property valuation, formal approval and legal completion. A mortgage adviser can guide you at each stage. You can begin by booking a call from the Loans section of the app."
"Hey, how can I withdraw my home loan request? Pls help.",LOAN,cancel_mortgage,"To cancel a mortgage application, send a withdrawal request with your application reference. Any costs already incurred for valuation or legal checks may not be refundable. We will confirm the cancellation in writing and close the file. If you need any further help, just let me know."
Is there a live chat with the bank,CONTACT,customer_service,"You can reach customer service by phone banking, through secure chat in the mobile app, or by email through the Contact Us section. Phone and chat support are available round the clock for urgent matters such as blocking a card, and other requests are handled during business hours. Please keep your customer ID handy so we can help you faster."
"Hi team, please help me recover my login details. I need this sorted today.",PASSWORD,get_password,"You can recover access in a few steps. Select Forgot Password on the login screen, verify your identity with the one-time code sent to your registered number, and set a new password. If you no longer have access to that number, please visit a branch with your identification to update it."
"Hello, payment stuck in processing for 7 days and my rent is due. Can u help me with this",PAYMENT_EXCEPTION,transfer_pending_stuck,"Sorry for the delay. A transfer can stay pending if the receiving bank is slow, if the details do not match, or if the payment is under review. I have noted the delay and a specialist team will trace the payment. If it cannot be completed, the money is returned to your account."
"Hi team, please tell me the current balance on the card ending 4514. Can you help me with this?",CARD,check_current_balance_on_card,"To check your balance, log in to net banking or the app and open Cards. The card summary shows your current balance, available credit and the last statement amount. Balances update in near real time, but very recent transactions can take a short while to appear."
"Quick question: why was I charged a fee of GBP 2,890 this month? Thank you.",FEES,check_fees,"Sure, here is how this works. I can help you understand the charges. Common fees include monthly maintenance, foreign transaction fees, ATM use outside our network and penalties for low balance. Your latest statement shows every fee that has been applied, and customer service can review any fee you believe was charged in error. Let me know if there is anything more I can do for you."
Quick question: can you explain the steps for a home loan application? Not sure what to do.,LOAN,apply_for_mortgage,"Certainly, I can help with that. For a mortgage, the first step is to check how much you can borrow using the mortgage calculator in the app. Then submit an application with your identity, income and property details, and we will arrange a valuation of the property. After approval you receive a formal offer, and the funds are released to the seller once the legal formalities are complete. A deposit is usually needed, and the amount depends on the property value and your profile. I am here if you need anything else."
"Hello there, I want to close my salary account. Can you help me with this?",ACCOUNT,close_account,"I can explain how to close your salary account. Please first clear any dues, cancel standing instructions and move the remaining balance to another account. Then submit a closure request through customer service or at a branch with valid identification. Once processed, you will receive written confirmation and the final statement. Please reach out again if anything is unclear."
"Hello, please block my card ending 9060, I think it was stolen. Not sure what to do.",CARD,block_card,"I apologise for the trouble this has caused, let me help. You can block the card immediately in the mobile app. Go to Cards, choose the card and tap Block Card, then pick Lost or Stolen as the reason. The card stops working straight away and any new transactions are declined. We will then help you order a replacement, which usually arrives in a few working days. I am here if you need anything else."
Please help: is there a fee if my balance drops below the minimum?,FEES,check_fees,"Fees depend on the type of account or service. You can find the full list in the app under Help and then Fees and Charges, including maintenance, ATM, transfer and card fees. If you tell me the specific service you are asking about, I can explain how that fee is calculated and when it applies. Feel free to ask if you have any other questions."
"Good evening, I want to reverse the payment I just made, is that possible? Appreciate the help.",TRANSFER,cancel_transfer,"Please act quickly. For transfers that have not been processed yet, use Cancel next to the transfer in your pending list. For completed transfers, raise a recall request from the same screen or through customer service, and keep the transaction reference handy. We will update you as soon as we hear back from the other bank."
how do i stop a transfer i made last friday? appreciate the help.,TRANSFER,cancel_transfer,"Certainly, I can help with that. Please act quickly. For transfers that have not been processed yet, use Cancel next to the transfer in your pending list. For completed transfers, raise a recall request from the same screen or through customer service, and keep the transaction reference handy. We will update you as soon as we hear back from the other bank."
Tell me about the monthly maintenance fees on my business account. Pls advise.,FEES,check_fees,"I can help you understand the charges. Common fees include monthly maintenance, foreign transaction fees, ATM use outside our network and penalties for low balance. Your latest statement shows every fee that has been applied, and customer service can review any fee you believe was charged in error. I am here if you need anything else."
"Why was I charged a fee of INR 1,160 this month? I need this sorted today.",FEES,check_fees,"Fees depend on the type of account or service. You can find the full list in the app under Help and then Fees and Charges, including maintenance, ATM, transfer and card fees. If you tell me the specific service you are asking about, I can explain how that fee is calculated and when it applies. Feel free to ask if you have any other questions."
"Quick question: the ATM swallowed my card, what should I do? I need this sorted today.",ATM,recover_swallowed_card,"I am sorry that the ATM kept your card. For your safety, I suggest blocking the card right away in the app. We will then arrange either collection from the ATM branch with identification or a replacement card sent to your address, usually within a few working days. If you need any further help, just let me know."
Please help: can I cancel my loan after it was approved but before receiving the money? Please advise.,LOAN,cancel_loan,"To cancel a loan application, tell us which application you mean and we will stop the process. Before disbursal there is normally no cost. After disbursal, the loan must be closed by repaying the outstanding amount, and we will give you the exact figure and any applicable charges. I am here if you need anything else."
"quick question: help, the cash machine did not return my card.",ATM,recover_swallowed_card,"Please do not worry, this happens sometimes. First, block the card in the app as a precaution until you have it back. Then contact the branch that owns the ATM or call customer service, and we will check if the card was retained by the machine. If it can be recovered you may collect it with valid photo ID, otherwise we will issue a replacement card to you."
"Hey, I am behind on my mortgage payments and worried about losing my home. Appreciate the help.",RETAIL_EXCEPTION,mortgage_arrears_support,"Thank you for reaching out. Falling behind on a mortgage is stressful, and there are steps we can explore together. A mortgage support specialist will review your account, your income and expenses, and discuss a plan that suits you. I am raising this as urgent so they contact you soon. If you would like, I can connect you with a human agent right now."
"Good evening, somebody used my travel card to buy things I dont recognise, this is fraud. Pls help.",PAYMENT_EXCEPTION,card_fraud_unauthorized_transaction,"Thank you for reporting this quickly. Your card should be blocked immediately to prevent more misuse, and the disputed transactions will be flagged for our fraud team. They will review the details, and where a transaction is confirmed as fraudulent the amount is normally returned to your account after the investigation. A specialist will reach out to collect a few more details. If you would like, I can connect you with a human agent right now."
"hi, is there a fee if my balance drops below the minimum?",FEES,check_fees,"Fees depend on the type of account or service. You can find the full list in the app under Help and then Fees and Charges, including maintenance, ATM, transfer and card fees. If you tell me the specific service you are asking about, I can explain how that fee is calculated and when it applies. Feel free to ask if you have any other questions."
"i just received my platinum credit card in the mail, how can i start using it? can you help me with this?",CARD,activate_card,"You can activate your card in two easy ways. In the mobile app, go to Cards, pick your card, and tap Activate. If you prefer, call the phone banking number printed on the back of the card and follow the voice prompts. After verification your card will be active within a few minutes. Please reach out again if anything is unclear."
"Good evening, the ATM kept my platinum credit card and I cannot get it back.",ATM,recover_swallowed_card,"Please do not worry, this happens sometimes. First, block the card in the app as a precaution until you have it back. Then contact the branch that owns the ATM or call customer service, and we will check if the card was retained by the machine. If it can be recovered you may collect it with valid photo ID, otherwise we will issue a replacement card to you."
Please cancel the loan I applied for last Friday. I need this sorted today.,LOAN,cancel_loan,"To cancel a loan application, tell us which application you mean and we will stop the process. Before disbursal there is normally no cost. After disbursal, the loan must be closed by repaying the outstanding amount, and we will give you the exact figure and any applicable charges. If you need any further help, just let me know."
"Hi team, what happens if I cancel my prepaid card, and how do I do it?",CARD,cancel_card,"Absolutely, let me walk you through it. To cancel a card, go to Cards in the mobile app, select your prepaid card and choose Cancel Card, or contact customer service. Before we close it, please clear any outstanding balance and cancel recurring payments linked to the card. Once cancelled, the card cannot be used again, and you can request a new one later if you change your mind. Feel free to ask if you have any other questions."
"Hello, where is the nearest ATM? Please advise",FIND,find_ATM,"To locate an ATM, open the Locator in the app or on our website and search by city or landmark. Filters help you find machines that offer deposits, cheque drops or extended hours. Please remember that using an ATM outside our network may attract a fee. I am here if you need anything else."
"Good morning, how much is my monthly mortgage payment? Can you help me with this?",LOAN,check_mortgage_payments,"Of course, happy to help. In the app, open Loans and select your mortgage to see your monthly payment, the next due date, the remaining balance and the split between interest and principal. Statements and a yearly interest certificate can also be downloaded from the documents section. I am here if you need anything else."
"Hi, my wire transfer has been under review for 4 days, I need the money urgently.",PAYMENT_EXCEPTION,international_transfer_compliance_hold,"Thank you for your patience. Some cross border payments are checked before release, and I am not able to share the specific reason for a review. Please keep supporting documents ready. I am escalating your transfer to a specialist team, who will tell you what is required and the expected timing. You can ask for a human agent at any time and I will arrange it."
I need help. Show me my recent activity on the student account. Thanks.,ACCOUNT,check_recent_transactions,"To review your recent activity, log in and choose the account, then select Recent Transactions. Pending items are shown separately from completed ones. If something looks unfamiliar, tap it to see the details and report it directly from that screen."
"please help: i would like to stop my card, it has an annual fee i do not want to pay.",CARD,cancel_card,"Of course, happy to help. I can guide you through cancelling your card. First check that there are no pending transactions or unpaid dues. Then submit a cancellation request through the app or by phone banking. You will get a confirmation message once the card is closed. Please reach out again if anything is unclear."
"excuse me, how can i contact customer service? not sure what to do.",CONTACT,customer_service,"Certainly, I can help with that. There are several ways to contact us. The quickest is the chat option in the app, which is available all day. You can also call the number printed on the back of your card or on our website, or visit any branch during opening hours. Let me know if there is anything more I can do for you."
"hello there, how do i set up a password for net banking?",PASSWORD,set_up_password,"Of course, happy to help. To set up or change your password, log in and go to Settings and then Security. Choose Change Password, enter your current password, and type the new one twice. A strong password uses at least eight characters with a mix of letters, numbers and symbols, and should not include your name or birth date."
"Hello, sent $1,410 to a stranger by mistake three days ago. Thank you.",PAYMENT_EXCEPTION,transfer_wrong_account,"Please stay calm, and thank you for telling us quickly, because speed matters. Payments to a wrong account cannot always be reversed, but we can send a recall request to the receiving bank for the $1,410. Please share the transaction reference, the date and the account number you used. We will contact the other bank and, if the account holder agrees or the funds are still available, the money can be returned."
Quick question: how much do I still owe on my loan,LOAN,check_loan_payments,"To check your loan payments, log in and open Loans, then choose the loan. You will see what you have paid so far, what is left, and the next due date. If you would like to pay extra to reduce the balance, there is an option to make a part payment on the same screen. If you need any further help, just let me know."
"Hi, my wire transfer has been under review for 10 days, I need the money urgently. Please advise.",PAYMENT_EXCEPTION,international_transfer_compliance_hold,"Thank you for your patience. Some cross border payments are checked before release, and I am not able to share the specific reason for a review. Please keep supporting documents ready. I am escalating your transfer to a specialist team, who will tell you what is required and the expected timing. If you would like, I can connect you with a human agent right now."
"my payment of eur 21,220 was blocked and i need it to go through today. appreciate the help.",PAYMENT_EXCEPTION,large_transaction_blocked,"Thank you for explaining. A large payment may exceed your set limit, or it may be waiting for extra verification. You can raise your limit in Card Controls after authentication, and the security team can release a held transaction after checking with you. Since it is time sensitive, shall I connect you to an agent now? You can ask for a human agent at any time and I will arrange it."
What happens to my mortgage application if I cancel it now? Not sure what to do,LOAN,cancel_mortgage,"To cancel a mortgage application, send a withdrawal request with your application reference. Any costs already incurred for valuation or legal checks may not be refundable. We will confirm the cancellation in writing and close the file."
I need help. How do I stop a transfer I made two days ago? Thanks.,TRANSFER,cancel_transfer,"Sure, here is how this works. Please act quickly. For transfers that have not been processed yet, use Cancel next to the transfer in your pending list. For completed transfers, raise a recall request from the same screen or through customer service, and keep the transaction reference handy. We will update you as soon as we hear back from the other bank. Let me know if there is anything more I can do for you."
Please help: please help me make a transfer of EUR 259 today.,TRANSFER,make_transfer,"Of course, happy to help. To make a transfer, log in to the app or net banking and go to Transfers. Add the payee by entering the name, account number and bank code, then confirm the payee with a one-time code. Enter the amount of EUR 259, choose the payment method, review the details and confirm. You will get a confirmation message with a reference number. Please reach out again if anything is unclear."
"Hey, the bank refused my mortgage even though I have a stable income.",RETAIL_EXCEPTION,loan_application_rejected_appeal,"I am sorry that your application was not approved. Decisions are based on factors such as income, existing debts, credit history and the value of the loan requested, and we can share the main reasons with you. You may ask for a review, especially if your circumstances have changed or if some information was missing. I will pass your request to a loans specialist who can explain the decision and suggest what may improve your chances next time. If anything changes in the meantime, please let us know straight away."
"Quick question: I need to transfer money to another bank, what are the steps? Thank you",TRANSFER,make_transfer,"You can send money in a few steps. Open Transfers, choose Send Money and select an existing payee or add a new one. Type in the amount, check the details carefully because transfers to the wrong account can be hard to reverse, and approve with your security code. Instant methods arrive within minutes, while standard transfers can take up to one working day. If you need any further help, just let me know."
"Hello there, how do I open a joint account? Thank you.",ACCOUNT,create_account,"Absolutely, let me walk you through it. To start, choose the type of account that suits you, then fill in the application form online. You will need identity and address documents, and you may complete a short video verification. Once approved, your account details arrive by message and email, and your debit card is sent to your address."
"My salary came late and I was penalised, can you reverse the fee? Any idea what to do?",RETAIL_EXCEPTION,overdraft_fee_dispute,"Thanks for explaining. To review the fee, we need to see the order in which the deposit and the payments were processed. I will raise a request for the fee to be reviewed, and you will hear back with the outcome. In some cases, especially after a delayed salary, the fee can be waived."
"Good morning, how can I check how much credit I have left on my card? Appreciate the help",CARD,check_current_balance_on_card,"Sure, here is how this works. To check your balance, log in to net banking or the app and open Cards. The card summary shows your current balance, available credit and the last statement amount. Balances update in near real time, but very recent transactions can take a short while to appear. Let me know if there is anything more I can do for you."
"Good evening, I just received my travel card in the mail, how can I start using it? Appreciate the help.",CARD,activate_card,"Sure, here is how this works. First, open the mobile app or net banking and go to the Cards section. Then select your travel card and choose Activate Card. You will receive a one-time code on your registered mobile number, so enter it to confirm. Once that is done, the card is active and ready to use straight away. Please reach out again if anything is unclear."
"Double debit on my card for Booking.com, please fix. Can you help me with this?",PAYMENT_EXCEPTION,duplicate_charge,"Thanks for letting us know. Please keep proof of your purchase and, if possible, the merchant receipt. We will open a dispute for the duplicate payment, and a specialist will review it with the merchant. Refunds usually take several working days once the duplicate is confirmed."
"Excuse me, can I cancel a scheduled transfer for next week? Appreciate the help",TRANSFER,cancel_transfer,"Please act quickly. For transfers that have not been processed yet, use Cancel next to the transfer in your pending list. For completed transfers, raise a recall request from the same screen or through customer service, and keep the transaction reference handy. We will update you as soon as we hear back from the other bank."
"excuse me, how can i reset my forgotten mobile banking password? can you help me with this?",PASSWORD,get_password,"You can recover access in a few steps. Select Forgot Password on the login screen, verify your identity with the one-time code sent to your registered number, and set a new password. If you no longer have access to that number, please visit a branch with your identification to update it. If you need any further help, just let me know."
"Hello, please tell me the current balance on the card ending 6414",CARD,check_current_balance_on_card,"To check your balance, log in to net banking or the app and open Cards. The card summary shows your current balance, available credit and the last statement amount. Balances update in near real time, but very recent transactions can take a short while to appear. Please reach out again if anything is unclear."
"Hey, I was charged more than expected because of the exchange rate on my purchase in Dubai. Can you help me with this?",PAYMENT_EXCEPTION,currency_conversion_dispute,"I understand the surprise. The debited amount comes from the exchange rate at the time of settlement, plus any conversion charges, and the shop may also offer to charge in your home currency at their own rate. I can flag your transaction for review so a specialist can confirm whether the correct rate was applied. Please keep your reference number safe, and reply here if you need anything else."
"Good evening, how much do I pay every year to keep my card? Thank you.",CARD,check_card_annual_fee,"Annual fees vary by card, and many cards waive the fee after a certain level of yearly spending. Please check Fees and Charges for your card in the app to see your amount and the anniversary date. If you would like to ask about a waiver, customer service can review your eligibility."
I need help. I want to know how many payments are left on my loan. Can you help me with this?,LOAN,check_loan_payments,"Of course, happy to help. To check your loan payments, log in and open Loans, then choose the loan. You will see what you have paid so far, what is left, and the next due date. If you would like to pay extra to reduce the balance, there is an option to make a part payment on the same screen. I am here if you need anything else."
Pls help: I want to check if the payment I made last week has gone through. I need this sorted today.,ACCOUNT,check_recent_transactions,"To review your recent activity, log in and choose the account, then select Recent Transactions. Pending items are shown separately from completed ones. If something looks unfamiliar, tap it to see the details and report it directly from that screen. Feel free to ask if you have any other questions."
How much is the fee for an international transfer? Please advise,FEES,check_fees,"I can help you understand the charges. Common fees include monthly maintenance, foreign transaction fees, ATM use outside our network and penalties for low balance. Your latest statement shows every fee that has been applied, and customer service can review any fee you believe was charged in error."
"Hi, I want to dispute an ATM withdrawal of 2,420 dollars from earlier today. Appreciate the help.",ATM,dispute_ATM_withdrawal,"Sorry about the trouble with the ATM. Please keep the receipt if you have one and raise a dispute through the app or by calling customer service. We will check the ATM records for the withdrawal and update you by message. If the money is confirmed as not dispensed, it will be returned to your account."
"hey, what is the remaining balance on my mortgage? thank you.",LOAN,check_mortgage_payments,"In the app, open Loans and select your mortgage to see your monthly payment, the next due date, the remaining balance and the split between interest and principal. Statements and a yearly interest certificate can also be downloaded from the documents section. If you need any further help, just let me know."
"Excuse me, is there a branch in Dubai? Any idea what to do?",FIND,find_branch,"To find a branch, enter your area or city in the Locator and choose Branches. Each listing shows the address, working hours and the services offered, such as loans or locker facilities. Most branches are open on weekdays and some are open on Saturday mornings. Let me know if there is anything more I can do for you."
"Hello, please block my card ending 0808, I think it was stolen. Any idea what to do",CARD,block_card,"I am sorry to hear about this and I want to help sort it out. You can block the card immediately in the mobile app. Go to Cards, choose the card and tap Block Card, then pick Lost or Stolen as the reason. The card stops working straight away and any new transactions are declined. We will then help you order a replacement, which usually arrives in a few working days. Feel free to ask if you have any other questions."
"hello, how can i add a new payee and transfer funds? any idea what to do?",TRANSFER,make_transfer,"Certainly, I can help with that. You can send money in a few steps. Open Transfers, choose Send Money and select an existing payee or add a new one. Type in the amount, check the details carefully because transfers to the wrong account can be hard to reverse, and approve with your security code. Instant methods arrive within minutes, while standard transfers can take up to one working day. I am here if you need anything else."
Urgent: how can I check how much credit I have left on my card?,CARD,check_current_balance_on_card,"Absolutely, let me walk you through it. To check your balance, log in to net banking or the app and open Cards. The card summary shows your current balance, available credit and the last statement amount. Balances update in near real time, but very recent transactions can take a short while to appear."
"Can I get a loan for $269,380 over 24 months?",LOAN,apply_for_loan,"To apply for a loan, go to Loans in the app and select the type of loan you need. Enter the amount and tenure, upload the required documents and submit. Your eligibility is based on income, existing commitments and credit score, and you will see a decision and an offer once the review is complete. Let me know if there is anything more I can do for you."
please help: when is my next personal loan instalment due? not sure what to do,LOAN,check_loan_payments,"You can see your repayment details in the app under Loans. Select your personal loan to view the instalment amount, the next due date, the number of payments remaining and the total outstanding balance. The full repayment schedule can also be downloaded as a document. If you need any further help, just let me know."
"Good evening, my card got stuck in the machine last Friday. Please help.",ATM,recover_swallowed_card,"I am sorry that the ATM kept your card. For your safety, I suggest blocking the card right away in the app. We will then arrange either collection from the ATM branch with identification or a replacement card sent to your address, usually within a few working days."
"excuse me, i want to know how many payments are left on my loan. any idea what to do?",LOAN,check_loan_payments,"Of course, happy to help. To check your loan payments, log in and open Loans, then choose the loan. You will see what you have paid so far, what is left, and the next due date. If you would like to pay extra to reduce the balance, there is an option to make a part payment on the same screen."
I need help. How can I contact customer service? I need this sorted today,CONTACT,customer_service,"Thanks for reaching out, I can guide you through this. There are several ways to contact us. The quickest is the chat option in the app, which is available all day. You can also call the number printed on the back of your card or on our website, or visit any branch during opening hours."
"Excuse me, how do I withdraw my loan request?",LOAN,cancel_loan,"To cancel a loan application, tell us which application you mean and we will stop the process. Before disbursal there is normally no cost. After disbursal, the loan must be closed by repaying the outstanding amount, and we will give you the exact figure and any applicable charges. If you need any further help, just let me know."
"Excuse me, do you have ATMs that accept cash deposits nearby? I need this sorted today.",FIND,find_ATM,"Sure, here is how this works. To locate an ATM, open the Locator in the app or on our website and search by city or landmark. Filters help you find machines that offer deposits, cheque drops or extended hours. Please remember that using an ATM outside our network may attract a fee. Feel free to ask if you have any other questions."
"The account holder cannot sign anymore, what documents do I need to act for them? Appreciate the help.",RETAIL_EXCEPTION,power_of_attorney_request,"I am sorry to hear that. Managing another person's account requires a valid legal authority, such as a registered power of attorney, and we need to verify it before giving access. Please prepare the original or certified copy of the document, your identification and the account holder details. A specialist will check the paperwork and explain what your authority allows, and I will arrange for them to contact you. You can ask for a human agent at any time and I will arrange it."
"I need help. Why is the currency conversion fee on my EUR 2,350 payment so high",PAYMENT_EXCEPTION,currency_conversion_dispute,"I understand the surprise. The debited amount comes from the exchange rate at the time of settlement, plus any conversion charges, and the shop may also offer to charge in your home currency at their own rate. I can flag your transaction for review so a specialist can confirm whether the correct rate was applied."
"Quick question: we decided not to buy the house, how do I cancel the mortgage",LOAN,cancel_mortgage,"I can help you withdraw the mortgage application. Please contact our mortgage team through the app or at a branch and confirm the application reference. If the valuation or legal work has already started, some third party fees might still apply. Once cancelled, you will receive written confirmation. Feel free to ask if you have any other questions."
"Excuse me, why is the currency conversion fee on my GBP 301 payment so high?",PAYMENT_EXCEPTION,currency_conversion_dispute,"I understand the surprise. The debited amount comes from the exchange rate at the time of settlement, plus any conversion charges, and the shop may also offer to charge in your home currency at their own rate. I can flag your transaction for review so a specialist can confirm whether the correct rate was applied. Please keep your reference number safe, and reply here if you need anything else."
"Good morning, how do I withdraw my loan request? Thanks.",LOAN,cancel_loan,"To cancel a loan application, tell us which application you mean and we will stop the process. Before disbursal there is normally no cost. After disbursal, the loan must be closed by repaying the outstanding amount, and we will give you the exact figure and any applicable charges. If you need any further help, just let me know."
"Good morning, my card got stuck in the machine yesterday.",ATM,recover_swallowed_card,"Please do not worry, this happens sometimes. First, block the card in the app as a precaution until you have it back. Then contact the branch that owns the ATM or call customer service, and we will check if the card was retained by the machine. If it can be recovered you may collect it with valid photo ID, otherwise we will issue a replacement card to you. Let me know if there is anything more I can do for you."
Is there an ATM near my office?,FIND,find_ATM,"You can find your nearest ATM using the ATM and Branch Locator in the app. Allow location access or type in an area such as my office, and the map will show the closest machines, including ones that accept cash deposits. You can also use ATMs from partner networks with lower or no charges. I am here if you need anything else."
i am a student and would like to start a savings account.,ACCOUNT,create_account,"Certainly, I can help with that. To start, choose the type of account that suits you, then fill in the application form online. You will need identity and address documents, and you may complete a short video verification. Once approved, your account details arrive by message and email, and your debit card is sent to your address. I am here if you need anything else."
How much is my monthly mortgage payment? Appreciate the help.,LOAN,check_mortgage_payments,"Absolutely, let me walk you through it. In the app, open Loans and select your mortgage to see your monthly payment, the next due date, the remaining balance and the split between interest and principal. Statements and a yearly interest certificate can also be downloaded from the documents section. I am here if you need anything else."
Please help: tell me about the monthly maintenance fees on my salary account. Can you help me with this,FEES,check_fees,"Of course, happy to help. Fees depend on the type of account or service. You can find the full list in the app under Help and then Fees and Charges, including maintenance, ATM, transfer and card fees. If you tell me the specific service you are asking about, I can explain how that fee is calculated and when it applies. Let me know if there is anything more I can do for you."
Urgent: show me my recent activity on the joint account,ACCOUNT,check_recent_transactions,"Absolutely, let me walk you through it. You can see recent transactions in the app or net banking. Open your joint account and tap Transactions to view the latest activity, and use the filters to search by date or amount. Statements for earlier periods can be downloaded as a PDF from the Statements section. I am here if you need anything else."
"Hello, I want to cancel my mortgage application. Any idea what to do",LOAN,cancel_mortgage,"Absolutely, let me walk you through it. To cancel a mortgage application, send a withdrawal request with your application reference. Any costs already incurred for valuation or legal checks may not be refundable. We will confirm the cancellation in writing and close the file. Please reach out again if anything is unclear."
"Hi, how can I check how much credit I have left on my card? Please help",CARD,check_current_balance_on_card,"Sure, here is how this works. To check your balance, log in to net banking or the app and open Cards. The card summary shows your current balance, available credit and the last statement amount. Balances update in near real time, but very recent transactions can take a short while to appear. If you need any further help, just let me know."
"hi team, how much do i still owe on my loan? please help.",LOAN,check_loan_payments,"Of course, happy to help. To check your loan payments, log in and open Loans, then choose the loan. You will see what you have paid so far, what is left, and the next due date. If you would like to pay extra to reduce the balance, there is an option to make a part payment on the same screen. Let me know if there is anything more I can do for you."
I need help. Where is the closest branch? Appreciate the help.,FIND,find_branch,"Sure, here is how this works. To find a branch, enter your area or city in the Locator and choose Branches. Each listing shows the address, working hours and the services offered, such as loans or locker facilities. Most branches are open on weekdays and some are open on Saturday mornings. Feel free to ask if you have any other questions."
Can I open an account online without visiting the branch?,ACCOUNT,create_account,"To start, choose the type of account that suits you, then fill in the application form online. You will need identity and address documents, and you may complete a short video verification. Once approved, your account details arrive by message and email, and your debit card is sent to your address. If you need any further help, just let me know."
"Hello, can I see how much interest I have paid on my home loan? Can you help me with this?",LOAN,check_mortgage_payments,"In the app, open Loans and select your mortgage to see your monthly payment, the next due date, the remaining balance and the split between interest and principal. Statements and a yearly interest certificate can also be downloaded from the documents section. Please reach out again if anything is unclear."
"Excuse me, pls help me make a transfer of $1,110 today. Any idea what to do?",TRANSFER,make_transfer,"You can send money in a few steps. Open Transfers, choose Send Money and select an existing payee or add a new one. Type in the amount, check the details carefully because transfers to the wrong account can be hard to reverse, and approve with your security code. Instant methods arrive within minutes, while standard transfers can take up to one working day. Feel free to ask if you have any other questions."
Quick question: how much is the fee for an international transfer? I need this sorted today.,FEES,check_fees,"Thanks for reaching out, I can guide you through this. Fees depend on the type of account or service. You can find the full list in the app under Help and then Fees and Charges, including maintenance, ATM, transfer and card fees. If you tell me the specific service you are asking about, I can explain how that fee is calculated and when it applies. I am here if you need anything else."
how can i check how much credit i have left on my card,CARD,check_current_balance_on_card,"Sure, here is how this works. To check your balance, log in to net banking or the app and open Cards. The card summary shows your current balance, available credit and the last statement amount. Balances update in near real time, but very recent transactions can take a short while to appear. Please reach out again if anything is unclear."
please help: i want to close my current account. please advise.,ACCOUNT,close_account,"Sure, here is how this works. I can explain how to close your current account. Please first clear any dues, cancel standing instructions and move the remaining balance to another account. Then submit a closure request through customer service or at a branch with valid identification. Once processed, you will receive written confirmation and the final statement."
"Good evening, someone may have my card details, how can I block the card immediately?",CARD,block_card,"I understand how stressful this must be, and I am here to help. To protect your money, block the card first. Use the app under Cards and Block, or call the 24 hour phone banking line and ask for an immediate block. Once blocked, please review your recent transactions and tell us about any you do not recognise so we can look into them. I am here if you need anything else."
"Hello there, I want to reverse the payment I just made, is that possible?",TRANSFER,cancel_transfer,"Absolutely, let me walk you through it. Please act quickly. For transfers that have not been processed yet, use Cancel next to the transfer in your pending list. For completed transfers, raise a recall request from the same screen or through customer service, and keep the transaction reference handy. We will update you as soon as we hear back from the other bank. I am here if you need anything else."
"Good evening, urgent, travelling and card blocked, I cannot pay my hotel. Not sure what to do.",PAYMENT_EXCEPTION,card_declined_while_travelling,"Sorry about the inconvenience, especially while you are travelling. Please check that international transactions are enabled and that you have not reached your daily limit. Because this is urgent, I recommend calling the emergency line on the back of the card, where an agent can verify you and remove any block. Emergency cash or a replacement card can be arranged if needed. Please keep your reference number safe, and reply here if you need anything else."
I want to close my savings account. Not sure what to do,ACCOUNT,close_account,"Of course, happy to help. To close the account, make sure there are no pending transactions, linked cards or loans. Request closure through the app under Account Services or visit a branch. We will transfer any remaining balance to the account you nominate and confirm once the account is closed. I am here if you need anything else."
Urgent: how do I activate my new debit card,CARD,activate_card,"You can activate your card in two easy ways. In the mobile app, go to Cards, pick your card, and tap Activate. If you prefer, call the phone banking number printed on the back of the card and follow the voice prompts. After verification your card will be active within a few minutes."
What is the remaining balance on my mortgage? Can you help me with this?,LOAN,check_mortgage_payments,"Your mortgage details are available under Loans. There you can view the payment amount, upcoming due dates, the balance still owed and a summary of interest paid. If your payment changes because of a rate change, we will notify you in advance."
"hello, the atm swallowed my card, what should i do?",ATM,recover_swallowed_card,"I am sorry that the ATM kept your card. For your safety, I suggest blocking the card right away in the app. We will then arrange either collection from the ATM branch with identification or a replacement card sent to your address, usually within a few working days."
"Hi, how much is my monthly mortgage payment",LOAN,check_mortgage_payments,"In the app, open Loans and select your mortgage to see your monthly payment, the next due date, the remaining balance and the split between interest and principal. Statements and a yearly interest certificate can also be downloaded from the documents section. Feel free to ask if you have any other questions."
how much is my monthly mortgage payment?,LOAN,check_mortgage_payments,"Your mortgage details are available under Loans. There you can view the payment amount, upcoming due dates, the balance still owed and a summary of interest paid. If your payment changes because of a rate change, we will notify you in advance."
Please help: how can I check how much credit I have left on my card?,CARD,check_current_balance_on_card,"To check your balance, log in to net banking or the app and open Cards. The card summary shows your current balance, available credit and the last statement amount. Balances update in near real time, but very recent transactions can take a short while to appear. Please reach out again if anything is unclear."
"Hey, cash was not dispensed at the ATM yet my account was debited. Any idea what to do?",ATM,dispute_ATM_withdrawal,"Sorry about the trouble with the ATM. Please keep the receipt if you have one and raise a dispute through the app or by calling customer service. We will check the ATM records for the withdrawal and update you by message. If the money is confirmed as not dispensed, it will be returned to your account."
"Hi, how long will my transfer stay pending? It has been 4 days. Thanks",PAYMENT_EXCEPTION,transfer_pending_stuck,"Sorry for the delay. A transfer can stay pending if the receiving bank is slow, if the details do not match, or if the payment is under review. I have noted the delay and a specialist team will trace the payment. If it cannot be completed, the money is returned to your account. You can ask for a human agent at any time and I will arrange it."
Urgent: what is the fastest way to send money to someone? Appreciate the help.,TRANSFER,make_transfer,"Thanks for reaching out, I can guide you through this. You can send money in a few steps. Open Transfers, choose Send Money and select an existing payee or add a new one. Type in the amount, check the details carefully because transfers to the wrong account can be hard to reverse, and approve with your security code. Instant methods arrive within minutes, while standard transfers can take up to one working day. Let me know if there is anything more I can do for you."
"Urgent: ATM retained my card ending 1740, how do I recover it? I need this sorted today.",ATM,recover_swallowed_card,"I am sorry that the ATM kept your card. For your safety, I suggest blocking the card right away in the app. We will then arrange either collection from the ATM branch with identification or a replacement card sent to your address, usually within a few working days. Feel free to ask if you have any other questions."
quick question: what do i need to do before closing my salary account? can you help me with this?,ACCOUNT,close_account,"I can explain how to close your salary account. Please first clear any dues, cancel standing instructions and move the remaining balance to another account. Then submit a closure request through customer service or at a branch with valid identification. Once processed, you will receive written confirmation and the final statement. I am here if you need anything else."
"Good morning, what are your support hours? Please help",CONTACT,customer_service,"Of course, happy to help. You can reach customer service by phone banking, through secure chat in the mobile app, or by email through the Contact Us section. Phone and chat support are available round the clock for urgent matters such as blocking a card, and other requests are handled during business hours. Please keep your customer ID handy so we can help you faster."
I want to cancel my credit card permanently. I need this sorted today,CARD,cancel_card,"Certainly, I can help with that. I can guide you through cancelling your card. First check that there are no pending transactions or unpaid dues. Then submit a cancellation request through the app or by phone banking. You will get a confirmation message once the card is closed. If you need any further help, just let me know."
"Hello, my card was declined in Paris and I am stuck without money.",PAYMENT_EXCEPTION,card_declined_while_travelling,"Sorry about the inconvenience, especially while you are travelling. Please check that international transactions are enabled and that you have not reached your daily limit. Because this is urgent, I recommend calling the emergency line on the back of the card, where an agent can verify you and remove any block. Emergency cash or a replacement card can be arranged if needed. We will keep you updated by message until this is resolved."
I need help. I lost my prepaid card and need to block it right now.,CARD,block_card,"You can block the card immediately in the mobile app. Go to Cards, choose the card and tap Block Card, then pick Lost or Stolen as the reason. The card stops working straight away and any new transactions are declined. We will then help you order a replacement, which usually arrives in a few working days. If you need any further help, just let me know."
"Hi, payment declined overseas even though I have enough balance. Thanks",PAYMENT_EXCEPTION,card_declined_while_travelling,"Sorry about the inconvenience, especially while you are travelling. Please check that international transactions are enabled and that you have not reached your daily limit. Because this is urgent, I recommend calling the emergency line on the back of the card, where an agent can verify you and remove any block. Emergency cash or a replacement card can be arranged if needed. Please keep your reference number safe, and reply here if you need anything else."
"Good morning, how do I freeze my card temporarily? I cannot find it. Please help.",CARD,block_card,"You can block the card immediately in the mobile app. Go to Cards, choose the card and tap Block Card, then pick Lost or Stolen as the reason. The card stops working straight away and any new transactions are declined. We will then help you order a replacement, which usually arrives in a few working days."
"Hey, how can I check how much credit I have left on my card? Any idea what to do?",CARD,check_current_balance_on_card,"To check your balance, log in to net banking or the app and open Cards. The card summary shows your current balance, available credit and the last statement amount. Balances update in near real time, but very recent transactions can take a short while to appear."
My credit card ending 8680 arrived today. What are the steps to activate it? Not sure what to do,CARD,activate_card,"You can activate your card in two easy ways. In the mobile app, go to Cards, pick your card, and tap Activate. If you prefer, call the phone banking number printed on the back of the card and follow the voice prompts. After verification your card will be active within a few minutes. Let me know if there is anything more I can do for you."
I need help. Can my son operate my account while I am in hospital? Please help.,RETAIL_EXCEPTION,power_of_attorney_request,"I am sorry to hear that. Managing another person's account requires a valid legal authority, such as a registered power of attorney, and we need to verify it before giving access. Please prepare the original or certified copy of the document, your identification and the account holder details. A specialist will check the paperwork and explain what your authority allows, and I will arrange for them to contact you. If anything changes in the meantime, please let us know straight away."
"hello, please help me make a transfer of gbp 101 today. appreciate the help",TRANSFER,make_transfer,"Sure, here is how this works. You can send money in a few steps. Open Transfers, choose Send Money and select an existing payee or add a new one. Type in the amount, check the details carefully because transfers to the wrong account can be hard to reverse, and approve with your security code. Instant methods arrive within minutes, while standard transfers can take up to one working day."
Please help: I want to cancel my credit card permanently. Any idea what to do?,CARD,cancel_card,I can guide you through cancelling your card. First check that there are no pending transactions or unpaid dues. Then submit a cancellation request through the app or by phone banking. You will get a confirmation message once the card is closed. Please reach out again if anything is unclear.
"hello there, i changed my name after marriage, how do i update it on my current account?",RETAIL_EXCEPTION,legal_name_change,"To change your name in our records, we need proof of the legal name change, such as a marriage certificate, a gazette notification or a deed poll, together with your identification. Please upload the documents in the app under Profile or visit a branch, and we will update your accounts and cards. Because this affects several products, the update may take a few working days, and we will notify you when it is complete. If anything changes in the meantime, please let us know straight away."
quick question: what are the opening hours of the branch near the main market,FIND,find_branch,"You can find branches using the Locator in the app or on our website. Search by city or a landmark like the main market, and you will see the address, opening hours and services available at each branch. Many branches allow you to book an appointment in advance, which reduces waiting time. I am here if you need anything else."
"please help: what is the process to get a mortgage for a house worth eur 390,170? appreciate the help.",LOAN,apply_for_mortgage,"Of course, happy to help. Applying for a home loan involves a few stages: an initial eligibility check, document submission, property valuation, formal approval and legal completion. A mortgage adviser can guide you at each stage. You can begin by booking a call from the Loans section of the app."
"made a transfer to the wrong beneficiary, how do i recover the money? thanks.",PAYMENT_EXCEPTION,transfer_wrong_account,"I am sorry this happened. Please raise a wrong transfer request in the app or with customer service right away with the payment reference. We will ask the receiving bank to hold and return the funds, but they need the account holder consent, so the timing can vary. A specialist will follow up with you. If you would like, I can connect you with a human agent right now."
Urgent: when is my next mortgage payment due? thx.,LOAN,check_mortgage_payments,"Certainly, I can help with that. Your mortgage details are available under Loans. There you can view the payment amount, upcoming due dates, the balance still owed and a summary of interest paid. If your payment changes because of a rate change, we will notify you in advance. Feel free to ask if you have any other questions."
"I need to visit a branch, can you help me find one",FIND,find_branch,"To find a branch, enter your area or city in the Locator and choose Branches. Each listing shows the address, working hours and the services offered, such as loans or locker facilities. Most branches are open on weekdays and some are open on Saturday mornings. I am here if you need anything else."
"Hi team, how do I set up a password for net banking? Please advise.",PASSWORD,set_up_password,"Sure, here is how this works. New customers can create a password using the First Time Login option. Enter your customer ID, verify with a one-time code, then choose a password that meets the rules shown on screen. Please do not share it with anyone, including bank staff. I am here if you need anything else."
Please help: how can I enable my debit card for use abroad? I am travelling to Tokyo,CARD,activate_card_international_usage,"Sure, here is how this works. International usage can be switched on from the mobile app. Go to Cards, select your debit card, open Card Controls and turn on International Transactions. You can also set the dates of your trip and a spending limit for extra safety. Changes usually take effect within a few minutes, so please do it before you leave. I am here if you need anything else."
how much is the fee for an international transfer? can you help me with this,FEES,check_fees,"Fees depend on the type of account or service. You can find the full list in the app under Help and then Fees and Charges, including maintenance, ATM, transfer and card fees. If you tell me the specific service you are asking about, I can explain how that fee is calculated and when it applies. Please reach out again if anything is unclear."
"Hello there, how can I close my credit card? I no longer use it. Not sure what to do.",CARD,cancel_card,I can guide you through cancelling your card. First check that there are no pending transactions or unpaid dues. Then submit a cancellation request through the app or by phone banking. You will get a confirmation message once the card is closed.
Urgent: when is my next student loan instalment due? Please help.,LOAN,check_loan_payments,"To check your loan payments, log in and open Loans, then choose the loan. You will see what you have paid so far, what is left, and the next due date. If you would like to pay extra to reduce the balance, there is an option to make a part payment on the same screen."
"Excuse me, I want to cancel my mortgage application. Thank you.",LOAN,cancel_mortgage,"Of course, happy to help. I can help you withdraw the mortgage application. Please contact our mortgage team through the app or at a branch and confirm the application reference. If the valuation or legal work has already started, some third party fees might still apply. Once cancelled, you will receive written confirmation. If you need any further help, just let me know."
Urgent: why was I charged a fee of $260 this month?,FEES,check_fees,"Certainly, I can help with that. I can help you understand the charges. Common fees include monthly maintenance, foreign transaction fees, ATM use outside our network and penalties for low balance. Your latest statement shows every fee that has been applied, and customer service can review any fee you believe was charged in error. Feel free to ask if you have any other questions."
"Hello there, please help me close the account, I am moving abroad. Please advise.",ACCOUNT,close_account,"Thanks for reaching out, I can guide you through this. To close the account, make sure there are no pending transactions, linked cards or loans. Request closure through the app under Account Services or visit a branch. We will transfer any remaining balance to the account you nominate and confirm once the account is closed."
"Good evening, how can I reset my forgotten mobile banking password? Thanks",PASSWORD,get_password,"I am sorry you are locked out. On the login page, tap Forgot Password and enter your customer ID. We will send a one-time code to your registered mobile number, and after you enter it you can choose a new password. For security reasons we can never tell you your old password."
"a free trial with makemytrip turned into a monthly charge of $1,660, help. please advise.",PAYMENT_EXCEPTION,recurring_payment_unauthorized,"Sorry about the trouble. We can block future payments to the merchant on your card, and I can start a dispute for charges you did not authorise. Please share the dates and the amounts of the payments and any cancellation emails you have. A specialist will review whether the money can be recovered. You can ask for a human agent at any time and I will arrange it."
"Good morning, find me a cash machine close to me. Please advise.",FIND,find_ATM,"To locate an ATM, open the Locator in the app or on our website and search by city or landmark. Filters help you find machines that offer deposits, cheque drops or extended hours. Please remember that using an ATM outside our network may attract a fee."
"Hi, where can I download my statement for the last 4 days? Not sure what to do.",ACCOUNT,check_recent_transactions,"Sure, here is how this works. To review your recent activity, log in and choose the account, then select Recent Transactions. Pending items are shown separately from completed ones. If something looks unfamiliar, tap it to see the details and report it directly from that screen. Let me know if there is anything more I can do for you."
"We decided not to buy the house, how do I cancel the mortgage?",LOAN,cancel_mortgage,"Thanks for reaching out, I can guide you through this. I can help you withdraw the mortgage application. Please contact our mortgage team through the app or at a branch and confirm the application reference. If the valuation or legal work has already started, some third party fees might still apply. Once cancelled, you will receive written confirmation. Please reach out again if anything is unclear."
Pickpocketed in Bangalore and all my cards are gone. Not sure what to do,PAYMENT_EXCEPTION,lost_card_abroad_emergency,"I am sorry to hear that, and please make sure you are safe first. Block your cards immediately in the app, or call our 24 hour emergency line if you cannot log in. We can arrange an emergency replacement card or emergency cash in Bangalore, and our agent will verify your identity and guide you on the fastest option. I suggest reporting the theft to the local police as well, since some claims need a report. You can ask for a human agent at any time and I will arrange it."
"Good evening, which branch can I go to for a loan discussion?",FIND,find_branch,"Thanks for reaching out, I can guide you through this. To find a branch, enter your area or city in the Locator and choose Branches. Each listing shows the address, working hours and the services offered, such as loans or locker facilities. Most branches are open on weekdays and some are open on Saturday mornings. Feel free to ask if you have any other questions."
Urgent: how do I see my card balance and available limit? I need this sorted today,CARD,check_current_balance_on_card,"Certainly, I can help with that. To check your balance, log in to net banking or the app and open Cards. The card summary shows your current balance, available credit and the last statement amount. Balances update in near real time, but very recent transactions can take a short while to appear. Please reach out again if anything is unclear."
I need help. When is my next car loan instalment due? I need this sorted today.,LOAN,check_loan_payments,"You can see your repayment details in the app under Loans. Select your car loan to view the instalment amount, the next due date, the number of payments remaining and the total outstanding balance. The full repayment schedule can also be downloaded as a document. Feel free to ask if you have any other questions."
Quick question: how can I enable my debit card for use abroad? I am travelling to Paris. Appreciate the help,CARD,activate_card_international_usage,"Of course, happy to help. International usage can be switched on from the mobile app. Go to Cards, select your debit card, open Card Controls and turn on International Transactions. You can also set the dates of your trip and a spending limit for extra safety. Changes usually take effect within a few minutes, so please do it before you leave. If you need any further help, just let me know."
"Hello, please cancel my pending transfer of EUR 1,170. Thank you",TRANSFER,cancel_transfer,"If the transfer of EUR 1,170 is still pending or scheduled, you can cancel it in the app. Go to Transfers, open Pending or Scheduled, select the transfer and tap Cancel. If it has already been completed, it cannot be cancelled directly, but you can raise a request and we will contact the receiving bank to ask for the money back. Success depends on the receiving bank and the account holder agreeing to return it. Please reach out again if anything is unclear."
quick question: what do i need to do before closing my business account? can you help me with this,ACCOUNT,close_account,"Certainly, I can help with that. I can explain how to close your business account. Please first clear any dues, cancel standing instructions and move the remaining balance to another account. Then submit a closure request through customer service or at a branch with valid identification. Once processed, you will receive written confirmation and the final statement."
Quick question: what is the annual fee for my credit card? Thanks.,CARD,check_card_annual_fee,"Thanks for reaching out, I can guide you through this. Annual fees vary by card, and many cards waive the fee after a certain level of yearly spending. Please check Fees and Charges for your card in the app to see your amount and the anniversary date. If you would like to ask about a waiver, customer service can review your eligibility."
Quick question: is there any joining or annual fee on the credit card? Thank you.,CARD,check_card_annual_fee,"Annual fees vary by card, and many cards waive the fee after a certain level of yearly spending. Please check Fees and Charges for your card in the app to see your amount and the anniversary date. If you would like to ask about a waiver, customer service can review your eligibility. I am here if you need anything else."
"Good evening, I sent INR 2,100 to the wrong person, can I cancel the transfer? Thank you.",TRANSFER,cancel_transfer,"If the transfer of INR 2,100 is still pending or scheduled, you can cancel it in the app. Go to Transfers, open Pending or Scheduled, select the transfer and tap Cancel. If it has already been completed, it cannot be cancelled directly, but you can raise a request and we will contact the receiving bank to ask for the money back. Success depends on the receiving bank and the account holder agreeing to return it."
"Hi, what happens if I cancel my debit card, and how do I do it?",CARD,cancel_card,I can guide you through cancelling your card. First check that there are no pending transactions or unpaid dues. Then submit a cancellation request through the app or by phone banking. You will get a confirmation message once the card is closed.
I need help. How can I add a new payee and transfer funds? Any idea what to do?,TRANSFER,make_transfer,"Thanks for reaching out, I can guide you through this. You can send money in a few steps. Open Transfers, choose Send Money and select an existing payee or add a new one. Type in the amount, check the details carefully because transfers to the wrong account can be hard to reverse, and approve with your security code. Instant methods arrive within minutes, while standard transfers can take up to one working day. Please reach out again if anything is unclear."
"hi, my card went missing last friday, block it asap. appreciate the help",CARD,block_card,"I apologise for the trouble this has caused, let me help. To protect your money, block the card first. Use the app under Cards and Block, or call the 24 hour phone banking line and ask for an immediate block. Once blocked, please review your recent transactions and tell us about any you do not recognise so we can look into them. Please reach out again if anything is unclear."
"Good evening, where is the closest branch? Any idea what to do?",FIND,find_branch,"Absolutely, let me walk you through it. To find a branch, enter your area or city in the Locator and choose Branches. Each listing shows the address, working hours and the services offered, such as loans or locker facilities. Most branches are open on weekdays and some are open on Saturday mornings. I am here if you need anything else."
"Hi, how can I contact customer service? Appreciate the help",CONTACT,customer_service,"Certainly, I can help with that. There are several ways to contact us. The quickest is the chat option in the app, which is available all day. You can also call the number printed on the back of your card or on our website, or visit any branch during opening hours. Feel free to ask if you have any other questions."
"Hi, how can I change my password to something stronger? Please advise.",PASSWORD,set_up_password,"Sure, here is how this works. New customers can create a password using the First Time Login option. Enter your customer ID, verify with a one-time code, then choose a password that meets the rules shown on screen. Please do not share it with anyone, including bank staff."
"Hi team, someone may have my card details, how can I block the card immediately?",CARD,block_card,"You can block the card immediately in the mobile app. Go to Cards, choose the card and tap Block Card, then pick Lost or Stolen as the reason. The card stops working straight away and any new transactions are declined. We will then help you order a replacement, which usually arrives in a few working days. Let me know if there is anything more I can do for you."
I want to cancel my home loan application.,LOAN,cancel_loan,"Absolutely, let me walk you through it. If your home loan has not been disbursed yet, you can cancel the request through customer service or from Loans in the app by selecting your application and choosing Withdraw. If the money has already been credited, you will need to repay it, and we can share the foreclosure amount with you. Please note that some fees may apply after disbursal."
"hi team, i want to check if the payment i made last week has gone through.",ACCOUNT,check_recent_transactions,"To review your recent activity, log in and choose the account, then select Recent Transactions. Pending items are shown separately from completed ones. If something looks unfamiliar, tap it to see the details and report it directly from that screen. I am here if you need anything else."
"excuse me, tell me about the monthly maintenance fees on my savings account",FEES,check_fees,"Fees depend on the type of account or service. You can find the full list in the app under Help and then Fees and Charges, including maintenance, ATM, transfer and card fees. If you tell me the specific service you are asking about, I can explain how that fee is calculated and when it applies. Let me know if there is anything more I can do for you."
"Hi team, my current account has been frozen and I do not know why.",RETAIL_EXCEPTION,account_frozen_kyc,"I am sorry for the inconvenience. A restriction usually means we need to verify or update some information. You can complete the update in the app under Profile and KYC, or visit a branch. If you have already submitted documents, I will ask the team to prioritise the review and update you. We will keep you updated by message until this is resolved."
"Urgent: I need a person to help me with this, not an automated reply. Can you help me with this?",CONTACT,human_agent,"Of course. I will connect you with a human agent now. Please stay in this chat, and it helps if you briefly describe your issue so the agent can pick up straight away. Waiting times can vary, and if it is not urgent you can also request a call back at a time that suits you. Please reach out again if anything is unclear."
Where can I download my statement for the last 7 days? Appreciate the help.,ACCOUNT,check_recent_transactions,"To review your recent activity, log in and choose the account, then select Recent Transactions. Pending items are shown separately from completed ones. If something looks unfamiliar, tap it to see the details and report it directly from that screen. If you need any further help, just let me know."
"Hello, how do I apply for a personal loan? Any idea what to do?",LOAN,apply_for_loan,"Of course, happy to help. To apply for a loan, go to Loans in the app and select the type of loan you need. Enter the amount and tenure, upload the required documents and submit. Your eligibility is based on income, existing commitments and credit score, and you will see a decision and an offer once the review is complete. Feel free to ask if you have any other questions."
I need help. How much is my monthly mortgage payment? I need this sorted today,LOAN,check_mortgage_payments,"Absolutely, let me walk you through it. In the app, open Loans and select your mortgage to see your monthly payment, the next due date, the remaining balance and the split between interest and principal. Statements and a yearly interest certificate can also be downloaded from the documents section. Please reach out again if anything is unclear."
I would like to apply for a home loan. Appreciate the help.,LOAN,apply_for_mortgage,"Absolutely, let me walk you through it. For a mortgage, the first step is to check how much you can borrow using the mortgage calculator in the app. Then submit an application with your identity, income and property details, and we will arrange a valuation of the property. After approval you receive a formal offer, and the funds are released to the seller once the legal formalities are complete. A deposit is usually needed, and the amount depends on the property value and your profile. Let me know if there is anything more I can do for you."
"Hello, I am confused and worried about a scam call asking for my details. Please advise.",RETAIL_EXCEPTION,vulnerable_customer_support,"Thank you for telling us, and please know that we are here to help in a way that works for you. We offer support such as large print or audio statements, assisted banking at branches, a dedicated helpline with priority handling and, in some areas, home visits. If you are worried about a suspicious call, please do not share any codes or personal details, and we will help you check it. I will connect you with our customer care specialists to set up the support you need."
Can you transfer me to a human agent?,CONTACT,human_agent,"Certainly, I can arrange for one of our advisors to help you. I am transferring you now, and I will share the details of our conversation so you do not need to repeat yourself. If the queue is long, you can choose to receive a call back instead."
"Hello there, when is my card annual fee charged and can it be waived? Pls help",CARD,check_card_annual_fee,"Annual fees vary by card, and many cards waive the fee after a certain level of yearly spending. Please check Fees and Charges for your card in the app to see your amount and the anniversary date. If you would like to ask about a waiver, customer service can review your eligibility."
Please tell me the reason my loan was denied.,RETAIL_EXCEPTION,loan_application_rejected_appeal,"I am sorry that your application was not approved. Decisions are based on factors such as income, existing debts, credit history and the value of the loan requested, and we can share the main reasons with you. You may ask for a review, especially if your circumstances have changed or if some information was missing. I will pass your request to a loans specialist who can explain the decision and suggest what may improve your chances next time."
"Excuse me, please tell me the current balance on the card ending 9811. Appreciate the help",CARD,check_current_balance_on_card,"To check your balance, log in to net banking or the app and open Cards. The card summary shows your current balance, available credit and the last statement amount. Balances update in near real time, but very recent transactions can take a short while to appear. Feel free to ask if you have any other questions."
"good evening, do you have atms that accept cash deposits nearby? i need this sorted today",FIND,find_ATM,"To locate an ATM, open the Locator in the app or on our website and search by city or landmark. Filters help you find machines that offer deposits, cheque drops or extended hours. Please remember that using an ATM outside our network may attract a fee."
"hi, could you tell me the yearly charges on the card ending 3806?",CARD,check_card_annual_fee,"Absolutely, let me walk you through it. Annual fees vary by card, and many cards waive the fee after a certain level of yearly spending. Please check Fees and Charges for your card in the app to see your amount and the anniversary date. If you would like to ask about a waiver, customer service can review your eligibility. Let me know if there is anything more I can do for you."
How do I apply for a personal loan? I need this sorted today,LOAN,apply_for_loan,"Sure, here is how this works. To apply for a loan, go to Loans in the app and select the type of loan you need. Enter the amount and tenure, upload the required documents and submit. Your eligibility is based on income, existing commitments and credit score, and you will see a decision and an offer once the review is complete."
"Hey, how much is my monthly mortgage payment? Any idea what to do?",LOAN,check_mortgage_payments,"In the app, open Loans and select your mortgage to see your monthly payment, the next due date, the remaining balance and the split between interest and principal. Statements and a yearly interest certificate can also be downloaded from the documents section. I am here if you need anything else."
please help: tell me about the monthly maintenance fees on my salary account,FEES,check_fees,"Absolutely, let me walk you through it. Fees depend on the type of account or service. You can find the full list in the app under Help and then Fees and Charges, including maintenance, ATM, transfer and card fees. If you tell me the specific service you are asking about, I can explain how that fee is calculated and when it applies. If you need any further help, just let me know."
"Excuse me, how much is my monthly mortgage payment? Pls advise.",LOAN,check_mortgage_payments,"Your mortgage details are available under Loans. There you can view the payment amount, upcoming due dates, the balance still owed and a summary of interest paid. If your payment changes because of a rate change, we will notify you in advance. Please reach out again if anything is unclear."
"Hey, how do I shut down my account permanently? Appreciate the help.",ACCOUNT,close_account,"Of course, happy to help. To close the account, make sure there are no pending transactions, linked cards or loans. Request closure through the app under Account Services or visit a branch. We will transfer any remaining balance to the account you nominate and confirm once the account is closed. If you need any further help, just let me know."
"hey, what is the process to get a mortgage for a house worth eur 74,280",LOAN,apply_for_mortgage,"Of course, happy to help. For a mortgage, the first step is to check how much you can borrow using the mortgage calculator in the app. Then submit an application with your identity, income and property details, and we will arrange a valuation of the property. After approval you receive a formal offer, and the funds are released to the seller once the legal formalities are complete. A deposit is usually needed, and the amount depends on the property value and your profile. Let me know if there is anything more I can do for you."
I want to talk to a real person.,CONTACT,human_agent,"Of course. I will connect you with a human agent now. Please stay in this chat, and it helps if you briefly describe your issue so the agent can pick up straight away. Waiting times can vary, and if it is not urgent you can also request a call back at a time that suits you."
"Urgent: I entered the wrong account number and sent 762 dollars, please help me get it back. Thank you",PAYMENT_EXCEPTION,transfer_wrong_account,"Please stay calm, and thank you for telling us quickly, because speed matters. Payments to a wrong account cannot always be reversed, but we can send a recall request to the receiving bank for the 762 dollars. Please share the transaction reference, the date and the account number you used. We will contact the other bank and, if the account holder agrees or the funds are still available, the money can be returned. You can ask for a human agent at any time and I will arrange it."
"Hi, how much is the fee for an international transfer? I need this sorted today.",FEES,check_fees,"Fees depend on the type of account or service. You can find the full list in the app under Help and then Fees and Charges, including maintenance, ATM, transfer and card fees. If you tell me the specific service you are asking about, I can explain how that fee is calculated and when it applies."
Quick question: what is the outstanding balance on my home loan? Appreciate the help.,LOAN,check_loan_payments,"Certainly, I can help with that. To check your loan payments, log in and open Loans, then choose the loan. You will see what you have paid so far, what is left, and the next due date. If you would like to pay extra to reduce the balance, there is an option to make a part payment on the same screen. If you need any further help, just let me know."
"hey, i forgot my password, how do i get it back?",PASSWORD,get_password,"You can recover access in a few steps. Select Forgot Password on the login screen, verify your identity with the one-time code sent to your registered number, and set a new password. If you no longer have access to that number, please visit a branch with your identification to update it."
"hey, i want to talk to a real person. thanks",CONTACT,human_agent,"Certainly, I can arrange for one of our advisors to help you. I am transferring you now, and I will share the details of our conversation so you do not need to repeat yourself. If the queue is long, you can choose to receive a call back instead. If you need any further help, just let me know."
"Transaction limit exceeded, can you increase my limit for today? Any idea what to do?",PAYMENT_EXCEPTION,large_transaction_blocked,"I understand the urgency. Large payments can be blocked because they go over your daily limit or because our security systems flagged them for extra checks. I cannot release a held payment from this chat, but I can help you confirm it is genuine. Please approve any alert on your app, or I can connect you to a specialist who will verify you and, where possible, release the payment or raise your limit temporarily. If you would like, I can connect you with a human agent right now."
"I need help. I entered the wrong account number and sent 2,490 USD, please help me get it back. Appreciate the help.",PAYMENT_EXCEPTION,transfer_wrong_account,"Please stay calm, and thank you for telling us quickly, because speed matters. Payments to a wrong account cannot always be reversed, but we can send a recall request to the receiving bank for the 2,490 USD. Please share the transaction reference, the date and the account number you used. We will contact the other bank and, if the account holder agrees or the funds are still available, the money can be returned. If you would like, I can connect you with a human agent right now."
"Hi team, I want to cancel my mortgage application. Not sure what to do.",LOAN,cancel_mortgage,"Certainly, I can help with that. I can help you withdraw the mortgage application. Please contact our mortgage team through the app or at a branch and confirm the application reference. If the valuation or legal work has already started, some third party fees might still apply. Once cancelled, you will receive written confirmation. Let me know if there is anything more I can do for you."
"Hello there, I need to speak to support about my account, how do I reach you? Any idea what to do?",CONTACT,customer_service,"You can reach customer service by phone banking, through secure chat in the mobile app, or by email through the Contact Us section. Phone and chat support are available round the clock for urgent matters such as blocking a card, and other requests are handled during business hours. Please keep your customer ID handy so we can help you faster. If you need any further help, just let me know."
"We are buying our first home and need a mortgage, where do we start? Please advise.",LOAN,apply_for_mortgage,"Applying for a home loan involves a few stages: an initial eligibility check, document submission, property valuation, formal approval and legal completion. A mortgage adviser can guide you at each stage. You can begin by booking a call from the Loans section of the app."
"We are buying our first home and need a mortgage, where do we start? Pls advise.",LOAN,apply_for_mortgage,"For a mortgage, the first step is to check how much you can borrow using the mortgage calculator in the app. Then submit an application with your identity, income and property details, and we will arrange a valuation of the property. After approval you receive a formal offer, and the funds are released to the seller once the legal formalities are complete. A deposit is usually needed, and the amount depends on the property value and your profile. If you need any further help, just let me know."
"Hi team, my card went missing three days ago, block it asap. Please help",CARD,block_card,"I understand how stressful this must be, and I am here to help. You can block the card immediately in the mobile app. Go to Cards, choose the card and tap Block Card, then pick Lost or Stolen as the reason. The card stops working straight away and any new transactions are declined. We will then help you order a replacement, which usually arrives in a few working days. Feel free to ask if you have any other questions."
"Good evening, how much do I still owe on my loan? Thanks.",LOAN,check_loan_payments,"To check your loan payments, log in and open Loans, then choose the loan. You will see what you have paid so far, what is left, and the next due date. If you would like to pay extra to reduce the balance, there is an option to make a part payment on the same screen. Feel free to ask if you have any other questions."
"Hi, why is my salary account overdrawn? I never spent that much. Pls help",RETAIL_EXCEPTION,overdraft_fee_dispute,"Thanks for explaining. To review the fee, we need to see the order in which the deposit and the payments were processed. I will raise a request for the fee to be reviewed, and you will hear back with the outcome. In some cases, especially after a delayed salary, the fee can be waived. You can ask for a human agent at any time and I will arrange it."
Please tell me the reason my loan was denied. Appreciate the help.,RETAIL_EXCEPTION,loan_application_rejected_appeal,"I am sorry that your application was not approved. Decisions are based on factors such as income, existing debts, credit history and the value of the loan requested, and we can share the main reasons with you. You may ask for a review, especially if your circumstances have changed or if some information was missing. I will pass your request to a loans specialist who can explain the decision and suggest what may improve your chances next time. You can ask for a human agent at any time and I will arrange it."
please help: the amount debited does not match the price i saw abroad. any idea what to do?,PAYMENT_EXCEPTION,currency_conversion_dispute,"Thanks for raising this. When you pay in a foreign currency, the amount is converted at the network exchange rate on the day the transaction is settled, and a foreign currency fee may also apply, so the final figure can differ from what you saw at the shop. Please check the transaction details in the app for the rate and fee that were used. If you believe the amount is wrong, we can raise a query and a specialist will review it. You can ask for a human agent at any time and I will arrange it."
"Hello, show me my recent activity on the savings account. Thank you.",ACCOUNT,check_recent_transactions,"Of course, happy to help. To review your recent activity, log in and choose the account, then select Recent Transactions. Pending items are shown separately from completed ones. If something looks unfamiliar, tap it to see the details and report it directly from that screen. If you need any further help, just let me know."
Urgent: can I cancel a scheduled transfer for next week? Appreciate the help.,TRANSFER,cancel_transfer,"Absolutely, let me walk you through it. Please act quickly. For transfers that have not been processed yet, use Cancel next to the transfer in your pending list. For completed transfers, raise a recall request from the same screen or through customer service, and keep the transaction reference handy. We will update you as soon as we hear back from the other bank."
"Excuse me, I am going to Paris soon. Can you turn on international usage for my card? Any idea what to do?",CARD,activate_card_international_usage,"To use your card overseas, open Card Controls in the app and enable International Usage. It is a good idea to set a travel period and a daily limit. If you cannot use the app, phone banking can turn it on for you after verifying your identity. If you need any further help, just let me know."
"Hello there, there are transactions of 2,800 USD on my card that I never made, I think my card was hacked. I need this sorted today.",PAYMENT_EXCEPTION,card_fraud_unauthorized_transaction,"Thank you for reporting this quickly. Your card should be blocked immediately to prevent more misuse, and the disputed transactions will be flagged for our fraud team. They will review the details, and where a transaction is confirmed as fraudulent the amount is normally returned to your account after the investigation. A specialist will reach out to collect a few more details. If anything changes in the meantime, please let us know straight away."
"Good morning, I would like to apply for a home loan. Appreciate the help",LOAN,apply_for_mortgage,"For a mortgage, the first step is to check how much you can borrow using the mortgage calculator in the app. Then submit an application with your identity, income and property details, and we will arrange a valuation of the property. After approval you receive a formal offer, and the funds are released to the seller once the legal formalities are complete. A deposit is usually needed, and the amount depends on the property value and your profile. Please reach out again if anything is unclear."
"Hello, im in Singapore and my prepaid card is lost, how can I get emergency help? Please help.",PAYMENT_EXCEPTION,lost_card_abroad_emergency,"I am sorry to hear that, and please make sure you are safe first. Block your cards immediately in the app, or call our 24 hour emergency line if you cannot log in. We can arrange an emergency replacement card or emergency cash in Singapore, and our agent will verify your identity and guide you on the fastest option. I suggest reporting the theft to the local police as well, since some claims need a report. Please keep your reference number safe, and reply here if you need anything else."
"Excuse me, I just received my travel card in the mail, how can I start using it? Not sure what to do.",CARD,activate_card,"First, open the mobile app or net banking and go to the Cards section. Then select your travel card and choose Activate Card. You will receive a one-time code on your registered mobile number, so enter it to confirm. Once that is done, the card is active and ready to use straight away. Please reach out again if anything is unclear."
"The ATM did not give me the full cash but the money was deducted, I withdrew INR 1,120. Any idea what to do?",ATM,dispute_ATM_withdrawal,"I will help you raise a dispute for the ATM withdrawal of INR 1,120. Please go to Disputes in the app, select the transaction and choose ATM Cash Issue, then give the date, time and ATM location if you have them. We will investigate with the ATM operator and most cases are reviewed within a few working days. If the ATM did not dispense the cash, the amount is usually credited back to your account."
Please explain how to apply for a loan online. I need this sorted today.,LOAN,apply_for_loan,"To apply for a loan, go to Loans in the app and select the type of loan you need. Enter the amount and tenure, upload the required documents and submit. Your eligibility is based on income, existing commitments and credit score, and you will see a decision and an offer once the review is complete."
"Good morning, what is the available balance on my credit card? Please help.",CARD,check_current_balance_on_card,"Of course, happy to help. To check your balance, log in to net banking or the app and open Cards. The card summary shows your current balance, available credit and the last statement amount. Balances update in near real time, but very recent transactions can take a short while to appear. Please reach out again if anything is unclear."
"Hi team, what is the available balance on my debit card?",CARD,check_current_balance_on_card,"Certainly, I can help with that. To check your balance, log in to net banking or the app and open Cards. The card summary shows your current balance, available credit and the last statement amount. Balances update in near real time, but very recent transactions can take a short while to appear. I am here if you need anything else."
"hey, is there any joining or annual fee on the prepaid card",CARD,check_card_annual_fee,"Of course, happy to help. Annual fees vary by card, and many cards waive the fee after a certain level of yearly spending. Please check Fees and Charges for your card in the app to see your amount and the anniversary date. If you would like to ask about a waiver, customer service can review your eligibility."
Quick question: how do I shut down my account permanently? Any idea what to do?,ACCOUNT,close_account,"Of course, happy to help. To close the account, make sure there are no pending transactions, linked cards or loans. Request closure through the app under Account Services or visit a branch. We will transfer any remaining balance to the account you nominate and confirm once the account is closed. Please reach out again if anything is unclear."
"Hello, cancel my savings account and send me the balance. Can you help me with this?",ACCOUNT,close_account,"Absolutely, let me walk you through it. To close the account, make sure there are no pending transactions, linked cards or loans. Request closure through the app under Account Services or visit a branch. We will transfer any remaining balance to the account you nominate and confirm once the account is closed."
"Urgent: I forgot my password, how do I get it back? Please help.",PASSWORD,get_password,"I am sorry you are locked out. On the login page, tap Forgot Password and enter your customer ID. We will send a one-time code to your registered mobile number, and after you enter it you can choose a new password. For security reasons we can never tell you your old password. If you need any further help, just let me know."
"Hello there, please help me make a transfer of EUR 794 today",TRANSFER,make_transfer,"To make a transfer, log in to the app or net banking and go to Transfers. Add the payee by entering the name, account number and bank code, then confirm the payee with a one-time code. Enter the amount of EUR 794, choose the payment method, review the details and confirm. You will get a confirmation message with a reference number. Let me know if there is anything more I can do for you."
"Hello, can I get a loan for INR 401,170 over 12 months? Thank you.",LOAN,apply_for_loan,"To apply for a loan, go to Loans in the app and select the type of loan you need. Enter the amount and tenure, upload the required documents and submit. Your eligibility is based on income, existing commitments and credit score, and you will see a decision and an offer once the review is complete. Feel free to ask if you have any other questions."
"Hi, tell me about the monthly maintenance fees on my joint account. Appreciate the help.",FEES,check_fees,"Fees depend on the type of account or service. You can find the full list in the app under Help and then Fees and Charges, including maintenance, ATM, transfer and card fees. If you tell me the specific service you are asking about, I can explain how that fee is calculated and when it applies."
"Hi team, I want to cancel my mortgage application. I need this sorted today.",LOAN,cancel_mortgage,"Certainly, I can help with that. To cancel a mortgage application, send a withdrawal request with your application reference. Any costs already incurred for valuation or legal checks may not be refundable. We will confirm the cancellation in writing and close the file. Feel free to ask if you have any other questions."
"i need help. how do i send gbp 2,460 to a friend's account?",TRANSFER,make_transfer,"Absolutely, let me walk you through it. To make a transfer, log in to the app or net banking and go to Transfers. Add the payee by entering the name, account number and bank code, then confirm the payee with a one-time code. Enter the amount of GBP 2,460, choose the payment method, review the details and confirm. You will get a confirmation message with a reference number."
Please help: please guide me through creating a new account. Thank you.,ACCOUNT,create_account,"Sure, here is how this works. To start, choose the type of account that suits you, then fill in the application form online. You will need identity and address documents, and you may complete a short video verification. Once approved, your account details arrive by message and email, and your debit card is sent to your address. Feel free to ask if you have any other questions."
"Good evening, my card got stuck in the machine three days ago. Please advise.",ATM,recover_swallowed_card,"I am sorry that the ATM kept your card. For your safety, I suggest blocking the card right away in the app. We will then arrange either collection from the ATM branch with identification or a replacement card sent to your address, usually within a few working days. If you need any further help, just let me know."
"someone may have my card details, how can i block the card immediately? please advise",CARD,block_card,"I am sorry to hear about this and I want to help sort it out. You can block the card immediately in the mobile app. Go to Cards, choose the card and tap Block Card, then pick Lost or Stolen as the reason. The card stops working straight away and any new transactions are declined. We will then help you order a replacement, which usually arrives in a few working days. If you need any further help, just let me know."
is there a live chat with the bank? not sure what to do.,CONTACT,customer_service,"Of course, happy to help. You can reach customer service by phone banking, through secure chat in the mobile app, or by email through the Contact Us section. Phone and chat support are available round the clock for urgent matters such as blocking a card, and other requests are handled during business hours. Please keep your customer ID handy so we can help you faster."
"Hello, can I cancel a scheduled transfer for next week? I need this sorted today.",TRANSFER,cancel_transfer,"Please act quickly. For transfers that have not been processed yet, use Cancel next to the transfer in your pending list. For completed transfers, raise a recall request from the same screen or through customer service, and keep the transaction reference handy. We will update you as soon as we hear back from the other bank."
"Urgent: I do not want a bot, please connect me to an advisor. Thank you.",CONTACT,human_agent,"Of course. I will connect you with a human agent now. Please stay in this chat, and it helps if you briefly describe your issue so the agent can pick up straight away. Waiting times can vary, and if it is not urgent you can also request a call back at a time that suits you. Feel free to ask if you have any other questions."
Quick question: how much is my monthly mortgage payment? Appreciate the help.,LOAN,check_mortgage_payments,"Your mortgage details are available under Loans. There you can view the payment amount, upcoming due dates, the balance still owed and a summary of interest paid. If your payment changes because of a rate change, we will notify you in advance. Please reach out again if anything is unclear."
"Good morning, the merchant refused a refund of INR 371, what are my options with the bank? Not sure what to do.",PAYMENT_EXCEPTION,chargeback_request,"Thank you for the details. A card dispute can be raised for items not received or not as described. We will need your order confirmation and any communication with the seller. Our disputes team will assess the claim and let you know whether the amount can be recovered. If anything changes in the meantime, please let us know straight away."
"Hello, I just received my debit card in the mail, how can I start using it? Can u help me with this",CARD,activate_card,"Of course, happy to help. First, open the mobile app or net banking and go to the Cards section. Then select your debit card and choose Activate Card. You will receive a one-time code on your registered mobile number, so enter it to confirm. Once that is done, the card is active and ready to use straight away. Please reach out again if anything is unclear."
"Good evening, when is my next mortgage payment due? I need this sorted today.",LOAN,check_mortgage_payments,"In the app, open Loans and select your mortgage to see your monthly payment, the next due date, the remaining balance and the split between interest and principal. Statements and a yearly interest certificate can also be downloaded from the documents section. Let me know if there is anything more I can do for you."
quick question: where do i activate the credit card i got yesterday? can u help me with this?,CARD,activate_card,"Thanks for reaching out, I can guide you through this. First, open the mobile app or net banking and go to the Cards section. Then select your credit card and choose Activate Card. You will receive a one-time code on your registered mobile number, so enter it to confirm. Once that is done, the card is active and ready to use straight away. Please reach out again if anything is unclear."
"Hello there, how can I enable my credit card for use abroad? I am travelling to Mumbai. I need this sorted today.",CARD,activate_card_international_usage,"Of course, happy to help. International usage can be switched on from the mobile app. Go to Cards, select your credit card, open Card Controls and turn on International Transactions. You can also set the dates of your trip and a spending limit for extra safety. Changes usually take effect within a few minutes, so please do it before you leave. Please reach out again if anything is unclear."
"Hi, can you list all the charges for using the ATM abroad? Thank you",FEES,check_fees,"Of course, happy to help. I can help you understand the charges. Common fees include monthly maintenance, foreign transaction fees, ATM use outside our network and penalties for low balance. Your latest statement shows every fee that has been applied, and customer service can review any fee you believe was charged in error. I am here if you need anything else."
I need help. Cash was not dispensed at the ATM yet my account was debited. Pls help.,ATM,dispute_ATM_withdrawal,"Sorry about the trouble with the ATM. Please keep the receipt if you have one and raise a dispute through the app or by calling customer service. We will check the ATM records for the withdrawal and update you by message. If the money is confirmed as not dispensed, it will be returned to your account."
I need help. What is the outstanding balance on my business loan?,LOAN,check_loan_payments,"Certainly, I can help with that. You can see your repayment details in the app under Loans. Select your business loan to view the instalment amount, the next due date, the number of payments remaining and the total outstanding balance. The full repayment schedule can also be downloaded as a document."
"Hello there, how do I open a joint account? Appreciate the help.",ACCOUNT,create_account,"Certainly, I can help with that. Opening a joint account is simple. You can apply online or at a branch by providing a valid photo ID, proof of address and a recent photograph. After we verify your details, the account is created and you will receive your account number and access to the app. Some accounts require a small opening deposit. If you need any further help, just let me know."
"Excuse me, my card got stuck in the machine two days ago.",ATM,recover_swallowed_card,"I am sorry that the ATM kept your card. For your safety, I suggest blocking the card right away in the app. We will then arrange either collection from the ATM branch with identification or a replacement card sent to your address, usually within a few working days. Let me know if there is anything more I can do for you."
"Hello there, I cannot afford my mortgage after the rate increase. Please advise",RETAIL_EXCEPTION,mortgage_arrears_support,"I understand how worrying this is, and I want you to know that help is available. Please do not ignore the notice, because early contact gives us more options such as revising the payment plan, extending the term or a temporary arrangement. I will connect you with our specialist mortgage support team, who can go through the details with you in confidence. It is also worth getting free independent money advice alongside speaking to us. We will keep you updated by message until this is resolved."
"Hey, cancel my savings account and send me the balance. Please advise.",ACCOUNT,close_account,"Absolutely, let me walk you through it. To close the account, make sure there are no pending transactions, linked cards or loans. Request closure through the app under Account Services or visit a branch. We will transfer any remaining balance to the account you nominate and confirm once the account is closed. Let me know if there is anything more I can do for you."
"Excuse me, how can I enable my credit card for use abroad? I am travelling to Tokyo. Thank you.",CARD,activate_card_international_usage,"International usage can be switched on from the mobile app. Go to Cards, select your credit card, open Card Controls and turn on International Transactions. You can also set the dates of your trip and a spending limit for extra safety. Changes usually take effect within a few minutes, so please do it before you leave. Feel free to ask if you have any other questions."
"hey, please cancel the loan i applied for this morning.",LOAN,cancel_loan,"Sure, here is how this works. To cancel a loan application, tell us which application you mean and we will stop the process. Before disbursal there is normally no cost. After disbursal, the loan must be closed by repaying the outstanding amount, and we will give you the exact figure and any applicable charges. If you need any further help, just let me know."
I need help. Please cancel the loan I applied for this morning.,LOAN,cancel_loan,"To cancel a loan application, tell us which application you mean and we will stop the process. Before disbursal there is normally no cost. After disbursal, the loan must be closed by repaying the outstanding amount, and we will give you the exact figure and any applicable charges. Let me know if there is anything more I can do for you."
Could u tell me the yearly charges on the card ending 1096? Appreciate the help.,CARD,check_card_annual_fee,"Certainly, I can help with that. Annual fees vary by card, and many cards waive the fee after a certain level of yearly spending. Please check Fees and Charges for your card in the app to see your amount and the anniversary date. If you would like to ask about a waiver, customer service can review your eligibility. If you need any further help, just let me know."
"Quick question: I forgot my password, how do I get it back?",PASSWORD,get_password,"You can recover access in a few steps. Select Forgot Password on the login screen, verify your identity with the one-time code sent to your registered number, and set a new password. If you no longer have access to that number, please visit a branch with your identification to update it. Feel free to ask if you have any other questions."
"Hello there, can I see how much interest I have paid on my home loan? Thanks",LOAN,check_mortgage_payments,"Thanks for reaching out, I can guide you through this. Your mortgage details are available under Loans. There you can view the payment amount, upcoming due dates, the balance still owed and a summary of interest paid. If your payment changes because of a rate change, we will notify you in advance. Feel free to ask if you have any other questions."
"Hello, how can I check how much credit I have left on my card? Please advise.",CARD,check_current_balance_on_card,"To check your balance, log in to net banking or the app and open Cards. The card summary shows your current balance, available credit and the last statement amount. Balances update in near real time, but very recent transactions can take a short while to appear. I am here if you need anything else."
Can I reapply after a rejection and what should I improve? Please help.,RETAIL_EXCEPTION,loan_application_rejected_appeal,"I am sorry that your application was not approved. Decisions are based on factors such as income, existing debts, credit history and the value of the loan requested, and we can share the main reasons with you. You may ask for a review, especially if your circumstances have changed or if some information was missing. I will pass your request to a loans specialist who can explain the decision and suggest what may improve your chances next time. We will keep you updated by message until this is resolved."
Please tell me the reason my loan was denied,RETAIL_EXCEPTION,loan_application_rejected_appeal,"I am sorry that your application was not approved. Decisions are based on factors such as income, existing debts, credit history and the value of the loan requested, and we can share the main reasons with you. You may ask for a review, especially if your circumstances have changed or if some information was missing. I will pass your request to a loans specialist who can explain the decision and suggest what may improve your chances next time. If you would like, I can connect you with a human agent right now."
"Good morning, what are your support hours? Can you help me with this?",CONTACT,customer_service,"You can reach customer service by phone banking, through secure chat in the mobile app, or by email through the Contact Us section. Phone and chat support are available round the clock for urgent matters such as blocking a card, and other requests are handled during business hours. Please keep your customer ID handy so we can help you faster."
Pls help: can you transfer me to a human agent?,CONTACT,human_agent,"Certainly, I can arrange for one of our advisors to help you. I am transferring you now, and I will share the details of our conversation so you do not need to repeat yourself. If the queue is long, you can choose to receive a call back instead."
i need help. how can i close my credit card? i no longer use it. i need this sorted today,CARD,cancel_card,"I can guide you through cancelling your card. First check that there are no pending transactions or unpaid dues. Then submit a cancellation request through the app or by phone banking. You will get a confirmation message once the card is closed. If you need any further help, just let me know."
"Please help: my card went missing two days ago, block it asap. I need this sorted today",CARD,block_card,"To protect your money, block the card first. Use the app under Cards and Block, or call the 24 hour phone banking line and ask for an immediate block. Once blocked, please review your recent transactions and tell us about any you do not recognise so we can look into them."
"Hello, how can I add a new payee and transfer funds? Can you help me with this",TRANSFER,make_transfer,"Of course, happy to help. You can send money in a few steps. Open Transfers, choose Send Money and select an existing payee or add a new one. Type in the amount, check the details carefully because transfers to the wrong account can be hard to reverse, and approve with your security code. Instant methods arrive within minutes, while standard transfers can take up to one working day."
"Hi, what is the annual fee for my prepaid card? Any idea what to do?",CARD,check_card_annual_fee,"Annual fees vary by card, and many cards waive the fee after a certain level of yearly spending. Please check Fees and Charges for your card in the app to see your amount and the anniversary date. If you would like to ask about a waiver, customer service can review your eligibility. Feel free to ask if you have any other questions."
"Hi team, what is the fastest way to send money to someone? Not sure what to do.",TRANSFER,make_transfer,"You can send money in a few steps. Open Transfers, choose Send Money and select an existing payee or add a new one. Type in the amount, check the details carefully because transfers to the wrong account can be hard to reverse, and approve with your security code. Instant methods arrive within minutes, while standard transfers can take up to one working day. Let me know if there is anything more I can do for you."
I need help. What is the fastest way to send money to someone? Thank you.,TRANSFER,make_transfer,"Certainly, I can help with that. You can send money in a few steps. Open Transfers, choose Send Money and select an existing payee or add a new one. Type in the amount, check the details carefully because transfers to the wrong account can be hard to reverse, and approve with your security code. Instant methods arrive within minutes, while standard transfers can take up to one working day. If you need any further help, just let me know."
"hi team, how do i send 2,620 dollars to a friend's account? not sure what to do.",TRANSFER,make_transfer,"Thanks for reaching out, I can guide you through this. To make a transfer, log in to the app or net banking and go to Transfers. Add the payee by entering the name, account number and bank code, then confirm the payee with a one-time code. Enter the amount of 2,620 dollars, choose the payment method, review the details and confirm. You will get a confirmation message with a reference number."
is there a fee if my balance drops below the minimum?,FEES,check_fees,"Of course, happy to help. I can help you understand the charges. Common fees include monthly maintenance, foreign transaction fees, ATM use outside our network and penalties for low balance. Your latest statement shows every fee that has been applied, and customer service can review any fee you believe was charged in error. Feel free to ask if you have any other questions."
What happens to my mortgage application if I cancel it now? Not sure what to do.,LOAN,cancel_mortgage,"To cancel a mortgage application, send a withdrawal request with your application reference. Any costs already incurred for valuation or legal checks may not be refundable. We will confirm the cancellation in writing and close the file. Feel free to ask if you have any other questions."
"Excuse me, can you help me activate my card? It has not been used yet. Not sure what to do",CARD,activate_card,"Thanks for reaching out, I can guide you through this. You can activate your card in two easy ways. In the mobile app, go to Cards, pick your card, and tap Activate. If you prefer, call the phone banking number printed on the back of the card and follow the voice prompts. After verification your card will be active within a few minutes."
"Hey, how do I send $726 to a friend's account? Any idea what to do?",TRANSFER,make_transfer,"Certainly, I can help with that. To make a transfer, log in to the app or net banking and go to Transfers. Add the payee by entering the name, account number and bank code, then confirm the payee with a one-time code. Enter the amount of $726, choose the payment method, review the details and confirm. You will get a confirmation message with a reference number. Feel free to ask if you have any other questions."
"hello there, how do i withdraw my loan request? please help",LOAN,cancel_loan,"Absolutely, let me walk you through it. To cancel a loan application, tell us which application you mean and we will stop the process. Before disbursal there is normally no cost. After disbursal, the loan must be closed by repaying the outstanding amount, and we will give you the exact figure and any applicable charges. Please reach out again if anything is unclear."
"Urgent: I sent 1,830 dollars to the wrong person, can I cancel the transfer? Thank you.",TRANSFER,cancel_transfer,"If the transfer of 1,830 dollars is still pending or scheduled, you can cancel it in the app. Go to Transfers, open Pending or Scheduled, select the transfer and tap Cancel. If it has already been completed, it cannot be cancelled directly, but you can raise a request and we will contact the receiving bank to ask for the money back. Success depends on the receiving bank and the account holder agreeing to return it. Feel free to ask if you have any other questions."
"We decided not to buy the house, how do I cancel the mortgage? Appreciate the help",LOAN,cancel_mortgage,"I can help you withdraw the mortgage application. Please contact our mortgage team through the app or at a branch and confirm the application reference. If the valuation or legal work has already started, some third party fees might still apply. Once cancelled, you will receive written confirmation."
Please help: I cannot afford my mortgage after the rate increase. Any idea what to do?,RETAIL_EXCEPTION,mortgage_arrears_support,"I understand how worrying this is, and I want you to know that help is available. Please do not ignore the notice, because early contact gives us more options such as revising the payment plan, extending the term or a temporary arrangement. I will connect you with our specialist mortgage support team, who can go through the details with you in confidence. It is also worth getting free independent money advice alongside speaking to us. If anything changes in the meantime, please let us know straight away."
"Hi, my card was declined in Chennai and I am stuck without money. Thank you.",PAYMENT_EXCEPTION,card_declined_while_travelling,"Sorry about the inconvenience, especially while you are travelling. Please check that international transactions are enabled and that you have not reached your daily limit. Because this is urgent, I recommend calling the emergency line on the back of the card, where an agent can verify you and remove any block. Emergency cash or a replacement card can be arranged if needed."
"Hello there, can I see my loan repayment schedule? Appreciate the help.",LOAN,check_loan_payments,"Of course, happy to help. To check your loan payments, log in and open Loans, then choose the loan. You will see what you have paid so far, what is left, and the next due date. If you would like to pay extra to reduce the balance, there is an option to make a part payment on the same screen."
"Excuse me, I found a recurring payment on my card that I do not recognise. Thanks.",PAYMENT_EXCEPTION,recurring_payment_unauthorized,"Sorry about the trouble. We can block future payments to the merchant on your card, and I can start a dispute for charges you did not authorise. Please share the dates and the amounts of the payments and any cancellation emails you have. A specialist will review whether the money can be recovered. If you would like, I can connect you with a human agent right now."
"Good morning, what are the opening hours of the branch near the university campus? Appreciate the help",FIND,find_branch,"To find a branch, enter your area or city in the Locator and choose Branches. Each listing shows the address, working hours and the services offered, such as loans or locker facilities. Most branches are open on weekdays and some are open on Saturday mornings. Please reach out again if anything is unclear."
"Hello there, how can I enable my prepaid card for use abroad? I am travelling to Amsterdam.",CARD,activate_card_international_usage,"Absolutely, let me walk you through it. To use your card overseas, open Card Controls in the app and enable International Usage. It is a good idea to set a travel period and a daily limit. If you cannot use the app, phone banking can turn it on for you after verifying your identity. Let me know if there is anything more I can do for you."
"Hi team, can I see my last transactions?",ACCOUNT,check_recent_transactions,"To review your recent activity, log in and choose the account, then select Recent Transactions. Pending items are shown separately from completed ones. If something looks unfamiliar, tap it to see the details and report it directly from that screen. Feel free to ask if you have any other questions."
"Excuse me, how much do I pay every year to keep my card? Can you help me with this?",CARD,check_card_annual_fee,"Annual fees vary by card, and many cards waive the fee after a certain level of yearly spending. Please check Fees and Charges for your card in the app to see your amount and the anniversary date. If you would like to ask about a waiver, customer service can review your eligibility. Feel free to ask if you have any other questions."
"Hi team, I want a written response to my complaint about savings account charges. Not sure what to do.",RETAIL_EXCEPTION,formal_complaint_escalation,"I am sorry that your issue has not been resolved, and you have every right to escalate. I can register a formal complaint now, which will be given a reference number and reviewed by our complaints team, who will respond in writing within the time required. If you are not satisfied with the final response, you can take the matter to the external financial ombudsman. It helps if you share the dates and details of your previous contacts. You can ask for a human agent at any time and I will arrange it."
"There is an ATM transaction I do not recognise for 2,360 USD, how do I raise a dispute? Please help.",ATM,dispute_ATM_withdrawal,"I will help you raise a dispute for the ATM withdrawal of 2,360 USD. Please go to Disputes in the app, select the transaction and choose ATM Cash Issue, then give the date, time and ATM location if you have them. We will investigate with the ATM operator and most cases are reviewed within a few working days. If the ATM did not dispense the cash, the amount is usually credited back to your account."
I need help. What fees do you charge on my account? Not sure what to do.,FEES,check_fees,"Fees depend on the type of account or service. You can find the full list in the app under Help and then Fees and Charges, including maintenance, ATM, transfer and card fees. If you tell me the specific service you are asking about, I can explain how that fee is calculated and when it applies."
"Urgent: I sent 694 dollars to the wrong person, can I cancel the transfer?",TRANSFER,cancel_transfer,"Of course, happy to help. Please act quickly. For transfers that have not been processed yet, use Cancel next to the transfer in your pending list. For completed transfers, raise a recall request from the same screen or through customer service, and keep the transaction reference handy. We will update you as soon as we hear back from the other bank. If you need any further help, just let me know."
The amount debited does not match the price I saw abroad. Thank you,PAYMENT_EXCEPTION,currency_conversion_dispute,"Thanks for raising this. When you pay in a foreign currency, the amount is converted at the network exchange rate on the day the transaction is settled, and a foreign currency fee may also apply, so the final figure can differ from what you saw at the shop. Please check the transaction details in the app for the rate and fee that were used. If you believe the amount is wrong, we can raise a query and a specialist will review it. If you would like, I can connect you with a human agent right now."
What are the opening hours of the branch near the city mall? Not sure what to do.,FIND,find_branch,"You can find branches using the Locator in the app or on our website. Search by city or a landmark like the city mall, and you will see the address, opening hours and services available at each branch. Many branches allow you to book an appointment in advance, which reduces waiting time. I am here if you need anything else."
"Excuse me, I am a student and would like to start a savings account. Can you help me with this",ACCOUNT,create_account,"Thanks for reaching out, I can guide you through this. To start, choose the type of account that suits you, then fill in the application form online. You will need identity and address documents, and you may complete a short video verification. Once approved, your account details arrive by message and email, and your debit card is sent to your address. Let me know if there is anything more I can do for you."
"Excuse me, I forgot my password, how do I get it back? Thanks.",PASSWORD,get_password,"I am sorry you are locked out. On the login page, tap Forgot Password and enter your customer ID. We will send a one-time code to your registered mobile number, and after you enter it you can choose a new password. For security reasons we can never tell you your old password. Feel free to ask if you have any other questions."
"Hey, I am a new customer and want to create my login. Any idea what to do?",PASSWORD,set_up_password,"Of course, happy to help. To set up or change your password, log in and go to Settings and then Security. Choose Change Password, enter your current password, and type the new one twice. A strong password uses at least eight characters with a mix of letters, numbers and symbols, and should not include your name or birth date."
I want to know my outstanding amount on the credit card. Appreciate the help,CARD,check_current_balance_on_card,"To check your balance, log in to net banking or the app and open Cards. The card summary shows your current balance, available credit and the last statement amount. Balances update in near real time, but very recent transactions can take a short while to appear. I am here if you need anything else."
"Good morning, why was I charged a fee of EUR 773 this month?",FEES,check_fees,"I can help you understand the charges. Common fees include monthly maintenance, foreign transaction fees, ATM use outside our network and penalties for low balance. Your latest statement shows every fee that has been applied, and customer service can review any fee you believe was charged in error. Please reach out again if anything is unclear."
"Hi, can I cancel my loan after it was approved but before receiving the money? Please advise.",LOAN,cancel_loan,"To cancel a loan application, tell us which application you mean and we will stop the process. Before disbursal there is normally no cost. After disbursal, the loan must be closed by repaying the outstanding amount, and we will give you the exact figure and any applicable charges. Let me know if there is anything more I can do for you."
How do I withdraw my loan request? Appreciate the help,LOAN,cancel_loan,"Thanks for reaching out, I can guide you through this. To cancel a loan application, tell us which application you mean and we will stop the process. Before disbursal there is normally no cost. After disbursal, the loan must be closed by repaying the outstanding amount, and we will give you the exact figure and any applicable charges. Please reach out again if anything is unclear."
"Hello there, my card went missing earlier today, block it asap. Can you help me with this",CARD,block_card,"I understand how stressful this must be, and I am here to help. To protect your money, block the card first. Use the app under Cards and Block, or call the 24 hour phone banking line and ask for an immediate block. Once blocked, please review your recent transactions and tell us about any you do not recognise so we can look into them. Feel free to ask if you have any other questions."
"good evening, how long will my transfer stay pending? it has been 5 days. please help.",PAYMENT_EXCEPTION,transfer_pending_stuck,"I understand how worrying it is when a payment is delayed. Most transfers complete within one working day, but some can be held for security checks or because of details that need correcting. Please check the transaction status and reference number in the app. Since it has been 5 days, I will raise this as a payment investigation so a specialist can trace the payment with the receiving bank and update you. Please keep your reference number safe, and reply here if you need anything else."
I want to talk to a real person. Thanks,CONTACT,human_agent,"Of course. I will connect you with a human agent now. Please stay in this chat, and it helps if you briefly describe your issue so the agent can pick up straight away. Waiting times can vary, and if it is not urgent you can also request a call back at a time that suits you."
"Good morning, please guide me through creating a new account.",ACCOUNT,create_account,"Thanks for reaching out, I can guide you through this. To start, choose the type of account that suits you, then fill in the application form online. You will need identity and address documents, and you may complete a short video verification. Once approved, your account details arrive by message and email, and your debit card is sent to your address. If you need any further help, just let me know."
Urgent: when is my next business loan instalment due? Please advise.,LOAN,check_loan_payments,"To check your loan payments, log in and open Loans, then choose the loan. You will see what you have paid so far, what is left, and the next due date. If you would like to pay extra to reduce the balance, there is an option to make a part payment on the same screen. Please reach out again if anything is unclear."
I need help. I want to cancel my home loan application.,LOAN,cancel_loan,"Sure, here is how this works. If your home loan has not been disbursed yet, you can cancel the request through customer service or from Loans in the app by selecting your application and choosing Withdraw. If the money has already been credited, you will need to repay it, and we can share the foreclosure amount with you. Please note that some fees may apply after disbursal. I am here if you need anything else."
Please help: please enable international transactions on my card ending 4816.,CARD,activate_card_international_usage,"Absolutely, let me walk you through it. To use your card overseas, open Card Controls in the app and enable International Usage. It is a good idea to set a travel period and a daily limit. If you cannot use the app, phone banking can turn it on for you after verifying your identity. Let me know if there is anything more I can do for you."
"Hi, how can I reset my forgotten mobile banking password? Appreciate the help",PASSWORD,get_password,"You can recover access in a few steps. Select Forgot Password on the login screen, verify your identity with the one-time code sent to your registered number, and set a new password. If you no longer have access to that number, please visit a branch with your identification to update it."
"Good evening, cash was not dispensed at the ATM yet my account was debited. Thanks",ATM,dispute_ATM_withdrawal,"Sorry about the trouble with the ATM. Please keep the receipt if you have one and raise a dispute through the app or by calling customer service. We will check the ATM records for the withdrawal and update you by message. If the money is confirmed as not dispensed, it will be returned to your account. If you need any further help, just let me know."
"Excuse me, I was charged an overdraft fee of 1,870 dollars even though I had funds. Please help.",RETAIL_EXCEPTION,overdraft_fee_dispute,"I understand your concern, and I will help you look into it. Overdraft fees can arise when a payment goes through before a deposit is credited, or when the balance goes below the agreed limit. Please check the dates on your statement for the fee of 1,870 dollars. If you feel it was applied unfairly, we can review it as a goodwill request or a complaint, and a specialist will assess your account history. If anything changes in the meantime, please let us know straight away."
"Good evening, how can I close my credit card? I no longer use it. Thanks.",CARD,cancel_card,I can guide you through cancelling your card. First check that there are no pending transactions or unpaid dues. Then submit a cancellation request through the app or by phone banking. You will get a confirmation message once the card is closed. Feel free to ask if you have any other questions.
"Urgent: we are buying our first home and need a mortgage, where do we start? Can you help me with this",LOAN,apply_for_mortgage,"Sure, here is how this works. For a mortgage, the first step is to check how much you can borrow using the mortgage calculator in the app. Then submit an application with your identity, income and property details, and we will arrange a valuation of the property. After approval you receive a formal offer, and the funds are released to the seller once the legal formalities are complete. A deposit is usually needed, and the amount depends on the property value and your profile. Please reach out again if anything is unclear."
Can I reapply after a rejection and what should I improve? Please help,RETAIL_EXCEPTION,loan_application_rejected_appeal,"I am sorry that your application was not approved. Decisions are based on factors such as income, existing debts, credit history and the value of the loan requested, and we can share the main reasons with you. You may ask for a review, especially if your circumstances have changed or if some information was missing. I will pass your request to a loans specialist who can explain the decision and suggest what may improve your chances next time. You can ask for a human agent at any time and I will arrange it."
"Hi team, how can I contact customer service? Please advise.",CONTACT,customer_service,"There are several ways to contact us. The quickest is the chat option in the app, which is available all day. You can also call the number printed on the back of your card or on our website, or visit any branch during opening hours. I am here if you need anything else."
Can I see how much interest I have paid on my home loan? Not sure what to do.,LOAN,check_mortgage_payments,"Absolutely, let me walk you through it. Your mortgage details are available under Loans. There you can view the payment amount, upcoming due dates, the balance still owed and a summary of interest paid. If your payment changes because of a rate change, we will notify you in advance."
Is there a live chat with the bank? Appreciate the help,CONTACT,customer_service,"You can reach customer service by phone banking, through secure chat in the mobile app, or by email through the Contact Us section. Phone and chat support are available round the clock for urgent matters such as blocking a card, and other requests are handled during business hours. Please keep your customer ID handy so we can help you faster. Let me know if there is anything more I can do for you."
The ATM kept my credit card and I cannot get it back. Thanks.,ATM,recover_swallowed_card,"I am sorry that the ATM kept your card. For your safety, I suggest blocking the card right away in the app. We will then arrange either collection from the ATM branch with identification or a replacement card sent to your address, usually within a few working days. I am here if you need anything else."
"Good morning, the ATM swallowed my card, what should I do? Not sure what to do.",ATM,recover_swallowed_card,"I am sorry that the ATM kept your card. For your safety, I suggest blocking the card right away in the app. We will then arrange either collection from the ATM branch with identification or a replacement card sent to your address, usually within a few working days."
"Quick question: I want to reverse the payment I just made, is that possible? Pls help.",TRANSFER,cancel_transfer,"Please act quickly. For transfers that have not been processed yet, use Cancel next to the transfer in your pending list. For completed transfers, raise a recall request from the same screen or through customer service, and keep the transaction reference handy. We will update you as soon as we hear back from the other bank."
"Hey, someone changed my phone number and email on my account and I am locked out",RETAIL_EXCEPTION,identity_theft_account_takeover,"I am very sorry, and I will treat this as urgent. To protect you, we should restrict access to your account and cards immediately, and I am escalating this to our fraud and security team now. Please do not use the same password anywhere else, avoid clicking links in unexpected messages, and keep a note of any suspicious messages or calls. A specialist will contact you on a verified number to restore your access and review the activity. If you would like, I can connect you with a human agent right now."
Tell me about the monthly maintenance fees on my savings account,FEES,check_fees,"Certainly, I can help with that. I can help you understand the charges. Common fees include monthly maintenance, foreign transaction fees, ATM use outside our network and penalties for low balance. Your latest statement shows every fee that has been applied, and customer service can review any fee you believe was charged in error. If you need any further help, just let me know."
I need help. How do I activate my new credit card?,CARD,activate_card,"You can activate your card in two easy ways. In the mobile app, go to Cards, pick your card, and tap Activate. If you prefer, call the phone banking number printed on the back of the card and follow the voice prompts. After verification your card will be active within a few minutes. Feel free to ask if you have any other questions."
"The merchant refused a refund of GBP 1,650, what are my options with the bank? Please help",PAYMENT_EXCEPTION,chargeback_request,"Thank you for the details. A card dispute can be raised for items not received or not as described. We will need your order confirmation and any communication with the seller. Our disputes team will assess the claim and let you know whether the amount can be recovered. If anything changes in the meantime, please let us know straight away."
"Hi team, I paid 207 USD once but the money left my account twice last night. Please advise.",PAYMENT_EXCEPTION,duplicate_charge,"Thanks for letting us know. Please keep proof of your purchase and, if possible, the merchant receipt. We will open a dispute for the duplicate payment, and a specialist will review it with the merchant. Refunds usually take several working days once the duplicate is confirmed. If you would like, I can connect you with a human agent right now."
"Hi team, I need to withdraw cash in Istanbul, where can I find one of your ATMs?",FIND,find_ATM,"To locate an ATM, open the Locator in the app or on our website and search by city or landmark. Filters help you find machines that offer deposits, cheque drops or extended hours. Please remember that using an ATM outside our network may attract a fee. Let me know if there is anything more I can do for you."
I need help. How can I withdraw my home loan request? Thanks.,LOAN,cancel_mortgage,"To cancel a mortgage application, send a withdrawal request with your application reference. Any costs already incurred for valuation or legal checks may not be refundable. We will confirm the cancellation in writing and close the file. If you need any further help, just let me know."
"Please help: my brother died and I am the nominee on his account, what should I do? Thanks.",RETAIL_EXCEPTION,deceased_account_holder,"I am very sorry for your loss. Please take your time, and we will make this as simple as we can. To begin, please inform us of the death by contacting our bereavement team, who will guide you personally. You will usually need a copy of the death certificate, your own identification and proof of your relationship, and if you are the nominee, the nomination details. Because this involves legal steps, a specialist will handle your request and explain the timeline. If anything changes in the meantime, please let us know straight away."
What are the eligibility criteria for a student loan? I need this sorted today.,LOAN,apply_for_loan,"You can apply for a student loan online or at a branch. Please keep your identity proof, address proof, recent salary slips or income proof, and bank statements ready. After you submit the application, we check your eligibility and credit history and share an offer with the interest rate and repayment plan. Once you accept, the money is usually credited within a few working days. I am here if you need anything else."
How can I avoid repossession of my house? Appreciate the help.,RETAIL_EXCEPTION,mortgage_arrears_support,"I understand how worrying this is, and I want you to know that help is available. Please do not ignore the notice, because early contact gives us more options such as revising the payment plan, extending the term or a temporary arrangement. I will connect you with our specialist mortgage support team, who can go through the details with you in confidence. It is also worth getting free independent money advice alongside speaking to us. Please keep your reference number safe, and reply here if you need anything else."
Quick question: I need to inform the bank about the death of my husband and settle his accounts.,RETAIL_EXCEPTION,deceased_account_holder,"My condolences to you and your family. Accounts of a deceased customer are handled by a dedicated team with care. Please share the death certificate and your identification, and they will explain how the balance is released to the nominee or legal heir and how the account is closed. I will connect you with them, so you do not have to repeat yourself."
"Pls cancel my pending transfer of $2,770. Not sure what to do.",TRANSFER,cancel_transfer,"Please act quickly. For transfers that have not been processed yet, use Cancel next to the transfer in your pending list. For completed transfers, raise a recall request from the same screen or through customer service, and keep the transaction reference handy. We will update you as soon as we hear back from the other bank. I am here if you need anything else."
Urgent: apple keeps charging me $716 every month and I never subscribed. Thank you.,PAYMENT_EXCEPTION,recurring_payment_unauthorized,"I understand how annoying unwanted charges are. You can stop a recurring payment by going to Cards and Recurring Payments in the app and choosing Stop for Apple. If the merchant has already taken money you did not agree to, we can raise a dispute for the $716 charges. It also helps to contact the merchant to cancel the subscription so they stop trying to bill you. Please keep your reference number safe, and reply here if you need anything else."
how much deposit do i need for a mortgage? thank you,LOAN,apply_for_mortgage,"Sure, here is how this works. For a mortgage, the first step is to check how much you can borrow using the mortgage calculator in the app. Then submit an application with your identity, income and property details, and we will arrange a valuation of the property. After approval you receive a formal offer, and the funds are released to the seller once the legal formalities are complete. A deposit is usually needed, and the amount depends on the property value and your profile. Please reach out again if anything is unclear."
How do I shut down my account permanently? I need this sorted today.,ACCOUNT,close_account,"To close the account, make sure there are no pending transactions, linked cards or loans. Request closure through the app under Account Services or visit a branch. We will transfer any remaining balance to the account you nominate and confirm once the account is closed."
"please help: card not working in singapore, i tried it three days ago and it failed, i have no other way to pay. appreciate the help.",PAYMENT_EXCEPTION,card_declined_while_travelling,"Sorry about the inconvenience, especially while you are travelling. Please check that international transactions are enabled and that you have not reached your daily limit. Because this is urgent, I recommend calling the emergency line on the back of the card, where an agent can verify you and remove any block. Emergency cash or a replacement card can be arranged if needed. We will keep you updated by message until this is resolved."
"good morning, i want to talk to a real person. not sure what to do.",CONTACT,human_agent,"Of course. I will connect you with a human agent now. Please stay in this chat, and it helps if you briefly describe your issue so the agent can pick up straight away. Waiting times can vary, and if it is not urgent you can also request a call back at a time that suits you. I am here if you need anything else."
I need help. My card was declined in Sydney and I am stuck without money. Any idea what to do?,PAYMENT_EXCEPTION,card_declined_while_travelling,"Sorry about the inconvenience, especially while you are travelling. Please check that international transactions are enabled and that you have not reached your daily limit. Because this is urgent, I recommend calling the emergency line on the back of the card, where an agent can verify you and remove any block. Emergency cash or a replacement card can be arranged if needed. If anything changes in the meantime, please let us know straight away."
"Hey, I need a person to help me with this, not an automated reply",CONTACT,human_agent,"Of course. I will connect you with a human agent now. Please stay in this chat, and it helps if you briefly describe your issue so the agent can pick up straight away. Waiting times can vary, and if it is not urgent you can also request a call back at a time that suits you."
"Quick question: can I get a loan for 151,010 USD over 24 months? Thank you",LOAN,apply_for_loan,"To apply for a loan, go to Loans in the app and select the type of loan you need. Enter the amount and tenure, upload the required documents and submit. Your eligibility is based on income, existing commitments and credit score, and you will see a decision and an offer once the review is complete."
"Excuse me, where can I download my statement for the last 4 days? I need this sorted today",ACCOUNT,check_recent_transactions,"To review your recent activity, log in and choose the account, then select Recent Transactions. Pending items are shown separately from completed ones. If something looks unfamiliar, tap it to see the details and report it directly from that screen. Please reach out again if anything is unclear."
Which branch can I go to for a loan discussion? Thank you.,FIND,find_branch,"To find a branch, enter your area or city in the Locator and choose Branches. Each listing shows the address, working hours and the services offered, such as loans or locker facilities. Most branches are open on weekdays and some are open on Saturday mornings."
"Hello, I would like to apply for a home loan. I need this sorted today.",LOAN,apply_for_mortgage,"For a mortgage, the first step is to check how much you can borrow using the mortgage calculator in the app. Then submit an application with your identity, income and property details, and we will arrange a valuation of the property. After approval you receive a formal offer, and the funds are released to the seller once the legal formalities are complete. A deposit is usually needed, and the amount depends on the property value and your profile. If you need any further help, just let me know."
"Hi, how do I authorise someone to handle my banking on my behalf? Can you help me with this?",RETAIL_EXCEPTION,power_of_attorney_request,"I am sorry to hear that. Managing another person's account requires a valid legal authority, such as a registered power of attorney, and we need to verify it before giving access. Please prepare the original or certified copy of the document, your identification and the account holder details. A specialist will check the paperwork and explain what your authority allows, and I will arrange for them to contact you. If anything changes in the meantime, please let us know straight away."
Urgent: how do I set up a password for net banking? Any idea what to do?,PASSWORD,set_up_password,"Absolutely, let me walk you through it. New customers can create a password using the First Time Login option. Enter your customer ID, verify with a one-time code, then choose a password that meets the rules shown on screen. Please do not share it with anyone, including bank staff. If you need any further help, just let me know."
Urgent: how do I open a business account?,ACCOUNT,create_account,"To start, choose the type of account that suits you, then fill in the application form online. You will need identity and address documents, and you may complete a short video verification. Once approved, your account details arrive by message and email, and your debit card is sent to your address."
"I need help. Suspicious login on my account from another country, please secure it. I need this sorted today.",RETAIL_EXCEPTION,identity_theft_account_takeover,"Thank you for flagging this quickly. Access to your online banking will be locked while we investigate. Our security team will verify your identity through a secure process, review recent changes and transactions, and help reset your details. Please tell us about any transaction you did not make, so it can be investigated. If you would like, I can connect you with a human agent right now."
"Hello, the ATM kept my debit card and I cannot get it back. Appreciate the help",ATM,recover_swallowed_card,"Please do not worry, this happens sometimes. First, block the card in the app as a precaution until you have it back. Then contact the branch that owns the ATM or call customer service, and we will check if the card was retained by the machine. If it can be recovered you may collect it with valid photo ID, otherwise we will issue a replacement card to you."
"excuse me, my prepaid card ending 0636 arrived today. what are the steps to activate it?",CARD,activate_card,"Thanks for reaching out, I can guide you through this. First, open the mobile app or net banking and go to the Cards section. Then select your prepaid card and choose Activate Card. You will receive a one-time code on your registered mobile number, so enter it to confirm. Once that is done, the card is active and ready to use straight away."
"hello, how can i change my password to something stronger? not sure what to do",PASSWORD,set_up_password,"Sure, here is how this works. New customers can create a password using the First Time Login option. Enter your customer ID, verify with a one-time code, then choose a password that meets the rules shown on screen. Please do not share it with anyone, including bank staff."
"Hi, is there any joining or annual fee on the travel card? Thanks.",CARD,check_card_annual_fee,"Of course, happy to help. The annual fee depends on the type of card you hold. You can see the exact amount for your travel card in the app under Cards and Card Details, and it is also listed in your welcome kit. The fee is normally charged once a year on the card anniversary date. Some cards offer a waiver if you reach a yearly spending target. Please reach out again if anything is unclear."
when is my next mortgage payment due? i need this sorted today.,LOAN,check_mortgage_payments,"Thanks for reaching out, I can guide you through this. In the app, open Loans and select your mortgage to see your monthly payment, the next due date, the remaining balance and the split between interest and principal. Statements and a yearly interest certificate can also be downloaded from the documents section."
"Hi, I sent EUR 1,560 to the wrong person, can I cancel the transfer? Please help.",TRANSFER,cancel_transfer,"If the transfer of EUR 1,560 is still pending or scheduled, you can cancel it in the app. Go to Transfers, open Pending or Scheduled, select the transfer and tap Cancel. If it has already been completed, it cannot be cancelled directly, but you can raise a request and we will contact the receiving bank to ask for the money back. Success depends on the receiving bank and the account holder agreeing to return it."
"Good evening, my wallet with my platinum credit card was stolen in Sydney, what do I do? I need this sorted today.",PAYMENT_EXCEPTION,lost_card_abroad_emergency,"That sounds very stressful. The first step is to block all lost cards so nobody can use them. Then our emergency support team can help with a replacement card delivered to your location or a cash advance, after confirming your identity. Please keep any police report reference, as it can help with disputed transactions. Please keep your reference number safe, and reply here if you need anything else."
Urgent: can I see how much interest I have paid on my home loan? Any idea what to do,LOAN,check_mortgage_payments,"Your mortgage details are available under Loans. There you can view the payment amount, upcoming due dates, the balance still owed and a summary of interest paid. If your payment changes because of a rate change, we will notify you in advance. If you need any further help, just let me know."
I need help. I want to freeze the joint account until we settle things. Can you help me with this?,RETAIL_EXCEPTION,joint_account_dispute,"Thank you for explaining. Changing the operating instruction on a joint account depends on the mandate, and sometimes a court order is needed. Our specialist team can review the account terms with you and tell you what can be done, such as requiring both signatures for withdrawals. I will connect you with them. Please keep your reference number safe, and reply here if you need anything else."
Pls cancel the card ending 8288. Thank you.,CARD,cancel_card,"Of course, happy to help. I can guide you through cancelling your card. First check that there are no pending transactions or unpaid dues. Then submit a cancellation request through the app or by phone banking. You will get a confirmation message once the card is closed. Feel free to ask if you have any other questions."
"I cannot log in to net banking, I do not remember my password. I need this sorted today.",PASSWORD,get_password,"I am sorry you are locked out. On the login page, tap Forgot Password and enter your customer ID. We will send a one-time code to your registered mobile number, and after you enter it you can choose a new password. For security reasons we can never tell you your old password. I am here if you need anything else."
"pls help: pls help me make a transfer of gbp 2,410 today. thanks.",TRANSFER,make_transfer,"Of course, happy to help. To make a transfer, log in to the app or net banking and go to Transfers. Add the payee by entering the name, account number and bank code, then confirm the payee with a one-time code. Enter the amount of GBP 2,410, choose the payment method, review the details and confirm. You will get a confirmation message with a reference number. If you need any further help, just let me know."
"Hi, my card went missing three days ago, block it asap. Thank you.",CARD,block_card,"You can block the card immediately in the mobile app. Go to Cards, choose the card and tap Block Card, then pick Lost or Stolen as the reason. The card stops working straight away and any new transactions are declined. We will then help you order a replacement, which usually arrives in a few working days. If you need any further help, just let me know."
"Excuse me, how do I activate my new platinum credit card? Thank you.",CARD,activate_card,"Thanks for reaching out, I can guide you through this. You can activate your card in two easy ways. In the mobile app, go to Cards, pick your card, and tap Activate. If you prefer, call the phone banking number printed on the back of the card and follow the voice prompts. After verification your card will be active within a few minutes."
"Urgent: please help me close the account, I am moving abroad. Any idea what to do?",ACCOUNT,close_account,"To close the account, make sure there are no pending transactions, linked cards or loans. Request closure through the app under Account Services or visit a branch. We will transfer any remaining balance to the account you nominate and confirm once the account is closed. Let me know if there is anything more I can do for you."
"please help: someone may have my card details, how can i block the card immediately? i need this sorted today",CARD,block_card,"I am sorry to hear about this and I want to help sort it out. You can block the card immediately in the mobile app. Go to Cards, choose the card and tap Block Card, then pick Lost or Stolen as the reason. The card stops working straight away and any new transactions are declined. We will then help you order a replacement, which usually arrives in a few working days. Please reach out again if anything is unclear."
"Good evening, what are the rules for choosing a password? Appreciate the help.",PASSWORD,set_up_password,"New customers can create a password using the First Time Login option. Enter your customer ID, verify with a one-time code, then choose a password that meets the rules shown on screen. Please do not share it with anyone, including bank staff."
"Please unfreeze my account, I already submitted my documents last night. Not sure what to do.",RETAIL_EXCEPTION,account_frozen_kyc,"I understand how stressful it is to have an account restricted. Accounts are sometimes frozen when identity documents are missing or expired, or when a compliance review is needed. I cannot lift a restriction from this chat, but I can raise a priority request with our account services team. Please keep your photo ID, proof of address and recent photograph ready, and a specialist will contact you with the exact documents required. If anything changes in the meantime, please let us know straight away."
"Excuse me, please cancel the card ending 3842. Please help",CARD,cancel_card,"Absolutely, let me walk you through it. I can guide you through cancelling your card. First check that there are no pending transactions or unpaid dues. Then submit a cancellation request through the app or by phone banking. You will get a confirmation message once the card is closed. Feel free to ask if you have any other questions."
"hello, when is my next personal loan instalment due? please advise",LOAN,check_loan_payments,"You can see your repayment details in the app under Loans. Select your personal loan to view the instalment amount, the next due date, the number of payments remaining and the total outstanding balance. The full repayment schedule can also be downloaded as a document. I am here if you need anything else."
"hello, what is the annual fee for my prepaid card?",CARD,check_card_annual_fee,"Annual fees vary by card, and many cards waive the fee after a certain level of yearly spending. Please check Fees and Charges for your card in the app to see your amount and the anniversary date. If you would like to ask about a waiver, customer service can review your eligibility. Please reach out again if anything is unclear."
Quick question: the amount debited does not match the price I saw abroad. Appreciate the help.,PAYMENT_EXCEPTION,currency_conversion_dispute,"Thanks for raising this. When you pay in a foreign currency, the amount is converted at the network exchange rate on the day the transaction is settled, and a foreign currency fee may also apply, so the final figure can differ from what you saw at the shop. Please check the transaction details in the app for the rate and fee that were used. If you believe the amount is wrong, we can raise a query and a specialist will review it. If anything changes in the meantime, please let us know straight away."
"Hello, I entered the wrong account number and sent 1,380 dollars, please help me get it back. Can u help me with this",PAYMENT_EXCEPTION,transfer_wrong_account,"Please stay calm, and thank you for telling us quickly, because speed matters. Payments to a wrong account cannot always be reversed, but we can send a recall request to the receiving bank for the 1,380 dollars. Please share the transaction reference, the date and the account number you used. We will contact the other bank and, if the account holder agrees or the funds are still available, the money can be returned. Please keep your reference number safe, and reply here if you need anything else."
"hello, is there a live chat with the bank? i need this sorted today",CONTACT,customer_service,"There are several ways to contact us. The quickest is the chat option in the app, which is available all day. You can also call the number printed on the back of your card or on our website, or visit any branch during opening hours."
Quick question: I lost my debit card and need to block it right now. Please help.,CARD,block_card,"I am sorry to hear about this and I want to help sort it out. You can block the card immediately in the mobile app. Go to Cards, choose the card and tap Block Card, then pick Lost or Stolen as the reason. The card stops working straight away and any new transactions are declined. We will then help you order a replacement, which usually arrives in a few working days. Feel free to ask if you have any other questions."
Can you list all the charges for using the ATM abroad? Please help,FEES,check_fees,"Fees depend on the type of account or service. You can find the full list in the app under Help and then Fees and Charges, including maintenance, ATM, transfer and card fees. If you tell me the specific service you are asking about, I can explain how that fee is calculated and when it applies. If you need any further help, just let me know."
"Hi, can you transfer me to a human agent? Can you help me with this?",CONTACT,human_agent,"Certainly, I can arrange for one of our advisors to help you. I am transferring you now, and I will share the details of our conversation so you do not need to repeat yourself. If the queue is long, you can choose to receive a call back instead. I am here if you need anything else."
Please help: show me my recent activity on the savings account. Appreciate the help,ACCOUNT,check_recent_transactions,"To review your recent activity, log in and choose the account, then select Recent Transactions. Pending items are shown separately from completed ones. If something looks unfamiliar, tap it to see the details and report it directly from that screen. I am here if you need anything else."
"Hello, can I see my last transactions? Can u help me with this?",ACCOUNT,check_recent_transactions,"Thanks for reaching out, I can guide you through this. To review your recent activity, log in and choose the account, then select Recent Transactions. Pending items are shown separately from completed ones. If something looks unfamiliar, tap it to see the details and report it directly from that screen."
Please help: I want to cancel my mortgage application. Any idea what to do?,LOAN,cancel_mortgage,"Of course, happy to help. To cancel a mortgage application, send a withdrawal request with your application reference. Any costs already incurred for valuation or legal checks may not be refundable. We will confirm the cancellation in writing and close the file. I am here if you need anything else."
"hello there, how do i set up a password for net banking? please help.",PASSWORD,set_up_password,"To set up or change your password, log in and go to Settings and then Security. Choose Change Password, enter your current password, and type the new one twice. A strong password uses at least eight characters with a mix of letters, numbers and symbols, and should not include your name or birth date. I am here if you need anything else."
"Urgent: im elderly and find the app very hard to use, can someone help me with my banking? Please help.",RETAIL_EXCEPTION,vulnerable_customer_support,"Thank you for telling us, and please know that we are here to help in a way that works for you. We offer support such as large print or audio statements, assisted banking at branches, a dedicated helpline with priority handling and, in some areas, home visits. If you are worried about a suspicious call, please do not share any codes or personal details, and we will help you check it. I will connect you with our customer care specialists to set up the support you need. You can ask for a human agent at any time and I will arrange it."
"Hey, where can I download my statement for the last 5 days?",ACCOUNT,check_recent_transactions,"Of course, happy to help. To review your recent activity, log in and choose the account, then select Recent Transactions. Pending items are shown separately from completed ones. If something looks unfamiliar, tap it to see the details and report it directly from that screen."
"Good evening, I want to open a new account, what documents are required? Can you help me with this?",ACCOUNT,create_account,"Absolutely, let me walk you through it. To start, choose the type of account that suits you, then fill in the application form online. You will need identity and address documents, and you may complete a short video verification. Once approved, your account details arrive by message and email, and your debit card is sent to your address. Feel free to ask if you have any other questions."
"Hi team, tell me about the monthly maintenance fees on my joint account. Any idea what to do?",FEES,check_fees,"Of course, happy to help. Fees depend on the type of account or service. You can find the full list in the app under Help and then Fees and Charges, including maintenance, ATM, transfer and card fees. If you tell me the specific service you are asking about, I can explain how that fee is calculated and when it applies. I am here if you need anything else."
"Excuse me, how do I stop a transfer I made last night? Thanks.",TRANSFER,cancel_transfer,"Sure, here is how this works. Please act quickly. For transfers that have not been processed yet, use Cancel next to the transfer in your pending list. For completed transfers, raise a recall request from the same screen or through customer service, and keep the transaction reference handy. We will update you as soon as we hear back from the other bank. Please reach out again if anything is unclear."
Quick question: is there a fee if my balance drops below the minimum? Thank you,FEES,check_fees,"Fees depend on the type of account or service. You can find the full list in the app under Help and then Fees and Charges, including maintenance, ATM, transfer and card fees. If you tell me the specific service you are asking about, I can explain how that fee is calculated and when it applies. I am here if you need anything else."
"we are buying our first home and need a mortgage, where do we start? please help",LOAN,apply_for_mortgage,"For a mortgage, the first step is to check how much you can borrow using the mortgage calculator in the app. Then submit an application with your identity, income and property details, and we will arrange a valuation of the property. After approval you receive a formal offer, and the funds are released to the seller once the legal formalities are complete. A deposit is usually needed, and the amount depends on the property value and your profile."
quick question: can i see my loan repayment schedule? any idea what to do?,LOAN,check_loan_payments,"Thanks for reaching out, I can guide you through this. To check your loan payments, log in and open Loans, then choose the loan. You will see what you have paid so far, what is left, and the next due date. If you would like to pay extra to reduce the balance, there is an option to make a part payment on the same screen. Please reach out again if anything is unclear."
"Hello there, I want to talk to a real person. Appreciate the help.",CONTACT,human_agent,"Of course. I will connect you with a human agent now. Please stay in this chat, and it helps if you briefly describe your issue so the agent can pick up straight away. Waiting times can vary, and if it is not urgent you can also request a call back at a time that suits you. If you need any further help, just let me know."
"hello there, where is the nearest atm",FIND,find_ATM,"To locate an ATM, open the Locator in the app or on our website and search by city or landmark. Filters help you find machines that offer deposits, cheque drops or extended hours. Please remember that using an ATM outside our network may attract a fee. Please reach out again if anything is unclear."
"pls help me close the account, i am moving abroad. thanks",ACCOUNT,close_account,"To close the account, make sure there are no pending transactions, linked cards or loans. Request closure through the app under Account Services or visit a branch. We will transfer any remaining balance to the account you nominate and confirm once the account is closed. Please reach out again if anything is unclear."
I need help. What fees do you charge on my account? Appreciate the help.,FEES,check_fees,"Fees depend on the type of account or service. You can find the full list in the app under Help and then Fees and Charges, including maintenance, ATM, transfer and card fees. If you tell me the specific service you are asking about, I can explain how that fee is calculated and when it applies. Please reach out again if anything is unclear."
Please help: can I see how much interest I have paid on my home loan? Thanks,LOAN,check_mortgage_payments,"Sure, here is how this works. In the app, open Loans and select your mortgage to see your monthly payment, the next due date, the remaining balance and the split between interest and principal. Statements and a yearly interest certificate can also be downloaded from the documents section. Let me know if there is anything more I can do for you."
"Good morning, we are buying our first home and need a mortgage, where do we start? I need this sorted today.",LOAN,apply_for_mortgage,"Applying for a home loan involves a few stages: an initial eligibility check, document submission, property valuation, formal approval and legal completion. A mortgage adviser can guide you at each stage. You can begin by booking a call from the Loans section of the app. I am here if you need anything else."
My student account has been frozen and I do not know why. Not sure what to do.,RETAIL_EXCEPTION,account_frozen_kyc,"I am sorry for the inconvenience. A restriction usually means we need to verify or update some information. You can complete the update in the app under Profile and KYC, or visit a branch. If you have already submitted documents, I will ask the team to prioritise the review and update you. We will keep you updated by message until this is resolved."
"Hello there, when is my next mortgage payment due? Can you help me with this?",LOAN,check_mortgage_payments,"Sure, here is how this works. In the app, open Loans and select your mortgage to see your monthly payment, the next due date, the remaining balance and the split between interest and principal. Statements and a yearly interest certificate can also be downloaded from the documents section. Feel free to ask if you have any other questions."
urgent: what are the opening hours of the branch near the city mall? i need this sorted today.,FIND,find_branch,"To find a branch, enter your area or city in the Locator and choose Branches. Each listing shows the address, working hours and the services offered, such as loans or locker facilities. Most branches are open on weekdays and some are open on Saturday mornings."
"Hey, find me a cash machine close to me.",FIND,find_ATM,"Certainly, I can help with that. To locate an ATM, open the Locator in the app or on our website and search by city or landmark. Filters help you find machines that offer deposits, cheque drops or extended hours. Please remember that using an ATM outside our network may attract a fee."
"please help: my income has dropped, can you restructure my car loan?",RETAIL_EXCEPTION,loan_hardship_request,"I am sorry you are facing this, and I am glad you reached out early. We have options for customers in financial difficulty, such as a temporary payment holiday, a longer tenure with lower instalments, or restructuring, depending on your situation. I will pass your request to our customer support team, who will review your income and expenses and discuss what is possible. Please try to keep making any payments you can, and avoid ignoring reminders, as talking to us early gives you more choices. If you would like, I can connect you with a human agent right now."
The ATM gave me less money than what was debited from my account. Appreciate the help.,ATM,dispute_ATM_withdrawal,"Sorry about the trouble with the ATM. Please keep the receipt if you have one and raise a dispute through the app or by calling customer service. We will check the ATM records for the withdrawal and update you by message. If the money is confirmed as not dispensed, it will be returned to your account. Feel free to ask if you have any other questions."
"Please help: my card went missing last Friday, block it asap. Can you help me with this",CARD,block_card,"You can block the card immediately in the mobile app. Go to Cards, choose the card and tap Block Card, then pick Lost or Stolen as the reason. The card stops working straight away and any new transactions are declined. We will then help you order a replacement, which usually arrives in a few working days."
urgent: how can i check how much credit i have left on my card? appreciate the help.,CARD,check_current_balance_on_card,"Sure, here is how this works. To check your balance, log in to net banking or the app and open Cards. The card summary shows your current balance, available credit and the last statement amount. Balances update in near real time, but very recent transactions can take a short while to appear."
"Hi, how can I check how much credit I have left on my card?",CARD,check_current_balance_on_card,"Certainly, I can help with that. To check your balance, log in to net banking or the app and open Cards. The card summary shows your current balance, available credit and the last statement amount. Balances update in near real time, but very recent transactions can take a short while to appear. I am here if you need anything else."
why is my current account overdrawn? i never spent that much. thank you.,RETAIL_EXCEPTION,overdraft_fee_dispute,"Thanks for explaining. To review the fee, we need to see the order in which the deposit and the payments were processed. I will raise a request for the fee to be reviewed, and you will hear back with the outcome. In some cases, especially after a delayed salary, the fee can be waived. We will keep you updated by message until this is resolved."
"urgent: what is the process to get a mortgage for a house worth inr 381,480? not sure what to do.",LOAN,apply_for_mortgage,"Absolutely, let me walk you through it. For a mortgage, the first step is to check how much you can borrow using the mortgage calculator in the app. Then submit an application with your identity, income and property details, and we will arrange a valuation of the property. After approval you receive a formal offer, and the funds are released to the seller once the legal formalities are complete. A deposit is usually needed, and the amount depends on the property value and your profile. Let me know if there is anything more I can do for you."
"Good morning, help, the cash machine did not return my card. I need this sorted today.",ATM,recover_swallowed_card,"Please do not worry, this happens sometimes. First, block the card in the app as a precaution until you have it back. Then contact the branch that owns the ATM or call customer service, and we will check if the card was retained by the machine. If it can be recovered you may collect it with valid photo ID, otherwise we will issue a replacement card to you."
can you list all the charges for using the atm abroad? appreciate the help.,FEES,check_fees,"Fees depend on the type of account or service. You can find the full list in the app under Help and then Fees and Charges, including maintenance, ATM, transfer and card fees. If you tell me the specific service you are asking about, I can explain how that fee is calculated and when it applies."
"Hello there, cancel the automatic payment to Amazon right now. Appreciate the help",PAYMENT_EXCEPTION,recurring_payment_unauthorized,"Sorry about the trouble. We can block future payments to the merchant on your card, and I can start a dispute for charges you did not authorise. Please share the dates and the amounts of the payments and any cancellation emails you have. A specialist will review whether the money can be recovered. If anything changes in the meantime, please let us know straight away."
"Help, the cash machine did not return my card. Can you help me with this?",ATM,recover_swallowed_card,"Please do not worry, this happens sometimes. First, block the card in the app as a precaution until you have it back. Then contact the branch that owns the ATM or call customer service, and we will check if the card was retained by the machine. If it can be recovered you may collect it with valid photo ID, otherwise we will issue a replacement card to you. I am here if you need anything else."
"good morning, there is an atm transaction i do not recognise for 2,080 dollars, how do i raise a dispute",ATM,dispute_ATM_withdrawal,"I will help you raise a dispute for the ATM withdrawal of 2,080 dollars. Please go to Disputes in the app, select the transaction and choose ATM Cash Issue, then give the date, time and ATM location if you have them. We will investigate with the ATM operator and most cases are reviewed within a few working days. If the ATM did not dispense the cash, the amount is usually credited back to your account."
Quick question: where do I activate the prepaid card I got yesterday? I need this sorted today.,CARD,activate_card,"First, open the mobile app or net banking and go to the Cards section. Then select your prepaid card and choose Activate Card. You will receive a one-time code on your registered mobile number, so enter it to confirm. Once that is done, the card is active and ready to use straight away. I am here if you need anything else."
"Please help me make a transfer of 1,580 USD today.",TRANSFER,make_transfer,"You can send money in a few steps. Open Transfers, choose Send Money and select an existing payee or add a new one. Type in the amount, check the details carefully because transfers to the wrong account can be hard to reverse, and approve with your security code. Instant methods arrive within minutes, while standard transfers can take up to one working day. Please reach out again if anything is unclear."
"Good evening, my platinum credit card ending 2463 arrived today. What are the steps to activate it? I need this sorted today.",CARD,activate_card,"Thanks for reaching out, I can guide you through this. You can activate your card in two easy ways. In the mobile app, go to Cards, pick your card, and tap Activate. If you prefer, call the phone banking number printed on the back of the card and follow the voice prompts. After verification your card will be active within a few minutes. Please reach out again if anything is unclear."
"hello there, what is the fastest way to send money to someone? thank you.",TRANSFER,make_transfer,"Certainly, I can help with that. You can send money in a few steps. Open Transfers, choose Send Money and select an existing payee or add a new one. Type in the amount, check the details carefully because transfers to the wrong account can be hard to reverse, and approve with your security code. Instant methods arrive within minutes, while standard transfers can take up to one working day. Feel free to ask if you have any other questions."
urgent: tell me about the monthly maintenance fees on my salary account.,FEES,check_fees,"I can help you understand the charges. Common fees include monthly maintenance, foreign transaction fees, ATM use outside our network and penalties for low balance. Your latest statement shows every fee that has been applied, and customer service can review any fee you believe was charged in error. I am here if you need anything else."
"My loan application for 77,600 dollars was rejected and I do not understand why. Any idea what to do?",RETAIL_EXCEPTION,loan_application_rejected_appeal,"I am sorry that your application was not approved. Decisions are based on factors such as income, existing debts, credit history and the value of the loan requested, and we can share the main reasons with you. You may ask for a review, especially if your circumstances have changed or if some information was missing. I will pass your request to a loans specialist who can explain the decision and suggest what may improve your chances next time."
"Hey, I want to know my outstanding amount on the credit card. Can you help me with this?",CARD,check_current_balance_on_card,"Absolutely, let me walk you through it. To check your balance, log in to net banking or the app and open Cards. The card summary shows your current balance, available credit and the last statement amount. Balances update in near real time, but very recent transactions can take a short while to appear."
"hi, i need to inform the bank about the death of my husband and settle his accounts. thank you.",RETAIL_EXCEPTION,deceased_account_holder,"My condolences to you and your family. Accounts of a deceased customer are handled by a dedicated team with care. Please share the death certificate and your identification, and they will explain how the balance is released to the nominee or legal heir and how the account is closed. I will connect you with them, so you do not have to repeat yourself. Please keep your reference number safe, and reply here if you need anything else."
Pls help: cancel my savings account and send me the balance. Can you help me with this?,ACCOUNT,close_account,"Sure, here is how this works. To close the account, make sure there are no pending transactions, linked cards or loans. Request closure through the app under Account Services or visit a branch. We will transfer any remaining balance to the account you nominate and confirm once the account is closed. Let me know if there is anything more I can do for you."
"hi team, i see a charge from steam for eur 502 and i did not authorise it",PAYMENT_EXCEPTION,card_fraud_unauthorized_transaction,"I am very sorry this has happened, and I will treat it as urgent. First, block your card in the app so no further charges can be made. Then please tell us which transactions you do not recognise, including the EUR 502 at Steam, so we can raise a fraud claim. Our fraud team will investigate, may issue a replacement card, and will contact you with updates. Please do not share any codes or card details with anyone claiming to be from the bank. Please keep your reference number safe, and reply here if you need anything else."
"Hey, what are the rules for choosing a password?",PASSWORD,set_up_password,"Of course, happy to help. To set up or change your password, log in and go to Settings and then Security. Choose Change Password, enter your current password, and type the new one twice. A strong password uses at least eight characters with a mix of letters, numbers and symbols, and should not include your name or birth date."
Quick question: what is the annual fee for my travel card? Not sure what to do,CARD,check_card_annual_fee,"The annual fee depends on the type of card you hold. You can see the exact amount for your travel card in the app under Cards and Card Details, and it is also listed in your welcome kit. The fee is normally charged once a year on the card anniversary date. Some cards offer a waiver if you reach a yearly spending target. Let me know if there is anything more I can do for you."
"Urgent: I sent 1,440 USD to the wrong person, can I cancel the transfer",TRANSFER,cancel_transfer,"If the transfer of 1,440 USD is still pending or scheduled, you can cancel it in the app. Go to Transfers, open Pending or Scheduled, select the transfer and tap Cancel. If it has already been completed, it cannot be cancelled directly, but you can raise a request and we will contact the receiving bank to ask for the money back. Success depends on the receiving bank and the account holder agreeing to return it. Feel free to ask if you have any other questions."
Urgent: can I cancel a scheduled transfer for next week? Please help.,TRANSFER,cancel_transfer,"Please act quickly. For transfers that have not been processed yet, use Cancel next to the transfer in your pending list. For completed transfers, raise a recall request from the same screen or through customer service, and keep the transaction reference handy. We will update you as soon as we hear back from the other bank. Please reach out again if anything is unclear."
"Hello there, show me my recent activity on the current account. Appreciate the help.",ACCOUNT,check_recent_transactions,"To review your recent activity, log in and choose the account, then select Recent Transactions. Pending items are shown separately from completed ones. If something looks unfamiliar, tap it to see the details and report it directly from that screen. I am here if you need anything else."
"Good morning, we are buying our first home and need a mortgage, where do we start? Thanks.",LOAN,apply_for_mortgage,"Of course, happy to help. Applying for a home loan involves a few stages: an initial eligibility check, document submission, property valuation, formal approval and legal completion. A mortgage adviser can guide you at each stage. You can begin by booking a call from the Loans section of the app. Let me know if there is anything more I can do for you."
Quick question: the ATM gave me less money than what was debited from my account. Pls advise.,ATM,dispute_ATM_withdrawal,"Sorry about the trouble with the ATM. Please keep the receipt if you have one and raise a dispute through the app or by calling customer service. We will check the ATM records for the withdrawal and update you by message. If the money is confirmed as not dispensed, it will be returned to your account. Let me know if there is anything more I can do for you."
"Good morning, could you tell me the yearly charges on the card ending 7422",CARD,check_card_annual_fee,"Annual fees vary by card, and many cards waive the fee after a certain level of yearly spending. Please check Fees and Charges for your card in the app to see your amount and the anniversary date. If you would like to ask about a waiver, customer service can review your eligibility. Please reach out again if anything is unclear."
"Hi team, please help me recover my login details.",PASSWORD,get_password,"You can recover access in a few steps. Select Forgot Password on the login screen, verify your identity with the one-time code sent to your registered number, and set a new password. If you no longer have access to that number, please visit a branch with your identification to update it."
"Hi, how do I close the account of a deceased family member? Any idea what to do",RETAIL_EXCEPTION,deceased_account_holder,"My condolences to you and your family. Accounts of a deceased customer are handled by a dedicated team with care. Please share the death certificate and your identification, and they will explain how the balance is released to the nominee or legal heir and how the account is closed. I will connect you with them, so you do not have to repeat yourself. If anything changes in the meantime, please let us know straight away."
"Good evening, I need to speak to support about my account, how do I reach you? Not sure what to do.",CONTACT,customer_service,"Absolutely, let me walk you through it. You can reach customer service by phone banking, through secure chat in the mobile app, or by email through the Contact Us section. Phone and chat support are available round the clock for urgent matters such as blocking a card, and other requests are handled during business hours. Please keep your customer ID handy so we can help you faster. Feel free to ask if you have any other questions."
Can I open an account online without visiting the branch? I need this sorted today,ACCOUNT,create_account,"Absolutely, let me walk you through it. To start, choose the type of account that suits you, then fill in the application form online. You will need identity and address documents, and you may complete a short video verification. Once approved, your account details arrive by message and email, and your debit card is sent to your address. If you need any further help, just let me know."
Urgent: find me a cash machine close to me. Please advise.,FIND,find_ATM,"Certainly, I can help with that. To locate an ATM, open the Locator in the app or on our website and search by city or landmark. Filters help you find machines that offer deposits, cheque drops or extended hours. Please remember that using an ATM outside our network may attract a fee. I am here if you need anything else."
"Hello there, I want to dispute an ATM withdrawal of 473 dollars from last Friday. Any idea what to do",ATM,dispute_ATM_withdrawal,"Sorry about the trouble with the ATM. Please keep the receipt if you have one and raise a dispute through the app or by calling customer service. We will check the ATM records for the withdrawal and update you by message. If the money is confirmed as not dispensed, it will be returned to your account. If you need any further help, just let me know."
"I cant log in to net banking, I do not remember my password.",PASSWORD,get_password,"I am sorry you are locked out. On the login page, tap Forgot Password and enter your customer ID. We will send a one-time code to your registered mobile number, and after you enter it you can choose a new password. For security reasons we can never tell you your old password."
"Good morning, how long will my transfer stay pending? It has been 5 days. Thank you.",PAYMENT_EXCEPTION,transfer_pending_stuck,"Sorry for the delay. A transfer can stay pending if the receiving bank is slow, if the details do not match, or if the payment is under review. I have noted the delay and a specialist team will trace the payment. If it cannot be completed, the money is returned to your account. If anything changes in the meantime, please let us know straight away."
"Hey, help, the cash machine did not return my card. Can you help me with this",ATM,recover_swallowed_card,"I am sorry that the ATM kept your card. For your safety, I suggest blocking the card right away in the app. We will then arrange either collection from the ATM branch with identification or a replacement card sent to your address, usually within a few working days. Feel free to ask if you have any other questions."
"Hey, I want to open a new account, what documents are required",ACCOUNT,create_account,"Certainly, I can help with that. To start, choose the type of account that suits you, then fill in the application form online. You will need identity and address documents, and you may complete a short video verification. Once approved, your account details arrive by message and email, and your debit card is sent to your address. If you need any further help, just let me know."
I need help. When is my next mortgage payment due? I need this sorted today.,LOAN,check_mortgage_payments,"Absolutely, let me walk you through it. In the app, open Loans and select your mortgage to see your monthly payment, the next due date, the remaining balance and the split between interest and principal. Statements and a yearly interest certificate can also be downloaded from the documents section. Feel free to ask if you have any other questions."
"Hey, help, the cash machine did not return my card. Thanks.",ATM,recover_swallowed_card,"Please do not worry, this happens sometimes. First, block the card in the app as a precaution until you have it back. Then contact the branch that owns the ATM or call customer service, and we will check if the card was retained by the machine. If it can be recovered you may collect it with valid photo ID, otherwise we will issue a replacement card to you. I am here if you need anything else."
"hi, i ordered from booking.com this morning, the item is not what was shown, can i dispute the charge?",PAYMENT_EXCEPTION,chargeback_request,Thank you for the details. A card dispute can be raised for items not received or not as described. We will need your order confirmation and any communication with the seller. Our disputes team will assess the claim and let you know whether the amount can be recovered. We will keep you updated by message until this is resolved.
"Excuse me, where can I download my statement for the last 3 days?",ACCOUNT,check_recent_transactions,"Sure, here is how this works. To review your recent activity, log in and choose the account, then select Recent Transactions. Pending items are shown separately from completed ones. If something looks unfamiliar, tap it to see the details and report it directly from that screen. If you need any further help, just let me know."
Please help: what is the remaining balance on my mortgage?,LOAN,check_mortgage_payments,"Thanks for reaching out, I can guide you through this. In the app, open Loans and select your mortgage to see your monthly payment, the next due date, the remaining balance and the split between interest and principal. Statements and a yearly interest certificate can also be downloaded from the documents section. If you need any further help, just let me know."
Quick question: what is the customer care number? Thanks.,CONTACT,customer_service,"There are several ways to contact us. The quickest is the chat option in the app, which is available all day. You can also call the number printed on the back of your card or on our website, or visit any branch during opening hours. Please reach out again if anything is unclear."
"Hey, my international transfer of GBP 692 to Bangkok is on hold and nobody tells me why. Pls help.",PAYMENT_EXCEPTION,international_transfer_compliance_hold,"I understand this is frustrating. International payments can be held for a routine compliance review, which is a regulatory requirement, and we may ask for supporting documents such as an invoice, contract or proof of source of funds. I cannot see the full details of the review in this chat, so I will pass your case to our payments compliance team, who will contact you about what is needed. Providing the documents promptly usually speeds things up. You can ask for a human agent at any time and I will arrange it."
"Hi, the seller is not responding and I want my 1,590 dollars back through my card. Thank you.",PAYMENT_EXCEPTION,chargeback_request,"Thank you for the details. A card dispute can be raised for items not received or not as described. We will need your order confirmation and any communication with the seller. Our disputes team will assess the claim and let you know whether the amount can be recovered. Please keep your reference number safe, and reply here if you need anything else."
"Hello, my mother is unwell and I need to manage her account, how does power of attorney work? Appreciate the help",RETAIL_EXCEPTION,power_of_attorney_request,"I am sorry to hear that. Managing another person's account requires a valid legal authority, such as a registered power of attorney, and we need to verify it before giving access. Please prepare the original or certified copy of the document, your identification and the account holder details. A specialist will check the paperwork and explain what your authority allows, and I will arrange for them to contact you."
"good morning, please enable international transactions on my card ending 8567. can you help me with this?",CARD,activate_card_international_usage,"Certainly, I can help with that. To use your card overseas, open Card Controls in the app and enable International Usage. It is a good idea to set a travel period and a daily limit. If you cannot use the app, phone banking can turn it on for you after verifying your identity. I am here if you need anything else."
Quick question: how can I reset my forgotten mobile banking password? Please help.,PASSWORD,get_password,"I am sorry you are locked out. On the login page, tap Forgot Password and enter your customer ID. We will send a one-time code to your registered mobile number, and after you enter it you can choose a new password. For security reasons we can never tell you your old password. Feel free to ask if you have any other questions."
Please help: I would like to apply for a home loan. Not sure what to do,LOAN,apply_for_mortgage,"Sure, here is how this works. Applying for a home loan involves a few stages: an initial eligibility check, document submission, property valuation, formal approval and legal completion. A mortgage adviser can guide you at each stage. You can begin by booking a call from the Loans section of the app. I am here if you need anything else."
"Hello, I do not want a bot, please connect me to an advisor. Please advise.",CONTACT,human_agent,"Certainly, I can arrange for one of our advisors to help you. I am transferring you now, and I will share the details of our conversation so you do not need to repeat yourself. If the queue is long, you can choose to receive a call back instead. If you need any further help, just let me know."
"Hello there, I want to know how many payments are left on my loan.",LOAN,check_loan_payments,"To check your loan payments, log in and open Loans, then choose the loan. You will see what you have paid so far, what is left, and the next due date. If you would like to pay extra to reduce the balance, there is an option to make a part payment on the same screen. Feel free to ask if you have any other questions."
"Hello, can you explain the steps for a home loan application? Please advise",LOAN,apply_for_mortgage,"Sure, here is how this works. For a mortgage, the first step is to check how much you can borrow using the mortgage calculator in the app. Then submit an application with your identity, income and property details, and we will arrange a valuation of the property. After approval you receive a formal offer, and the funds are released to the seller once the legal formalities are complete. A deposit is usually needed, and the amount depends on the property value and your profile. I am here if you need anything else."
I need help. The ATM kept my credit card and I cannot get it back.,ATM,recover_swallowed_card,"I am sorry that the ATM kept your card. For your safety, I suggest blocking the card right away in the app. We will then arrange either collection from the ATM branch with identification or a replacement card sent to your address, usually within a few working days."
Please cancel my pending transfer of GBP 180. Not sure what to do,TRANSFER,cancel_transfer,"Please act quickly. For transfers that have not been processed yet, use Cancel next to the transfer in your pending list. For completed transfers, raise a recall request from the same screen or through customer service, and keep the transaction reference handy. We will update you as soon as we hear back from the other bank. Let me know if there is anything more I can do for you."
Quick question: please put me through to a customer service representative. Thank you.,CONTACT,human_agent,"Certainly, I can arrange for one of our advisors to help you. I am transferring you now, and I will share the details of our conversation so you do not need to repeat yourself. If the queue is long, you can choose to receive a call back instead."
"hello, i have a visual impairment and cannot read the statements, what support do you offer? can you help me with this?",RETAIL_EXCEPTION,vulnerable_customer_support,"Thank you for telling us, and please know that we are here to help in a way that works for you. We offer support such as large print or audio statements, assisted banking at branches, a dedicated helpline with priority handling and, in some areas, home visits. If you are worried about a suspicious call, please do not share any codes or personal details, and we will help you check it. I will connect you with our customer care specialists to set up the support you need. Please keep your reference number safe, and reply here if you need anything else."
Quick question: when is my card annual fee charged and can it be waived? I need this sorted today.,CARD,check_card_annual_fee,"Certainly, I can help with that. Annual fees vary by card, and many cards waive the fee after a certain level of yearly spending. Please check Fees and Charges for your card in the app to see your amount and the anniversary date. If you would like to ask about a waiver, customer service can review your eligibility. I am here if you need anything else."
"Excuse me, what is the remaining balance on my mortgage?",LOAN,check_mortgage_payments,"Your mortgage details are available under Loans. There you can view the payment amount, upcoming due dates, the balance still owed and a summary of interest paid. If your payment changes because of a rate change, we will notify you in advance. I am here if you need anything else."
"hi team, what fees do you charge on my account?",FEES,check_fees,"Sure, here is how this works. Fees depend on the type of account or service. You can find the full list in the app under Help and then Fees and Charges, including maintenance, ATM, transfer and card fees. If you tell me the specific service you are asking about, I can explain how that fee is calculated and when it applies. Feel free to ask if you have any other questions."
"Good evening, how do I withdraw my loan request? I need this sorted today.",LOAN,cancel_loan,"Sure, here is how this works. To cancel a loan application, tell us which application you mean and we will stop the process. Before disbursal there is normally no cost. After disbursal, the loan must be closed by repaying the outstanding amount, and we will give you the exact figure and any applicable charges. I am here if you need anything else."
"Good evening, can I get a payment holiday on my loan for a few months?",RETAIL_EXCEPTION,loan_hardship_request,"Thank you for being open about this. We treat hardship requests seriously and with respect. A specialist will contact you to understand your circumstances and explore ways to reduce the pressure, for example a payment break or revised repayment plan. They may ask for proof of the change in your income. Nothing is decided in this chat, but I will raise it as a priority. Please keep your reference number safe, and reply here if you need anything else."
"How do I send EUR 2,440 to a friend's account? Not sure what to do",TRANSFER,make_transfer,"To make a transfer, log in to the app or net banking and go to Transfers. Add the payee by entering the name, account number and bank code, then confirm the payee with a one-time code. Enter the amount of EUR 2,440, choose the payment method, review the details and confirm. You will get a confirmation message with a reference number. Feel free to ask if you have any other questions."
"Good evening, apple keeps charging me 197 dollars every month and I never subscribed. Please help.",PAYMENT_EXCEPTION,recurring_payment_unauthorized,"Sorry about the trouble. We can block future payments to the merchant on your card, and I can start a dispute for charges you did not authorise. Please share the dates and the amounts of the payments and any cancellation emails you have. A specialist will review whether the money can be recovered. If you would like, I can connect you with a human agent right now."
"I need help. I ordered from Netflix yesterday, the item is not what was shown, can I dispute the charge? Not sure what to do.",PAYMENT_EXCEPTION,chargeback_request,"Thank you for the details. A card dispute can be raised for items not received or not as described. We will need your order confirmation and any communication with the seller. Our disputes team will assess the claim and let you know whether the amount can be recovered. If you would like, I can connect you with a human agent right now."
"Excuse me, ATM retained my card ending 3189, how do I recover it? Can you help me with this",ATM,recover_swallowed_card,"Please do not worry, this happens sometimes. First, block the card in the app as a precaution until you have it back. Then contact the branch that owns the ATM or call customer service, and we will check if the card was retained by the machine. If it can be recovered you may collect it with valid photo ID, otherwise we will issue a replacement card to you."
quick question: what is the process to allow foreign transactions on my card before my trip?,CARD,activate_card_international_usage,"Sure, here is how this works. To use your card overseas, open Card Controls in the app and enable International Usage. It is a good idea to set a travel period and a daily limit. If you cannot use the app, phone banking can turn it on for you after verifying your identity. Feel free to ask if you have any other questions."
"Hi team, can my son operate my account while I am in hospital? Can you help me with this?",RETAIL_EXCEPTION,power_of_attorney_request,"I am sorry to hear that. Managing another person's account requires a valid legal authority, such as a registered power of attorney, and we need to verify it before giving access. Please prepare the original or certified copy of the document, your identification and the account holder details. A specialist will check the paperwork and explain what your authority allows, and I will arrange for them to contact you."
"Hello there, can you list all the charges for using the ATM abroad? Not sure what to do.",FEES,check_fees,"Of course, happy to help. Fees depend on the type of account or service. You can find the full list in the app under Help and then Fees and Charges, including maintenance, ATM, transfer and card fees. If you tell me the specific service you are asking about, I can explain how that fee is calculated and when it applies. Let me know if there is anything more I can do for you."
"Good evening, I want to know how many payments are left on my loan. Please advise",LOAN,check_loan_payments,"Certainly, I can help with that. To check your loan payments, log in and open Loans, then choose the loan. You will see what you have paid so far, what is left, and the next due date. If you would like to pay extra to reduce the balance, there is an option to make a part payment on the same screen. Let me know if there is anything more I can do for you."
show me my recent activity on the savings account. can you help me with this?,ACCOUNT,check_recent_transactions,"To review your recent activity, log in and choose the account, then select Recent Transactions. Pending items are shown separately from completed ones. If something looks unfamiliar, tap it to see the details and report it directly from that screen."
"Good morning, I lost my travel card and need to block it right now. Please advise",CARD,block_card,"That sounds frustrating, and I will do my best to help you resolve it. To protect your money, block the card first. Use the app under Cards and Block, or call the 24 hour phone banking line and ask for an immediate block. Once blocked, please review your recent transactions and tell us about any you do not recognise so we can look into them. If you need any further help, just let me know."
I am going to Paris soon. Can you turn on international usage for my card? I need this sorted today.,CARD,activate_card_international_usage,"To use your card overseas, open Card Controls in the app and enable International Usage. It is a good idea to set a travel period and a daily limit. If you cannot use the app, phone banking can turn it on for you after verifying your identity. I am here if you need anything else."
"good evening, i would like to stop my card, it has an annual fee i do not want to pay. not sure what to do.",CARD,cancel_card,I can guide you through cancelling your card. First check that there are no pending transactions or unpaid dues. Then submit a cancellation request through the app or by phone banking. You will get a confirmation message once the card is closed. Please reach out again if anything is unclear.
"good evening, how do i stop a transfer i made last night? please advise.",TRANSFER,cancel_transfer,"Thanks for reaching out, I can guide you through this. Please act quickly. For transfers that have not been processed yet, use Cancel next to the transfer in your pending list. For completed transfers, raise a recall request from the same screen or through customer service, and keep the transaction reference handy. We will update you as soon as we hear back from the other bank. Please reach out again if anything is unclear."
"i want to reverse the payment i just made, is that possible? thanks.",TRANSFER,cancel_transfer,"Please act quickly. For transfers that have not been processed yet, use Cancel next to the transfer in your pending list. For completed transfers, raise a recall request from the same screen or through customer service, and keep the transaction reference handy. We will update you as soon as we hear back from the other bank. If you need any further help, just let me know."
"Good morning, can I cancel a scheduled transfer for next week? Can you help me with this?",TRANSFER,cancel_transfer,"Please act quickly. For transfers that have not been processed yet, use Cancel next to the transfer in your pending list. For completed transfers, raise a recall request from the same screen or through customer service, and keep the transaction reference handy. We will update you as soon as we hear back from the other bank. I am here if you need anything else."
"Good evening, I sent 2,490 dollars to the wrong person, can I cancel the transfer? Thanks.",TRANSFER,cancel_transfer,"Thanks for reaching out, I can guide you through this. If the transfer of 2,490 dollars is still pending or scheduled, you can cancel it in the app. Go to Transfers, open Pending or Scheduled, select the transfer and tap Cancel. If it has already been completed, it cannot be cancelled directly, but you can raise a request and we will contact the receiving bank to ask for the money back. Success depends on the receiving bank and the account holder agreeing to return it. Let me know if there is anything more I can do for you."
Please help: I am going to Pune soon. Can you turn on international usage for my card? Not sure what to do.,CARD,activate_card_international_usage,"To use your card overseas, open Card Controls in the app and enable International Usage. It is a good idea to set a travel period and a daily limit. If you cannot use the app, phone banking can turn it on for you after verifying your identity. If you need any further help, just let me know."
"Hello, my wallet with my debit card was stolen in Bangkok, what do I do? Thank you.",PAYMENT_EXCEPTION,lost_card_abroad_emergency,"That sounds very stressful. The first step is to block all lost cards so nobody can use them. Then our emergency support team can help with a replacement card delivered to your location or a cash advance, after confirming your identity. Please keep any police report reference, as it can help with disputed transactions. We will keep you updated by message until this is resolved."
"Hey, how do I activate my new debit card? Please help.",CARD,activate_card,"Absolutely, let me walk you through it. First, open the mobile app or net banking and go to the Cards section. Then select your debit card and choose Activate Card. You will receive a one-time code on your registered mobile number, so enter it to confirm. Once that is done, the card is active and ready to use straight away."
"Urgent: there is an ATM transaction I do not recognise for INR 1,850, how do I raise a dispute? Not sure what to do.",ATM,dispute_ATM_withdrawal,"Sorry about the trouble with the ATM. Please keep the receipt if you have one and raise a dispute through the app or by calling customer service. We will check the ATM records for the withdrawal and update you by message. If the money is confirmed as not dispensed, it will be returned to your account."
"hello, please tell me the current balance on the card ending 9955",CARD,check_current_balance_on_card,"Certainly, I can help with that. To check your balance, log in to net banking or the app and open Cards. The card summary shows your current balance, available credit and the last statement amount. Balances update in near real time, but very recent transactions can take a short while to appear. If you need any further help, just let me know."
"Hello, please help me close the account, I am moving abroad.",ACCOUNT,close_account,"To close the account, make sure there are no pending transactions, linked cards or loans. Request closure through the app under Account Services or visit a branch. We will transfer any remaining balance to the account you nominate and confirm once the account is closed."
"Hi, need to switch on my new card, what should I do?",CARD,activate_card,"Of course, happy to help. You can activate your card in two easy ways. In the mobile app, go to Cards, pick your card, and tap Activate. If you prefer, call the phone banking number printed on the back of the card and follow the voice prompts. After verification your card will be active within a few minutes."
Urgent: how do I activate my new debit card? Any idea what to do?,CARD,activate_card,"Of course, happy to help. You can activate your card in two easy ways. In the mobile app, go to Cards, pick your card, and tap Activate. If you prefer, call the phone banking number printed on the back of the card and follow the voice prompts. After verification your card will be active within a few minutes. Please reach out again if anything is unclear."
Pls help: cash was not dispensed at the ATM yet my account was debited. Thank you.,ATM,dispute_ATM_withdrawal,"Sorry about the trouble with the ATM. Please keep the receipt if you have one and raise a dispute through the app or by calling customer service. We will check the ATM records for the withdrawal and update you by message. If the money is confirmed as not dispensed, it will be returned to your account."
"Excuse me, my international transfer of 2,300 dollars to Dublin is on hold and nobody tells me why. Thanks.",PAYMENT_EXCEPTION,international_transfer_compliance_hold,"Thank you for your patience. Some cross border payments are checked before release, and I am not able to share the specific reason for a review. Please keep supporting documents ready. I am escalating your transfer to a specialist team, who will tell you what is required and the expected timing. If anything changes in the meantime, please let us know straight away."
My card got stuck in the machine last weekend. Not sure what to do.,ATM,recover_swallowed_card,"Please do not worry, this happens sometimes. First, block the card in the app as a precaution until you have it back. Then contact the branch that owns the ATM or call customer service, and we will check if the card was retained by the machine. If it can be recovered you may collect it with valid photo ID, otherwise we will issue a replacement card to you. Please reach out again if anything is unclear."
"Hello there, can I see my loan repayment schedule? Not sure what to do.",LOAN,check_loan_payments,"To check your loan payments, log in and open Loans, then choose the loan. You will see what you have paid so far, what is left, and the next due date. If you would like to pay extra to reduce the balance, there is an option to make a part payment on the same screen. I am here if you need anything else."
"Hey, I cannot log in to net banking, I do not remember my password. Thank you.",PASSWORD,get_password,"I am sorry you are locked out. On the login page, tap Forgot Password and enter your customer ID. We will send a one-time code to your registered mobile number, and after you enter it you can choose a new password. For security reasons we can never tell you your old password."
"Hello there, tell me about the monthly maintenance fees on my salary account.",FEES,check_fees,"Sure, here is how this works. Fees depend on the type of account or service. You can find the full list in the app under Help and then Fees and Charges, including maintenance, ATM, transfer and card fees. If you tell me the specific service you are asking about, I can explain how that fee is calculated and when it applies. Let me know if there is anything more I can do for you."
Please help: I want to cancel my platinum credit card permanently. Appreciate the help.,CARD,cancel_card,"Sure, here is how this works. I can guide you through cancelling your card. First check that there are no pending transactions or unpaid dues. Then submit a cancellation request through the app or by phone banking. You will get a confirmation message once the card is closed."
"Good evening, where is the closest branch?",FIND,find_branch,"Of course, happy to help. To find a branch, enter your area or city in the Locator and choose Branches. Each listing shows the address, working hours and the services offered, such as loans or locker facilities. Most branches are open on weekdays and some are open on Saturday mornings."
"Hi team, how can I close my credit card? I no longer use it. Any idea what to do",CARD,cancel_card,I can guide you through cancelling your card. First check that there are no pending transactions or unpaid dues. Then submit a cancellation request through the app or by phone banking. You will get a confirmation message once the card is closed. I am here if you need anything else.
"Excuse me, I cannot log in to net banking, I do not remember my password. Thanks.",PASSWORD,get_password,"You can recover access in a few steps. Select Forgot Password on the login screen, verify your identity with the one-time code sent to your registered number, and set a new password. If you no longer have access to that number, please visit a branch with your identification to update it."
Quick question: how can I enable my platinum credit card for use abroad? I am travelling to Delhi. Can you help me with this?,CARD,activate_card_international_usage,"Absolutely, let me walk you through it. To use your card overseas, open Card Controls in the app and enable International Usage. It is a good idea to set a travel period and a daily limit. If you cannot use the app, phone banking can turn it on for you after verifying your identity."
"hello there, i cannot afford my mortgage after the rate increase. appreciate the help.",RETAIL_EXCEPTION,mortgage_arrears_support,"I understand how worrying this is, and I want you to know that help is available. Please do not ignore the notice, because early contact gives us more options such as revising the payment plan, extending the term or a temporary arrangement. I will connect you with our specialist mortgage support team, who can go through the details with you in confidence. It is also worth getting free independent money advice alongside speaking to us. You can ask for a human agent at any time and I will arrange it."
"hi, i want a written response to my complaint about salary account charges",RETAIL_EXCEPTION,formal_complaint_escalation,"I am sorry that your issue has not been resolved, and you have every right to escalate. I can register a formal complaint now, which will be given a reference number and reviewed by our complaints team, who will respond in writing within the time required. If you are not satisfied with the final response, you can take the matter to the external financial ombudsman. It helps if you share the dates and details of your previous contacts. Please keep your reference number safe, and reply here if you need anything else."
"Hey, how can I withdraw my home loan request? Any idea what to do",LOAN,cancel_mortgage,"To cancel a mortgage application, send a withdrawal request with your application reference. Any costs already incurred for valuation or legal checks may not be refundable. We will confirm the cancellation in writing and close the file."
"Urgent: I need to withdraw cash in Berlin, where can I find one of your ATMs? Any idea what to do?",FIND,find_ATM,"Sure, here is how this works. To locate an ATM, open the Locator in the app or on our website and search by city or landmark. Filters help you find machines that offer deposits, cheque drops or extended hours. Please remember that using an ATM outside our network may attract a fee. If you need any further help, just let me know."
"Hello, the ATM swallowed my card, what should I do? Thanks",ATM,recover_swallowed_card,"I am sorry that the ATM kept your card. For your safety, I suggest blocking the card right away in the app. We will then arrange either collection from the ATM branch with identification or a replacement card sent to your address, usually within a few working days. Let me know if there is anything more I can do for you."
please tell me the current balance on the card ending 5198. can you help me with this?,CARD,check_current_balance_on_card,"Thanks for reaching out, I can guide you through this. To check your balance, log in to net banking or the app and open Cards. The card summary shows your current balance, available credit and the last statement amount. Balances update in near real time, but very recent transactions can take a short while to appear. Let me know if there is anything more I can do for you."
"I need help. I would like to stop my card, it has an annual fee I do not want to pay",CARD,cancel_card,I can guide you through cancelling your card. First check that there are no pending transactions or unpaid dues. Then submit a cancellation request through the app or by phone banking. You will get a confirmation message once the card is closed. Feel free to ask if you have any other questions.
what is the process to allow foreign transactions on my card before my trip? please help.,CARD,activate_card_international_usage,"Sure, here is how this works. To use your card overseas, open Card Controls in the app and enable International Usage. It is a good idea to set a travel period and a daily limit. If you cannot use the app, phone banking can turn it on for you after verifying your identity. Let me know if there is anything more I can do for you."
How do I open a business account? Thank you.,ACCOUNT,create_account,"Sure, here is how this works. Opening a business account is simple. You can apply online or at a branch by providing a valid photo ID, proof of address and a recent photograph. After we verify your details, the account is created and you will receive your account number and access to the app. Some accounts require a small opening deposit. Let me know if there is anything more I can do for you."
i lost my travel card and need to block it right now. appreciate the help,CARD,block_card,"I apologise for the trouble this has caused, let me help. You can block the card immediately in the mobile app. Go to Cards, choose the card and tap Block Card, then pick Lost or Stolen as the reason. The card stops working straight away and any new transactions are declined. We will then help you order a replacement, which usually arrives in a few working days. I am here if you need anything else."
urgent: the amount debited does not match the price i saw abroad,PAYMENT_EXCEPTION,currency_conversion_dispute,"Thanks for raising this. When you pay in a foreign currency, the amount is converted at the network exchange rate on the day the transaction is settled, and a foreign currency fee may also apply, so the final figure can differ from what you saw at the shop. Please check the transaction details in the app for the rate and fee that were used. If you believe the amount is wrong, we can raise a query and a specialist will review it. If you would like, I can connect you with a human agent right now."
please help: how much deposit do i need for a mortgage? thanks.,LOAN,apply_for_mortgage,"Applying for a home loan involves a few stages: an initial eligibility check, document submission, property valuation, formal approval and legal completion. A mortgage adviser can guide you at each stage. You can begin by booking a call from the Loans section of the app. If you need any further help, just let me know."
"Hello, what are the rules for choosing a password?",PASSWORD,set_up_password,"Certainly, I can help with that. New customers can create a password using the First Time Login option. Enter your customer ID, verify with a one-time code, then choose a password that meets the rules shown on screen. Please do not share it with anyone, including bank staff. Feel free to ask if you have any other questions."
"Good morning, I was charged an overdraft fee of 2,700 USD even though I had funds.",RETAIL_EXCEPTION,overdraft_fee_dispute,"Thanks for explaining. To review the fee, we need to see the order in which the deposit and the payments were processed. I will raise a request for the fee to be reviewed, and you will hear back with the outcome. In some cases, especially after a delayed salary, the fee can be waived. If anything changes in the meantime, please let us know straight away."
"quick question: someone may have my card details, how can i block the card immediately?",CARD,block_card,"To protect your money, block the card first. Use the app under Cards and Block, or call the 24 hour phone banking line and ask for an immediate block. Once blocked, please review your recent transactions and tell us about any you do not recognise so we can look into them. If you need any further help, just let me know."
"Good morning, how can I contact customer service? Please help",CONTACT,customer_service,"Sure, here is how this works. There are several ways to contact us. The quickest is the chat option in the app, which is available all day. You can also call the number printed on the back of your card or on our website, or visit any branch during opening hours. Please reach out again if anything is unclear."
"Hi, I want to cancel my platinum credit card permanently. Please advise.",CARD,cancel_card,"To cancel a card, go to Cards in the mobile app, select your platinum credit card and choose Cancel Card, or contact customer service. Before we close it, please clear any outstanding balance and cancel recurring payments linked to the card. Once cancelled, the card cannot be used again, and you can request a new one later if you change your mind. I am here if you need anything else."
"Hi team, please help me close the account, I am moving abroad.",ACCOUNT,close_account,"To close the account, make sure there are no pending transactions, linked cards or loans. Request closure through the app under Account Services or visit a branch. We will transfer any remaining balance to the account you nominate and confirm once the account is closed."
"Good morning, what happens to my mortgage application if I cancel it now? Any idea what to do?",LOAN,cancel_mortgage,"Sure, here is how this works. To cancel a mortgage application, send a withdrawal request with your application reference. Any costs already incurred for valuation or legal checks may not be refundable. We will confirm the cancellation in writing and close the file. If you need any further help, just let me know."
"Hi team, how do I stop a transfer I made two days ago? Not sure what to do.",TRANSFER,cancel_transfer,"Please act quickly. For transfers that have not been processed yet, use Cancel next to the transfer in your pending list. For completed transfers, raise a recall request from the same screen or through customer service, and keep the transaction reference handy. We will update you as soon as we hear back from the other bank."
"hi, why did netflix take gbp 1,830 two times? please advise.",PAYMENT_EXCEPTION,duplicate_charge,"Thanks for letting us know. Please keep proof of your purchase and, if possible, the merchant receipt. We will open a dispute for the duplicate payment, and a specialist will review it with the merchant. Refunds usually take several working days once the duplicate is confirmed. If anything changes in the meantime, please let us know straight away."
"good morning, how can i withdraw my home loan request?",LOAN,cancel_mortgage,"I can help you withdraw the mortgage application. Please contact our mortgage team through the app or at a branch and confirm the application reference. If the valuation or legal work has already started, some third party fees might still apply. Once cancelled, you will receive written confirmation."
"Hello, is there an ATM near the old town square? Please help.",FIND,find_ATM,"You can find your nearest ATM using the ATM and Branch Locator in the app. Allow location access or type in an area such as the old town square, and the map will show the closest machines, including ones that accept cash deposits. You can also use ATMs from partner networks with lower or no charges. Feel free to ask if you have any other questions."
Quick question: where can I download my statement for the last 3 days? Thanks,ACCOUNT,check_recent_transactions,"To review your recent activity, log in and choose the account, then select Recent Transactions. Pending items are shown separately from completed ones. If something looks unfamiliar, tap it to see the details and report it directly from that screen. Feel free to ask if you have any other questions."
"Good evening, there are transactions of 928 dollars on my card that I never made, I think my card was hacked. Thank you",PAYMENT_EXCEPTION,card_fraud_unauthorized_transaction,"Thank you for reporting this quickly. Your card should be blocked immediately to prevent more misuse, and the disputed transactions will be flagged for our fraud team. They will review the details, and where a transaction is confirmed as fraudulent the amount is normally returned to your account after the investigation. A specialist will reach out to collect a few more details. Please keep your reference number safe, and reply here if you need anything else."
"good evening, how can i enable my prepaid card for use abroad? i am travelling to toronto. i need this sorted today",CARD,activate_card_international_usage,"To use your card overseas, open Card Controls in the app and enable International Usage. It is a good idea to set a travel period and a daily limit. If you cannot use the app, phone banking can turn it on for you after verifying your identity."
"Excuse me, I am abroad and my debit card stopped working at the shop, pls help now. Can u help me with this",PAYMENT_EXCEPTION,card_declined_while_travelling,"Sorry about the inconvenience, especially while you are travelling. Please check that international transactions are enabled and that you have not reached your daily limit. Because this is urgent, I recommend calling the emergency line on the back of the card, where an agent can verify you and remove any block. Emergency cash or a replacement card can be arranged if needed."
"good evening, we are separating and i want to stop my partner from withdrawing from our joint account. not sure what to do.",RETAIL_EXCEPTION,joint_account_dispute,"I am sorry you are going through this. Joint accounts are governed by the mandate that was agreed when they were opened, and changes such as removing a holder or freezing the account usually need the consent of all holders, or a legal instruction. I can arrange for a specialist to explain your options and what proof would be required. Please keep in mind that we cannot take sides, and for serious disputes it can help to seek legal advice. Please keep your reference number safe, and reply here if you need anything else."
Please help: how can I enable my platinum credit card for use abroad? I am travelling to Amsterdam. Not sure what to do,CARD,activate_card_international_usage,"Thanks for reaching out, I can guide you through this. To use your card overseas, open Card Controls in the app and enable International Usage. It is a good idea to set a travel period and a daily limit. If you cannot use the app, phone banking can turn it on for you after verifying your identity. I am here if you need anything else."
"Hello there, pls tell me the reason my loan was denied. Pls advise.",RETAIL_EXCEPTION,loan_application_rejected_appeal,"I am sorry that your application was not approved. Decisions are based on factors such as income, existing debts, credit history and the value of the loan requested, and we can share the main reasons with you. You may ask for a review, especially if your circumstances have changed or if some information was missing. I will pass your request to a loans specialist who can explain the decision and suggest what may improve your chances next time. You can ask for a human agent at any time and I will arrange it."
"Good evening, I need to withdraw cash in Paris, where can I find one of your ATMs? Pls help.",FIND,find_ATM,"Absolutely, let me walk you through it. To locate an ATM, open the Locator in the app or on our website and search by city or landmark. Filters help you find machines that offer deposits, cheque drops or extended hours. Please remember that using an ATM outside our network may attract a fee. If you need any further help, just let me know."
Please help: how can I contact customer service? Please advise.,CONTACT,customer_service,"You can reach customer service by phone banking, through secure chat in the mobile app, or by email through the Contact Us section. Phone and chat support are available round the clock for urgent matters such as blocking a card, and other requests are handled during business hours. Please keep your customer ID handy so we can help you faster."
"Hello, I found a recurring payment on my card that I dont recognise. Please help",PAYMENT_EXCEPTION,recurring_payment_unauthorized,"Sorry about the trouble. We can block future payments to the merchant on your card, and I can start a dispute for charges you did not authorise. Please share the dates and the amounts of the payments and any cancellation emails you have. A specialist will review whether the money can be recovered."
"Hi, I see a charge from Amazon for GBP 1,870 and I did not authorise it. Can you help me with this?",PAYMENT_EXCEPTION,card_fraud_unauthorized_transaction,"I am very sorry this has happened, and I will treat it as urgent. First, block your card in the app so no further charges can be made. Then please tell us which transactions you do not recognise, including the GBP 1,870 at Amazon, so we can raise a fraud claim. Our fraud team will investigate, may issue a replacement card, and will contact you with updates. Please do not share any codes or card details with anyone claiming to be from the bank. You can ask for a human agent at any time and I will arrange it."
"Hello, card stolen abroad, need emergency replacement. I need this sorted today.",PAYMENT_EXCEPTION,lost_card_abroad_emergency,"That sounds very stressful. The first step is to block all lost cards so nobody can use them. Then our emergency support team can help with a replacement card delivered to your location or a cash advance, after confirming your identity. Please keep any police report reference, as it can help with disputed transactions. If you would like, I can connect you with a human agent right now."
"hey, we decided not to buy the house, how do i cancel the mortgage?",LOAN,cancel_mortgage,"To cancel a mortgage application, send a withdrawal request with your application reference. Any costs already incurred for valuation or legal checks may not be refundable. We will confirm the cancellation in writing and close the file. Please reach out again if anything is unclear."
"Urgent: please cancel my pending transfer of INR 1,080. Can you help me with this?",TRANSFER,cancel_transfer,"Of course, happy to help. If the transfer of INR 1,080 is still pending or scheduled, you can cancel it in the app. Go to Transfers, open Pending or Scheduled, select the transfer and tap Cancel. If it has already been completed, it cannot be cancelled directly, but you can raise a request and we will contact the receiving bank to ask for the money back. Success depends on the receiving bank and the account holder agreeing to return it."
"Good morning, how can I add a new payee and transfer funds? Can u help me with this?",TRANSFER,make_transfer,"Sure, here is how this works. You can send money in a few steps. Open Transfers, choose Send Money and select an existing payee or add a new one. Type in the amount, check the details carefully because transfers to the wrong account can be hard to reverse, and approve with your security code. Instant methods arrive within minutes, while standard transfers can take up to one working day. Please reach out again if anything is unclear."
"good morning, how do i activate my new prepaid card? thanks.",CARD,activate_card,"Thanks for reaching out, I can guide you through this. First, open the mobile app or net banking and go to the Cards section. Then select your prepaid card and choose Activate Card. You will receive a one-time code on your registered mobile number, so enter it to confirm. Once that is done, the card is active and ready to use straight away."
"Good evening, could you tell me the yearly charges on the card ending 1496? Please help",CARD,check_card_annual_fee,"Thanks for reaching out, I can guide you through this. Annual fees vary by card, and many cards waive the fee after a certain level of yearly spending. Please check Fees and Charges for your card in the app to see your amount and the anniversary date. If you would like to ask about a waiver, customer service can review your eligibility. Please reach out again if anything is unclear."
"Hi team, how do I freeze my card temporarily? I cannot find it. Any idea what to do?",CARD,block_card,"I understand how stressful this must be, and I am here to help. To protect your money, block the card first. Use the app under Cards and Block, or call the 24 hour phone banking line and ask for an immediate block. Once blocked, please review your recent transactions and tell us about any you do not recognise so we can look into them. I am here if you need anything else."
"Hi, I am not satisfied with the resolution and want to take this to the ombudsman. Appreciate the help",RETAIL_EXCEPTION,formal_complaint_escalation,"I am sorry that your issue has not been resolved, and you have every right to escalate. I can register a formal complaint now, which will be given a reference number and reviewed by our complaints team, who will respond in writing within the time required. If you are not satisfied with the final response, you can take the matter to the external financial ombudsman. It helps if you share the dates and details of your previous contacts. We will keep you updated by message until this is resolved."
i need help. where is the nearest atm?,FIND,find_ATM,"Absolutely, let me walk you through it. To locate an ATM, open the Locator in the app or on our website and search by city or landmark. Filters help you find machines that offer deposits, cheque drops or extended hours. Please remember that using an ATM outside our network may attract a fee. I am here if you need anything else."
Quick question: where can I download my statement for the last 10 days? Thank you.,ACCOUNT,check_recent_transactions,"To review your recent activity, log in and choose the account, then select Recent Transactions. Pending items are shown separately from completed ones. If something looks unfamiliar, tap it to see the details and report it directly from that screen."
"Good morning, my mother is unwell and I need to manage her account, how does power of attorney work? Please help",RETAIL_EXCEPTION,power_of_attorney_request,"I am sorry to hear that. Managing another person's account requires a valid legal authority, such as a registered power of attorney, and we need to verify it before giving access. Please prepare the original or certified copy of the document, your identification and the account holder details. A specialist will check the paperwork and explain what your authority allows, and I will arrange for them to contact you. If you would like, I can connect you with a human agent right now."
I need help. How do I see my card balance and available limit?,CARD,check_current_balance_on_card,"Absolutely, let me walk you through it. To check your balance, log in to net banking or the app and open Cards. The card summary shows your current balance, available credit and the last statement amount. Balances update in near real time, but very recent transactions can take a short while to appear. I am here if you need anything else."
I am a new customer and want to create my login.,PASSWORD,set_up_password,"Thanks for reaching out, I can guide you through this. To set up or change your password, log in and go to Settings and then Security. Choose Change Password, enter your current password, and type the new one twice. A strong password uses at least eight characters with a mix of letters, numbers and symbols, and should not include your name or birth date. Feel free to ask if you have any other questions."
"Hello there, my prepaid card does not work outside the country, how do I switch on overseas payments? Please advise.",CARD,activate_card_international_usage,"To use your card overseas, open Card Controls in the app and enable International Usage. It is a good idea to set a travel period and a daily limit. If you cannot use the app, phone banking can turn it on for you after verifying your identity. I am here if you need anything else."
"hello, what happens to my mortgage application if i cancel it now? thank you.",LOAN,cancel_mortgage,"I can help you withdraw the mortgage application. Please contact our mortgage team through the app or at a branch and confirm the application reference. If the valuation or legal work has already started, some third party fees might still apply. Once cancelled, you will receive written confirmation."
Quick question: I was charged twice by Nykaa for the same purchase of EUR 568. Appreciate the help,PAYMENT_EXCEPTION,duplicate_charge,"Thanks for letting us know. Please keep proof of your purchase and, if possible, the merchant receipt. We will open a dispute for the duplicate payment, and a specialist will review it with the merchant. Refunds usually take several working days once the duplicate is confirmed. If anything changes in the meantime, please let us know straight away."
How much is my monthly mortgage payment?,LOAN,check_mortgage_payments,"Of course, happy to help. In the app, open Loans and select your mortgage to see your monthly payment, the next due date, the remaining balance and the split between interest and principal. Statements and a yearly interest certificate can also be downloaded from the documents section. I am here if you need anything else."
"Hello, someone may have my card details, how can I block the card immediately? Can you help me with this?",CARD,block_card,"I apologise for the trouble this has caused, let me help. To protect your money, block the card first. Use the app under Cards and Block, or call the 24 hour phone banking line and ask for an immediate block. Once blocked, please review your recent transactions and tell us about any you do not recognise so we can look into them. Please reach out again if anything is unclear."
"excuse me, could you tell me the yearly charges on the card ending 2034?",CARD,check_card_annual_fee,"Annual fees vary by card, and many cards waive the fee after a certain level of yearly spending. Please check Fees and Charges for your card in the app to see your amount and the anniversary date. If you would like to ask about a waiver, customer service can review your eligibility."
"Hi, how do I send 1,670 USD to a friend's account?",TRANSFER,make_transfer,"You can send money in a few steps. Open Transfers, choose Send Money and select an existing payee or add a new one. Type in the amount, check the details carefully because transfers to the wrong account can be hard to reverse, and approve with your security code. Instant methods arrive within minutes, while standard transfers can take up to one working day. Please reach out again if anything is unclear."
"Good morning, I am going to Dublin soon. Can you turn on international usage for my card? Not sure what to do",CARD,activate_card_international_usage,"To use your card overseas, open Card Controls in the app and enable International Usage. It is a good idea to set a travel period and a daily limit. If you cannot use the app, phone banking can turn it on for you after verifying your identity. I am here if you need anything else."
Urgent: my card got stuck in the machine three days ago. Please advise,ATM,recover_swallowed_card,"I am sorry that the ATM kept your card. For your safety, I suggest blocking the card right away in the app. We will then arrange either collection from the ATM branch with identification or a replacement card sent to your address, usually within a few working days. Let me know if there is anything more I can do for you."
"Hi, the ATM gave me less money than what was debited from my account. Any idea what to do?",ATM,dispute_ATM_withdrawal,"Sorry about the trouble with the ATM. Please keep the receipt if you have one and raise a dispute through the app or by calling customer service. We will check the ATM records for the withdrawal and update you by message. If the money is confirmed as not dispensed, it will be returned to your account. I am here if you need anything else."
"Hello, where is the nearest ATM? Can you help me with this?",FIND,find_ATM,"Thanks for reaching out, I can guide you through this. To locate an ATM, open the Locator in the app or on our website and search by city or landmark. Filters help you find machines that offer deposits, cheque drops or extended hours. Please remember that using an ATM outside our network may attract a fee."
"Quick question: I have a power of attorney document, how do I register it with the bank? Not sure what to do.",RETAIL_EXCEPTION,power_of_attorney_request,"I am sorry to hear that. Managing another person's account requires a valid legal authority, such as a registered power of attorney, and we need to verify it before giving access. Please prepare the original or certified copy of the document, your identification and the account holder details. A specialist will check the paperwork and explain what your authority allows, and I will arrange for them to contact you. We will keep you updated by message until this is resolved."
"Hi team, how do I stop a transfer I made last weekend? Please help.",TRANSFER,cancel_transfer,"Absolutely, let me walk you through it. Please act quickly. For transfers that have not been processed yet, use Cancel next to the transfer in your pending list. For completed transfers, raise a recall request from the same screen or through customer service, and keep the transaction reference handy. We will update you as soon as we hear back from the other bank. Let me know if there is anything more I can do for you."
"Good evening, can u transfer me to a human agent",CONTACT,human_agent,"Certainly, I can arrange for one of our advisors to help you. I am transferring you now, and I will share the details of our conversation so you do not need to repeat yourself. If the queue is long, you can choose to receive a call back instead. I am here if you need anything else."
"Hello there, please explain how to apply for a loan online. Please help.",LOAN,apply_for_loan,"Sure, here is how this works. To apply for a loan, go to Loans in the app and select the type of loan you need. Enter the amount and tenure, upload the required documents and submit. Your eligibility is based on income, existing commitments and credit score, and you will see a decision and an offer once the review is complete. Feel free to ask if you have any other questions."
How much is my monthly mortgage payment? I need this sorted today.,LOAN,check_mortgage_payments,"In the app, open Loans and select your mortgage to see your monthly payment, the next due date, the remaining balance and the split between interest and principal. Statements and a yearly interest certificate can also be downloaded from the documents section. If you need any further help, just let me know."
I need help. Is there a branch in Singapore? Thanks.,FIND,find_branch,"Certainly, I can help with that. To find a branch, enter your area or city in the Locator and choose Branches. Each listing shows the address, working hours and the services offered, such as loans or locker facilities. Most branches are open on weekdays and some are open on Saturday mornings. Please reach out again if anything is unclear."
"Good evening, I want to know my outstanding amount on the credit card. I need this sorted today.",CARD,check_current_balance_on_card,"Sure, here is how this works. To check your balance, log in to net banking or the app and open Cards. The card summary shows your current balance, available credit and the last statement amount. Balances update in near real time, but very recent transactions can take a short while to appear. I am here if you need anything else."
Please tell me the current balance on the card ending 2554. Can you help me with this?,CARD,check_current_balance_on_card,"Absolutely, let me walk you through it. To check your balance, log in to net banking or the app and open Cards. The card summary shows your current balance, available credit and the last statement amount. Balances update in near real time, but very recent transactions can take a short while to appear."
"Excuse me, my wire transfer has been under review for 2 days, I need the money urgently",PAYMENT_EXCEPTION,international_transfer_compliance_hold,"I understand this is frustrating. International payments can be held for a routine compliance review, which is a regulatory requirement, and we may ask for supporting documents such as an invoice, contract or proof of source of funds. I cannot see the full details of the review in this chat, so I will pass your case to our payments compliance team, who will contact you about what is needed. Providing the documents promptly usually speeds things up."
Why is the currency conversion fee on my GBP 404 payment so high,PAYMENT_EXCEPTION,currency_conversion_dispute,"I understand the surprise. The debited amount comes from the exchange rate at the time of settlement, plus any conversion charges, and the shop may also offer to charge in your home currency at their own rate. I can flag your transaction for review so a specialist can confirm whether the correct rate was applied. If anything changes in the meantime, please let us know straight away."
"Hi, can you transfer me to a human agent? Can you help me with this",CONTACT,human_agent,"Certainly, I can arrange for one of our advisors to help you. I am transferring you now, and I will share the details of our conversation so you do not need to repeat yourself. If the queue is long, you can choose to receive a call back instead."
Quick question: how do I open a savings account? Thanks.,ACCOUNT,create_account,"To start, choose the type of account that suits you, then fill in the application form online. You will need identity and address documents, and you may complete a short video verification. Once approved, your account details arrive by message and email, and your debit card is sent to your address. Feel free to ask if you have any other questions."
"Hello there, please cancel the loan I applied for last night. Thank you",LOAN,cancel_loan,"Thanks for reaching out, I can guide you through this. To cancel a loan application, tell us which application you mean and we will stop the process. Before disbursal there is normally no cost. After disbursal, the loan must be closed by repaying the outstanding amount, and we will give you the exact figure and any applicable charges."
"Why was I charged a fee of $2,760 this month? Can you help me with this?",FEES,check_fees,"I can help you understand the charges. Common fees include monthly maintenance, foreign transaction fees, ATM use outside our network and penalties for low balance. Your latest statement shows every fee that has been applied, and customer service can review any fee you believe was charged in error."
"Please help me make a transfer of EUR 2,200 today. Please help.",TRANSFER,make_transfer,"Certainly, I can help with that. To make a transfer, log in to the app or net banking and go to Transfers. Add the payee by entering the name, account number and bank code, then confirm the payee with a one-time code. Enter the amount of EUR 2,200, choose the payment method, review the details and confirm. You will get a confirmation message with a reference number."
urgent: how can i check how much credit i have left on my card? not sure what to do.,CARD,check_current_balance_on_card,"Absolutely, let me walk you through it. To check your balance, log in to net banking or the app and open Cards. The card summary shows your current balance, available credit and the last statement amount. Balances update in near real time, but very recent transactions can take a short while to appear."
"Excuse me, how can I check how much credit I have left on my card? Can you help me with this?",CARD,check_current_balance_on_card,"To check your balance, log in to net banking or the app and open Cards. The card summary shows your current balance, available credit and the last statement amount. Balances update in near real time, but very recent transactions can take a short while to appear. Feel free to ask if you have any other questions."
"hi team, please cancel the card ending 9636",CARD,cancel_card,I can guide you through cancelling your card. First check that there are no pending transactions or unpaid dues. Then submit a cancellation request through the app or by phone banking. You will get a confirmation message once the card is closed. I am here if you need anything else.
Is there a branch in Singapore? I need this sorted today,FIND,find_branch,"Of course, happy to help. To find a branch, enter your area or city in the Locator and choose Branches. Each listing shows the address, working hours and the services offered, such as loans or locker facilities. Most branches are open on weekdays and some are open on Saturday mornings. I am here if you need anything else."
"Hello, how do I stop a transfer I made last month? Any idea what to do?",TRANSFER,cancel_transfer,"Please act quickly. For transfers that have not been processed yet, use Cancel next to the transfer in your pending list. For completed transfers, raise a recall request from the same screen or through customer service, and keep the transaction reference handy. We will update you as soon as we hear back from the other bank. I am here if you need anything else."
"Quick question: my payment of 20,120 dollars was blocked and I need it to go through today. Thanks",PAYMENT_EXCEPTION,large_transaction_blocked,"Thank you for explaining. A large payment may exceed your set limit, or it may be waiting for extra verification. You can raise your limit in Card Controls after authentication, and the security team can release a held transaction after checking with you. Since it is time sensitive, shall I connect you to an agent now? We will keep you updated by message until this is resolved."
How can I enable my credit card for use abroad? I am travelling to Dubai. Appreciate the help,CARD,activate_card_international_usage,"Thanks for reaching out, I can guide you through this. International usage can be switched on from the mobile app. Go to Cards, select your credit card, open Card Controls and turn on International Transactions. You can also set the dates of your trip and a spending limit for extra safety. Changes usually take effect within a few minutes, so please do it before you leave."
"Good morning, how do I shut down my account permanently? Not sure what to do.",ACCOUNT,close_account,"To close the account, make sure there are no pending transactions, linked cards or loans. Request closure through the app under Account Services or visit a branch. We will transfer any remaining balance to the account you nominate and confirm once the account is closed. Feel free to ask if you have any other questions."
"Good evening, the bank stopped my big payment for GBP 59,070, why? Not sure what to do.",PAYMENT_EXCEPTION,large_transaction_blocked,"I understand the urgency. Large payments can be blocked because they go over your daily limit or because our security systems flagged them for extra checks. I cannot release a held payment from this chat, but I can help you confirm it is genuine. Please approve any alert on your app, or I can connect you to a specialist who will verify you and, where possible, release the payment or raise your limit temporarily. Please keep your reference number safe, and reply here if you need anything else."
"Excuse me, show me my recent activity on the student account. Thank you.",ACCOUNT,check_recent_transactions,"You can see recent transactions in the app or net banking. Open your student account and tap Transactions to view the latest activity, and use the filters to search by date or amount. Statements for earlier periods can be downloaded as a PDF from the Statements section. Please reach out again if anything is unclear."
"Hello, I got a message that my password was changed and I did not do it. Appreciate the help",RETAIL_EXCEPTION,identity_theft_account_takeover,"I am very sorry, and I will treat this as urgent. To protect you, we should restrict access to your account and cards immediately, and I am escalating this to our fraud and security team now. Please do not use the same password anywhere else, avoid clicking links in unexpected messages, and keep a note of any suspicious messages or calls. A specialist will contact you on a verified number to restore your access and review the activity. If you would like, I can connect you with a human agent right now."
"Hi, find me a cash machine close to me. Please help.",FIND,find_ATM,"Sure, here is how this works. To locate an ATM, open the Locator in the app or on our website and search by city or landmark. Filters help you find machines that offer deposits, cheque drops or extended hours. Please remember that using an ATM outside our network may attract a fee."
"Good morning, how do I freeze my card temporarily? I cannot find it. Any idea what to do?",CARD,block_card,"You can block the card immediately in the mobile app. Go to Cards, choose the card and tap Block Card, then pick Lost or Stolen as the reason. The card stops working straight away and any new transactions are declined. We will then help you order a replacement, which usually arrives in a few working days."
I need help. Pickpocketed in New York and all my cards are gone. I need this sorted today.,PAYMENT_EXCEPTION,lost_card_abroad_emergency,"I am sorry to hear that, and please make sure you are safe first. Block your cards immediately in the app, or call our 24 hour emergency line if you cannot log in. We can arrange an emergency replacement card or emergency cash in New York, and our agent will verify your identity and guide you on the fastest option. I suggest reporting the theft to the local police as well, since some claims need a report. You can ask for a human agent at any time and I will arrange it."
Show me my recent activity on the joint account. thx.,ACCOUNT,check_recent_transactions,"You can see recent transactions in the app or net banking. Open your joint account and tap Transactions to view the latest activity, and use the filters to search by date or amount. Statements for earlier periods can be downloaded as a PDF from the Statements section. Please reach out again if anything is unclear."
"Good morning, how can I reset my forgotten mobile banking password? Not sure what to do",PASSWORD,get_password,"I am sorry you are locked out. On the login page, tap Forgot Password and enter your customer ID. We will send a one-time code to your registered mobile number, and after you enter it you can choose a new password. For security reasons we can never tell you your old password."
"Hi team, pls cancel my pending transfer of 2,620 dollars.",TRANSFER,cancel_transfer,"Sure, here is how this works. If the transfer of 2,620 dollars is still pending or scheduled, you can cancel it in the app. Go to Transfers, open Pending or Scheduled, select the transfer and tap Cancel. If it has already been completed, it cannot be cancelled directly, but you can raise a request and we will contact the receiving bank to ask for the money back. Success depends on the receiving bank and the account holder agreeing to return it. Feel free to ask if you have any other questions."
"My refund of EUR 1,430 is still missing, the shop says it was processed. I need this sorted today",PAYMENT_EXCEPTION,refund_not_received,"Thank you for the details. A refund can take some time after the merchant approves it. If it has been more than ten working days, please send us the refund confirmation from the merchant. We will trace the credit and follow up with the merchant bank on your behalf. Please keep your reference number safe, and reply here if you need anything else."
"Can I get a loan for GBP 72,970 over 24 months? Not sure what to do.",LOAN,apply_for_loan,"Thanks for reaching out, I can guide you through this. To apply for a loan, go to Loans in the app and select the type of loan you need. Enter the amount and tenure, upload the required documents and submit. Your eligibility is based on income, existing commitments and credit score, and you will see a decision and an offer once the review is complete. Please reach out again if anything is unclear."
"I need help. I sent EUR 1,020 to the wrong person, can I cancel the transfer? Thank you.",TRANSFER,cancel_transfer,"If the transfer of EUR 1,020 is still pending or scheduled, you can cancel it in the app. Go to Transfers, open Pending or Scheduled, select the transfer and tap Cancel. If it has already been completed, it cannot be cancelled directly, but you can raise a request and we will contact the receiving bank to ask for the money back. Success depends on the receiving bank and the account holder agreeing to return it. Feel free to ask if you have any other questions."
pls help: pls help me recover my login details. thank you.,PASSWORD,get_password,"I am sorry you are locked out. On the login page, tap Forgot Password and enter your customer ID. We will send a one-time code to your registered mobile number, and after you enter it you can choose a new password. For security reasons we can never tell you your old password."
"Excuse me, I need to speak to support about my account, how do I reach you?",CONTACT,customer_service,"Of course, happy to help. There are several ways to contact us. The quickest is the chat option in the app, which is available all day. You can also call the number printed on the back of your card or on our website, or visit any branch during opening hours. Feel free to ask if you have any other questions."
"Hi team, I think my identity was stolen, there are accounts and loans in my name that I did not open.",RETAIL_EXCEPTION,identity_theft_account_takeover,"Thank you for flagging this quickly. Access to your online banking will be locked while we investigate. Our security team will verify your identity through a secure process, review recent changes and transactions, and help reset your details. Please tell us about any transaction you did not make, so it can be investigated. If you would like, I can connect you with a human agent right now."
"Urgent: transaction limit exceeded, can you increase my limit for today? Please advise.",PAYMENT_EXCEPTION,large_transaction_blocked,"Thank you for explaining. A large payment may exceed your set limit, or it may be waiting for extra verification. You can raise your limit in Card Controls after authentication, and the security team can release a held transaction after checking with you. Since it is time sensitive, shall I connect you to an agent now? If you would like, I can connect you with a human agent right now."
The amount debited does not match the price I saw abroad. Please advise.,PAYMENT_EXCEPTION,currency_conversion_dispute,"I understand the surprise. The debited amount comes from the exchange rate at the time of settlement, plus any conversion charges, and the shop may also offer to charge in your home currency at their own rate. I can flag your transaction for review so a specialist can confirm whether the correct rate was applied. We will keep you updated by message until this is resolved."
"Good morning, can I get a loan for 242,910 USD over 12 months? Please help",LOAN,apply_for_loan,"Certainly, I can help with that. To apply for a loan, go to Loans in the app and select the type of loan you need. Enter the amount and tenure, upload the required documents and submit. Your eligibility is based on income, existing commitments and credit score, and you will see a decision and an offer once the review is complete."
Quick question: cash was not dispensed at the ATM yet my account was debited. Thank you.,ATM,dispute_ATM_withdrawal,"Sorry about the trouble with the ATM. Please keep the receipt if you have one and raise a dispute through the app or by calling customer service. We will check the ATM records for the withdrawal and update you by message. If the money is confirmed as not dispensed, it will be returned to your account."
"Hi, find me a cash machine close to me. Thanks.",FIND,find_ATM,"To locate an ATM, open the Locator in the app or on our website and search by city or landmark. Filters help you find machines that offer deposits, cheque drops or extended hours. Please remember that using an ATM outside our network may attract a fee. Please reach out again if anything is unclear."
"Hello, please tell me the current balance on the card ending 0693. Please help.",CARD,check_current_balance_on_card,"Of course, happy to help. To check your balance, log in to net banking or the app and open Cards. The card summary shows your current balance, available credit and the last statement amount. Balances update in near real time, but very recent transactions can take a short while to appear. I am here if you need anything else."
"please help: i want to reverse the payment i just made, is that possible? thanks.",TRANSFER,cancel_transfer,"Please act quickly. For transfers that have not been processed yet, use Cancel next to the transfer in your pending list. For completed transfers, raise a recall request from the same screen or through customer service, and keep the transaction reference handy. We will update you as soon as we hear back from the other bank."
Please help: please cancel the card ending 6254. Can you help me with this?,CARD,cancel_card,I can guide you through cancelling your card. First check that there are no pending transactions or unpaid dues. Then submit a cancellation request through the app or by phone banking. You will get a confirmation message once the card is closed. I am here if you need anything else.
"Hello there, when is my next home loan instalment due",LOAN,check_loan_payments,"To check your loan payments, log in and open Loans, then choose the loan. You will see what you have paid so far, what is left, and the next due date. If you would like to pay extra to reduce the balance, there is an option to make a part payment on the same screen. If you need any further help, just let me know."
"Hey, the ATM kept my travel card and I cannot get it back. Please advise.",ATM,recover_swallowed_card,"I am sorry that the ATM kept your card. For your safety, I suggest blocking the card right away in the app. We will then arrange either collection from the ATM branch with identification or a replacement card sent to your address, usually within a few working days."
which branch can i go to for a loan discussion? can you help me with this?,FIND,find_branch,"To find a branch, enter your area or city in the Locator and choose Branches. Each listing shows the address, working hours and the services offered, such as loans or locker facilities. Most branches are open on weekdays and some are open on Saturday mornings. If you need any further help, just let me know."
"hello there, pls block my card ending 3497, i think it was stolen. not sure what to do.",CARD,block_card,"I understand how stressful this must be, and I am here to help. To protect your money, block the card first. Use the app under Cards and Block, or call the 24 hour phone banking line and ask for an immediate block. Once blocked, please review your recent transactions and tell us about any you do not recognise so we can look into them. If you need any further help, just let me know."
"hey, how do i set up a password for net banking? can you help me with this?",PASSWORD,set_up_password,"Of course, happy to help. New customers can create a password using the First Time Login option. Enter your customer ID, verify with a one-time code, then choose a password that meets the rules shown on screen. Please do not share it with anyone, including bank staff. I am here if you need anything else."
How do I set up a password for net banking? Can you help me with this,PASSWORD,set_up_password,"Certainly, I can help with that. To set up or change your password, log in and go to Settings and then Security. Choose Change Password, enter your current password, and type the new one twice. A strong password uses at least eight characters with a mix of letters, numbers and symbols, and should not include your name or birth date."
Please help: someone changed my phone number and email on my account and im locked out. Can u help me with this?,RETAIL_EXCEPTION,identity_theft_account_takeover,"I am very sorry, and I will treat this as urgent. To protect you, we should restrict access to your account and cards immediately, and I am escalating this to our fraud and security team now. Please do not use the same password anywhere else, avoid clicking links in unexpected messages, and keep a note of any suspicious messages or calls. A specialist will contact you on a verified number to restore your access and review the activity. You can ask for a human agent at any time and I will arrange it."
"excuse me, how do i activate my new travel card?",CARD,activate_card,"Of course, happy to help. You can activate your card in two easy ways. In the mobile app, go to Cards, pick your card, and tap Activate. If you prefer, call the phone banking number printed on the back of the card and follow the voice prompts. After verification your card will be active within a few minutes."
"Urgent: we fell 4 weeks behind on the mortgage, what can we do? Not sure what to do.",RETAIL_EXCEPTION,mortgage_arrears_support,"I understand how worrying this is, and I want you to know that help is available. Please do not ignore the notice, because early contact gives us more options such as revising the payment plan, extending the term or a temporary arrangement. I will connect you with our specialist mortgage support team, who can go through the details with you in confidence. It is also worth getting free independent money advice alongside speaking to us. We will keep you updated by message until this is resolved."
"Good evening, how do I withdraw my loan request",LOAN,cancel_loan,"Sure, here is how this works. To cancel a loan application, tell us which application you mean and we will stop the process. Before disbursal there is normally no cost. After disbursal, the loan must be closed by repaying the outstanding amount, and we will give you the exact figure and any applicable charges. I am here if you need anything else."
i am not satisfied with the resolution and want to take this to the ombudsman.,RETAIL_EXCEPTION,formal_complaint_escalation,"I am sorry that your issue has not been resolved, and you have every right to escalate. I can register a formal complaint now, which will be given a reference number and reviewed by our complaints team, who will respond in writing within the time required. If you are not satisfied with the final response, you can take the matter to the external financial ombudsman. It helps if you share the dates and details of your previous contacts. You can ask for a human agent at any time and I will arrange it."
"Quick question: what happens if I cancel my travel card, and how do I do it?",CARD,cancel_card,"Certainly, I can help with that. To cancel a card, go to Cards in the mobile app, select your travel card and choose Cancel Card, or contact customer service. Before we close it, please clear any outstanding balance and cancel recurring payments linked to the card. Once cancelled, the card cannot be used again, and you can request a new one later if you change your mind. I am here if you need anything else."
"Excuse me, I need a person to help me with this, not an automated reply.",CONTACT,human_agent,"Of course. I will connect you with a human agent now. Please stay in this chat, and it helps if you briefly describe your issue so the agent can pick up straight away. Waiting times can vary, and if it is not urgent you can also request a call back at a time that suits you. If you need any further help, just let me know."
"There is an ATM transaction I dont recognise for $813, how do I raise a dispute?",ATM,dispute_ATM_withdrawal,"I will help you raise a dispute for the ATM withdrawal of $813. Please go to Disputes in the app, select the transaction and choose ATM Cash Issue, then give the date, time and ATM location if you have them. We will investigate with the ATM operator and most cases are reviewed within a few working days. If the ATM did not dispense the cash, the amount is usually credited back to your account."
"Hello there, how do I stop a transfer I made last Friday?",TRANSFER,cancel_transfer,"Please act quickly. For transfers that have not been processed yet, use Cancel next to the transfer in your pending list. For completed transfers, raise a recall request from the same screen or through customer service, and keep the transaction reference handy. We will update you as soon as we hear back from the other bank. Feel free to ask if you have any other questions."
Urgent: can you transfer me to a human agent?,CONTACT,human_agent,"Certainly, I can arrange for one of our advisors to help you. I am transferring you now, and I will share the details of our conversation so you do not need to repeat yourself. If the queue is long, you can choose to receive a call back instead."
"Excuse me, my platinum credit card does not work outside the country, how do I switch on overseas payments? Thanks.",CARD,activate_card_international_usage,"International usage can be switched on from the mobile app. Go to Cards, select your platinum credit card, open Card Controls and turn on International Transactions. You can also set the dates of your trip and a spending limit for extra safety. Changes usually take effect within a few minutes, so please do it before you leave."
How much do I pay every year to keep my card? Appreciate the help,CARD,check_card_annual_fee,"Certainly, I can help with that. Annual fees vary by card, and many cards waive the fee after a certain level of yearly spending. Please check Fees and Charges for your card in the app to see your amount and the anniversary date. If you would like to ask about a waiver, customer service can review your eligibility."
Can I see how much interest I have paid on my home loan? Thank you.,LOAN,check_mortgage_payments,"In the app, open Loans and select your mortgage to see your monthly payment, the next due date, the remaining balance and the split between interest and principal. Statements and a yearly interest certificate can also be downloaded from the documents section. Please reach out again if anything is unclear."
"I just received my credit card in the mail, how can I start using it?",CARD,activate_card,"You can activate your card in two easy ways. In the mobile app, go to Cards, pick your card, and tap Activate. If you prefer, call the phone banking number printed on the back of the card and follow the voice prompts. After verification your card will be active within a few minutes. Please reach out again if anything is unclear."
"Hey, how can I remove someone from a joint account? Thanks.",RETAIL_EXCEPTION,joint_account_dispute,"I am sorry you are going through this. Joint accounts are governed by the mandate that was agreed when they were opened, and changes such as removing a holder or freezing the account usually need the consent of all holders, or a legal instruction. I can arrange for a specialist to explain your options and what proof would be required. Please keep in mind that we cannot take sides, and for serious disputes it can help to seek legal advice. You can ask for a human agent at any time and I will arrange it."
"Good evening, need to switch on my new card, what should I do? Not sure what to do.",CARD,activate_card,"Of course, happy to help. You can activate your card in two easy ways. In the mobile app, go to Cards, pick your card, and tap Activate. If you prefer, call the phone banking number printed on the back of the card and follow the voice prompts. After verification your card will be active within a few minutes."
urgent: what is the annual fee for my debit card? thanks.,CARD,check_card_annual_fee,"Annual fees vary by card, and many cards waive the fee after a certain level of yearly spending. Please check Fees and Charges for your card in the app to see your amount and the anniversary date. If you would like to ask about a waiver, customer service can review your eligibility. Let me know if there is anything more I can do for you."
Urgent: I want to know my outstanding amount on the credit card.,CARD,check_current_balance_on_card,"Sure, here is how this works. To check your balance, log in to net banking or the app and open Cards. The card summary shows your current balance, available credit and the last statement amount. Balances update in near real time, but very recent transactions can take a short while to appear. I am here if you need anything else."
"Hello, the merchant refused a refund of GBP 1,250, what are my options with the bank? Not sure what to do.",PAYMENT_EXCEPTION,chargeback_request,"Thank you for the details. A card dispute can be raised for items not received or not as described. We will need your order confirmation and any communication with the seller. Our disputes team will assess the claim and let you know whether the amount can be recovered. If you would like, I can connect you with a human agent right now."
"hi, how do i withdraw my loan request? please help.",LOAN,cancel_loan,"Sure, here is how this works. To cancel a loan application, tell us which application you mean and we will stop the process. Before disbursal there is normally no cost. After disbursal, the loan must be closed by repaying the outstanding amount, and we will give you the exact figure and any applicable charges. Feel free to ask if you have any other questions."
"Please block my card ending 3778, I think it was stolen. I need this sorted today.",CARD,block_card,"I understand how stressful this must be, and I am here to help. You can block the card immediately in the mobile app. Go to Cards, choose the card and tap Block Card, then pick Lost or Stolen as the reason. The card stops working straight away and any new transactions are declined. We will then help you order a replacement, which usually arrives in a few working days. Let me know if there is anything more I can do for you."
"hi team, i want to cancel my student loan application. not sure what to do.",LOAN,cancel_loan,"Of course, happy to help. If your student loan has not been disbursed yet, you can cancel the request through customer service or from Loans in the app by selecting your application and choosing Withdraw. If the money has already been credited, you will need to repay it, and we can share the foreclosure amount with you. Please note that some fees may apply after disbursal. Please reach out again if anything is unclear."
"Hello, how can I change my password to something stronger? Please help",PASSWORD,set_up_password,"Absolutely, let me walk you through it. New customers can create a password using the First Time Login option. Enter your customer ID, verify with a one-time code, then choose a password that meets the rules shown on screen. Please do not share it with anyone, including bank staff. Feel free to ask if you have any other questions."
"Good morning, how do I view what I spent this week? Any idea what to do",ACCOUNT,check_recent_transactions,"To review your recent activity, log in and choose the account, then select Recent Transactions. Pending items are shown separately from completed ones. If something looks unfamiliar, tap it to see the details and report it directly from that screen."
"I need help. Help, the cash machine did not return my card",ATM,recover_swallowed_card,"I am sorry that the ATM kept your card. For your safety, I suggest blocking the card right away in the app. We will then arrange either collection from the ATM branch with identification or a replacement card sent to your address, usually within a few working days."
"Excuse me, I want to make a large purchase of GBP 16,110 but my card keeps getting declined. Please advise",PAYMENT_EXCEPTION,large_transaction_blocked,"I understand the urgency. Large payments can be blocked because they go over your daily limit or because our security systems flagged them for extra checks. I cannot release a held payment from this chat, but I can help you confirm it is genuine. Please approve any alert on your app, or I can connect you to a specialist who will verify you and, where possible, release the payment or raise your limit temporarily. We will keep you updated by message until this is resolved."
"hi team, can i see my last transactions? thank you.",ACCOUNT,check_recent_transactions,"To review your recent activity, log in and choose the account, then select Recent Transactions. Pending items are shown separately from completed ones. If something looks unfamiliar, tap it to see the details and report it directly from that screen. If you need any further help, just let me know."
"Good evening, payment stuck in processing for 6 days and my rent is due. I need this sorted today",PAYMENT_EXCEPTION,transfer_pending_stuck,"I understand how worrying it is when a payment is delayed. Most transfers complete within one working day, but some can be held for security checks or because of details that need correcting. Please check the transaction status and reference number in the app. Since it has been 6 days, I will raise this as a payment investigation so a specialist can trace the payment with the receiving bank and update you. Please keep your reference number safe, and reply here if you need anything else."
"Good evening, can you explain the steps for a home loan application? Not sure what to do.",LOAN,apply_for_mortgage,"For a mortgage, the first step is to check how much you can borrow using the mortgage calculator in the app. Then submit an application with your identity, income and property details, and we will arrange a valuation of the property. After approval you receive a formal offer, and the funds are released to the seller once the legal formalities are complete. A deposit is usually needed, and the amount depends on the property value and your profile. Let me know if there is anything more I can do for you."
"hi, how do i shut down my account permanently? please help.",ACCOUNT,close_account,"Thanks for reaching out, I can guide you through this. To close the account, make sure there are no pending transactions, linked cards or loans. Request closure through the app under Account Services or visit a branch. We will transfer any remaining balance to the account you nominate and confirm once the account is closed."
"Excuse me, pls put me through to a customer service representative. Please help.",CONTACT,human_agent,"Of course. I will connect you with a human agent now. Please stay in this chat, and it helps if you briefly describe your issue so the agent can pick up straight away. Waiting times can vary, and if it is not urgent you can also request a call back at a time that suits you. Feel free to ask if you have any other questions."
"Good morning, I want to talk to a real person.",CONTACT,human_agent,"Certainly, I can arrange for one of our advisors to help you. I am transferring you now, and I will share the details of our conversation so you do not need to repeat yourself. If the queue is long, you can choose to receive a call back instead."
"Hi team, the ATM gave me less money than what was debited from my account. thx.",ATM,dispute_ATM_withdrawal,"Sorry about the trouble with the ATM. Please keep the receipt if you have one and raise a dispute through the app or by calling customer service. We will check the ATM records for the withdrawal and update you by message. If the money is confirmed as not dispensed, it will be returned to your account."
Urgent: how do I view what I spent this week?,ACCOUNT,check_recent_transactions,"Certainly, I can help with that. To review your recent activity, log in and choose the account, then select Recent Transactions. Pending items are shown separately from completed ones. If something looks unfamiliar, tap it to see the details and report it directly from that screen. I am here if you need anything else."
Quick question: I am a student and would like to start a savings account. I need this sorted today,ACCOUNT,create_account,"To start, choose the type of account that suits you, then fill in the application form online. You will need identity and address documents, and you may complete a short video verification. Once approved, your account details arrive by message and email, and your debit card is sent to your address."
"good morning, i want to cancel my prepaid card permanently. thanks.",CARD,cancel_card,"Thanks for reaching out, I can guide you through this. I can guide you through cancelling your card. First check that there are no pending transactions or unpaid dues. Then submit a cancellation request through the app or by phone banking. You will get a confirmation message once the card is closed. If you need any further help, just let me know."
"Hi team, card not working in Chennai, I tried it last month and it failed, I have no other way to pay. Not sure what to do.",PAYMENT_EXCEPTION,card_declined_while_travelling,"Sorry about the inconvenience, especially while you are travelling. Please check that international transactions are enabled and that you have not reached your daily limit. Because this is urgent, I recommend calling the emergency line on the back of the card, where an agent can verify you and remove any block. Emergency cash or a replacement card can be arranged if needed. We will keep you updated by message until this is resolved."
"hi team, how do i apply for a personal loan? not sure what to do.",LOAN,apply_for_loan,"Absolutely, let me walk you through it. To apply for a loan, go to Loans in the app and select the type of loan you need. Enter the amount and tenure, upload the required documents and submit. Your eligibility is based on income, existing commitments and credit score, and you will see a decision and an offer once the review is complete."
I need help. Please enable international transactions on my card ending 3000. Any idea what to do?,CARD,activate_card_international_usage,"To use your card overseas, open Card Controls in the app and enable International Usage. It is a good idea to set a travel period and a daily limit. If you cannot use the app, phone banking can turn it on for you after verifying your identity. Please reach out again if anything is unclear."
Please cancel the loan I applied for last month. Not sure what to do.,LOAN,cancel_loan,"Certainly, I can help with that. To cancel a loan application, tell us which application you mean and we will stop the process. Before disbursal there is normally no cost. After disbursal, the loan must be closed by repaying the outstanding amount, and we will give you the exact figure and any applicable charges. If you need any further help, just let me know."
"hello there, we decided not to buy the house, how do i cancel the mortgage? thanks.",LOAN,cancel_mortgage,"Sure, here is how this works. I can help you withdraw the mortgage application. Please contact our mortgage team through the app or at a branch and confirm the application reference. If the valuation or legal work has already started, some third party fees might still apply. Once cancelled, you will receive written confirmation. I am here if you need anything else."
"Hello, what fees do you charge on my account? Thank you.",FEES,check_fees,"I can help you understand the charges. Common fees include monthly maintenance, foreign transaction fees, ATM use outside our network and penalties for low balance. Your latest statement shows every fee that has been applied, and customer service can review any fee you believe was charged in error."
Cash was not dispensed at the ATM yet my account was debited. Please advise.,ATM,dispute_ATM_withdrawal,"Sorry about the trouble with the ATM. Please keep the receipt if you have one and raise a dispute through the app or by calling customer service. We will check the ATM records for the withdrawal and update you by message. If the money is confirmed as not dispensed, it will be returned to your account."
I need help. My card got stuck in the machine last month.,ATM,recover_swallowed_card,"I am sorry that the ATM kept your card. For your safety, I suggest blocking the card right away in the app. We will then arrange either collection from the ATM branch with identification or a replacement card sent to your address, usually within a few working days. Please reach out again if anything is unclear."
"hi, what is the fastest way to send money to someone? can you help me with this?",TRANSFER,make_transfer,"You can send money in a few steps. Open Transfers, choose Send Money and select an existing payee or add a new one. Type in the amount, check the details carefully because transfers to the wrong account can be hard to reverse, and approve with your security code. Instant methods arrive within minutes, while standard transfers can take up to one working day. I am here if you need anything else."
"Excuse me, is there a fee if my balance drops below the minimum",FEES,check_fees,"Certainly, I can help with that. I can help you understand the charges. Common fees include monthly maintenance, foreign transaction fees, ATM use outside our network and penalties for low balance. Your latest statement shows every fee that has been applied, and customer service can review any fee you believe was charged in error."
"Good morning, my card got stuck in the machine three days ago. Please help.",ATM,recover_swallowed_card,"I am sorry that the ATM kept your card. For your safety, I suggest blocking the card right away in the app. We will then arrange either collection from the ATM branch with identification or a replacement card sent to your address, usually within a few working days."
"good evening, how much do i pay every year to keep my card? thanks.",CARD,check_card_annual_fee,"Annual fees vary by card, and many cards waive the fee after a certain level of yearly spending. Please check Fees and Charges for your card in the app to see your amount and the anniversary date. If you would like to ask about a waiver, customer service can review your eligibility. I am here if you need anything else."
"Good evening, how can I add a new payee and transfer funds?",TRANSFER,make_transfer,"You can send money in a few steps. Open Transfers, choose Send Money and select an existing payee or add a new one. Type in the amount, check the details carefully because transfers to the wrong account can be hard to reverse, and approve with your security code. Instant methods arrive within minutes, while standard transfers can take up to one working day."
Can u transfer me to a human agent? Pls help.,CONTACT,human_agent,"Certainly, I can arrange for one of our advisors to help you. I am transferring you now, and I will share the details of our conversation so you do not need to repeat yourself. If the queue is long, you can choose to receive a call back instead."
how can i withdraw my home loan request? please help.,LOAN,cancel_mortgage,"Absolutely, let me walk you through it. To cancel a mortgage application, send a withdrawal request with your application reference. Any costs already incurred for valuation or legal checks may not be refundable. We will confirm the cancellation in writing and close the file."
"Hey, please help me make a transfer of $2,070 today",TRANSFER,make_transfer,"Thanks for reaching out, I can guide you through this. You can send money in a few steps. Open Transfers, choose Send Money and select an existing payee or add a new one. Type in the amount, check the details carefully because transfers to the wrong account can be hard to reverse, and approve with your security code. Instant methods arrive within minutes, while standard transfers can take up to one working day. Feel free to ask if you have any other questions."
"hi team, please tell me the reason my loan was denied. thanks.",RETAIL_EXCEPTION,loan_application_rejected_appeal,"I am sorry that your application was not approved. Decisions are based on factors such as income, existing debts, credit history and the value of the loan requested, and we can share the main reasons with you. You may ask for a review, especially if your circumstances have changed or if some information was missing. I will pass your request to a loans specialist who can explain the decision and suggest what may improve your chances next time. Please keep your reference number safe, and reply here if you need anything else."
Quick question: please cancel the card ending 9311.,CARD,cancel_card,"Absolutely, let me walk you through it. I can guide you through cancelling your card. First check that there are no pending transactions or unpaid dues. Then submit a cancellation request through the app or by phone banking. You will get a confirmation message once the card is closed."
Urgent: payment stuck in processing for 6 days and my rent is due. Not sure what to do.,PAYMENT_EXCEPTION,transfer_pending_stuck,"I understand how worrying it is when a payment is delayed. Most transfers complete within one working day, but some can be held for security checks or because of details that need correcting. Please check the transaction status and reference number in the app. Since it has been 6 days, I will raise this as a payment investigation so a specialist can trace the payment with the receiving bank and update you. If you would like, I can connect you with a human agent right now."
"Excuse me, my online banking was accessed by someone else and money is missing. Thanks",RETAIL_EXCEPTION,identity_theft_account_takeover,"Thank you for flagging this quickly. Access to your online banking will be locked while we investigate. Our security team will verify your identity through a secure process, review recent changes and transactions, and help reset your details. Please tell us about any transaction you did not make, so it can be investigated. We will keep you updated by message until this is resolved."
Please help: is there a live chat with the bank? Please advise,CONTACT,customer_service,"There are several ways to contact us. The quickest is the chat option in the app, which is available all day. You can also call the number printed on the back of your card or on our website, or visit any branch during opening hours."
"Hello, do you have ATMs that accept cash deposits nearby? Appreciate the help",FIND,find_ATM,"Sure, here is how this works. To locate an ATM, open the Locator in the app or on our website and search by city or landmark. Filters help you find machines that offer deposits, cheque drops or extended hours. Please remember that using an ATM outside our network may attract a fee."
"Hello, where do I activate the prepaid card I got last Friday?",CARD,activate_card,"Thanks for reaching out, I can guide you through this. You can activate your card in two easy ways. In the mobile app, go to Cards, pick your card, and tap Activate. If you prefer, call the phone banking number printed on the back of the card and follow the voice prompts. After verification your card will be active within a few minutes. Feel free to ask if you have any other questions."
"hi team, i see a charge from ikea for 1,840 dollars and i did not authorise it. not sure what to do.",PAYMENT_EXCEPTION,card_fraud_unauthorized_transaction,"Thank you for reporting this quickly. Your card should be blocked immediately to prevent more misuse, and the disputed transactions will be flagged for our fraud team. They will review the details, and where a transaction is confirmed as fraudulent the amount is normally returned to your account after the investigation. A specialist will reach out to collect a few more details. Please keep your reference number safe, and reply here if you need anything else."
"I need help. Pls cancel my pending transfer of GBP 2,730. Appreciate the help",TRANSFER,cancel_transfer,"If the transfer of GBP 2,730 is still pending or scheduled, you can cancel it in the app. Go to Transfers, open Pending or Scheduled, select the transfer and tap Cancel. If it has already been completed, it cannot be cancelled directly, but you can raise a request and we will contact the receiving bank to ask for the money back. Success depends on the receiving bank and the account holder agreeing to return it. I am here if you need anything else."
"hey, what are the rules for choosing a password?",PASSWORD,set_up_password,"To set up or change your password, log in and go to Settings and then Security. Choose Change Password, enter your current password, and type the new one twice. A strong password uses at least eight characters with a mix of letters, numbers and symbols, and should not include your name or birth date. Feel free to ask if you have any other questions."
"we fell 8 weeks behind on the mortgage, what can we do? any idea what to do?",RETAIL_EXCEPTION,mortgage_arrears_support,"Thank you for reaching out. Falling behind on a mortgage is stressful, and there are steps we can explore together. A mortgage support specialist will review your account, your income and expenses, and discuss a plan that suits you. I am raising this as urgent so they contact you soon. We will keep you updated by message until this is resolved."
"Hi team, tell me about the monthly maintenance fees on my student account. I need this sorted today.",FEES,check_fees,"I can help you understand the charges. Common fees include monthly maintenance, foreign transaction fees, ATM use outside our network and penalties for low balance. Your latest statement shows every fee that has been applied, and customer service can review any fee you believe was charged in error."
How can I withdraw my home loan request? Please help,LOAN,cancel_mortgage,"Of course, happy to help. I can help you withdraw the mortgage application. Please contact our mortgage team through the app or at a branch and confirm the application reference. If the valuation or legal work has already started, some third party fees might still apply. Once cancelled, you will receive written confirmation. Please reach out again if anything is unclear."
"Hi, what do I need to do before closing my savings account? Thank you.",ACCOUNT,close_account,"Sure, here is how this works. To close the account, make sure there are no pending transactions, linked cards or loans. Request closure through the app under Account Services or visit a branch. We will transfer any remaining balance to the account you nominate and confirm once the account is closed. I am here if you need anything else."
"Hi, I got a message that my password was changed and I did not do it. Can you help me with this?",RETAIL_EXCEPTION,identity_theft_account_takeover,"I am very sorry, and I will treat this as urgent. To protect you, we should restrict access to your account and cards immediately, and I am escalating this to our fraud and security team now. Please do not use the same password anywhere else, avoid clicking links in unexpected messages, and keep a note of any suspicious messages or calls. A specialist will contact you on a verified number to restore your access and review the activity. If you would like, I can connect you with a human agent right now."
How do I start a chargeback for a service that was not delivered? Appreciate the help.,PAYMENT_EXCEPTION,chargeback_request,"Thank you for the details. A card dispute can be raised for items not received or not as described. We will need your order confirmation and any communication with the seller. Our disputes team will assess the claim and let you know whether the amount can be recovered. Please keep your reference number safe, and reply here if you need anything else."
"Pls help: my international transfer of EUR 1,460 to Bangkok is on hold and nobody tells me why. Appreciate the help.",PAYMENT_EXCEPTION,international_transfer_compliance_hold,"I understand this is frustrating. International payments can be held for a routine compliance review, which is a regulatory requirement, and we may ask for supporting documents such as an invoice, contract or proof of source of funds. I cannot see the full details of the review in this chat, so I will pass your case to our payments compliance team, who will contact you about what is needed. Providing the documents promptly usually speeds things up. If you would like, I can connect you with a human agent right now."
"Hi, what are the eligibility criteria for a personal loan",LOAN,apply_for_loan,"Of course, happy to help. To apply for a loan, go to Loans in the app and select the type of loan you need. Enter the amount and tenure, upload the required documents and submit. Your eligibility is based on income, existing commitments and credit score, and you will see a decision and an offer once the review is complete. Let me know if there is anything more I can do for you."
"Quick question: why was I charged a fee of $1,850 this month? Thanks.",FEES,check_fees,"Fees depend on the type of account or service. You can find the full list in the app under Help and then Fees and Charges, including maintenance, ATM, transfer and card fees. If you tell me the specific service you are asking about, I can explain how that fee is calculated and when it applies. I am here if you need anything else."
"Hey, I received an alert for $1,930 at BigBasket while my card was in my wallet",PAYMENT_EXCEPTION,card_fraud_unauthorized_transaction,"I am very sorry this has happened, and I will treat it as urgent. First, block your card in the app so no further charges can be made. Then please tell us which transactions you do not recognise, including the $1,930 at BigBasket, so we can raise a fraud claim. Our fraud team will investigate, may issue a replacement card, and will contact you with updates. Please do not share any codes or card details with anyone claiming to be from the bank. Please keep your reference number safe, and reply here if you need anything else."
"excuse me, what is the fastest way to send money to someone? thanks",TRANSFER,make_transfer,"You can send money in a few steps. Open Transfers, choose Send Money and select an existing payee or add a new one. Type in the amount, check the details carefully because transfers to the wrong account can be hard to reverse, and approve with your security code. Instant methods arrive within minutes, while standard transfers can take up to one working day."
"Hey, my mother is unwell and I need to manage her account, how does power of attorney work? Please advise.",RETAIL_EXCEPTION,power_of_attorney_request,"I am sorry to hear that. Managing another person's account requires a valid legal authority, such as a registered power of attorney, and we need to verify it before giving access. Please prepare the original or certified copy of the document, your identification and the account holder details. A specialist will check the paperwork and explain what your authority allows, and I will arrange for them to contact you. We will keep you updated by message until this is resolved."
"hello, i cancelled an order with swiggy and the credit has not shown on my card. thank you",PAYMENT_EXCEPTION,refund_not_received,"I am sorry for the wait. Refunds from merchants usually take between five and ten working days to appear, depending on the merchant and the card network. Please ask Swiggy for the refund reference number or acquirer reference number, which lets us trace it. Once you share it, we can check whether the credit was received and, if not, raise an enquiry with the merchant bank. You can ask for a human agent at any time and I will arrange it."
"Hi team, I am a student and would like to start a savings account. Can you help me with this?",ACCOUNT,create_account,"To start, choose the type of account that suits you, then fill in the application form online. You will need identity and address documents, and you may complete a short video verification. Once approved, your account details arrive by message and email, and your debit card is sent to your address. Please reach out again if anything is unclear."
Urgent: I want to check if the payment I made earlier today has gone through. Not sure what to do,ACCOUNT,check_recent_transactions,"To review your recent activity, log in and choose the account, then select Recent Transactions. Pending items are shown separately from completed ones. If something looks unfamiliar, tap it to see the details and report it directly from that screen."
"Excuse me, I want to dispute an ATM withdrawal of INR 1,180 from last month.",ATM,dispute_ATM_withdrawal,"I will help you raise a dispute for the ATM withdrawal of INR 1,180. Please go to Disputes in the app, select the transaction and choose ATM Cash Issue, then give the date, time and ATM location if you have them. We will investigate with the ATM operator and most cases are reviewed within a few working days. If the ATM did not dispense the cash, the amount is usually credited back to your account. Let me know if there is anything more I can do for you."
"hi team, i want to make a large purchase of gbp 12,060 but my card keeps getting declined. appreciate the help",PAYMENT_EXCEPTION,large_transaction_blocked,"I understand the urgency. Large payments can be blocked because they go over your daily limit or because our security systems flagged them for extra checks. I cannot release a held payment from this chat, but I can help you confirm it is genuine. Please approve any alert on your app, or I can connect you to a specialist who will verify you and, where possible, release the payment or raise your limit temporarily. We will keep you updated by message until this is resolved."
Urgent: how do I set up a password for net banking? I need this sorted today,PASSWORD,set_up_password,"New customers can create a password using the First Time Login option. Enter your customer ID, verify with a one-time code, then choose a password that meets the rules shown on screen. Please do not share it with anyone, including bank staff. If you need any further help, just let me know."
"Hi, I am a new customer and want to create my login. Thank you.",PASSWORD,set_up_password,"Of course, happy to help. To set up or change your password, log in and go to Settings and then Security. Choose Change Password, enter your current password, and type the new one twice. A strong password uses at least eight characters with a mix of letters, numbers and symbols, and should not include your name or birth date. If you need any further help, just let me know."
"Hello there, please help me close the account, I am moving abroad.",ACCOUNT,close_account,"To close the account, make sure there are no pending transactions, linked cards or loans. Request closure through the app under Account Services or visit a branch. We will transfer any remaining balance to the account you nominate and confirm once the account is closed. If you need any further help, just let me know."
Urgent: I lost my platinum credit card and need to block it right now. Please help.,CARD,block_card,"To protect your money, block the card first. Use the app under Cards and Block, or call the 24 hour phone banking line and ask for an immediate block. Once blocked, please review your recent transactions and tell us about any you do not recognise so we can look into them. Please reach out again if anything is unclear."
Please tell me the current balance on the card ending 0288. Can you help me with this?,CARD,check_current_balance_on_card,"To check your balance, log in to net banking or the app and open Cards. The card summary shows your current balance, available credit and the last statement amount. Balances update in near real time, but very recent transactions can take a short while to appear."
"Urgent: we decided not to buy the house, how do I cancel the mortgage? Can u help me with this?",LOAN,cancel_mortgage,"Certainly, I can help with that. To cancel a mortgage application, send a withdrawal request with your application reference. Any costs already incurred for valuation or legal checks may not be refundable. We will confirm the cancellation in writing and close the file. Feel free to ask if you have any other questions."
"good evening, how can i avoid repossession of my house? any idea what to do",RETAIL_EXCEPTION,mortgage_arrears_support,"Thank you for reaching out. Falling behind on a mortgage is stressful, and there are steps we can explore together. A mortgage support specialist will review your account, your income and expenses, and discuss a plan that suits you. I am raising this as urgent so they contact you soon. If anything changes in the meantime, please let us know straight away."
"good morning, how much is the fee for an international transfer?",FEES,check_fees,"I can help you understand the charges. Common fees include monthly maintenance, foreign transaction fees, ATM use outside our network and penalties for low balance. Your latest statement shows every fee that has been applied, and customer service can review any fee you believe was charged in error."
"Hey, when is my next home loan instalment due? Thank you.",LOAN,check_loan_payments,"You can see your repayment details in the app under Loans. Select your home loan to view the instalment amount, the next due date, the number of payments remaining and the total outstanding balance. The full repayment schedule can also be downloaded as a document."
"Made a transfer to the wrong beneficiary, how do I recover the money? Please advise.",PAYMENT_EXCEPTION,transfer_wrong_account,"I am sorry this happened. Please raise a wrong transfer request in the app or with customer service right away with the payment reference. We will ask the receiving bank to hold and return the funds, but they need the account holder consent, so the timing can vary. A specialist will follow up with you. If anything changes in the meantime, please let us know straight away."
"Hello there, my card went missing last night, block it asap. Thanks.",CARD,block_card,"I am sorry to hear about this and I want to help sort it out. You can block the card immediately in the mobile app. Go to Cards, choose the card and tap Block Card, then pick Lost or Stolen as the reason. The card stops working straight away and any new transactions are declined. We will then help you order a replacement, which usually arrives in a few working days."
"Hi team, how much do I still owe on my loan? Can you help me with this?",LOAN,check_loan_payments,"Thanks for reaching out, I can guide you through this. To check your loan payments, log in and open Loans, then choose the loan. You will see what you have paid so far, what is left, and the next due date. If you would like to pay extra to reduce the balance, there is an option to make a part payment on the same screen."
"Good evening, I entered the wrong account number and sent GBP 2,130, please help me get it back. Appreciate the help.",PAYMENT_EXCEPTION,transfer_wrong_account,"Please stay calm, and thank you for telling us quickly, because speed matters. Payments to a wrong account cannot always be reversed, but we can send a recall request to the receiving bank for the GBP 2,130. Please share the transaction reference, the date and the account number you used. We will contact the other bank and, if the account holder agrees or the funds are still available, the money can be returned. If anything changes in the meantime, please let us know straight away."
"Hello there, there is an ATM transaction I do not recognise for $1,020, how do I raise a dispute? Please help.",ATM,dispute_ATM_withdrawal,"Sorry about the trouble with the ATM. Please keep the receipt if you have one and raise a dispute through the app or by calling customer service. We will check the ATM records for the withdrawal and update you by message. If the money is confirmed as not dispensed, it will be returned to your account. I am here if you need anything else."
The ATM kept my platinum credit card and I cannot get it back. Not sure what to do.,ATM,recover_swallowed_card,"Please do not worry, this happens sometimes. First, block the card in the app as a precaution until you have it back. Then contact the branch that owns the ATM or call customer service, and we will check if the card was retained by the machine. If it can be recovered you may collect it with valid photo ID, otherwise we will issue a replacement card to you."
Tell me about the monthly maintenance fees on my business account. I need this sorted today.,FEES,check_fees,"Fees depend on the type of account or service. You can find the full list in the app under Help and then Fees and Charges, including maintenance, ATM, transfer and card fees. If you tell me the specific service you are asking about, I can explain how that fee is calculated and when it applies. Please reach out again if anything is unclear."
"hi, can i cancel my loan after it was approved but before receiving the money? thank you.",LOAN,cancel_loan,"Absolutely, let me walk you through it. To cancel a loan application, tell us which application you mean and we will stop the process. Before disbursal there is normally no cost. After disbursal, the loan must be closed by repaying the outstanding amount, and we will give you the exact figure and any applicable charges. Let me know if there is anything more I can do for you."
"Hello there, tell me about the monthly maintenance fees on my savings account. Thanks.",FEES,check_fees,"Of course, happy to help. Fees depend on the type of account or service. You can find the full list in the app under Help and then Fees and Charges, including maintenance, ATM, transfer and card fees. If you tell me the specific service you are asking about, I can explain how that fee is calculated and when it applies. Feel free to ask if you have any other questions."
"Hello there, I cannot afford my mortgage after the rate increase.",RETAIL_EXCEPTION,mortgage_arrears_support,"Thank you for reaching out. Falling behind on a mortgage is stressful, and there are steps we can explore together. A mortgage support specialist will review your account, your income and expenses, and discuss a plan that suits you. I am raising this as urgent so they contact you soon. If anything changes in the meantime, please let us know straight away."
"Hello, I need help because I am struggling to repay my loan of INR 463,800.",RETAIL_EXCEPTION,loan_hardship_request,"I am sorry you are facing this, and I am glad you reached out early. We have options for customers in financial difficulty, such as a temporary payment holiday, a longer tenure with lower instalments, or restructuring, depending on your situation. I will pass your request to our customer support team, who will review your income and expenses and discuss what is possible. Please try to keep making any payments you can, and avoid ignoring reminders, as talking to us early gives you more choices. Please keep your reference number safe, and reply here if you need anything else."
"Hi team, I need extra help managing my money after my illness",RETAIL_EXCEPTION,vulnerable_customer_support,"Thank you for telling us, and please know that we are here to help in a way that works for you. We offer support such as large print or audio statements, assisted banking at branches, a dedicated helpline with priority handling and, in some areas, home visits. If you are worried about a suspicious call, please do not share any codes or personal details, and we will help you check it. I will connect you with our customer care specialists to set up the support you need. You can ask for a human agent at any time and I will arrange it."
"Quick question: I need to withdraw cash in Dubai, where can I find one of your ATMs? Please advise.",FIND,find_ATM,"To locate an ATM, open the Locator in the app or on our website and search by city or landmark. Filters help you find machines that offer deposits, cheque drops or extended hours. Please remember that using an ATM outside our network may attract a fee. Let me know if there is anything more I can do for you."
Quick question: I would like to apply for a home loan. Can you help me with this,LOAN,apply_for_mortgage,"Sure, here is how this works. Applying for a home loan involves a few stages: an initial eligibility check, document submission, property valuation, formal approval and legal completion. A mortgage adviser can guide you at each stage. You can begin by booking a call from the Loans section of the app. Please reach out again if anything is unclear."
"Excuse me, how do I set up a password for net banking?",PASSWORD,set_up_password,"Sure, here is how this works. New customers can create a password using the First Time Login option. Enter your customer ID, verify with a one-time code, then choose a password that meets the rules shown on screen. Please do not share it with anyone, including bank staff. Feel free to ask if you have any other questions."
"Hello, I would like to apply for a home loan. thx.",LOAN,apply_for_mortgage,"For a mortgage, the first step is to check how much you can borrow using the mortgage calculator in the app. Then submit an application with your identity, income and property details, and we will arrange a valuation of the property. After approval you receive a formal offer, and the funds are released to the seller once the legal formalities are complete. A deposit is usually needed, and the amount depends on the property value and your profile. If you need any further help, just let me know."
"Urgent: I am elderly and find the app very hard to use, can someone help me with my banking?",RETAIL_EXCEPTION,vulnerable_customer_support,"Thank you for telling us, and please know that we are here to help in a way that works for you. We offer support such as large print or audio statements, assisted banking at branches, a dedicated helpline with priority handling and, in some areas, home visits. If you are worried about a suspicious call, please do not share any codes or personal details, and we will help you check it. I will connect you with our customer care specialists to set up the support you need. If anything changes in the meantime, please let us know straight away."
Quick question: is there any joining or annual fee on the debit card? Thank you,CARD,check_card_annual_fee,"Certainly, I can help with that. The annual fee depends on the type of card you hold. You can see the exact amount for your debit card in the app under Cards and Card Details, and it is also listed in your welcome kit. The fee is normally charged once a year on the card anniversary date. Some cards offer a waiver if you reach a yearly spending target. If you need any further help, just let me know."
"hello there, i want to talk to a real person. thanks.",CONTACT,human_agent,"Of course. I will connect you with a human agent now. Please stay in this chat, and it helps if you briefly describe your issue so the agent can pick up straight away. Waiting times can vary, and if it is not urgent you can also request a call back at a time that suits you. If you need any further help, just let me know."
"Excuse me, where is my refund, it has been 6 days? Thanks",PAYMENT_EXCEPTION,refund_not_received,"Thank you for the details. A refund can take some time after the merchant approves it. If it has been more than ten working days, please send us the refund confirmation from the merchant. We will trace the credit and follow up with the merchant bank on your behalf. Please keep your reference number safe, and reply here if you need anything else."
"Hello, when is my next student loan instalment due? thx.",LOAN,check_loan_payments,"Absolutely, let me walk you through it. You can see your repayment details in the app under Loans. Select your student loan to view the instalment amount, the next due date, the number of payments remaining and the total outstanding balance. The full repayment schedule can also be downloaded as a document. I am here if you need anything else."
"Hi team, I want to cancel my student loan application",LOAN,cancel_loan,"Certainly, I can help with that. To cancel a loan application, tell us which application you mean and we will stop the process. Before disbursal there is normally no cost. After disbursal, the loan must be closed by repaying the outstanding amount, and we will give you the exact figure and any applicable charges."
"Hi, I am going to Tokyo soon. Can you turn on international usage for my card? Any idea what to do",CARD,activate_card_international_usage,"To use your card overseas, open Card Controls in the app and enable International Usage. It is a good idea to set a travel period and a daily limit. If you cannot use the app, phone banking can turn it on for you after verifying your identity. I am here if you need anything else."
my debit card ending 5778 arrived today. what are the steps to activate it? any idea what to do,CARD,activate_card,"You can activate your card in two easy ways. In the mobile app, go to Cards, pick your card, and tap Activate. If you prefer, call the phone banking number printed on the back of the card and follow the voice prompts. After verification your card will be active within a few minutes. I am here if you need anything else."
How can I close my credit card? I no longer use it. thx.,CARD,cancel_card,"I can guide you through cancelling your card. First check that there are no pending transactions or unpaid dues. Then submit a cancellation request through the app or by phone banking. You will get a confirmation message once the card is closed. If you need any further help, just let me know."
"Good morning, I want to reverse the payment I just made, is that possible? Please help.",TRANSFER,cancel_transfer,"Of course, happy to help. Please act quickly. For transfers that have not been processed yet, use Cancel next to the transfer in your pending list. For completed transfers, raise a recall request from the same screen or through customer service, and keep the transaction reference handy. We will update you as soon as we hear back from the other bank."
"Excuse me, can I see my loan repayment schedule? Any idea what to do?",LOAN,check_loan_payments,"To check your loan payments, log in and open Loans, then choose the loan. You will see what you have paid so far, what is left, and the next due date. If you would like to pay extra to reduce the balance, there is an option to make a part payment on the same screen. Feel free to ask if you have any other questions."
"Hi team, tell me about the monthly maintenance fees on my student account. Thank you.",FEES,check_fees,"Fees depend on the type of account or service. You can find the full list in the app under Help and then Fees and Charges, including maintenance, ATM, transfer and card fees. If you tell me the specific service you are asking about, I can explain how that fee is calculated and when it applies."
"Hey, how can I withdraw my home loan request? I need this sorted today.",LOAN,cancel_mortgage,"I can help you withdraw the mortgage application. Please contact our mortgage team through the app or at a branch and confirm the application reference. If the valuation or legal work has already started, some third party fees might still apply. Once cancelled, you will receive written confirmation. I am here if you need anything else."
Please help: what happens to my mortgage application if I cancel it now? Please advise.,LOAN,cancel_mortgage,"I can help you withdraw the mortgage application. Please contact our mortgage team through the app or at a branch and confirm the application reference. If the valuation or legal work has already started, some third party fees might still apply. Once cancelled, you will receive written confirmation."
"Hi, I am going to Istanbul soon. Can you turn on international usage for my card? Any idea what to do?",CARD,activate_card_international_usage,"Of course, happy to help. To use your card overseas, open Card Controls in the app and enable International Usage. It is a good idea to set a travel period and a daily limit. If you cannot use the app, phone banking can turn it on for you after verifying your identity. If you need any further help, just let me know."
Please help: how do I view what I spent this week? I need this sorted today.,ACCOUNT,check_recent_transactions,"To review your recent activity, log in and choose the account, then select Recent Transactions. Pending items are shown separately from completed ones. If something looks unfamiliar, tap it to see the details and report it directly from that screen. I am here if you need anything else."
"Good evening, I need to withdraw cash in Pune, where can I find one of your ATMs? Not sure what to do",FIND,find_ATM,"To locate an ATM, open the Locator in the app or on our website and search by city or landmark. Filters help you find machines that offer deposits, cheque drops or extended hours. Please remember that using an ATM outside our network may attract a fee. Please reach out again if anything is unclear."
"Good morning, what is the fastest way to send money to someone? I need this sorted today.",TRANSFER,make_transfer,"Sure, here is how this works. You can send money in a few steps. Open Transfers, choose Send Money and select an existing payee or add a new one. Type in the amount, check the details carefully because transfers to the wrong account can be hard to reverse, and approve with your security code. Instant methods arrive within minutes, while standard transfers can take up to one working day. Let me know if there is anything more I can do for you."
"Hi team, card stolen abroad, need emergency replacement. Can you help me with this?",PAYMENT_EXCEPTION,lost_card_abroad_emergency,"That sounds very stressful. The first step is to block all lost cards so nobody can use them. Then our emergency support team can help with a replacement card delivered to your location or a cash advance, after confirming your identity. Please keep any police report reference, as it can help with disputed transactions."
"Hi team, how do I stop a transfer I made earlier today?",TRANSFER,cancel_transfer,"Please act quickly. For transfers that have not been processed yet, use Cancel next to the transfer in your pending list. For completed transfers, raise a recall request from the same screen or through customer service, and keep the transaction reference handy. We will update you as soon as we hear back from the other bank. I am here if you need anything else."
How do I start a chargeback for a service that was not delivered? Can you help me with this,PAYMENT_EXCEPTION,chargeback_request,Thank you for the details. A card dispute can be raised for items not received or not as described. We will need your order confirmation and any communication with the seller. Our disputes team will assess the claim and let you know whether the amount can be recovered. You can ask for a human agent at any time and I will arrange it.
Please help: which branch can I go to for a loan discussion? I need this sorted today,FIND,find_branch,"Thanks for reaching out, I can guide you through this. To find a branch, enter your area or city in the Locator and choose Branches. Each listing shows the address, working hours and the services offered, such as loans or locker facilities. Most branches are open on weekdays and some are open on Saturday mornings. Please reach out again if anything is unclear."
"Good morning, there is an ATM transaction I do not recognise for INR 801, how do I raise a dispute",ATM,dispute_ATM_withdrawal,"Sorry about the trouble with the ATM. Please keep the receipt if you have one and raise a dispute through the app or by calling customer service. We will check the ATM records for the withdrawal and update you by message. If the money is confirmed as not dispensed, it will be returned to your account. Feel free to ask if you have any other questions."
"Hi, I need to withdraw cash in Bangkok, where can I find one of your ATMs? Any idea what to do?",FIND,find_ATM,"To locate an ATM, open the Locator in the app or on our website and search by city or landmark. Filters help you find machines that offer deposits, cheque drops or extended hours. Please remember that using an ATM outside our network may attract a fee. Let me know if there is anything more I can do for you."
"hi, can i cancel a scheduled transfer for next week? any idea what to do",TRANSFER,cancel_transfer,"Please act quickly. For transfers that have not been processed yet, use Cancel next to the transfer in your pending list. For completed transfers, raise a recall request from the same screen or through customer service, and keep the transaction reference handy. We will update you as soon as we hear back from the other bank. Let me know if there is anything more I can do for you."
"Good morning, I want to know my outstanding amount on the credit card. Please advise.",CARD,check_current_balance_on_card,"Certainly, I can help with that. To check your balance, log in to net banking or the app and open Cards. The card summary shows your current balance, available credit and the last statement amount. Balances update in near real time, but very recent transactions can take a short while to appear. Let me know if there is anything more I can do for you."
"Hi team, need to switch on my new card, what should I do?",CARD,activate_card,"You can activate your card in two easy ways. In the mobile app, go to Cards, pick your card, and tap Activate. If you prefer, call the phone banking number printed on the back of the card and follow the voice prompts. After verification your card will be active within a few minutes. Let me know if there is anything more I can do for you."
"Hi team, can I see my loan repayment schedule? Can you help me with this",LOAN,check_loan_payments,"Of course, happy to help. To check your loan payments, log in and open Loans, then choose the loan. You will see what you have paid so far, what is left, and the next due date. If you would like to pay extra to reduce the balance, there is an option to make a part payment on the same screen. Please reach out again if anything is unclear."
How much is the fee for an international transfer? Not sure what to do,FEES,check_fees,"I can help you understand the charges. Common fees include monthly maintenance, foreign transaction fees, ATM use outside our network and penalties for low balance. Your latest statement shows every fee that has been applied, and customer service can review any fee you believe was charged in error. Let me know if there is anything more I can do for you."
"Hi team, I want to reverse the payment I just made, is that possible? Any idea what to do?",TRANSFER,cancel_transfer,"Sure, here is how this works. Please act quickly. For transfers that have not been processed yet, use Cancel next to the transfer in your pending list. For completed transfers, raise a recall request from the same screen or through customer service, and keep the transaction reference handy. We will update you as soon as we hear back from the other bank. Please reach out again if anything is unclear."
"Good evening, please explain how to apply for a loan online.",LOAN,apply_for_loan,"To apply for a loan, go to Loans in the app and select the type of loan you need. Enter the amount and tenure, upload the required documents and submit. Your eligibility is based on income, existing commitments and credit score, and you will see a decision and an offer once the review is complete."
"The ATM swallowed my card, what should I do? Thank you.",ATM,recover_swallowed_card,"Please do not worry, this happens sometimes. First, block the card in the app as a precaution until you have it back. Then contact the branch that owns the ATM or call customer service, and we will check if the card was retained by the machine. If it can be recovered you may collect it with valid photo ID, otherwise we will issue a replacement card to you."
"Hi team, I want to know how many payments are left on my loan. Any idea what to do?",LOAN,check_loan_payments,"To check your loan payments, log in and open Loans, then choose the loan. You will see what you have paid so far, what is left, and the next due date. If you would like to pay extra to reduce the balance, there is an option to make a part payment on the same screen. Feel free to ask if you have any other questions."
"hey, my card went missing yesterday, block it asap",CARD,block_card,"I am sorry to hear about this and I want to help sort it out. You can block the card immediately in the mobile app. Go to Cards, choose the card and tap Block Card, then pick Lost or Stolen as the reason. The card stops working straight away and any new transactions are declined. We will then help you order a replacement, which usually arrives in a few working days. Please reach out again if anything is unclear."
Please help: where can I download my statement for the last 6 days,ACCOUNT,check_recent_transactions,"Sure, here is how this works. To review your recent activity, log in and choose the account, then select Recent Transactions. Pending items are shown separately from completed ones. If something looks unfamiliar, tap it to see the details and report it directly from that screen. Let me know if there is anything more I can do for you."
"hello, what are your support hours? i need this sorted today.",CONTACT,customer_service,"There are several ways to contact us. The quickest is the chat option in the app, which is available all day. You can also call the number printed on the back of your card or on our website, or visit any branch during opening hours. Feel free to ask if you have any other questions."
"Hi team, I want to open a new account, what documents are required? Not sure what to do.",ACCOUNT,create_account,"To start, choose the type of account that suits you, then fill in the application form online. You will need identity and address documents, and you may complete a short video verification. Once approved, your account details arrive by message and email, and your debit card is sent to your address. Please reach out again if anything is unclear."
"Hello there, how do I activate my new prepaid card? Thank you.",CARD,activate_card,"First, open the mobile app or net banking and go to the Cards section. Then select your prepaid card and choose Activate Card. You will receive a one-time code on your registered mobile number, so enter it to confirm. Once that is done, the card is active and ready to use straight away. Let me know if there is anything more I can do for you."
Where is the closest branch? Not sure what to do.,FIND,find_branch,"Certainly, I can help with that. To find a branch, enter your area or city in the Locator and choose Branches. Each listing shows the address, working hours and the services offered, such as loans or locker facilities. Most branches are open on weekdays and some are open on Saturday mornings. Please reach out again if anything is unclear."
"Hi, my credit card ending 6450 arrived today. What are the steps to activate it? Thank you.",CARD,activate_card,"You can activate your card in two easy ways. In the mobile app, go to Cards, pick your card, and tap Activate. If you prefer, call the phone banking number printed on the back of the card and follow the voice prompts. After verification your card will be active within a few minutes. I am here if you need anything else."
"Hi, how much do I pay every year to keep my card?",CARD,check_card_annual_fee,"Thanks for reaching out, I can guide you through this. Annual fees vary by card, and many cards waive the fee after a certain level of yearly spending. Please check Fees and Charges for your card in the app to see your amount and the anniversary date. If you would like to ask about a waiver, customer service can review your eligibility. Feel free to ask if you have any other questions."
"Hi, how can I enable my platinum credit card for use abroad? I am travelling to Mumbai. I need this sorted today.",CARD,activate_card_international_usage,"Sure, here is how this works. To use your card overseas, open Card Controls in the app and enable International Usage. It is a good idea to set a travel period and a daily limit. If you cannot use the app, phone banking can turn it on for you after verifying your identity."
Quick question: I want to dispute an ATM withdrawal of EUR 204 from yesterday.,ATM,dispute_ATM_withdrawal,"Sorry about the trouble with the ATM. Please keep the receipt if you have one and raise a dispute through the app or by calling customer service. We will check the ATM records for the withdrawal and update you by message. If the money is confirmed as not dispensed, it will be returned to your account."
"Hello, when is my next mortgage payment due? I need this sorted today.",LOAN,check_mortgage_payments,"Certainly, I can help with that. Your mortgage details are available under Loans. There you can view the payment amount, upcoming due dates, the balance still owed and a summary of interest paid. If your payment changes because of a rate change, we will notify you in advance. Please reach out again if anything is unclear."
Please help me recover my login details. Thanks.,PASSWORD,get_password,"I am sorry you are locked out. On the login page, tap Forgot Password and enter your customer ID. We will send a one-time code to your registered mobile number, and after you enter it you can choose a new password. For security reasons we can never tell you your old password."
"I do not want a bot, please connect me to an advisor. Please help.",CONTACT,human_agent,"Certainly, I can arrange for one of our advisors to help you. I am transferring you now, and I will share the details of our conversation so you do not need to repeat yourself. If the queue is long, you can choose to receive a call back instead. Let me know if there is anything more I can do for you."
I need help. I am a student and would like to start a savings account. Any idea what to do,ACCOUNT,create_account,"Thanks for reaching out, I can guide you through this. To start, choose the type of account that suits you, then fill in the application form online. You will need identity and address documents, and you may complete a short video verification. Once approved, your account details arrive by message and email, and your debit card is sent to your address. I am here if you need anything else."
"hey, i want to cancel my mortgage application. i need this sorted today",LOAN,cancel_mortgage,"Sure, here is how this works. To cancel a mortgage application, send a withdrawal request with your application reference. Any costs already incurred for valuation or legal checks may not be refundable. We will confirm the cancellation in writing and close the file. Please reach out again if anything is unclear."
"Hey, need to switch on my new card, what should I do? Thanks.",CARD,activate_card,"You can activate your card in two easy ways. In the mobile app, go to Cards, pick your card, and tap Activate. If you prefer, call the phone banking number printed on the back of the card and follow the voice prompts. After verification your card will be active within a few minutes. Please reach out again if anything is unclear."
"Hello there, I do not want a bot, please connect me to an advisor. Thanks.",CONTACT,human_agent,"Of course. I will connect you with a human agent now. Please stay in this chat, and it helps if you briefly describe your issue so the agent can pick up straight away. Waiting times can vary, and if it is not urgent you can also request a call back at a time that suits you."
"pls help: i sent 867 dollars and it is not credited, but it was debited from my account. thanks.",PAYMENT_EXCEPTION,transfer_pending_stuck,"Sorry for the delay. A transfer can stay pending if the receiving bank is slow, if the details do not match, or if the payment is under review. I have noted the delay and a specialist team will trace the payment. If it cannot be completed, the money is returned to your account. If you would like, I can connect you with a human agent right now."
"hello, please guide me through creating a new account. please advise.",ACCOUNT,create_account,"To start, choose the type of account that suits you, then fill in the application form online. You will need identity and address documents, and you may complete a short video verification. Once approved, your account details arrive by message and email, and your debit card is sent to your address. Let me know if there is anything more I can do for you."
"good morning, i have a power of attorney document, how do i register it with the bank? i need this sorted today",RETAIL_EXCEPTION,power_of_attorney_request,"I am sorry to hear that. Managing another person's account requires a valid legal authority, such as a registered power of attorney, and we need to verify it before giving access. Please prepare the original or certified copy of the document, your identification and the account holder details. A specialist will check the paperwork and explain what your authority allows, and I will arrange for them to contact you. We will keep you updated by message until this is resolved."
"Hi team, I want to talk to a real person. Can you help me with this?",CONTACT,human_agent,"Certainly, I can arrange for one of our advisors to help you. I am transferring you now, and I will share the details of our conversation so you do not need to repeat yourself. If the queue is long, you can choose to receive a call back instead. I am here if you need anything else."
"please help: i want to reverse the payment i just made, is that possible?",TRANSFER,cancel_transfer,"Please act quickly. For transfers that have not been processed yet, use Cancel next to the transfer in your pending list. For completed transfers, raise a recall request from the same screen or through customer service, and keep the transaction reference handy. We will update you as soon as we hear back from the other bank. Let me know if there is anything more I can do for you."
"good evening, what is the outstanding balance on my car loan? please help.",LOAN,check_loan_payments,"Thanks for reaching out, I can guide you through this. You can see your repayment details in the app under Loans. Select your car loan to view the instalment amount, the next due date, the number of payments remaining and the total outstanding balance. The full repayment schedule can also be downloaded as a document. If you need any further help, just let me know."
"good evening, i need a person to help me with this, not an automated reply. can u help me with this?",CONTACT,human_agent,"Certainly, I can arrange for one of our advisors to help you. I am transferring you now, and I will share the details of our conversation so you do not need to repeat yourself. If the queue is long, you can choose to receive a call back instead. I am here if you need anything else."
"Good evening, is there a live chat with the bank? Thank you.",CONTACT,customer_service,"There are several ways to contact us. The quickest is the chat option in the app, which is available all day. You can also call the number printed on the back of your card or on our website, or visit any branch during opening hours. Let me know if there is anything more I can do for you."
"Hi team, my card got stuck in the machine last night. Appreciate the help.",ATM,recover_swallowed_card,"I am sorry that the ATM kept your card. For your safety, I suggest blocking the card right away in the app. We will then arrange either collection from the ATM branch with identification or a replacement card sent to your address, usually within a few working days. Feel free to ask if you have any other questions."
"Good evening, how do I send 2,960 dollars to a friend's account",TRANSFER,make_transfer,"To make a transfer, log in to the app or net banking and go to Transfers. Add the payee by entering the name, account number and bank code, then confirm the payee with a one-time code. Enter the amount of 2,960 dollars, choose the payment method, review the details and confirm. You will get a confirmation message with a reference number. If you need any further help, just let me know."
Urgent: please help me recover my login details. Any idea what to do?,PASSWORD,get_password,"I am sorry you are locked out. On the login page, tap Forgot Password and enter your customer ID. We will send a one-time code to your registered mobile number, and after you enter it you can choose a new password. For security reasons we can never tell you your old password."
"i need help. the atm did not give me the full cash but the money was deducted, i withdrew $125.",ATM,dispute_ATM_withdrawal,"Sorry about the trouble with the ATM. Please keep the receipt if you have one and raise a dispute through the app or by calling customer service. We will check the ATM records for the withdrawal and update you by message. If the money is confirmed as not dispensed, it will be returned to your account. Please reach out again if anything is unclear."
"Hi team, is there an ATM near the airport? I need this sorted today.",FIND,find_ATM,"To locate an ATM, open the Locator in the app or on our website and search by city or landmark. Filters help you find machines that offer deposits, cheque drops or extended hours. Please remember that using an ATM outside our network may attract a fee. Let me know if there is anything more I can do for you."
Please help: how do I file a formal complaint against the bank?,RETAIL_EXCEPTION,formal_complaint_escalation,"I am sorry that your issue has not been resolved, and you have every right to escalate. I can register a formal complaint now, which will be given a reference number and reviewed by our complaints team, who will respond in writing within the time required. If you are not satisfied with the final response, you can take the matter to the external financial ombudsman. It helps if you share the dates and details of your previous contacts. If you would like, I can connect you with a human agent right now."
Please help: which branch can I go to for a loan discussion? Thanks.,FIND,find_branch,"To find a branch, enter your area or city in the Locator and choose Branches. Each listing shows the address, working hours and the services offered, such as loans or locker facilities. Most branches are open on weekdays and some are open on Saturday mornings. Let me know if there is anything more I can do for you."
"Hello there, what fees do you charge on my account? I need this sorted today.",FEES,check_fees,"I can help you understand the charges. Common fees include monthly maintenance, foreign transaction fees, ATM use outside our network and penalties for low balance. Your latest statement shows every fee that has been applied, and customer service can review any fee you believe was charged in error. Let me know if there is anything more I can do for you."
My debit card ending 6249 arrived today. What are the steps to activate it? Can you help me with this?,CARD,activate_card,"You can activate your card in two easy ways. In the mobile app, go to Cards, pick your card, and tap Activate. If you prefer, call the phone banking number printed on the back of the card and follow the voice prompts. After verification your card will be active within a few minutes. I am here if you need anything else."
"hi, my loan application for 146,820 usd was rejected and i dont understand why.",RETAIL_EXCEPTION,loan_application_rejected_appeal,"I am sorry that your application was not approved. Decisions are based on factors such as income, existing debts, credit history and the value of the loan requested, and we can share the main reasons with you. You may ask for a review, especially if your circumstances have changed or if some information was missing. I will pass your request to a loans specialist who can explain the decision and suggest what may improve your chances next time. We will keep you updated by message until this is resolved."
"i want to apply for a car loan of eur 327,800. i need this sorted today.",LOAN,apply_for_loan,"You can apply for a car loan online or at a branch. Please keep your identity proof, address proof, recent salary slips or income proof, and bank statements ready. After you submit the application, we check your eligibility and credit history and share an offer with the interest rate and repayment plan. Once you accept, the money is usually credited within a few working days."
"Hi team, pls tell me the current balance on the card ending 5605.",CARD,check_current_balance_on_card,"To check your balance, log in to net banking or the app and open Cards. The card summary shows your current balance, available credit and the last statement amount. Balances update in near real time, but very recent transactions can take a short while to appear. Let me know if there is anything more I can do for you."
"Good evening, please change my surname on all my accounts. Appreciate the help",RETAIL_EXCEPTION,legal_name_change,"To change your name in our records, we need proof of the legal name change, such as a marriage certificate, a gazette notification or a deed poll, together with your identification. Please upload the documents in the app under Profile or visit a branch, and we will update your accounts and cards. Because this affects several products, the update may take a few working days, and we will notify you when it is complete. We will keep you updated by message until this is resolved."
"Hi, do you have ATMs that accept cash deposits nearby? I need this sorted today",FIND,find_ATM,"To locate an ATM, open the Locator in the app or on our website and search by city or landmark. Filters help you find machines that offer deposits, cheque drops or extended hours. Please remember that using an ATM outside our network may attract a fee. If you need any further help, just let me know."
why is my student account overdrawn? i never spent that much. thank you.,RETAIL_EXCEPTION,overdraft_fee_dispute,"Thanks for explaining. To review the fee, we need to see the order in which the deposit and the payments were processed. I will raise a request for the fee to be reviewed, and you will hear back with the outcome. In some cases, especially after a delayed salary, the fee can be waived. We will keep you updated by message until this is resolved."
"How do I send INR 2,420 to a friend's account? Appreciate the help.",TRANSFER,make_transfer,"Thanks for reaching out, I can guide you through this. You can send money in a few steps. Open Transfers, choose Send Money and select an existing payee or add a new one. Type in the amount, check the details carefully because transfers to the wrong account can be hard to reverse, and approve with your security code. Instant methods arrive within minutes, while standard transfers can take up to one working day. Feel free to ask if you have any other questions."
"Good evening, I want to talk to a real person.",CONTACT,human_agent,"Certainly, I can arrange for one of our advisors to help you. I am transferring you now, and I will share the details of our conversation so you do not need to repeat yourself. If the queue is long, you can choose to receive a call back instead. Feel free to ask if you have any other questions."
Quick question: the ATM gave me less money than what was debited from my account.,ATM,dispute_ATM_withdrawal,"Sorry about the trouble with the ATM. Please keep the receipt if you have one and raise a dispute through the app or by calling customer service. We will check the ATM records for the withdrawal and update you by message. If the money is confirmed as not dispensed, it will be returned to your account. Please reach out again if anything is unclear."
Quick question: I am a new customer and want to create my login. Can you help me with this?,PASSWORD,set_up_password,"To set up or change your password, log in and go to Settings and then Security. Choose Change Password, enter your current password, and type the new one twice. A strong password uses at least eight characters with a mix of letters, numbers and symbols, and should not include your name or birth date. Feel free to ask if you have any other questions."
"Hi team, where can I download my statement for the last 5 days? Thanks.",ACCOUNT,check_recent_transactions,"To review your recent activity, log in and choose the account, then select Recent Transactions. Pending items are shown separately from completed ones. If something looks unfamiliar, tap it to see the details and report it directly from that screen."
"hey, what is the available balance on my credit card? pls advise.",CARD,check_current_balance_on_card,"To check your balance, log in to net banking or the app and open Cards. The card summary shows your current balance, available credit and the last statement amount. Balances update in near real time, but very recent transactions can take a short while to appear."
I need help. Cancel the automatic payment to Amazon right now. Appreciate the help.,PAYMENT_EXCEPTION,recurring_payment_unauthorized,"Sorry about the trouble. We can block future payments to the merchant on your card, and I can start a dispute for charges you did not authorise. Please share the dates and the amounts of the payments and any cancellation emails you have. A specialist will review whether the money can be recovered."
"good morning, someone may have my card details, how can i block the card immediately? not sure what to do.",CARD,block_card,"To protect your money, block the card first. Use the app under Cards and Block, or call the 24 hour phone banking line and ask for an immediate block. Once blocked, please review your recent transactions and tell us about any you do not recognise so we can look into them."
"Hello, how can I avoid repossession of my house",RETAIL_EXCEPTION,mortgage_arrears_support,"I understand how worrying this is, and I want you to know that help is available. Please do not ignore the notice, because early contact gives us more options such as revising the payment plan, extending the term or a temporary arrangement. I will connect you with our specialist mortgage support team, who can go through the details with you in confidence. It is also worth getting free independent money advice alongside speaking to us. If anything changes in the meantime, please let us know straight away."
Quick question: can you transfer me to a human agent? Please help.,CONTACT,human_agent,"Certainly, I can arrange for one of our advisors to help you. I am transferring you now, and I will share the details of our conversation so you do not need to repeat yourself. If the queue is long, you can choose to receive a call back instead."
"My platinum credit card does not work outside the country, how do I switch on overseas payments",CARD,activate_card_international_usage,"Absolutely, let me walk you through it. International usage can be switched on from the mobile app. Go to Cards, select your platinum credit card, open Card Controls and turn on International Transactions. You can also set the dates of your trip and a spending limit for extra safety. Changes usually take effect within a few minutes, so please do it before you leave. Feel free to ask if you have any other questions."
"Hi team, card stolen abroad, need emergency replacement. Not sure what to do.",PAYMENT_EXCEPTION,lost_card_abroad_emergency,"That sounds very stressful. The first step is to block all lost cards so nobody can use them. Then our emergency support team can help with a replacement card delivered to your location or a cash advance, after confirming your identity. Please keep any police report reference, as it can help with disputed transactions. You can ask for a human agent at any time and I will arrange it."
"Good evening, how can I reset my forgotten mobile banking password? I need this sorted today.",PASSWORD,get_password,"You can recover access in a few steps. Select Forgot Password on the login screen, verify your identity with the one-time code sent to your registered number, and set a new password. If you no longer have access to that number, please visit a branch with your identification to update it."
"Excuse me, pls tell me the current balance on the card ending 1093",CARD,check_current_balance_on_card,"To check your balance, log in to net banking or the app and open Cards. The card summary shows your current balance, available credit and the last statement amount. Balances update in near real time, but very recent transactions can take a short while to appear. I am here if you need anything else."
"I sent 2,560 USD to the wrong person, can I cancel the transfer?",TRANSFER,cancel_transfer,"Of course, happy to help. If the transfer of 2,560 USD is still pending or scheduled, you can cancel it in the app. Go to Transfers, open Pending or Scheduled, select the transfer and tap Cancel. If it has already been completed, it cannot be cancelled directly, but you can raise a request and we will contact the receiving bank to ask for the money back. Success depends on the receiving bank and the account holder agreeing to return it."
"hey, when is my card annual fee charged and can it be waived? any idea what to do?",CARD,check_card_annual_fee,"Absolutely, let me walk you through it. Annual fees vary by card, and many cards waive the fee after a certain level of yearly spending. Please check Fees and Charges for your card in the app to see your amount and the anniversary date. If you would like to ask about a waiver, customer service can review your eligibility."
"Hey, I am going to Singapore soon. Can you turn on international usage for my card? Any idea what to do?",CARD,activate_card_international_usage,"To use your card overseas, open Card Controls in the app and enable International Usage. It is a good idea to set a travel period and a daily limit. If you cannot use the app, phone banking can turn it on for you after verifying your identity."
"Hello there, when is my next mortgage payment due? Not sure what to do",LOAN,check_mortgage_payments,"Thanks for reaching out, I can guide you through this. Your mortgage details are available under Loans. There you can view the payment amount, upcoming due dates, the balance still owed and a summary of interest paid. If your payment changes because of a rate change, we will notify you in advance. I am here if you need anything else."
"Hi, need to switch on my new card, what should I do? Can you help me with this?",CARD,activate_card,"Sure, here is how this works. You can activate your card in two easy ways. In the mobile app, go to Cards, pick your card, and tap Activate. If you prefer, call the phone banking number printed on the back of the card and follow the voice prompts. After verification your card will be active within a few minutes. Please reach out again if anything is unclear."
Tell me about the monthly maintenance fees on my savings account. Thank you.,FEES,check_fees,"Certainly, I can help with that. Fees depend on the type of account or service. You can find the full list in the app under Help and then Fees and Charges, including maintenance, ATM, transfer and card fees. If you tell me the specific service you are asking about, I can explain how that fee is calculated and when it applies."
"Excuse me, please help me make a transfer of 150 dollars today. Appreciate the help",TRANSFER,make_transfer,"To make a transfer, log in to the app or net banking and go to Transfers. Add the payee by entering the name, account number and bank code, then confirm the payee with a one-time code. Enter the amount of 150 dollars, choose the payment method, review the details and confirm. You will get a confirmation message with a reference number. If you need any further help, just let me know."
"Hello, please cancel my pending transfer of $1,340. Please advise.",TRANSFER,cancel_transfer,"If the transfer of $1,340 is still pending or scheduled, you can cancel it in the app. Go to Transfers, open Pending or Scheduled, select the transfer and tap Cancel. If it has already been completed, it cannot be cancelled directly, but you can raise a request and we will contact the receiving bank to ask for the money back. Success depends on the receiving bank and the account holder agreeing to return it. Please reach out again if anything is unclear."
"Good morning, how do I shut down my account permanently?",ACCOUNT,close_account,"Absolutely, let me walk you through it. To close the account, make sure there are no pending transactions, linked cards or loans. Request closure through the app under Account Services or visit a branch. We will transfer any remaining balance to the account you nominate and confirm once the account is closed. I am here if you need anything else."
"Hi, double debit on my card for Zomato, pls fix.",PAYMENT_EXCEPTION,duplicate_charge,"Thanks for letting us know. Please keep proof of your purchase and, if possible, the merchant receipt. We will open a dispute for the duplicate payment, and a specialist will review it with the merchant. Refunds usually take several working days once the duplicate is confirmed."
"Urgent: please waive the overdraft charges, they are unfair. I need this sorted today.",RETAIL_EXCEPTION,overdraft_fee_dispute,"Thanks for explaining. To review the fee, we need to see the order in which the deposit and the payments were processed. I will raise a request for the fee to be reviewed, and you will hear back with the outcome. In some cases, especially after a delayed salary, the fee can be waived. You can ask for a human agent at any time and I will arrange it."
I am going to Dubai soon. Can you turn on international usage for my card? Please advise.,CARD,activate_card_international_usage,"To use your card overseas, open Card Controls in the app and enable International Usage. It is a good idea to set a travel period and a daily limit. If you cannot use the app, phone banking can turn it on for you after verifying your identity. Please reach out again if anything is unclear."
"Hi team, can I get a loan for $111,340 over 12 months? Any idea what to do?",LOAN,apply_for_loan,"Of course, happy to help. To apply for a loan, go to Loans in the app and select the type of loan you need. Enter the amount and tenure, upload the required documents and submit. Your eligibility is based on income, existing commitments and credit score, and you will see a decision and an offer once the review is complete."
What happens to my mortgage application if I cancel it now? Please advise,LOAN,cancel_mortgage,"Absolutely, let me walk you through it. To cancel a mortgage application, send a withdrawal request with your application reference. Any costs already incurred for valuation or legal checks may not be refundable. We will confirm the cancellation in writing and close the file. I am here if you need anything else."
What are the opening hours of the branch near the old town square?,FIND,find_branch,"You can find branches using the Locator in the app or on our website. Search by city or a landmark like the old town square, and you will see the address, opening hours and services available at each branch. Many branches allow you to book an appointment in advance, which reduces waiting time. Please reach out again if anything is unclear."
"Excuse me, how do I send GBP 1,940 to a friend's account? Thank you",TRANSFER,make_transfer,"To make a transfer, log in to the app or net banking and go to Transfers. Add the payee by entering the name, account number and bank code, then confirm the payee with a one-time code. Enter the amount of GBP 1,940, choose the payment method, review the details and confirm. You will get a confirmation message with a reference number. I am here if you need anything else."
"ATM retained my card ending 5118, how do I recover it? Can you help me with this?",ATM,recover_swallowed_card,"I am sorry that the ATM kept your card. For your safety, I suggest blocking the card right away in the app. We will then arrange either collection from the ATM branch with identification or a replacement card sent to your address, usually within a few working days. I am here if you need anything else."
I want to check if the payment I made yesterday has gone through. Thank you,ACCOUNT,check_recent_transactions,"To review your recent activity, log in and choose the account, then select Recent Transactions. Pending items are shown separately from completed ones. If something looks unfamiliar, tap it to see the details and report it directly from that screen. I am here if you need anything else."
"Hello there, please tell me the current balance on the card ending 0267. Please help.",CARD,check_current_balance_on_card,"Sure, here is how this works. To check your balance, log in to net banking or the app and open Cards. The card summary shows your current balance, available credit and the last statement amount. Balances update in near real time, but very recent transactions can take a short while to appear. If you need any further help, just let me know."
"Hey, how can I add a new payee and transfer funds? Can you help me with this?",TRANSFER,make_transfer,"You can send money in a few steps. Open Transfers, choose Send Money and select an existing payee or add a new one. Type in the amount, check the details carefully because transfers to the wrong account can be hard to reverse, and approve with your security code. Instant methods arrive within minutes, while standard transfers can take up to one working day. If you need any further help, just let me know."
Cancel my savings account and send me the balance. Thank you,ACCOUNT,close_account,"Absolutely, let me walk you through it. To close the account, make sure there are no pending transactions, linked cards or loans. Request closure through the app under Account Services or visit a branch. We will transfer any remaining balance to the account you nominate and confirm once the account is closed."
which branch can i go to for a loan discussion? thanks.,FIND,find_branch,"Absolutely, let me walk you through it. To find a branch, enter your area or city in the Locator and choose Branches. Each listing shows the address, working hours and the services offered, such as loans or locker facilities. Most branches are open on weekdays and some are open on Saturday mornings. If you need any further help, just let me know."
how can i close my credit card? i no longer use it. i need this sorted today.,CARD,cancel_card,"Sure, here is how this works. I can guide you through cancelling your card. First check that there are no pending transactions or unpaid dues. Then submit a cancellation request through the app or by phone banking. You will get a confirmation message once the card is closed. If you need any further help, just let me know."
"My travel card does not work outside the country, how do I switch on overseas payments?",CARD,activate_card_international_usage,"Absolutely, let me walk you through it. To use your card overseas, open Card Controls in the app and enable International Usage. It is a good idea to set a travel period and a daily limit. If you cannot use the app, phone banking can turn it on for you after verifying your identity. Feel free to ask if you have any other questions."
Urgent: please cancel the card ending 7518.,CARD,cancel_card,"Sure, here is how this works. I can guide you through cancelling your card. First check that there are no pending transactions or unpaid dues. Then submit a cancellation request through the app or by phone banking. You will get a confirmation message once the card is closed."
"Hello, please put me through to a customer service representative. Please help.",CONTACT,human_agent,"Certainly, I can arrange for one of our advisors to help you. I am transferring you now, and I will share the details of our conversation so you do not need to repeat yourself. If the queue is long, you can choose to receive a call back instead."
How do I activate my new travel card? Can you help me with this?,CARD,activate_card,"First, open the mobile app or net banking and go to the Cards section. Then select your travel card and choose Activate Card. You will receive a one-time code on your registered mobile number, so enter it to confirm. Once that is done, the card is active and ready to use straight away. Feel free to ask if you have any other questions."
quick question: i paid in the local currency but was billed at a strange rate.,PAYMENT_EXCEPTION,currency_conversion_dispute,"Thanks for raising this. When you pay in a foreign currency, the amount is converted at the network exchange rate on the day the transaction is settled, and a foreign currency fee may also apply, so the final figure can differ from what you saw at the shop. Please check the transaction details in the app for the rate and fee that were used. If you believe the amount is wrong, we can raise a query and a specialist will review it. If you would like, I can connect you with a human agent right now."
"Excuse me, my credit card does not work outside the country, how do I switch on overseas payments?",CARD,activate_card_international_usage,"Sure, here is how this works. To use your card overseas, open Card Controls in the app and enable International Usage. It is a good idea to set a travel period and a daily limit. If you cannot use the app, phone banking can turn it on for you after verifying your identity. If you need any further help, just let me know."
"good morning, is there a fee if my balance drops below the minimum? not sure what to do.",FEES,check_fees,"I can help you understand the charges. Common fees include monthly maintenance, foreign transaction fees, ATM use outside our network and penalties for low balance. Your latest statement shows every fee that has been applied, and customer service can review any fee you believe was charged in error."
Quick question: how much deposit do I need for a mortgage? Any idea what to do?,LOAN,apply_for_mortgage,"For a mortgage, the first step is to check how much you can borrow using the mortgage calculator in the app. Then submit an application with your identity, income and property details, and we will arrange a valuation of the property. After approval you receive a formal offer, and the funds are released to the seller once the legal formalities are complete. A deposit is usually needed, and the amount depends on the property value and your profile. Let me know if there is anything more I can do for you."
"Excuse me, can you help me activate my card? It has not been used yet.",CARD,activate_card,"Certainly, I can help with that. You can activate your card in two easy ways. In the mobile app, go to Cards, pick your card, and tap Activate. If you prefer, call the phone banking number printed on the back of the card and follow the voice prompts. After verification your card will be active within a few minutes."
"Hi, what is the fastest way to send money to someone? Can you help me with this?",TRANSFER,make_transfer,"You can send money in a few steps. Open Transfers, choose Send Money and select an existing payee or add a new one. Type in the amount, check the details carefully because transfers to the wrong account can be hard to reverse, and approve with your security code. Instant methods arrive within minutes, while standard transfers can take up to one working day."
"Hey, how can I reset my forgotten mobile banking password? Thank you.",PASSWORD,get_password,"I am sorry you are locked out. On the login page, tap Forgot Password and enter your customer ID. We will send a one-time code to your registered mobile number, and after you enter it you can choose a new password. For security reasons we can never tell you your old password. Let me know if there is anything more I can do for you."
"Quick question: why was I charged a fee of INR 2,730 this month? Any idea what to do?",FEES,check_fees,"I can help you understand the charges. Common fees include monthly maintenance, foreign transaction fees, ATM use outside our network and penalties for low balance. Your latest statement shows every fee that has been applied, and customer service can review any fee you believe was charged in error. Please reach out again if anything is unclear."
"Good morning, I cannot afford my mortgage after the rate increase.",RETAIL_EXCEPTION,mortgage_arrears_support,"I understand how worrying this is, and I want you to know that help is available. Please do not ignore the notice, because early contact gives us more options such as revising the payment plan, extending the term or a temporary arrangement. I will connect you with our specialist mortgage support team, who can go through the details with you in confidence. It is also worth getting free independent money advice alongside speaking to us. Please keep your reference number safe, and reply here if you need anything else."
"Please help: help, the cash machine did not return my card. Please advise.",ATM,recover_swallowed_card,"I am sorry that the ATM kept your card. For your safety, I suggest blocking the card right away in the app. We will then arrange either collection from the ATM branch with identification or a replacement card sent to your address, usually within a few working days."
"Hey, what is the outstanding balance on my business loan? Not sure what to do.",LOAN,check_loan_payments,"You can see your repayment details in the app under Loans. Select your business loan to view the instalment amount, the next due date, the number of payments remaining and the total outstanding balance. The full repayment schedule can also be downloaded as a document. Please reach out again if anything is unclear."
What are your support hours? Please help,CONTACT,customer_service,"Thanks for reaching out, I can guide you through this. There are several ways to contact us. The quickest is the chat option in the app, which is available all day. You can also call the number printed on the back of your card or on our website, or visit any branch during opening hours. Feel free to ask if you have any other questions."
I want to know how many payments are left on my loan. Please advise.,LOAN,check_loan_payments,"Sure, here is how this works. To check your loan payments, log in and open Loans, then choose the loan. You will see what you have paid so far, what is left, and the next due date. If you would like to pay extra to reduce the balance, there is an option to make a part payment on the same screen. If you need any further help, just let me know."
"Hey, what happens to my mortgage application if I cancel it now?",LOAN,cancel_mortgage,"Sure, here is how this works. I can help you withdraw the mortgage application. Please contact our mortgage team through the app or at a branch and confirm the application reference. If the valuation or legal work has already started, some third party fees might still apply. Once cancelled, you will receive written confirmation."
"Hey, I found a recurring payment on my card that I do not recognise. I need this sorted today.",PAYMENT_EXCEPTION,recurring_payment_unauthorized,"Sorry about the trouble. We can block future payments to the merchant on your card, and I can start a dispute for charges you did not authorise. Please share the dates and the amounts of the payments and any cancellation emails you have. A specialist will review whether the money can be recovered. Please keep your reference number safe, and reply here if you need anything else."
"excuse me, someone may have my card details, how can i block the card immediately? can you help me with this?",CARD,block_card,"To protect your money, block the card first. Use the app under Cards and Block, or call the 24 hour phone banking line and ask for an immediate block. Once blocked, please review your recent transactions and tell us about any you do not recognise so we can look into them. Please reach out again if anything is unclear."
please help: which branch can i go to for a loan discussion? please help.,FIND,find_branch,"Of course, happy to help. To find a branch, enter your area or city in the Locator and choose Branches. Each listing shows the address, working hours and the services offered, such as loans or locker facilities. Most branches are open on weekdays and some are open on Saturday mornings. Let me know if there is anything more I can do for you."
What do I need to do before closing my savings account? Thank you,ACCOUNT,close_account,"Of course, happy to help. I can explain how to close your savings account. Please first clear any dues, cancel standing instructions and move the remaining balance to another account. Then submit a closure request through customer service or at a branch with valid identification. Once processed, you will receive written confirmation and the final statement."
I would like to apply for a home loan.,LOAN,apply_for_mortgage,"For a mortgage, the first step is to check how much you can borrow using the mortgage calculator in the app. Then submit an application with your identity, income and property details, and we will arrange a valuation of the property. After approval you receive a formal offer, and the funds are released to the seller once the legal formalities are complete. A deposit is usually needed, and the amount depends on the property value and your profile. If you need any further help, just let me know."
"I need help. I want to reverse the payment I just made, is that possible? Thank you",TRANSFER,cancel_transfer,"Please act quickly. For transfers that have not been processed yet, use Cancel next to the transfer in your pending list. For completed transfers, raise a recall request from the same screen or through customer service, and keep the transaction reference handy. We will update you as soon as we hear back from the other bank. Let me know if there is anything more I can do for you."
"excuse me, i sent gbp 554 and it is not credited, but it was debited from my account. appreciate the help.",PAYMENT_EXCEPTION,transfer_pending_stuck,"Sorry for the delay. A transfer can stay pending if the receiving bank is slow, if the details do not match, or if the payment is under review. I have noted the delay and a specialist team will trace the payment. If it cannot be completed, the money is returned to your account."
I need help. When is my card annual fee charged and can it be waived? Thanks.,CARD,check_card_annual_fee,"Annual fees vary by card, and many cards waive the fee after a certain level of yearly spending. Please check Fees and Charges for your card in the app to see your amount and the anniversary date. If you would like to ask about a waiver, customer service can review your eligibility. Let me know if there is anything more I can do for you."
"Hello, what is the process to allow foreign transactions on my card before my trip? Any idea what to do?",CARD,activate_card_international_usage,"Absolutely, let me walk you through it. To use your card overseas, open Card Controls in the app and enable International Usage. It is a good idea to set a travel period and a daily limit. If you cannot use the app, phone banking can turn it on for you after verifying your identity. Please reach out again if anything is unclear."
What is the fastest way to send money to someone? Pls advise,TRANSFER,make_transfer,"Absolutely, let me walk you through it. You can send money in a few steps. Open Transfers, choose Send Money and select an existing payee or add a new one. Type in the amount, check the details carefully because transfers to the wrong account can be hard to reverse, and approve with your security code. Instant methods arrive within minutes, while standard transfers can take up to one working day."
"ATM retained my card ending 2791, how do I recover it?",ATM,recover_swallowed_card,"I am sorry that the ATM kept your card. For your safety, I suggest blocking the card right away in the app. We will then arrange either collection from the ATM branch with identification or a replacement card sent to your address, usually within a few working days."
"Hi, I need a person to help me with this, not an automated reply. Not sure what to do.",CONTACT,human_agent,"Of course. I will connect you with a human agent now. Please stay in this chat, and it helps if you briefly describe your issue so the agent can pick up straight away. Waiting times can vary, and if it is not urgent you can also request a call back at a time that suits you. Feel free to ask if you have any other questions."
"Hi, ATM retained my card ending 2836, how do I recover it? Thank you",ATM,recover_swallowed_card,"I am sorry that the ATM kept your card. For your safety, I suggest blocking the card right away in the app. We will then arrange either collection from the ATM branch with identification or a replacement card sent to your address, usually within a few working days."
"Hey, what is the customer care number?",CONTACT,customer_service,"There are several ways to contact us. The quickest is the chat option in the app, which is available all day. You can also call the number printed on the back of your card or on our website, or visit any branch during opening hours. Let me know if there is anything more I can do for you."
How do I set up a password for net banking? Appreciate the help.,PASSWORD,set_up_password,"Thanks for reaching out, I can guide you through this. To set up or change your password, log in and go to Settings and then Security. Choose Change Password, enter your current password, and type the new one twice. A strong password uses at least eight characters with a mix of letters, numbers and symbols, and should not include your name or birth date. Let me know if there is anything more I can do for you."
"Urgent: someone may have my card details, how can I block the card immediately?",CARD,block_card,"I apologise for the trouble this has caused, let me help. To protect your money, block the card first. Use the app under Cards and Block, or call the 24 hour phone banking line and ask for an immediate block. Once blocked, please review your recent transactions and tell us about any you do not recognise so we can look into them. I am here if you need anything else."
"Hi team, I want to cancel my mortgage application. Not sure what to do",LOAN,cancel_mortgage,"Of course, happy to help. I can help you withdraw the mortgage application. Please contact our mortgage team through the app or at a branch and confirm the application reference. If the valuation or legal work has already started, some third party fees might still apply. Once cancelled, you will receive written confirmation. Please reach out again if anything is unclear."
"Excuse me, what is the customer care number?",CONTACT,customer_service,"You can reach customer service by phone banking, through secure chat in the mobile app, or by email through the Contact Us section. Phone and chat support are available round the clock for urgent matters such as blocking a card, and other requests are handled during business hours. Please keep your customer ID handy so we can help you faster."
"Hello there, what do I need to do before closing my current account? Appreciate the help.",ACCOUNT,close_account,"I can explain how to close your current account. Please first clear any dues, cancel standing instructions and move the remaining balance to another account. Then submit a closure request through customer service or at a branch with valid identification. Once processed, you will receive written confirmation and the final statement."
"Hello, can you explain the steps for a home loan application?",LOAN,apply_for_mortgage,"For a mortgage, the first step is to check how much you can borrow using the mortgage calculator in the app. Then submit an application with your identity, income and property details, and we will arrange a valuation of the property. After approval you receive a formal offer, and the funds are released to the seller once the legal formalities are complete. A deposit is usually needed, and the amount depends on the property value and your profile. If you need any further help, just let me know."
"Good evening, can my son operate my account while I am in hospital? Appreciate the help.",RETAIL_EXCEPTION,power_of_attorney_request,"I am sorry to hear that. Managing another person's account requires a valid legal authority, such as a registered power of attorney, and we need to verify it before giving access. Please prepare the original or certified copy of the document, your identification and the account holder details. A specialist will check the paperwork and explain what your authority allows, and I will arrange for them to contact you. You can ask for a human agent at any time and I will arrange it."
"Hey, cash was not dispensed at the ATM yet my account was debited. Thanks.",ATM,dispute_ATM_withdrawal,"Sorry about the trouble with the ATM. Please keep the receipt if you have one and raise a dispute through the app or by calling customer service. We will check the ATM records for the withdrawal and update you by message. If the money is confirmed as not dispensed, it will be returned to your account. I am here if you need anything else."
"I need help. I have complained three times and nobody has solved my problem, I want to escalate. Please help.",RETAIL_EXCEPTION,formal_complaint_escalation,"I am sorry that your issue has not been resolved, and you have every right to escalate. I can register a formal complaint now, which will be given a reference number and reviewed by our complaints team, who will respond in writing within the time required. If you are not satisfied with the final response, you can take the matter to the external financial ombudsman. It helps if you share the dates and details of your previous contacts."
Quick question: how can I change my password to something stronger? Any idea what to do?,PASSWORD,set_up_password,"New customers can create a password using the First Time Login option. Enter your customer ID, verify with a one-time code, then choose a password that meets the rules shown on screen. Please do not share it with anyone, including bank staff. Let me know if there is anything more I can do for you."
"Hello, how do I stop a transfer I made yesterday? Any idea what to do",TRANSFER,cancel_transfer,"Please act quickly. For transfers that have not been processed yet, use Cancel next to the transfer in your pending list. For completed transfers, raise a recall request from the same screen or through customer service, and keep the transaction reference handy. We will update you as soon as we hear back from the other bank."
We are separating and I want to stop my partner from withdrawing from our joint account. Can you help me with this,RETAIL_EXCEPTION,joint_account_dispute,"Thank you for explaining. Changing the operating instruction on a joint account depends on the mandate, and sometimes a court order is needed. Our specialist team can review the account terms with you and tell you what can be done, such as requiring both signatures for withdrawals. I will connect you with them. If anything changes in the meantime, please let us know straight away."
We are separating and I want to stop my partner from withdrawing from our joint account. Thanks.,RETAIL_EXCEPTION,joint_account_dispute,"Thank you for explaining. Changing the operating instruction on a joint account depends on the mandate, and sometimes a court order is needed. Our specialist team can review the account terms with you and tell you what can be done, such as requiring both signatures for withdrawals. I will connect you with them."
"my card ending 7102 has unknown purchases that appeared last weekend, please help urgently. please help.",PAYMENT_EXCEPTION,card_fraud_unauthorized_transaction,"Thank you for reporting this quickly. Your card should be blocked immediately to prevent more misuse, and the disputed transactions will be flagged for our fraud team. They will review the details, and where a transaction is confirmed as fraudulent the amount is normally returned to your account after the investigation. A specialist will reach out to collect a few more details. If you would like, I can connect you with a human agent right now."
"Hey, can I reapply after a rejection and what should I improve? Can you help me with this?",RETAIL_EXCEPTION,loan_application_rejected_appeal,"I am sorry that your application was not approved. Decisions are based on factors such as income, existing debts, credit history and the value of the loan requested, and we can share the main reasons with you. You may ask for a review, especially if your circumstances have changed or if some information was missing. I will pass your request to a loans specialist who can explain the decision and suggest what may improve your chances next time. You can ask for a human agent at any time and I will arrange it."
"Good morning, we are buying our first home and need a mortgage, where do we start? Please help.",LOAN,apply_for_mortgage,"Certainly, I can help with that. Applying for a home loan involves a few stages: an initial eligibility check, document submission, property valuation, formal approval and legal completion. A mortgage adviser can guide you at each stage. You can begin by booking a call from the Loans section of the app. If you need any further help, just let me know."
"Quick question: I think I paid the wrong person $1,530 and I am panicking. Appreciate the help.",PAYMENT_EXCEPTION,transfer_wrong_account,"Please stay calm, and thank you for telling us quickly, because speed matters. Payments to a wrong account cannot always be reversed, but we can send a recall request to the receiving bank for the $1,530. Please share the transaction reference, the date and the account number you used. We will contact the other bank and, if the account holder agrees or the funds are still available, the money can be returned. Please keep your reference number safe, and reply here if you need anything else."
Quick question: could you tell me the yearly charges on the card ending 2995?,CARD,check_card_annual_fee,"Annual fees vary by card, and many cards waive the fee after a certain level of yearly spending. Please check Fees and Charges for your card in the app to see your amount and the anniversary date. If you would like to ask about a waiver, customer service can review your eligibility. If you need any further help, just let me know."
Urgent: the ATM kept my credit card and I cannot get it back. Any idea what to do?,ATM,recover_swallowed_card,"Please do not worry, this happens sometimes. First, block the card in the app as a precaution until you have it back. Then contact the branch that owns the ATM or call customer service, and we will check if the card was retained by the machine. If it can be recovered you may collect it with valid photo ID, otherwise we will issue a replacement card to you. Let me know if there is anything more I can do for you."
What are the rules for choosing a password? Can you help me with this?,PASSWORD,set_up_password,"New customers can create a password using the First Time Login option. Enter your customer ID, verify with a one-time code, then choose a password that meets the rules shown on screen. Please do not share it with anyone, including bank staff."
i want to know my outstanding amount on the credit card.,CARD,check_current_balance_on_card,"Thanks for reaching out, I can guide you through this. To check your balance, log in to net banking or the app and open Cards. The card summary shows your current balance, available credit and the last statement amount. Balances update in near real time, but very recent transactions can take a short while to appear. I am here if you need anything else."
Urgent: can you explain the steps for a home loan application?,LOAN,apply_for_mortgage,"Applying for a home loan involves a few stages: an initial eligibility check, document submission, property valuation, formal approval and legal completion. A mortgage adviser can guide you at each stage. You can begin by booking a call from the Loans section of the app. Feel free to ask if you have any other questions."
"Hello, where do I activate the platinum credit card I got earlier today? I need this sorted today",CARD,activate_card,"You can activate your card in two easy ways. In the mobile app, go to Cards, pick your card, and tap Activate. If you prefer, call the phone banking number printed on the back of the card and follow the voice prompts. After verification your card will be active within a few minutes. Feel free to ask if you have any other questions."
"Hello there, pls cancel the loan I applied for two days ago. Pls advise.",LOAN,cancel_loan,"To cancel a loan application, tell us which application you mean and we will stop the process. Before disbursal there is normally no cost. After disbursal, the loan must be closed by repaying the outstanding amount, and we will give you the exact figure and any applicable charges."
Pls cancel my pending transfer of 945 USD. Thanks.,TRANSFER,cancel_transfer,"Please act quickly. For transfers that have not been processed yet, use Cancel next to the transfer in your pending list. For completed transfers, raise a recall request from the same screen or through customer service, and keep the transaction reference handy. We will update you as soon as we hear back from the other bank. Feel free to ask if you have any other questions."
"Hello, what is the available balance on my platinum credit card? Please advise.",CARD,check_current_balance_on_card,"Thanks for reaching out, I can guide you through this. You can see your card balance in the mobile app under Cards. Select your platinum credit card to view the available limit, the outstanding amount and the payment due date. You can also get a quick balance by sending a text message from your registered number or by calling phone banking. If you need any further help, just let me know."
pls help: how can i change my password to something stronger? thanks,PASSWORD,set_up_password,"New customers can create a password using the First Time Login option. Enter your customer ID, verify with a one-time code, then choose a password that meets the rules shown on screen. Please do not share it with anyone, including bank staff. I am here if you need anything else."
"Hello there, what is the outstanding balance on my personal loan? Appreciate the help.",LOAN,check_loan_payments,"Thanks for reaching out, I can guide you through this. To check your loan payments, log in and open Loans, then choose the loan. You will see what you have paid so far, what is left, and the next due date. If you would like to pay extra to reduce the balance, there is an option to make a part payment on the same screen."
"good evening, i want to talk to a real person.",CONTACT,human_agent,"Of course. I will connect you with a human agent now. Please stay in this chat, and it helps if you briefly describe your issue so the agent can pick up straight away. Waiting times can vary, and if it is not urgent you can also request a call back at a time that suits you."
"Hey, there is an ATM transaction I dont recognise for 1,810 USD, how do I raise a dispute? Appreciate the help.",ATM,dispute_ATM_withdrawal,"Sorry about the trouble with the ATM. Please keep the receipt if you have one and raise a dispute through the app or by calling customer service. We will check the ATM records for the withdrawal and update you by message. If the money is confirmed as not dispensed, it will be returned to your account."
"I need help because I am struggling to repay my loan of $60,370. Can you help me with this?",RETAIL_EXCEPTION,loan_hardship_request,"Thank you for being open about this. We treat hardship requests seriously and with respect. A specialist will contact you to understand your circumstances and explore ways to reduce the pressure, for example a payment break or revised repayment plan. They may ask for proof of the change in your income. Nothing is decided in this chat, but I will raise it as a priority. If you would like, I can connect you with a human agent right now."
I need help. Why was I charged a fee of 297 dollars this month? Any idea what to do?,FEES,check_fees,"Certainly, I can help with that. I can help you understand the charges. Common fees include monthly maintenance, foreign transaction fees, ATM use outside our network and penalties for low balance. Your latest statement shows every fee that has been applied, and customer service can review any fee you believe was charged in error. If you need any further help, just let me know."
"I want to open a new account, what documents are required? Can you help me with this",ACCOUNT,create_account,"Absolutely, let me walk you through it. To start, choose the type of account that suits you, then fill in the application form online. You will need identity and address documents, and you may complete a short video verification. Once approved, your account details arrive by message and email, and your debit card is sent to your address. Please reach out again if anything is unclear."
"Hello there, there is an ATM transaction I do not recognise for INR 1,380, how do I raise a dispute? Please help",ATM,dispute_ATM_withdrawal,"Sorry about the trouble with the ATM. Please keep the receipt if you have one and raise a dispute through the app or by calling customer service. We will check the ATM records for the withdrawal and update you by message. If the money is confirmed as not dispensed, it will be returned to your account."
"Hi team, I am going to Amsterdam soon. Can you turn on international usage for my card?",CARD,activate_card_international_usage,"Of course, happy to help. To use your card overseas, open Card Controls in the app and enable International Usage. It is a good idea to set a travel period and a daily limit. If you cannot use the app, phone banking can turn it on for you after verifying your identity."
"Hello there, my debit card ending 6428 arrived today. What are the steps to activate it? Thank you.",CARD,activate_card,"You can activate your card in two easy ways. In the mobile app, go to Cards, pick your card, and tap Activate. If you prefer, call the phone banking number printed on the back of the card and follow the voice prompts. After verification your card will be active within a few minutes. Feel free to ask if you have any other questions."
How do I close the account of a deceased family member? Please advise,RETAIL_EXCEPTION,deceased_account_holder,"My condolences to you and your family. Accounts of a deceased customer are handled by a dedicated team with care. Please share the death certificate and your identification, and they will explain how the balance is released to the nominee or legal heir and how the account is closed. I will connect you with them, so you do not have to repeat yourself. Please keep your reference number safe, and reply here if you need anything else."
Can I open an account online without visiting the branch? Please help,ACCOUNT,create_account,"Absolutely, let me walk you through it. To start, choose the type of account that suits you, then fill in the application form online. You will need identity and address documents, and you may complete a short video verification. Once approved, your account details arrive by message and email, and your debit card is sent to your address."
"Good evening, when is my next mortgage payment due?",LOAN,check_mortgage_payments,"Thanks for reaching out, I can guide you through this. In the app, open Loans and select your mortgage to see your monthly payment, the next due date, the remaining balance and the split between interest and principal. Statements and a yearly interest certificate can also be downloaded from the documents section."
"Hi, im a new customer and want to create my login. Appreciate the help.",PASSWORD,set_up_password,"Thanks for reaching out, I can guide you through this. New customers can create a password using the First Time Login option. Enter your customer ID, verify with a one-time code, then choose a password that meets the rules shown on screen. Please do not share it with anyone, including bank staff. Feel free to ask if you have any other questions."
Please help: payment declined overseas even though I have enough balance. Not sure what to do.,PAYMENT_EXCEPTION,card_declined_while_travelling,"Sorry about the inconvenience, especially while you are travelling. Please check that international transactions are enabled and that you have not reached your daily limit. Because this is urgent, I recommend calling the emergency line on the back of the card, where an agent can verify you and remove any block. Emergency cash or a replacement card can be arranged if needed. If anything changes in the meantime, please let us know straight away."
"good evening, is there a branch in berlin? not sure what to do.",FIND,find_branch,"To find a branch, enter your area or city in the Locator and choose Branches. Each listing shows the address, working hours and the services offered, such as loans or locker facilities. Most branches are open on weekdays and some are open on Saturday mornings. Please reach out again if anything is unclear."
Tell me about the monthly maintenance fees on my salary account. Thanks.,FEES,check_fees,"I can help you understand the charges. Common fees include monthly maintenance, foreign transaction fees, ATM use outside our network and penalties for low balance. Your latest statement shows every fee that has been applied, and customer service can review any fee you believe was charged in error. Feel free to ask if you have any other questions."
What do I need to do before closing my savings account? Thanks.,ACCOUNT,close_account,"I can explain how to close your savings account. Please first clear any dues, cancel standing instructions and move the remaining balance to another account. Then submit a closure request through customer service or at a branch with valid identification. Once processed, you will receive written confirmation and the final statement. I am here if you need anything else."
"I just received my credit card in the mail, how can I start using it? I need this sorted today",CARD,activate_card,"Absolutely, let me walk you through it. You can activate your card in two easy ways. In the mobile app, go to Cards, pick your card, and tap Activate. If you prefer, call the phone banking number printed on the back of the card and follow the voice prompts. After verification your card will be active within a few minutes. I am here if you need anything else."
What are the eligibility criteria for a personal loan? Not sure what to do.,LOAN,apply_for_loan,"You can apply for a personal loan online or at a branch. Please keep your identity proof, address proof, recent salary slips or income proof, and bank statements ready. After you submit the application, we check your eligibility and credit history and share an offer with the interest rate and repayment plan. Once you accept, the money is usually credited within a few working days. If you need any further help, just let me know."
"The ATM swallowed my card, what should I do? Not sure what to do.",ATM,recover_swallowed_card,"I am sorry that the ATM kept your card. For your safety, I suggest blocking the card right away in the app. We will then arrange either collection from the ATM branch with identification or a replacement card sent to your address, usually within a few working days."
"I need help. I forgot my password, how do I get it back?",PASSWORD,get_password,"You can recover access in a few steps. Select Forgot Password on the login screen, verify your identity with the one-time code sent to your registered number, and set a new password. If you no longer have access to that number, please visit a branch with your identification to update it."
"I need help. Why is my account restricted, I need to pay bills today.",RETAIL_EXCEPTION,account_frozen_kyc,"I am sorry for the inconvenience. A restriction usually means we need to verify or update some information. You can complete the update in the app under Profile and KYC, or visit a branch. If you have already submitted documents, I will ask the team to prioritise the review and update you. If you would like, I can connect you with a human agent right now."
"Hello, I want to know my outstanding amount on the credit card. I need this sorted today.",CARD,check_current_balance_on_card,"To check your balance, log in to net banking or the app and open Cards. The card summary shows your current balance, available credit and the last statement amount. Balances update in near real time, but very recent transactions can take a short while to appear. Let me know if there is anything more I can do for you."
How do I see my card balance and available limit? I need this sorted today.,CARD,check_current_balance_on_card,"Certainly, I can help with that. To check your balance, log in to net banking or the app and open Cards. The card summary shows your current balance, available credit and the last statement amount. Balances update in near real time, but very recent transactions can take a short while to appear. Please reach out again if anything is unclear."
"Hello there, what are the eligibility criteria for a business loan? Appreciate the help.",LOAN,apply_for_loan,"To apply for a loan, go to Loans in the app and select the type of loan you need. Enter the amount and tenure, upload the required documents and submit. Your eligibility is based on income, existing commitments and credit score, and you will see a decision and an offer once the review is complete. Feel free to ask if you have any other questions."
"quick question: my loan application for 72,240 dollars was rejected and i do not understand why. any idea what to do",RETAIL_EXCEPTION,loan_application_rejected_appeal,"I am sorry that your application was not approved. Decisions are based on factors such as income, existing debts, credit history and the value of the loan requested, and we can share the main reasons with you. You may ask for a review, especially if your circumstances have changed or if some information was missing. I will pass your request to a loans specialist who can explain the decision and suggest what may improve your chances next time. If you would like, I can connect you with a human agent right now."
Please help: I missed 10 instalments and I am afraid of penalties. Please help.,RETAIL_EXCEPTION,loan_hardship_request,"Thank you for being open about this. We treat hardship requests seriously and with respect. A specialist will contact you to understand your circumstances and explore ways to reduce the pressure, for example a payment break or revised repayment plan. They may ask for proof of the change in your income. Nothing is decided in this chat, but I will raise it as a priority. If you would like, I can connect you with a human agent right now."
I need help. What is the fastest way to send money to someone? Any idea what to do?,TRANSFER,make_transfer,"Absolutely, let me walk you through it. You can send money in a few steps. Open Transfers, choose Send Money and select an existing payee or add a new one. Type in the amount, check the details carefully because transfers to the wrong account can be hard to reverse, and approve with your security code. Instant methods arrive within minutes, while standard transfers can take up to one working day. Let me know if there is anything more I can do for you."
"Excuse me, cancel my savings account and send me the balance. I need this sorted today",ACCOUNT,close_account,"To close the account, make sure there are no pending transactions, linked cards or loans. Request closure through the app under Account Services or visit a branch. We will transfer any remaining balance to the account you nominate and confirm once the account is closed. Please reach out again if anything is unclear."
"Hey, I would like to stop my card, it has an annual fee I do not want to pay. Can you help me with this?",CARD,cancel_card,"Of course, happy to help. I can guide you through cancelling your card. First check that there are no pending transactions or unpaid dues. Then submit a cancellation request through the app or by phone banking. You will get a confirmation message once the card is closed."
"hello there, pls tell me the current balance on the card ending 6306. can you help me with this?",CARD,check_current_balance_on_card,"Sure, here is how this works. To check your balance, log in to net banking or the app and open Cards. The card summary shows your current balance, available credit and the last statement amount. Balances update in near real time, but very recent transactions can take a short while to appear."
"Good evening, please block my card ending 8697, I think it was stolen. Appreciate the help.",CARD,block_card,"You can block the card immediately in the mobile app. Go to Cards, choose the card and tap Block Card, then pick Lost or Stolen as the reason. The card stops working straight away and any new transactions are declined. We will then help you order a replacement, which usually arrives in a few working days. Feel free to ask if you have any other questions."
"Good morning, is there a branch in Sydney? Appreciate the help.",FIND,find_branch,"To find a branch, enter your area or city in the Locator and choose Branches. Each listing shows the address, working hours and the services offered, such as loans or locker facilities. Most branches are open on weekdays and some are open on Saturday mornings."
I lost my prepaid card and need to block it right now. Any idea what to do,CARD,block_card,"I am sorry to hear about this and I want to help sort it out. To protect your money, block the card first. Use the app under Cards and Block, or call the 24 hour phone banking line and ask for an immediate block. Once blocked, please review your recent transactions and tell us about any you do not recognise so we can look into them. Feel free to ask if you have any other questions."
"Hi team, what is the outstanding balance on my personal loan? Thanks.",LOAN,check_loan_payments,"To check your loan payments, log in and open Loans, then choose the loan. You will see what you have paid so far, what is left, and the next due date. If you would like to pay extra to reduce the balance, there is an option to make a part payment on the same screen. Let me know if there is anything more I can do for you."
"Hey, how do I freeze my card temporarily? I cannot find it. Thank you.",CARD,block_card,"To protect your money, block the card first. Use the app under Cards and Block, or call the 24 hour phone banking line and ask for an immediate block. Once blocked, please review your recent transactions and tell us about any you do not recognise so we can look into them. Let me know if there is anything more I can do for you."
"Hey, what is the fastest way to send money to someone",TRANSFER,make_transfer,"You can send money in a few steps. Open Transfers, choose Send Money and select an existing payee or add a new one. Type in the amount, check the details carefully because transfers to the wrong account can be hard to reverse, and approve with your security code. Instant methods arrive within minutes, while standard transfers can take up to one working day. If you need any further help, just let me know."
"Good evening, why did Myntra take 248 USD two times?",PAYMENT_EXCEPTION,duplicate_charge,"I am sorry about the double charge. Sometimes one of the two entries is only a temporary hold that drops off within a few working days, so please check whether both are marked as completed. If both are completed, raise a dispute from the transaction details in the app for the duplicate 248 USD at Myntra. We will contact the merchant, and the extra amount will be returned if the duplicate is confirmed. Please keep your reference number safe, and reply here if you need anything else."
"Hello there, I do not want a bot, please connect me to an advisor. Thank you.",CONTACT,human_agent,"Of course. I will connect you with a human agent now. Please stay in this chat, and it helps if you briefly describe your issue so the agent can pick up straight away. Waiting times can vary, and if it is not urgent you can also request a call back at a time that suits you."
I see a charge from Spotify for GBP 508 and I did not authorise it.,PAYMENT_EXCEPTION,card_fraud_unauthorized_transaction,"Thank you for reporting this quickly. Your card should be blocked immediately to prevent more misuse, and the disputed transactions will be flagged for our fraud team. They will review the details, and where a transaction is confirmed as fraudulent the amount is normally returned to your account after the investigation. A specialist will reach out to collect a few more details. If anything changes in the meantime, please let us know straight away."
i need help. my legal name has changed and my cards still show the old one. i need this sorted today.,RETAIL_EXCEPTION,legal_name_change,"To change your name in our records, we need proof of the legal name change, such as a marriage certificate, a gazette notification or a deed poll, together with your identification. Please upload the documents in the app under Profile or visit a branch, and we will update your accounts and cards. Because this affects several products, the update may take a few working days, and we will notify you when it is complete."
Quick question: please cancel my pending transfer of GBP 981.,TRANSFER,cancel_transfer,"If the transfer of GBP 981 is still pending or scheduled, you can cancel it in the app. Go to Transfers, open Pending or Scheduled, select the transfer and tap Cancel. If it has already been completed, it cannot be cancelled directly, but you can raise a request and we will contact the receiving bank to ask for the money back. Success depends on the receiving bank and the account holder agreeing to return it. I am here if you need anything else."
"I need help. My wallet with my debit card was stolen in London, what do I do? Thank you",PAYMENT_EXCEPTION,lost_card_abroad_emergency,"I am sorry to hear that, and please make sure you are safe first. Block your cards immediately in the app, or call our 24 hour emergency line if you cannot log in. We can arrange an emergency replacement card or emergency cash in London, and our agent will verify your identity and guide you on the fastest option. I suggest reporting the theft to the local police as well, since some claims need a report. If you would like, I can connect you with a human agent right now."
"Hi team, ATM retained my card ending 8226, how do I recover it? Thank you.",ATM,recover_swallowed_card,"Please do not worry, this happens sometimes. First, block the card in the app as a precaution until you have it back. Then contact the branch that owns the ATM or call customer service, and we will check if the card was retained by the machine. If it can be recovered you may collect it with valid photo ID, otherwise we will issue a replacement card to you. Let me know if there is anything more I can do for you."
"Good evening, I am going to Tokyo soon. Can you turn on international usage for my card? Can you help me with this",CARD,activate_card_international_usage,"To use your card overseas, open Card Controls in the app and enable International Usage. It is a good idea to set a travel period and a daily limit. If you cannot use the app, phone banking can turn it on for you after verifying your identity."
"Hello there, could you tell me the yearly charges on the card ending 4810? Any idea what to do?",CARD,check_card_annual_fee,"Of course, happy to help. Annual fees vary by card, and many cards waive the fee after a certain level of yearly spending. Please check Fees and Charges for your card in the app to see your amount and the anniversary date. If you would like to ask about a waiver, customer service can review your eligibility. I am here if you need anything else."
"hello there, how do i see my card balance and available limit?",CARD,check_current_balance_on_card,"To check your balance, log in to net banking or the app and open Cards. The card summary shows your current balance, available credit and the last statement amount. Balances update in near real time, but very recent transactions can take a short while to appear."
"I think my identity was stolen, there are accounts and loans in my name that I did not open. Thanks.",RETAIL_EXCEPTION,identity_theft_account_takeover,"I am very sorry, and I will treat this as urgent. To protect you, we should restrict access to your account and cards immediately, and I am escalating this to our fraud and security team now. Please do not use the same password anywhere else, avoid clicking links in unexpected messages, and keep a note of any suspicious messages or calls. A specialist will contact you on a verified number to restore your access and review the activity. Please keep your reference number safe, and reply here if you need anything else."
Urgent: I would like to apply for a home loan.,LOAN,apply_for_mortgage,"Applying for a home loan involves a few stages: an initial eligibility check, document submission, property valuation, formal approval and legal completion. A mortgage adviser can guide you at each stage. You can begin by booking a call from the Loans section of the app. If you need any further help, just let me know."
Urgent: is there a branch in Tokyo? I need this sorted today.,FIND,find_branch,"Thanks for reaching out, I can guide you through this. To find a branch, enter your area or city in the Locator and choose Branches. Each listing shows the address, working hours and the services offered, such as loans or locker facilities. Most branches are open on weekdays and some are open on Saturday mornings. Let me know if there is anything more I can do for you."
"Hi, the bank sent a notice about mortgage arrears, please help. Please help.",RETAIL_EXCEPTION,mortgage_arrears_support,"Thank you for reaching out. Falling behind on a mortgage is stressful, and there are steps we can explore together. A mortgage support specialist will review your account, your income and expenses, and discuss a plan that suits you. I am raising this as urgent so they contact you soon. We will keep you updated by message until this is resolved."
"Good morning, which branch can I go to for a loan discussion?",FIND,find_branch,"Absolutely, let me walk you through it. To find a branch, enter your area or city in the Locator and choose Branches. Each listing shows the address, working hours and the services offered, such as loans or locker facilities. Most branches are open on weekdays and some are open on Saturday mornings. Let me know if there is anything more I can do for you."
"Excuse me, can I see how much interest I have paid on my home loan? Not sure what to do.",LOAN,check_mortgage_payments,"Thanks for reaching out, I can guide you through this. In the app, open Loans and select your mortgage to see your monthly payment, the next due date, the remaining balance and the split between interest and principal. Statements and a yearly interest certificate can also be downloaded from the documents section. I am here if you need anything else."
"Hi, I need to transfer money to another bank, what are the steps? Thank you",TRANSFER,make_transfer,"Certainly, I can help with that. You can send money in a few steps. Open Transfers, choose Send Money and select an existing payee or add a new one. Type in the amount, check the details carefully because transfers to the wrong account can be hard to reverse, and approve with your security code. Instant methods arrive within minutes, while standard transfers can take up to one working day."
"Hey, I want to reverse the payment I just made, is that possible?",TRANSFER,cancel_transfer,"Certainly, I can help with that. Please act quickly. For transfers that have not been processed yet, use Cancel next to the transfer in your pending list. For completed transfers, raise a recall request from the same screen or through customer service, and keep the transaction reference handy. We will update you as soon as we hear back from the other bank. I am here if you need anything else."
"Hi, my transfer of EUR 891 has been pending for 7 days. Appreciate the help.",PAYMENT_EXCEPTION,transfer_pending_stuck,"Sorry for the delay. A transfer can stay pending if the receiving bank is slow, if the details do not match, or if the payment is under review. I have noted the delay and a specialist team will trace the payment. If it cannot be completed, the money is returned to your account. We will keep you updated by message until this is resolved."
"Hey, I want to know my outstanding amount on the credit card. Please help.",CARD,check_current_balance_on_card,"To check your balance, log in to net banking or the app and open Cards. The card summary shows your current balance, available credit and the last statement amount. Balances update in near real time, but very recent transactions can take a short while to appear. I am here if you need anything else."
"Hey, where is the closest branch",FIND,find_branch,"To find a branch, enter your area or city in the Locator and choose Branches. Each listing shows the address, working hours and the services offered, such as loans or locker facilities. Most branches are open on weekdays and some are open on Saturday mornings. Please reach out again if anything is unclear."
"Excuse me, how do I send $1,260 to a friend's account",TRANSFER,make_transfer,"Certainly, I can help with that. To make a transfer, log in to the app or net banking and go to Transfers. Add the payee by entering the name, account number and bank code, then confirm the payee with a one-time code. Enter the amount of $1,260, choose the payment method, review the details and confirm. You will get a confirmation message with a reference number. Feel free to ask if you have any other questions."
"Hello there, I want to apply for a personal loan of 475,490 dollars. Appreciate the help",LOAN,apply_for_loan,"You can apply for a personal loan online or at a branch. Please keep your identity proof, address proof, recent salary slips or income proof, and bank statements ready. After you submit the application, we check your eligibility and credit history and share an offer with the interest rate and repayment plan. Once you accept, the money is usually credited within a few working days. Let me know if there is anything more I can do for you."
"I need help. I cant log in to net banking, I dont remember my password.",PASSWORD,get_password,"You can recover access in a few steps. Select Forgot Password on the login screen, verify your identity with the one-time code sent to your registered number, and set a new password. If you no longer have access to that number, please visit a branch with your identification to update it. I am here if you need anything else."
"I need help. My payment of EUR 12,520 was blocked and I need it to go through today. Please help",PAYMENT_EXCEPTION,large_transaction_blocked,"Thank you for explaining. A large payment may exceed your set limit, or it may be waiting for extra verification. You can raise your limit in Card Controls after authentication, and the security team can release a held transaction after checking with you. Since it is time sensitive, shall I connect you to an agent now? If anything changes in the meantime, please let us know straight away."
Please put me through to a customer service representative. Please advise.,CONTACT,human_agent,"Of course. I will connect you with a human agent now. Please stay in this chat, and it helps if you briefly describe your issue so the agent can pick up straight away. Waiting times can vary, and if it is not urgent you can also request a call back at a time that suits you."
"Hi team, we are buying our first home and need a mortgage, where do we start? Please help.",LOAN,apply_for_mortgage,"Certainly, I can help with that. Applying for a home loan involves a few stages: an initial eligibility check, document submission, property valuation, formal approval and legal completion. A mortgage adviser can guide you at each stage. You can begin by booking a call from the Loans section of the app. Let me know if there is anything more I can do for you."
"Hey, my salary came late and I was penalised, can you reverse the fee? Can you help me with this?",RETAIL_EXCEPTION,overdraft_fee_dispute,"Thanks for explaining. To review the fee, we need to see the order in which the deposit and the payments were processed. I will raise a request for the fee to be reviewed, and you will hear back with the outcome. In some cases, especially after a delayed salary, the fee can be waived. If anything changes in the meantime, please let us know straight away."
"hi team, my payment of eur 14,410 was blocked and i need it to go through today. i need this sorted today.",PAYMENT_EXCEPTION,large_transaction_blocked,"I understand the urgency. Large payments can be blocked because they go over your daily limit or because our security systems flagged them for extra checks. I cannot release a held payment from this chat, but I can help you confirm it is genuine. Please approve any alert on your app, or I can connect you to a specialist who will verify you and, where possible, release the payment or raise your limit temporarily. You can ask for a human agent at any time and I will arrange it."
"Hi, what is the customer care number? Not sure what to do.",CONTACT,customer_service,"There are several ways to contact us. The quickest is the chat option in the app, which is available all day. You can also call the number printed on the back of your card or on our website, or visit any branch during opening hours."
What happens to my mortgage application if I cancel it now?,LOAN,cancel_mortgage,"I can help you withdraw the mortgage application. Please contact our mortgage team through the app or at a branch and confirm the application reference. If the valuation or legal work has already started, some third party fees might still apply. Once cancelled, you will receive written confirmation. I am here if you need anything else."
"Hello, can I see my last transactions? Thank you.",ACCOUNT,check_recent_transactions,"Absolutely, let me walk you through it. To review your recent activity, log in and choose the account, then select Recent Transactions. Pending items are shown separately from completed ones. If something looks unfamiliar, tap it to see the details and report it directly from that screen."
What is the fastest way to send money to someone? Please help.,TRANSFER,make_transfer,"You can send money in a few steps. Open Transfers, choose Send Money and select an existing payee or add a new one. Type in the amount, check the details carefully because transfers to the wrong account can be hard to reverse, and approve with your security code. Instant methods arrive within minutes, while standard transfers can take up to one working day. Let me know if there is anything more I can do for you."
I need help. Please escalate my complaint to a senior manager.,RETAIL_EXCEPTION,formal_complaint_escalation,"I am sorry that your issue has not been resolved, and you have every right to escalate. I can register a formal complaint now, which will be given a reference number and reviewed by our complaints team, who will respond in writing within the time required. If you are not satisfied with the final response, you can take the matter to the external financial ombudsman. It helps if you share the dates and details of your previous contacts."
"excuse me, how do i withdraw my loan request?",LOAN,cancel_loan,"To cancel a loan application, tell us which application you mean and we will stop the process. Before disbursal there is normally no cost. After disbursal, the loan must be closed by repaying the outstanding amount, and we will give you the exact figure and any applicable charges. Please reach out again if anything is unclear."
pls help: how can i contact customer service? i need this sorted today,CONTACT,customer_service,"Thanks for reaching out, I can guide you through this. There are several ways to contact us. The quickest is the chat option in the app, which is available all day. You can also call the number printed on the back of your card or on our website, or visit any branch during opening hours. I am here if you need anything else."
"hey, please tell me the current balance on the card ending 0639. please help.",CARD,check_current_balance_on_card,"To check your balance, log in to net banking or the app and open Cards. The card summary shows your current balance, available credit and the last statement amount. Balances update in near real time, but very recent transactions can take a short while to appear."
"Quick question: there is an ATM transaction I do not recognise for $1,930, how do I raise a dispute? Thanks",ATM,dispute_ATM_withdrawal,"I will help you raise a dispute for the ATM withdrawal of $1,930. Please go to Disputes in the app, select the transaction and choose ATM Cash Issue, then give the date, time and ATM location if you have them. We will investigate with the ATM operator and most cases are reviewed within a few working days. If the ATM did not dispense the cash, the amount is usually credited back to your account. I am here if you need anything else."
urgent: can i cancel a scheduled transfer for next week?,TRANSFER,cancel_transfer,"Please act quickly. For transfers that have not been processed yet, use Cancel next to the transfer in your pending list. For completed transfers, raise a recall request from the same screen or through customer service, and keep the transaction reference handy. We will update you as soon as we hear back from the other bank. I am here if you need anything else."
"Excuse me, can I cancel a scheduled transfer for next week? Thank you.",TRANSFER,cancel_transfer,"Certainly, I can help with that. Please act quickly. For transfers that have not been processed yet, use Cancel next to the transfer in your pending list. For completed transfers, raise a recall request from the same screen or through customer service, and keep the transaction reference handy. We will update you as soon as we hear back from the other bank. If you need any further help, just let me know."
quick question: please cancel the card ending 0950. any idea what to do?,CARD,cancel_card,"Thanks for reaching out, I can guide you through this. I can guide you through cancelling your card. First check that there are no pending transactions or unpaid dues. Then submit a cancellation request through the app or by phone banking. You will get a confirmation message once the card is closed."
"Good morning, how do I stop a transfer I made last week",TRANSFER,cancel_transfer,"Please act quickly. For transfers that have not been processed yet, use Cancel next to the transfer in your pending list. For completed transfers, raise a recall request from the same screen or through customer service, and keep the transaction reference handy. We will update you as soon as we hear back from the other bank."
"I am abroad and my platinum credit card stopped working at the shop, please help now. Appreciate the help",PAYMENT_EXCEPTION,card_declined_while_travelling,"I am sorry you are stuck, and I will help as quickly as possible. Cards are sometimes declined abroad because international usage is off, a limit has been reached, or a security check was triggered. Please open the app and check Card Controls for your platinum credit card, and approve any security alert you received. If it still fails, I can connect you to our 24 hour support line so an agent can unblock the card or arrange emergency cash."
"Hello, suspicious login on my account from another country, please secure it",RETAIL_EXCEPTION,identity_theft_account_takeover,"I am very sorry, and I will treat this as urgent. To protect you, we should restrict access to your account and cards immediately, and I am escalating this to our fraud and security team now. Please do not use the same password anywhere else, avoid clicking links in unexpected messages, and keep a note of any suspicious messages or calls. A specialist will contact you on a verified number to restore your access and review the activity. We will keep you updated by message until this is resolved."
"Hi team, I want to check if the payment I made last weekend has gone through",ACCOUNT,check_recent_transactions,"To review your recent activity, log in and choose the account, then select Recent Transactions. Pending items are shown separately from completed ones. If something looks unfamiliar, tap it to see the details and report it directly from that screen. If you need any further help, just let me know."
"Hey, I have complained three times and nobody has solved my problem, I want to escalate.",RETAIL_EXCEPTION,formal_complaint_escalation,"I am sorry that your issue has not been resolved, and you have every right to escalate. I can register a formal complaint now, which will be given a reference number and reviewed by our complaints team, who will respond in writing within the time required. If you are not satisfied with the final response, you can take the matter to the external financial ombudsman. It helps if you share the dates and details of your previous contacts. We will keep you updated by message until this is resolved."
"Hi team, please escalate my complaint to a senior manager.",RETAIL_EXCEPTION,formal_complaint_escalation,"I am sorry that your issue has not been resolved, and you have every right to escalate. I can register a formal complaint now, which will be given a reference number and reviewed by our complaints team, who will respond in writing within the time required. If you are not satisfied with the final response, you can take the matter to the external financial ombudsman. It helps if you share the dates and details of your previous contacts. We will keep you updated by message until this is resolved."
What documents do I need to update my name with the bank? Please help,RETAIL_EXCEPTION,legal_name_change,"To change your name in our records, we need proof of the legal name change, such as a marriage certificate, a gazette notification or a deed poll, together with your identification. Please upload the documents in the app under Profile or visit a branch, and we will update your accounts and cards. Because this affects several products, the update may take a few working days, and we will notify you when it is complete."
"good morning, please cancel the card ending 9328.",CARD,cancel_card,I can guide you through cancelling your card. First check that there are no pending transactions or unpaid dues. Then submit a cancellation request through the app or by phone banking. You will get a confirmation message once the card is closed. Please reach out again if anything is unclear.
I need help. How do I withdraw my loan request? Thanks.,LOAN,cancel_loan,"To cancel a loan application, tell us which application you mean and we will stop the process. Before disbursal there is normally no cost. After disbursal, the loan must be closed by repaying the outstanding amount, and we will give you the exact figure and any applicable charges. Let me know if there is anything more I can do for you."
"Good morning, I forgot my password, how do I get it back? I need this sorted today.",PASSWORD,get_password,"I am sorry you are locked out. On the login page, tap Forgot Password and enter your customer ID. We will send a one-time code to your registered mobile number, and after you enter it you can choose a new password. For security reasons we can never tell you your old password. Feel free to ask if you have any other questions."
"Quick question: I cant make any transactions, the bank says KYC is pending. Appreciate the help",RETAIL_EXCEPTION,account_frozen_kyc,"I am sorry for the inconvenience. A restriction usually means we need to verify or update some information. You can complete the update in the app under Profile and KYC, or visit a branch. If you have already submitted documents, I will ask the team to prioritise the review and update you. We will keep you updated by message until this is resolved."
Please help: pls tell me the current balance on the card ending 2019. Thanks,CARD,check_current_balance_on_card,"Absolutely, let me walk you through it. To check your balance, log in to net banking or the app and open Cards. The card summary shows your current balance, available credit and the last statement amount. Balances update in near real time, but very recent transactions can take a short while to appear."
"Hey, how can I withdraw my home loan request",LOAN,cancel_mortgage,"Thanks for reaching out, I can guide you through this. I can help you withdraw the mortgage application. Please contact our mortgage team through the app or at a branch and confirm the application reference. If the valuation or legal work has already started, some third party fees might still apply. Once cancelled, you will receive written confirmation. I am here if you need anything else."
"hi, i forgot my password, how do i get it back? appreciate the help.",PASSWORD,get_password,"I am sorry you are locked out. On the login page, tap Forgot Password and enter your customer ID. We will send a one-time code to your registered mobile number, and after you enter it you can choose a new password. For security reasons we can never tell you your old password. I am here if you need anything else."
What is the remaining balance on my mortgage?,LOAN,check_mortgage_payments,"In the app, open Loans and select your mortgage to see your monthly payment, the next due date, the remaining balance and the split between interest and principal. Statements and a yearly interest certificate can also be downloaded from the documents section. Feel free to ask if you have any other questions."
"Excuse me, my card got stuck in the machine this morning. Appreciate the help.",ATM,recover_swallowed_card,"I am sorry that the ATM kept your card. For your safety, I suggest blocking the card right away in the app. We will then arrange either collection from the ATM branch with identification or a replacement card sent to your address, usually within a few working days."
"atm retained my card ending 4151, how do i recover it? any idea what to do?",ATM,recover_swallowed_card,"I am sorry that the ATM kept your card. For your safety, I suggest blocking the card right away in the app. We will then arrange either collection from the ATM branch with identification or a replacement card sent to your address, usually within a few working days."
"Hi team, is there a fee if my balance drops below the minimum? Can you help me with this?",FEES,check_fees,"I can help you understand the charges. Common fees include monthly maintenance, foreign transaction fees, ATM use outside our network and penalties for low balance. Your latest statement shows every fee that has been applied, and customer service can review any fee you believe was charged in error."
"Can I get a loan for GBP 103,380 over 60 months?",LOAN,apply_for_loan,"Thanks for reaching out, I can guide you through this. To apply for a loan, go to Loans in the app and select the type of loan you need. Enter the amount and tenure, upload the required documents and submit. Your eligibility is based on income, existing commitments and credit score, and you will see a decision and an offer once the review is complete. Please reach out again if anything is unclear."
"Excuse me, what is the outstanding balance on my car loan?",LOAN,check_loan_payments,"Certainly, I can help with that. To check your loan payments, log in and open Loans, then choose the loan. You will see what you have paid so far, what is left, and the next due date. If you would like to pay extra to reduce the balance, there is an option to make a part payment on the same screen. Feel free to ask if you have any other questions."
"Hi team, how do I open a current account? Appreciate the help.",ACCOUNT,create_account,"To start, choose the type of account that suits you, then fill in the application form online. You will need identity and address documents, and you may complete a short video verification. Once approved, your account details arrive by message and email, and your debit card is sent to your address. If you need any further help, just let me know."
"Hello there, can I see how much interest I have paid on my home loan? Can you help me with this?",LOAN,check_mortgage_payments,"Sure, here is how this works. In the app, open Loans and select your mortgage to see your monthly payment, the next due date, the remaining balance and the split between interest and principal. Statements and a yearly interest certificate can also be downloaded from the documents section. Feel free to ask if you have any other questions."
can you transfer me to a human agent? can you help me with this?,CONTACT,human_agent,"Certainly, I can arrange for one of our advisors to help you. I am transferring you now, and I will share the details of our conversation so you do not need to repeat yourself. If the queue is long, you can choose to receive a call back instead."
Quick question: what is the customer care number? Any idea what to do?,CONTACT,customer_service,"Of course, happy to help. You can reach customer service by phone banking, through secure chat in the mobile app, or by email through the Contact Us section. Phone and chat support are available round the clock for urgent matters such as blocking a card, and other requests are handled during business hours. Please keep your customer ID handy so we can help you faster. Let me know if there is anything more I can do for you."
"Hey, can you explain the steps for a home loan application? Please help",LOAN,apply_for_mortgage,"Of course, happy to help. For a mortgage, the first step is to check how much you can borrow using the mortgage calculator in the app. Then submit an application with your identity, income and property details, and we will arrange a valuation of the property. After approval you receive a formal offer, and the funds are released to the seller once the legal formalities are complete. A deposit is usually needed, and the amount depends on the property value and your profile. Feel free to ask if you have any other questions."
"hello there, can you explain the steps for a home loan application? thanks",LOAN,apply_for_mortgage,"Thanks for reaching out, I can guide you through this. For a mortgage, the first step is to check how much you can borrow using the mortgage calculator in the app. Then submit an application with your identity, income and property details, and we will arrange a valuation of the property. After approval you receive a formal offer, and the funds are released to the seller once the legal formalities are complete. A deposit is usually needed, and the amount depends on the property value and your profile."
"Good morning, what is the remaining balance on my mortgage? Appreciate the help",LOAN,check_mortgage_payments,"Thanks for reaching out, I can guide you through this. In the app, open Loans and select your mortgage to see your monthly payment, the next due date, the remaining balance and the split between interest and principal. Statements and a yearly interest certificate can also be downloaded from the documents section."
"Hello there, what is the process to allow foreign transactions on my card before my trip? Appreciate the help",CARD,activate_card_international_usage,"Of course, happy to help. To use your card overseas, open Card Controls in the app and enable International Usage. It is a good idea to set a travel period and a daily limit. If you cannot use the app, phone banking can turn it on for you after verifying your identity. Feel free to ask if you have any other questions."
How do I see my card balance and available limit?,CARD,check_current_balance_on_card,"Of course, happy to help. To check your balance, log in to net banking or the app and open Cards. The card summary shows your current balance, available credit and the last statement amount. Balances update in near real time, but very recent transactions can take a short while to appear. If you need any further help, just let me know."
"Good evening, where do I activate the credit card I got two days ago? Thanks",CARD,activate_card,"Thanks for reaching out, I can guide you through this. First, open the mobile app or net banking and go to the Cards section. Then select your credit card and choose Activate Card. You will receive a one-time code on your registered mobile number, so enter it to confirm. Once that is done, the card is active and ready to use straight away. Feel free to ask if you have any other questions."
"Good evening, how do I view what I spent this week? Thanks.",ACCOUNT,check_recent_transactions,"Of course, happy to help. To review your recent activity, log in and choose the account, then select Recent Transactions. Pending items are shown separately from completed ones. If something looks unfamiliar, tap it to see the details and report it directly from that screen. Feel free to ask if you have any other questions."
My card got stuck in the machine this morning.,ATM,recover_swallowed_card,"I am sorry that the ATM kept your card. For your safety, I suggest blocking the card right away in the app. We will then arrange either collection from the ATM branch with identification or a replacement card sent to your address, usually within a few working days."
"good evening, where is the closest branch? please advise",FIND,find_branch,"Sure, here is how this works. To find a branch, enter your area or city in the Locator and choose Branches. Each listing shows the address, working hours and the services offered, such as loans or locker facilities. Most branches are open on weekdays and some are open on Saturday mornings."
"hey, what is the customer care number? appreciate the help.",CONTACT,customer_service,"Of course, happy to help. You can reach customer service by phone banking, through secure chat in the mobile app, or by email through the Contact Us section. Phone and chat support are available round the clock for urgent matters such as blocking a card, and other requests are handled during business hours. Please keep your customer ID handy so we can help you faster."
"good morning, please put me through to a customer service representative. appreciate the help.",CONTACT,human_agent,"Of course. I will connect you with a human agent now. Please stay in this chat, and it helps if you briefly describe your issue so the agent can pick up straight away. Waiting times can vary, and if it is not urgent you can also request a call back at a time that suits you. Let me know if there is anything more I can do for you."
"i just received my travel card in the mail, how can i start using it? please help.",CARD,activate_card,"Certainly, I can help with that. You can activate your card in two easy ways. In the mobile app, go to Cards, pick your card, and tap Activate. If you prefer, call the phone banking number printed on the back of the card and follow the voice prompts. After verification your card will be active within a few minutes. If you need any further help, just let me know."
"hello, we decided not to buy the house, how do i cancel the mortgage? i need this sorted today.",LOAN,cancel_mortgage,"Absolutely, let me walk you through it. I can help you withdraw the mortgage application. Please contact our mortgage team through the app or at a branch and confirm the application reference. If the valuation or legal work has already started, some third party fees might still apply. Once cancelled, you will receive written confirmation. Let me know if there is anything more I can do for you."
"Hi team, can u transfer me to a human agent? Thanks.",CONTACT,human_agent,"Certainly, I can arrange for one of our advisors to help you. I am transferring you now, and I will share the details of our conversation so you do not need to repeat yourself. If the queue is long, you can choose to receive a call back instead."
"Good morning, what fees do you charge on my account? Not sure what to do.",FEES,check_fees,"Sure, here is how this works. Fees depend on the type of account or service. You can find the full list in the app under Help and then Fees and Charges, including maintenance, ATM, transfer and card fees. If you tell me the specific service you are asking about, I can explain how that fee is calculated and when it applies."
"Hello there, what do I need to do before closing my student account?",ACCOUNT,close_account,"Of course, happy to help. To close the account, make sure there are no pending transactions, linked cards or loans. Request closure through the app under Account Services or visit a branch. We will transfer any remaining balance to the account you nominate and confirm once the account is closed. If you need any further help, just let me know."
is there any joining or annual fee on the prepaid card?,CARD,check_card_annual_fee,"Sure, here is how this works. The annual fee depends on the type of card you hold. You can see the exact amount for your prepaid card in the app under Cards and Card Details, and it is also listed in your welcome kit. The fee is normally charged once a year on the card anniversary date. Some cards offer a waiver if you reach a yearly spending target. I am here if you need anything else."
"Hello, I cancelled an order with MakeMyTrip and the credit has not shown on my card. Thanks.",PAYMENT_EXCEPTION,refund_not_received,"Thank you for the details. A refund can take some time after the merchant approves it. If it has been more than ten working days, please send us the refund confirmation from the merchant. We will trace the credit and follow up with the merchant bank on your behalf. If you would like, I can connect you with a human agent right now."
"Hello there, there is an ATM transaction I do not recognise for 315 dollars, how do I raise a dispute?",ATM,dispute_ATM_withdrawal,"Sorry about the trouble with the ATM. Please keep the receipt if you have one and raise a dispute through the app or by calling customer service. We will check the ATM records for the withdrawal and update you by message. If the money is confirmed as not dispensed, it will be returned to your account."
what is the remaining balance on my mortgage,LOAN,check_mortgage_payments,"Your mortgage details are available under Loans. There you can view the payment amount, upcoming due dates, the balance still owed and a summary of interest paid. If your payment changes because of a rate change, we will notify you in advance."
"Hey, the other holder of my joint business account is not cooperating, what are my options? Can u help me with this?",RETAIL_EXCEPTION,joint_account_dispute,"Thank you for explaining. Changing the operating instruction on a joint account depends on the mandate, and sometimes a court order is needed. Our specialist team can review the account terms with you and tell you what can be done, such as requiring both signatures for withdrawals. I will connect you with them. If anything changes in the meantime, please let us know straight away."
"excuse me, is there a live chat with the bank? thanks.",CONTACT,customer_service,"You can reach customer service by phone banking, through secure chat in the mobile app, or by email through the Contact Us section. Phone and chat support are available round the clock for urgent matters such as blocking a card, and other requests are handled during business hours. Please keep your customer ID handy so we can help you faster. Please reach out again if anything is unclear."
"Excuse me, what happens to my mortgage application if I cancel it now? Please advise.",LOAN,cancel_mortgage,"Of course, happy to help. To cancel a mortgage application, send a withdrawal request with your application reference. Any costs already incurred for valuation or legal checks may not be refundable. We will confirm the cancellation in writing and close the file. Feel free to ask if you have any other questions."
"Please help: I need to transfer money to another bank, what are the steps? Please help.",TRANSFER,make_transfer,"You can send money in a few steps. Open Transfers, choose Send Money and select an existing payee or add a new one. Type in the amount, check the details carefully because transfers to the wrong account can be hard to reverse, and approve with your security code. Instant methods arrive within minutes, while standard transfers can take up to one working day. Let me know if there is anything more I can do for you."
"Good morning, I sent INR 1,160 to the wrong person, can I cancel the transfer? Any idea what to do?",TRANSFER,cancel_transfer,"Absolutely, let me walk you through it. If the transfer of INR 1,160 is still pending or scheduled, you can cancel it in the app. Go to Transfers, open Pending or Scheduled, select the transfer and tap Cancel. If it has already been completed, it cannot be cancelled directly, but you can raise a request and we will contact the receiving bank to ask for the money back. Success depends on the receiving bank and the account holder agreeing to return it."
pls cancel my pending transfer of 359 usd. i need this sorted today.,TRANSFER,cancel_transfer,"Of course, happy to help. If the transfer of 359 USD is still pending or scheduled, you can cancel it in the app. Go to Transfers, open Pending or Scheduled, select the transfer and tap Cancel. If it has already been completed, it cannot be cancelled directly, but you can raise a request and we will contact the receiving bank to ask for the money back. Success depends on the receiving bank and the account holder agreeing to return it."
I need help. I was charged more than expected because of the exchange rate on my purchase in London. Thanks.,PAYMENT_EXCEPTION,currency_conversion_dispute,"I understand the surprise. The debited amount comes from the exchange rate at the time of settlement, plus any conversion charges, and the shop may also offer to charge in your home currency at their own rate. I can flag your transaction for review so a specialist can confirm whether the correct rate was applied. If anything changes in the meantime, please let us know straight away."
When is my next mortgage payment due? Thank you.,LOAN,check_mortgage_payments,"Sure, here is how this works. Your mortgage details are available under Loans. There you can view the payment amount, upcoming due dates, the balance still owed and a summary of interest paid. If your payment changes because of a rate change, we will notify you in advance."
"Hey, where can I download my statement for the last 7 days?",ACCOUNT,check_recent_transactions,"To review your recent activity, log in and choose the account, then select Recent Transactions. Pending items are shown separately from completed ones. If something looks unfamiliar, tap it to see the details and report it directly from that screen. Let me know if there is anything more I can do for you."
"Excuse me, can you explain the steps for a home loan application?",LOAN,apply_for_mortgage,"Applying for a home loan involves a few stages: an initial eligibility check, document submission, property valuation, formal approval and legal completion. A mortgage adviser can guide you at each stage. You can begin by booking a call from the Loans section of the app. Feel free to ask if you have any other questions."
"Hi team, please enable international transactions on my card ending 3992. Any idea what to do?",CARD,activate_card_international_usage,"To use your card overseas, open Card Controls in the app and enable International Usage. It is a good idea to set a travel period and a daily limit. If you cannot use the app, phone banking can turn it on for you after verifying your identity. Feel free to ask if you have any other questions."
"Hi, we decided not to buy the house, how do I cancel the mortgage?",LOAN,cancel_mortgage,"Certainly, I can help with that. I can help you withdraw the mortgage application. Please contact our mortgage team through the app or at a branch and confirm the application reference. If the valuation or legal work has already started, some third party fees might still apply. Once cancelled, you will receive written confirmation."
"Hello, can you explain the steps for a home loan application? Appreciate the help.",LOAN,apply_for_mortgage,"Certainly, I can help with that. Applying for a home loan involves a few stages: an initial eligibility check, document submission, property valuation, formal approval and legal completion. A mortgage adviser can guide you at each stage. You can begin by booking a call from the Loans section of the app. I am here if you need anything else."
"Hey, what are the eligibility criteria for a home loan",LOAN,apply_for_loan,"Thanks for reaching out, I can guide you through this. To apply for a loan, go to Loans in the app and select the type of loan you need. Enter the amount and tenure, upload the required documents and submit. Your eligibility is based on income, existing commitments and credit score, and you will see a decision and an offer once the review is complete. Feel free to ask if you have any other questions."
"Hello, we decided not to buy the house, how do I cancel the mortgage? Any idea what to do?",LOAN,cancel_mortgage,"Certainly, I can help with that. To cancel a mortgage application, send a withdrawal request with your application reference. Any costs already incurred for valuation or legal checks may not be refundable. We will confirm the cancellation in writing and close the file. Let me know if there is anything more I can do for you."
"Excuse me, find me a cash machine close to me. Can you help me with this?",FIND,find_ATM,"To locate an ATM, open the Locator in the app or on our website and search by city or landmark. Filters help you find machines that offer deposits, cheque drops or extended hours. Please remember that using an ATM outside our network may attract a fee. I am here if you need anything else."
"Good morning, I forgot my password, how do I get it back? Appreciate the help.",PASSWORD,get_password,"I am sorry you are locked out. On the login page, tap Forgot Password and enter your customer ID. We will send a one-time code to your registered mobile number, and after you enter it you can choose a new password. For security reasons we can never tell you your old password."
"I want to dispute an ATM withdrawal of GBP 2,760 from yesterday.",ATM,dispute_ATM_withdrawal,"Sorry about the trouble with the ATM. Please keep the receipt if you have one and raise a dispute through the app or by calling customer service. We will check the ATM records for the withdrawal and update you by message. If the money is confirmed as not dispensed, it will be returned to your account. Please reach out again if anything is unclear."
"Hi, how do I set up a password for net banking?",PASSWORD,set_up_password,"New customers can create a password using the First Time Login option. Enter your customer ID, verify with a one-time code, then choose a password that meets the rules shown on screen. Please do not share it with anyone, including bank staff. Please reach out again if anything is unclear."
"Good evening, what do I need to do before closing my business account? Please help.",ACCOUNT,close_account,"To close the account, make sure there are no pending transactions, linked cards or loans. Request closure through the app under Account Services or visit a branch. We will transfer any remaining balance to the account you nominate and confirm once the account is closed."
"Hello there, do you have ATMs that accept cash deposits nearby? Not sure what to do.",FIND,find_ATM,"To locate an ATM, open the Locator in the app or on our website and search by city or landmark. Filters help you find machines that offer deposits, cheque drops or extended hours. Please remember that using an ATM outside our network may attract a fee. Let me know if there is anything more I can do for you."
"Hi team, my mother is unwell and I need to manage her account, how does power of attorney work?",RETAIL_EXCEPTION,power_of_attorney_request,"I am sorry to hear that. Managing another person's account requires a valid legal authority, such as a registered power of attorney, and we need to verify it before giving access. Please prepare the original or certified copy of the document, your identification and the account holder details. A specialist will check the paperwork and explain what your authority allows, and I will arrange for them to contact you. You can ask for a human agent at any time and I will arrange it."
"Quick question: I need a person to help me with this, not an automated reply. Not sure what to do.",CONTACT,human_agent,"Certainly, I can arrange for one of our advisors to help you. I am transferring you now, and I will share the details of our conversation so you do not need to repeat yourself. If the queue is long, you can choose to receive a call back instead. Let me know if there is anything more I can do for you."
Quick question: I lost my debit card and need to block it right now. Thank you.,CARD,block_card,"I am sorry to hear about this and I want to help sort it out. To protect your money, block the card first. Use the app under Cards and Block, or call the 24 hour phone banking line and ask for an immediate block. Once blocked, please review your recent transactions and tell us about any you do not recognise so we can look into them. Please reach out again if anything is unclear."
"Hi, please cancel the card ending 8677. Not sure what to do.",CARD,cancel_card,I can guide you through cancelling your card. First check that there are no pending transactions or unpaid dues. Then submit a cancellation request through the app or by phone banking. You will get a confirmation message once the card is closed.
"Hi, I want to know my outstanding amount on the credit card. Thank you.",CARD,check_current_balance_on_card,"Of course, happy to help. To check your balance, log in to net banking or the app and open Cards. The card summary shows your current balance, available credit and the last statement amount. Balances update in near real time, but very recent transactions can take a short while to appear."
"Excuse me, the account holder cannot sign anymore, what documents do I need to act for them? I need this sorted today.",RETAIL_EXCEPTION,power_of_attorney_request,"I am sorry to hear that. Managing another person's account requires a valid legal authority, such as a registered power of attorney, and we need to verify it before giving access. Please prepare the original or certified copy of the document, your identification and the account holder details. A specialist will check the paperwork and explain what your authority allows, and I will arrange for them to contact you."
"Quick question: made a transfer to the wrong beneficiary, how do I recover the money? Appreciate the help.",PAYMENT_EXCEPTION,transfer_wrong_account,"I am sorry this happened. Please raise a wrong transfer request in the app or with customer service right away with the payment reference. We will ask the receiving bank to hold and return the funds, but they need the account holder consent, so the timing can vary. A specialist will follow up with you. Please keep your reference number safe, and reply here if you need anything else."
"Quick question: the bank stopped my big payment for EUR 42,710, why? Thank you.",PAYMENT_EXCEPTION,large_transaction_blocked,"Thank you for explaining. A large payment may exceed your set limit, or it may be waiting for extra verification. You can raise your limit in Card Controls after authentication, and the security team can release a held transaction after checking with you. Since it is time sensitive, shall I connect you to an agent now? If you would like, I can connect you with a human agent right now."
"Pls waive the overdraft charges, they are unfair. Not sure what to do",RETAIL_EXCEPTION,overdraft_fee_dispute,"Thanks for explaining. To review the fee, we need to see the order in which the deposit and the payments were processed. I will raise a request for the fee to be reviewed, and you will hear back with the outcome. In some cases, especially after a delayed salary, the fee can be waived. If you would like, I can connect you with a human agent right now."
"Hello, is there a live chat with the bank? Appreciate the help.",CONTACT,customer_service,"Absolutely, let me walk you through it. There are several ways to contact us. The quickest is the chat option in the app, which is available all day. You can also call the number printed on the back of your card or on our website, or visit any branch during opening hours. I am here if you need anything else."
"Hello there, I changed my name after marriage, how do I update it on my salary account?",RETAIL_EXCEPTION,legal_name_change,"To change your name in our records, we need proof of the legal name change, such as a marriage certificate, a gazette notification or a deed poll, together with your identification. Please upload the documents in the app under Profile or visit a branch, and we will update your accounts and cards. Because this affects several products, the update may take a few working days, and we will notify you when it is complete. You can ask for a human agent at any time and I will arrange it."
"hello, what are the opening hours of the branch near the city mall?",FIND,find_branch,"To find a branch, enter your area or city in the Locator and choose Branches. Each listing shows the address, working hours and the services offered, such as loans or locker facilities. Most branches are open on weekdays and some are open on Saturday mornings. I am here if you need anything else."
Quick question: when is my card annual fee charged and can it be waived? Not sure what to do.,CARD,check_card_annual_fee,"Annual fees vary by card, and many cards waive the fee after a certain level of yearly spending. Please check Fees and Charges for your card in the app to see your amount and the anniversary date. If you would like to ask about a waiver, customer service can review your eligibility."
"Good morning, my card went missing yesterday, block it asap. Any idea what to do",CARD,block_card,"To protect your money, block the card first. Use the app under Cards and Block, or call the 24 hour phone banking line and ask for an immediate block. Once blocked, please review your recent transactions and tell us about any you do not recognise so we can look into them. Please reach out again if anything is unclear."
"Hello there, how do I set up a password for net banking? Please help.",PASSWORD,set_up_password,"New customers can create a password using the First Time Login option. Enter your customer ID, verify with a one-time code, then choose a password that meets the rules shown on screen. Please do not share it with anyone, including bank staff."
"quick question: i need a person to help me with this, not an automated reply",CONTACT,human_agent,"Certainly, I can arrange for one of our advisors to help you. I am transferring you now, and I will share the details of our conversation so you do not need to repeat yourself. If the queue is long, you can choose to receive a call back instead."
i need help. is there any joining or annual fee on the debit card? thank you.,CARD,check_card_annual_fee,"Sure, here is how this works. The annual fee depends on the type of card you hold. You can see the exact amount for your debit card in the app under Cards and Card Details, and it is also listed in your welcome kit. The fee is normally charged once a year on the card anniversary date. Some cards offer a waiver if you reach a yearly spending target. Please reach out again if anything is unclear."
"Hello, what happens to my mortgage application if I cancel it now? Thank you.",LOAN,cancel_mortgage,"Sure, here is how this works. I can help you withdraw the mortgage application. Please contact our mortgage team through the app or at a branch and confirm the application reference. If the valuation or legal work has already started, some third party fees might still apply. Once cancelled, you will receive written confirmation. Please reach out again if anything is unclear."
Please help: please tell me the current balance on the card ending 8477. Not sure what to do,CARD,check_current_balance_on_card,"To check your balance, log in to net banking or the app and open Cards. The card summary shows your current balance, available credit and the last statement amount. Balances update in near real time, but very recent transactions can take a short while to appear."
Quick question: can I see how much interest I have paid on my home loan?,LOAN,check_mortgage_payments,"Thanks for reaching out, I can guide you through this. In the app, open Loans and select your mortgage to see your monthly payment, the next due date, the remaining balance and the split between interest and principal. Statements and a yearly interest certificate can also be downloaded from the documents section. Feel free to ask if you have any other questions."
please guide me through creating a new account. please help.,ACCOUNT,create_account,"To start, choose the type of account that suits you, then fill in the application form online. You will need identity and address documents, and you may complete a short video verification. Once approved, your account details arrive by message and email, and your debit card is sent to your address. Please reach out again if anything is unclear."
"good evening, what is the available balance on my credit card? thank you.",CARD,check_current_balance_on_card,"You can see your card balance in the mobile app under Cards. Select your credit card to view the available limit, the outstanding amount and the payment due date. You can also get a quick balance by sending a text message from your registered number or by calling phone banking."
Can you transfer me to a human agent? Appreciate the help.,CONTACT,human_agent,"Certainly, I can arrange for one of our advisors to help you. I am transferring you now, and I will share the details of our conversation so you do not need to repeat yourself. If the queue is long, you can choose to receive a call back instead. Feel free to ask if you have any other questions."
"Excuse me, I cannot log in to net banking, I do not remember my password. Not sure what to do.",PASSWORD,get_password,"I am sorry you are locked out. On the login page, tap Forgot Password and enter your customer ID. We will send a one-time code to your registered mobile number, and after you enter it you can choose a new password. For security reasons we can never tell you your old password. I am here if you need anything else."
"Hello there, how can I reset my forgotten mobile banking password? Can you help me with this",PASSWORD,get_password,"I am sorry you are locked out. On the login page, tap Forgot Password and enter your customer ID. We will send a one-time code to your registered mobile number, and after you enter it you can choose a new password. For security reasons we can never tell you your old password. Feel free to ask if you have any other questions."
please help: i was charged more than expected because of the exchange rate on my purchase in new york.,PAYMENT_EXCEPTION,currency_conversion_dispute,"Thanks for raising this. When you pay in a foreign currency, the amount is converted at the network exchange rate on the day the transaction is settled, and a foreign currency fee may also apply, so the final figure can differ from what you saw at the shop. Please check the transaction details in the app for the rate and fee that were used. If you believe the amount is wrong, we can raise a query and a specialist will review it. We will keep you updated by message until this is resolved."
"Hi, my prepaid card does not work outside the country, how do I switch on overseas payments? I need this sorted today.",CARD,activate_card_international_usage,"Absolutely, let me walk you through it. International usage can be switched on from the mobile app. Go to Cards, select your prepaid card, open Card Controls and turn on International Transactions. You can also set the dates of your trip and a spending limit for extra safety. Changes usually take effect within a few minutes, so please do it before you leave. Let me know if there is anything more I can do for you."
"Excuse me, please cancel the card ending 6772. Any idea what to do?",CARD,cancel_card,I can guide you through cancelling your card. First check that there are no pending transactions or unpaid dues. Then submit a cancellation request through the app or by phone banking. You will get a confirmation message once the card is closed.
When is my next car loan instalment due?,LOAN,check_loan_payments,"Absolutely, let me walk you through it. To check your loan payments, log in and open Loans, then choose the loan. You will see what you have paid so far, what is left, and the next due date. If you would like to pay extra to reduce the balance, there is an option to make a part payment on the same screen. Please reach out again if anything is unclear."
"I need to visit a branch, can you help me find one? I need this sorted today",FIND,find_branch,"To find a branch, enter your area or city in the Locator and choose Branches. Each listing shows the address, working hours and the services offered, such as loans or locker facilities. Most branches are open on weekdays and some are open on Saturday mornings. If you need any further help, just let me know."
"Hello there, what is the process to allow foreign transactions on my card before my trip? I need this sorted today.",CARD,activate_card_international_usage,"To use your card overseas, open Card Controls in the app and enable International Usage. It is a good idea to set a travel period and a daily limit. If you cannot use the app, phone banking can turn it on for you after verifying your identity. Feel free to ask if you have any other questions."
"Someone may have my card details, how can I block the card immediately? I need this sorted today.",CARD,block_card,"To protect your money, block the card first. Use the app under Cards and Block, or call the 24 hour phone banking line and ask for an immediate block. Once blocked, please review your recent transactions and tell us about any you do not recognise so we can look into them. If you need any further help, just let me know."
"Hey, I want to know my outstanding amount on the credit card. Thank you.",CARD,check_current_balance_on_card,"Thanks for reaching out, I can guide you through this. To check your balance, log in to net banking or the app and open Cards. The card summary shows your current balance, available credit and the last statement amount. Balances update in near real time, but very recent transactions can take a short while to appear. Let me know if there is anything more I can do for you."
Pls help: can I open an account online without visiting the branch? Not sure what to do.,ACCOUNT,create_account,"To start, choose the type of account that suits you, then fill in the application form online. You will need identity and address documents, and you may complete a short video verification. Once approved, your account details arrive by message and email, and your debit card is sent to your address. Let me know if there is anything more I can do for you."
"hi team, atm retained my card ending 7401, how do i recover it? any idea what to do?",ATM,recover_swallowed_card,"I am sorry that the ATM kept your card. For your safety, I suggest blocking the card right away in the app. We will then arrange either collection from the ATM branch with identification or a replacement card sent to your address, usually within a few working days. Let me know if there is anything more I can do for you."
I paid in the local currency but was billed at a strange rate. Please help.,PAYMENT_EXCEPTION,currency_conversion_dispute,"I understand the surprise. The debited amount comes from the exchange rate at the time of settlement, plus any conversion charges, and the shop may also offer to charge in your home currency at their own rate. I can flag your transaction for review so a specialist can confirm whether the correct rate was applied."
"Hi, please cancel the loan I applied for earlier today. Please advise",LOAN,cancel_loan,"Certainly, I can help with that. To cancel a loan application, tell us which application you mean and we will stop the process. Before disbursal there is normally no cost. After disbursal, the loan must be closed by repaying the outstanding amount, and we will give you the exact figure and any applicable charges. Please reach out again if anything is unclear."
"Hello there, how do I close the account of a deceased family member? Can you help me with this?",RETAIL_EXCEPTION,deceased_account_holder,"I am very sorry for your loss. Please take your time, and we will make this as simple as we can. To begin, please inform us of the death by contacting our bereavement team, who will guide you personally. You will usually need a copy of the death certificate, your own identification and proof of your relationship, and if you are the nominee, the nomination details. Because this involves legal steps, a specialist will handle your request and explain the timeline. If anything changes in the meantime, please let us know straight away."
"Hi team, my transfer of 2,340 dollars has been pending for 5 days. Thank you.",PAYMENT_EXCEPTION,transfer_pending_stuck,"Sorry for the delay. A transfer can stay pending if the receiving bank is slow, if the details do not match, or if the payment is under review. I have noted the delay and a specialist team will trace the payment. If it cannot be completed, the money is returned to your account. If you would like, I can connect you with a human agent right now."
"Hi team, can u list all the charges for using the ATM abroad? Not sure what to do.",FEES,check_fees,"Fees depend on the type of account or service. You can find the full list in the app under Help and then Fees and Charges, including maintenance, ATM, transfer and card fees. If you tell me the specific service you are asking about, I can explain how that fee is calculated and when it applies. Let me know if there is anything more I can do for you."
"Hello, my card got stuck in the machine last Friday. thx.",ATM,recover_swallowed_card,"I am sorry that the ATM kept your card. For your safety, I suggest blocking the card right away in the app. We will then arrange either collection from the ATM branch with identification or a replacement card sent to your address, usually within a few working days."
what is the available balance on my prepaid card? any idea what to do?,CARD,check_current_balance_on_card,"You can see your card balance in the mobile app under Cards. Select your prepaid card to view the available limit, the outstanding amount and the payment due date. You can also get a quick balance by sending a text message from your registered number or by calling phone banking. Feel free to ask if you have any other questions."
"Hello there, show me my recent activity on the savings account.",ACCOUNT,check_recent_transactions,"You can see recent transactions in the app or net banking. Open your savings account and tap Transactions to view the latest activity, and use the filters to search by date or amount. Statements for earlier periods can be downloaded as a PDF from the Statements section. Please reach out again if anything is unclear."
"Hi, how can I reset my forgotten mobile banking password? Thank you.",PASSWORD,get_password,"You can recover access in a few steps. Select Forgot Password on the login screen, verify your identity with the one-time code sent to your registered number, and set a new password. If you no longer have access to that number, please visit a branch with your identification to update it. I am here if you need anything else."
"i sent $2,910 to the wrong person, can i cancel the transfer? thanks",TRANSFER,cancel_transfer,"Please act quickly. For transfers that have not been processed yet, use Cancel next to the transfer in your pending list. For completed transfers, raise a recall request from the same screen or through customer service, and keep the transaction reference handy. We will update you as soon as we hear back from the other bank."
Urgent: how can I check how much credit I have left on my card? Not sure what to do,CARD,check_current_balance_on_card,"Certainly, I can help with that. To check your balance, log in to net banking or the app and open Cards. The card summary shows your current balance, available credit and the last statement amount. Balances update in near real time, but very recent transactions can take a short while to appear."
"Hi team, the ATM did not give me the full cash but the money was deducted, I withdrew INR 2,790. Thank you",ATM,dispute_ATM_withdrawal,"Sorry about the trouble with the ATM. Please keep the receipt if you have one and raise a dispute through the app or by calling customer service. We will check the ATM records for the withdrawal and update you by message. If the money is confirmed as not dispensed, it will be returned to your account."
"Hello, how can I change my password to something stronger? Can you help me with this",PASSWORD,set_up_password,"Sure, here is how this works. New customers can create a password using the First Time Login option. Enter your customer ID, verify with a one-time code, then choose a password that meets the rules shown on screen. Please do not share it with anyone, including bank staff. I am here if you need anything else."
"Good evening, why was I charged a fee of 671 dollars this month? Pls advise",FEES,check_fees,"Sure, here is how this works. I can help you understand the charges. Common fees include monthly maintenance, foreign transaction fees, ATM use outside our network and penalties for low balance. Your latest statement shows every fee that has been applied, and customer service can review any fee you believe was charged in error."
"Hello there, please block my card ending 9703, I think it was stolen.",CARD,block_card,"You can block the card immediately in the mobile app. Go to Cards, choose the card and tap Block Card, then pick Lost or Stolen as the reason. The card stops working straight away and any new transactions are declined. We will then help you order a replacement, which usually arrives in a few working days. I am here if you need anything else."
"Please cancel my pending transfer of INR 2,130. Can you help me with this?",TRANSFER,cancel_transfer,"Absolutely, let me walk you through it. Please act quickly. For transfers that have not been processed yet, use Cancel next to the transfer in your pending list. For completed transfers, raise a recall request from the same screen or through customer service, and keep the transaction reference handy. We will update you as soon as we hear back from the other bank."
"pls help: why was i charged a fee of gbp 1,860 this month? thank you.",FEES,check_fees,"Certainly, I can help with that. Fees depend on the type of account or service. You can find the full list in the app under Help and then Fees and Charges, including maintenance, ATM, transfer and card fees. If you tell me the specific service you are asking about, I can explain how that fee is calculated and when it applies."
how do i activate my new debit card? not sure what to do.,CARD,activate_card,"Thanks for reaching out, I can guide you through this. First, open the mobile app or net banking and go to the Cards section. Then select your debit card and choose Activate Card. You will receive a one-time code on your registered mobile number, so enter it to confirm. Once that is done, the card is active and ready to use straight away. If you need any further help, just let me know."
"Hey, I would like to apply for a home loan. Not sure what to do.",LOAN,apply_for_mortgage,"Certainly, I can help with that. For a mortgage, the first step is to check how much you can borrow using the mortgage calculator in the app. Then submit an application with your identity, income and property details, and we will arrange a valuation of the property. After approval you receive a formal offer, and the funds are released to the seller once the legal formalities are complete. A deposit is usually needed, and the amount depends on the property value and your profile. Feel free to ask if you have any other questions."
"Good morning, I am a student and would like to start a savings account. Can you help me with this?",ACCOUNT,create_account,"To start, choose the type of account that suits you, then fill in the application form online. You will need identity and address documents, and you may complete a short video verification. Once approved, your account details arrive by message and email, and your debit card is sent to your address. Please reach out again if anything is unclear."
Urgent: please tell me the current balance on the card ending 0388. Please help,CARD,check_current_balance_on_card,"To check your balance, log in to net banking or the app and open Cards. The card summary shows your current balance, available credit and the last statement amount. Balances update in near real time, but very recent transactions can take a short while to appear."
Tell me about the monthly maintenance fees on my current account. Can you help me with this?,FEES,check_fees,"I can help you understand the charges. Common fees include monthly maintenance, foreign transaction fees, ATM use outside our network and penalties for low balance. Your latest statement shows every fee that has been applied, and customer service can review any fee you believe was charged in error. Let me know if there is anything more I can do for you."
Pickpocketed in Hyderabad and all my cards are gone,PAYMENT_EXCEPTION,lost_card_abroad_emergency,"That sounds very stressful. The first step is to block all lost cards so nobody can use them. Then our emergency support team can help with a replacement card delivered to your location or a cash advance, after confirming your identity. Please keep any police report reference, as it can help with disputed transactions. If you would like, I can connect you with a human agent right now."
"Excuse me, I want to dispute an ATM withdrawal of GBP 2,200 from last week. Thank you",ATM,dispute_ATM_withdrawal,"I will help you raise a dispute for the ATM withdrawal of GBP 2,200. Please go to Disputes in the app, select the transaction and choose ATM Cash Issue, then give the date, time and ATM location if you have them. We will investigate with the ATM operator and most cases are reviewed within a few working days. If the ATM did not dispense the cash, the amount is usually credited back to your account. Feel free to ask if you have any other questions."
"Hi, what are the rules for choosing a password?",PASSWORD,set_up_password,"Absolutely, let me walk you through it. New customers can create a password using the First Time Login option. Enter your customer ID, verify with a one-time code, then choose a password that meets the rules shown on screen. Please do not share it with anyone, including bank staff. If you need any further help, just let me know."
"Hello, I want to cancel my mortgage application",LOAN,cancel_mortgage,"Certainly, I can help with that. To cancel a mortgage application, send a withdrawal request with your application reference. Any costs already incurred for valuation or legal checks may not be refundable. We will confirm the cancellation in writing and close the file."
"I need help. We fell 3 weeks behind on the mortgage, what can we do?",RETAIL_EXCEPTION,mortgage_arrears_support,"Thank you for reaching out. Falling behind on a mortgage is stressful, and there are steps we can explore together. A mortgage support specialist will review your account, your income and expenses, and discuss a plan that suits you. I am raising this as urgent so they contact you soon."
"good evening, cash was not dispensed at the atm yet my account was debited. please help",ATM,dispute_ATM_withdrawal,"Sorry about the trouble with the ATM. Please keep the receipt if you have one and raise a dispute through the app or by calling customer service. We will check the ATM records for the withdrawal and update you by message. If the money is confirmed as not dispensed, it will be returned to your account. Feel free to ask if you have any other questions."
How do I apply for a personal loan? Please advise.,LOAN,apply_for_loan,"To apply for a loan, go to Loans in the app and select the type of loan you need. Enter the amount and tenure, upload the required documents and submit. Your eligibility is based on income, existing commitments and credit score, and you will see a decision and an offer once the review is complete."
"Hello there, can I get a loan for GBP 77,670 over 60 months",LOAN,apply_for_loan,"To apply for a loan, go to Loans in the app and select the type of loan you need. Enter the amount and tenure, upload the required documents and submit. Your eligibility is based on income, existing commitments and credit score, and you will see a decision and an offer once the review is complete."
"Good morning, how can I enable my credit card for use abroad? I am travelling to Paris. Pls help.",CARD,activate_card_international_usage,"Of course, happy to help. International usage can be switched on from the mobile app. Go to Cards, select your credit card, open Card Controls and turn on International Transactions. You can also set the dates of your trip and a spending limit for extra safety. Changes usually take effect within a few minutes, so please do it before you leave."
"Good evening, show me my recent activity on the savings account. Thanks",ACCOUNT,check_recent_transactions,"Sure, here is how this works. To review your recent activity, log in and choose the account, then select Recent Transactions. Pending items are shown separately from completed ones. If something looks unfamiliar, tap it to see the details and report it directly from that screen."
"Please help: I need to transfer money to another bank, what are the steps? Thanks",TRANSFER,make_transfer,"Thanks for reaching out, I can guide you through this. You can send money in a few steps. Open Transfers, choose Send Money and select an existing payee or add a new one. Type in the amount, check the details carefully because transfers to the wrong account can be hard to reverse, and approve with your security code. Instant methods arrive within minutes, while standard transfers can take up to one working day."
"help, the cash machine did not return my card. can you help me with this",ATM,recover_swallowed_card,"Please do not worry, this happens sometimes. First, block the card in the app as a precaution until you have it back. Then contact the branch that owns the ATM or call customer service, and we will check if the card was retained by the machine. If it can be recovered you may collect it with valid photo ID, otherwise we will issue a replacement card to you. Let me know if there is anything more I can do for you."
"Hi team, is there any joining or annual fee on the platinum credit card",CARD,check_card_annual_fee,"The annual fee depends on the type of card you hold. You can see the exact amount for your platinum credit card in the app under Cards and Card Details, and it is also listed in your welcome kit. The fee is normally charged once a year on the card anniversary date. Some cards offer a waiver if you reach a yearly spending target. If you need any further help, just let me know."
"Excuse me, why did Amazon take $853 two times? Please advise.",PAYMENT_EXCEPTION,duplicate_charge,"I am sorry about the double charge. Sometimes one of the two entries is only a temporary hold that drops off within a few working days, so please check whether both are marked as completed. If both are completed, raise a dispute from the transaction details in the app for the duplicate $853 at Amazon. We will contact the merchant, and the extra amount will be returned if the duplicate is confirmed. Please keep your reference number safe, and reply here if you need anything else."
"Hi, the ATM gave me less money than what was debited from my account. Thank you.",ATM,dispute_ATM_withdrawal,"Sorry about the trouble with the ATM. Please keep the receipt if you have one and raise a dispute through the app or by calling customer service. We will check the ATM records for the withdrawal and update you by message. If the money is confirmed as not dispensed, it will be returned to your account. If you need any further help, just let me know."
"Hello there, someone may have my card details, how can I block the card immediately?",CARD,block_card,"I am sorry to hear about this and I want to help sort it out. To protect your money, block the card first. Use the app under Cards and Block, or call the 24 hour phone banking line and ask for an immediate block. Once blocked, please review your recent transactions and tell us about any you do not recognise so we can look into them."
