instruction,category,intent,response
"Hi, when is my next personal loan instalment due? Can u help me with this",LOAN,check_loan_payments,"You can see your repayment details in the app under Loans. Select your personal loan to view the instalment amount, the next due date, the number of payments remaining and the total outstanding balance. The full repayment schedule can also be downloaded as a document. Let me know if there is anything more I can do for you."
"Hello there, how do I set up a password for net banking? Appreciate the help.",PASSWORD,set_up_password,"Thanks for reaching out, I can guide you through this. New customers can create a password using the First Time Login option. Enter your customer ID, verify with a one-time code, then choose a password that meets the rules shown on screen. Please do not share it with anyone, including bank staff. Feel free to ask if you have any other questions."
"Hi team, what happens to my mortgage application if I cancel it now? Can you help me with this?",LOAN,cancel_mortgage,"To cancel a mortgage application, send a withdrawal request with your application reference. Any costs already incurred for valuation or legal checks may not be refundable. We will confirm the cancellation in writing and close the file."
Quick question: I lost my platinum credit card and need to block it right now. Appreciate the help,CARD,block_card,"You can block the card immediately in the mobile app. Go to Cards, choose the card and tap Block Card, then pick Lost or Stolen as the reason. The card stops working straight away and any new transactions are declined. We will then help you order a replacement, which usually arrives in a few working days. Feel free to ask if you have any other questions."
"Hey, what happens if I cancel my platinum credit card, and how do I do it? Thanks",CARD,cancel_card,"Certainly, I can help with that. To cancel a card, go to Cards in the mobile app, select your platinum credit card and choose Cancel Card, or contact customer service. Before we close it, please clear any outstanding balance and cancel recurring payments linked to the card. Once cancelled, the card cannot be used again, and you can request a new one later if you change your mind. If you need any further help, just let me know."
"Excuse me, please guide me through creating a new account. Thanks.",ACCOUNT,create_account,"To start, choose the type of account that suits you, then fill in the application form online. You will need identity and address documents, and you may complete a short video verification. Once approved, your account details arrive by message and email, and your debit card is sent to your address. Please reach out again if anything is unclear."
"Good evening, someone may have my card details, how can I block the card immediately? Please help.",CARD,block_card,"You can block the card immediately in the mobile app. Go to Cards, choose the card and tap Block Card, then pick Lost or Stolen as the reason. The card stops working straight away and any new transactions are declined. We will then help you order a replacement, which usually arrives in a few working days. Please reach out again if anything is unclear."
"Urgent: my payment of $21,110 was blocked and I need it to go through today. Please help.",PAYMENT_EXCEPTION,large_transaction_blocked,"I understand the urgency. Large payments can be blocked because they go over your daily limit or because our security systems flagged them for extra checks. I cannot release a held payment from this chat, but I can help you confirm it is genuine. Please approve any alert on your app, or I can connect you to a specialist who will verify you and, where possible, release the payment or raise your limit temporarily. If you would like, I can connect you with a human agent right now."
please help: i am a new customer and want to create my login. not sure what to do,PASSWORD,set_up_password,"New customers can create a password using the First Time Login option. Enter your customer ID, verify with a one-time code, then choose a password that meets the rules shown on screen. Please do not share it with anyone, including bank staff. Please reach out again if anything is unclear."
"Good evening, I am behind on my mortgage payments and worried about losing my home",RETAIL_EXCEPTION,mortgage_arrears_support,"Thank you for reaching out. Falling behind on a mortgage is stressful, and there are steps we can explore together. A mortgage support specialist will review your account, your income and expenses, and discuss a plan that suits you. I am raising this as urgent so they contact you soon. We will keep you updated by message until this is resolved."
"Hello, how can I contact customer service? Please help.",CONTACT,customer_service,"Certainly, I can help with that. There are several ways to contact us. The quickest is the chat option in the app, which is available all day. You can also call the number printed on the back of your card or on our website, or visit any branch during opening hours. Let me know if there is anything more I can do for you."
"Good morning, how do I stop a transfer I made two days ago? Please advise",TRANSFER,cancel_transfer,"Certainly, I can help with that. Please act quickly. For transfers that have not been processed yet, use Cancel next to the transfer in your pending list. For completed transfers, raise a recall request from the same screen or through customer service, and keep the transaction reference handy. We will update you as soon as we hear back from the other bank. If you need any further help, just let me know."
"hi, when is my next mortgage payment due? appreciate the help.",LOAN,check_mortgage_payments,"Certainly, I can help with that. Your mortgage details are available under Loans. There you can view the payment amount, upcoming due dates, the balance still owed and a summary of interest paid. If your payment changes because of a rate change, we will notify you in advance."
"Excuse me, how can I close my credit card? I no longer use it.",CARD,cancel_card,"Certainly, I can help with that. I can guide you through cancelling your card. First check that there are no pending transactions or unpaid dues. Then submit a cancellation request through the app or by phone banking. You will get a confirmation message once the card is closed."
"Good evening, is there any joining or annual fee on the debit card? Appreciate the help",CARD,check_card_annual_fee,"Annual fees vary by card, and many cards waive the fee after a certain level of yearly spending. Please check Fees and Charges for your card in the app to see your amount and the anniversary date. If you would like to ask about a waiver, customer service can review your eligibility. Please reach out again if anything is unclear."
"Urgent: the ATM did not give me the full cash but the money was deducted, I withdrew 489 USD. Pls help.",ATM,dispute_ATM_withdrawal,"Sorry about the trouble with the ATM. Please keep the receipt if you have one and raise a dispute through the app or by calling customer service. We will check the ATM records for the withdrawal and update you by message. If the money is confirmed as not dispensed, it will be returned to your account. I am here if you need anything else."
"Quick question: my brother died and I am the nominee on his account, what should I do? Can you help me with this?",RETAIL_EXCEPTION,deceased_account_holder,"My condolences to you and your family. Accounts of a deceased customer are handled by a dedicated team with care. Please share the death certificate and your identification, and they will explain how the balance is released to the nominee or legal heir and how the account is closed. I will connect you with them, so you do not have to repeat yourself. If anything changes in the meantime, please let us know straight away."
"I need help. Double debit on my card for Starbucks, please fix.",PAYMENT_EXCEPTION,duplicate_charge,"Thanks for letting us know. Please keep proof of your purchase and, if possible, the merchant receipt. We will open a dispute for the duplicate payment, and a specialist will review it with the merchant. Refunds usually take several working days once the duplicate is confirmed. Please keep your reference number safe, and reply here if you need anything else."
I lost my job and cannot pay my business loan instalments. Appreciate the help.,RETAIL_EXCEPTION,loan_hardship_request,"I am sorry you are facing this, and I am glad you reached out early. We have options for customers in financial difficulty, such as a temporary payment holiday, a longer tenure with lower instalments, or restructuring, depending on your situation. I will pass your request to our customer support team, who will review your income and expenses and discuss what is possible. Please try to keep making any payments you can, and avoid ignoring reminders, as talking to us early gives you more choices. If you would like, I can connect you with a human agent right now."
"I have a power of attorney document, how do I register it with the bank? Pls advise.",RETAIL_EXCEPTION,power_of_attorney_request,"I am sorry to hear that. Managing another person's account requires a valid legal authority, such as a registered power of attorney, and we need to verify it before giving access. Please prepare the original or certified copy of the document, your identification and the account holder details. A specialist will check the paperwork and explain what your authority allows, and I will arrange for them to contact you. If you would like, I can connect you with a human agent right now."
Quick question: I disagree with the unarranged overdraft fee on my statement.,RETAIL_EXCEPTION,overdraft_fee_dispute,"Thanks for explaining. To review the fee, we need to see the order in which the deposit and the payments were processed. I will raise a request for the fee to be reviewed, and you will hear back with the outcome. In some cases, especially after a delayed salary, the fee can be waived. You can ask for a human agent at any time and I will arrange it."
"excuse me, i want to freeze the joint account until we settle things. can you help me with this",RETAIL_EXCEPTION,joint_account_dispute,"I am sorry you are going through this. Joint accounts are governed by the mandate that was agreed when they were opened, and changes such as removing a holder or freezing the account usually need the consent of all holders, or a legal instruction. I can arrange for a specialist to explain your options and what proof would be required. Please keep in mind that we cannot take sides, and for serious disputes it can help to seek legal advice. You can ask for a human agent at any time and I will arrange it."
i was charged more than expected because of the exchange rate on my purchase in berlin. thanks,PAYMENT_EXCEPTION,currency_conversion_dispute,"Thanks for raising this. When you pay in a foreign currency, the amount is converted at the network exchange rate on the day the transaction is settled, and a foreign currency fee may also apply, so the final figure can differ from what you saw at the shop. Please check the transaction details in the app for the rate and fee that were used. If you believe the amount is wrong, we can raise a query and a specialist will review it. If anything changes in the meantime, please let us know straight away."
I missed 4 instalments and im afraid of penalties. Thanks,RETAIL_EXCEPTION,loan_hardship_request,"I am sorry you are facing this, and I am glad you reached out early. We have options for customers in financial difficulty, such as a temporary payment holiday, a longer tenure with lower instalments, or restructuring, depending on your situation. I will pass your request to our customer support team, who will review your income and expenses and discuss what is possible. Please try to keep making any payments you can, and avoid ignoring reminders, as talking to us early gives you more choices. You can ask for a human agent at any time and I will arrange it."
I need help. What is the customer care number? thx.,CONTACT,customer_service,"Sure, here is how this works. You can reach customer service by phone banking, through secure chat in the mobile app, or by email through the Contact Us section. Phone and chat support are available round the clock for urgent matters such as blocking a card, and other requests are handled during business hours. Please keep your customer ID handy so we can help you faster."
I need help. I was charged more than expected because of the exchange rate on my purchase in Bangalore. thx.,PAYMENT_EXCEPTION,currency_conversion_dispute,"Thanks for raising this. When you pay in a foreign currency, the amount is converted at the network exchange rate on the day the transaction is settled, and a foreign currency fee may also apply, so the final figure can differ from what you saw at the shop. Please check the transaction details in the app for the rate and fee that were used. If you believe the amount is wrong, we can raise a query and a specialist will review it. Please keep your reference number safe, and reply here if you need anything else."
"Good morning, can I cancel a scheduled transfer for next week? I need this sorted today.",TRANSFER,cancel_transfer,"Please act quickly. For transfers that have not been processed yet, use Cancel next to the transfer in your pending list. For completed transfers, raise a recall request from the same screen or through customer service, and keep the transaction reference handy. We will update you as soon as we hear back from the other bank."
I need help. Is there a live chat with the bank?,CONTACT,customer_service,"Sure, here is how this works. You can reach customer service by phone banking, through secure chat in the mobile app, or by email through the Contact Us section. Phone and chat support are available round the clock for urgent matters such as blocking a card, and other requests are handled during business hours. Please keep your customer ID handy so we can help you faster."
"Excuse me, pickpocketed in Paris and all my cards are gone.",PAYMENT_EXCEPTION,lost_card_abroad_emergency,"That sounds very stressful. The first step is to block all lost cards so nobody can use them. Then our emergency support team can help with a replacement card delivered to your location or a cash advance, after confirming your identity. Please keep any police report reference, as it can help with disputed transactions. If anything changes in the meantime, please let us know straight away."
I want to know my outstanding amount on the credit card. Can you help me with this?,CARD,check_current_balance_on_card,"Certainly, I can help with that. To check your balance, log in to net banking or the app and open Cards. The card summary shows your current balance, available credit and the last statement amount. Balances update in near real time, but very recent transactions can take a short while to appear. I am here if you need anything else."
"good morning, can i reapply after a rejection and what should i improve? please advise.",RETAIL_EXCEPTION,loan_application_rejected_appeal,"I am sorry that your application was not approved. Decisions are based on factors such as income, existing debts, credit history and the value of the loan requested, and we can share the main reasons with you. You may ask for a review, especially if your circumstances have changed or if some information was missing. I will pass your request to a loans specialist who can explain the decision and suggest what may improve your chances next time. Please keep your reference number safe, and reply here if you need anything else."
the atm kept my prepaid card and i cannot get it back.,ATM,recover_swallowed_card,"Please do not worry, this happens sometimes. First, block the card in the app as a precaution until you have it back. Then contact the branch that owns the ATM or call customer service, and we will check if the card was retained by the machine. If it can be recovered you may collect it with valid photo ID, otherwise we will issue a replacement card to you."
please help: when is my next business loan instalment due?,LOAN,check_loan_payments,"Certainly, I can help with that. To check your loan payments, log in and open Loans, then choose the loan. You will see what you have paid so far, what is left, and the next due date. If you would like to pay extra to reduce the balance, there is an option to make a part payment on the same screen. Please reach out again if anything is unclear."
"Good evening, somebody used my debit card to buy things I do not recognise, this is fraud. Any idea what to do?",PAYMENT_EXCEPTION,card_fraud_unauthorized_transaction,"Thank you for reporting this quickly. Your card should be blocked immediately to prevent more misuse, and the disputed transactions will be flagged for our fraud team. They will review the details, and where a transaction is confirmed as fraudulent the amount is normally returned to your account after the investigation. A specialist will reach out to collect a few more details. If you would like, I can connect you with a human agent right now."
"Please help: the ATM did not give me the full cash but the money was deducted, I withdrew $679. Please advise.",ATM,dispute_ATM_withdrawal,"I will help you raise a dispute for the ATM withdrawal of $679. Please go to Disputes in the app, select the transaction and choose ATM Cash Issue, then give the date, time and ATM location if you have them. We will investigate with the ATM operator and most cases are reviewed within a few working days. If the ATM did not dispense the cash, the amount is usually credited back to your account."
"Hi team, I want to close my salary account. Can you help me with this",ACCOUNT,close_account,"I can explain how to close your salary account. Please first clear any dues, cancel standing instructions and move the remaining balance to another account. Then submit a closure request through customer service or at a branch with valid identification. Once processed, you will receive written confirmation and the final statement."
"Hello, how can I add a new payee and transfer funds? I need this sorted today.",TRANSFER,make_transfer,"You can send money in a few steps. Open Transfers, choose Send Money and select an existing payee or add a new one. Type in the amount, check the details carefully because transfers to the wrong account can be hard to reverse, and approve with your security code. Instant methods arrive within minutes, while standard transfers can take up to one working day. Let me know if there is anything more I can do for you."
"hello, i never received the goods i paid 2,170 dollars for on paypal, i want a chargeback. thank you.",PAYMENT_EXCEPTION,chargeback_request,"I am sorry about your experience. You can ask for a chargeback when goods or services were not delivered or were not as described. Please raise a dispute in the app for the 2,170 dollars payment to PayPal, and attach evidence such as the order confirmation, messages with the seller and photographs if relevant. We will review your case, contact the merchant, and update you on the outcome. Please keep your reference number safe, and reply here if you need anything else."
"Hi, can I see my last transactions? Thanks.",ACCOUNT,check_recent_transactions,"To review your recent activity, log in and choose the account, then select Recent Transactions. Pending items are shown separately from completed ones. If something looks unfamiliar, tap it to see the details and report it directly from that screen."
"Please help: need to switch on my new card, what should I do?",CARD,activate_card,"Of course, happy to help. You can activate your card in two easy ways. In the mobile app, go to Cards, pick your card, and tap Activate. If you prefer, call the phone banking number printed on the back of the card and follow the voice prompts. After verification your card will be active within a few minutes. I am here if you need anything else."
"I need to visit a branch, can u help me find one? Not sure what to do",FIND,find_branch,"To find a branch, enter your area or city in the Locator and choose Branches. Each listing shows the address, working hours and the services offered, such as loans or locker facilities. Most branches are open on weekdays and some are open on Saturday mornings. Let me know if there is anything more I can do for you."
i need help. how can i reset my forgotten mobile banking password? thank you,PASSWORD,get_password,"I am sorry you are locked out. On the login page, tap Forgot Password and enter your customer ID. We will send a one-time code to your registered mobile number, and after you enter it you can choose a new password. For security reasons we can never tell you your old password."
"Hi, please help me close the account, I am moving abroad.",ACCOUNT,close_account,"To close the account, make sure there are no pending transactions, linked cards or loans. Request closure through the app under Account Services or visit a branch. We will transfer any remaining balance to the account you nominate and confirm once the account is closed."
"Hey, the bank refused my mortgage even though I have a stable income. Appreciate the help.",RETAIL_EXCEPTION,loan_application_rejected_appeal,"I am sorry that your application was not approved. Decisions are based on factors such as income, existing debts, credit history and the value of the loan requested, and we can share the main reasons with you. You may ask for a review, especially if your circumstances have changed or if some information was missing. I will pass your request to a loans specialist who can explain the decision and suggest what may improve your chances next time. We will keep you updated by message until this is resolved."
"Hello there, please cancel the card ending 3271. Any idea what to do?",CARD,cancel_card,I can guide you through cancelling your card. First check that there are no pending transactions or unpaid dues. Then submit a cancellation request through the app or by phone banking. You will get a confirmation message once the card is closed.
Urgent: how can I check how much credit I have left on my card? Thank you.,CARD,check_current_balance_on_card,"Thanks for reaching out, I can guide you through this. To check your balance, log in to net banking or the app and open Cards. The card summary shows your current balance, available credit and the last statement amount. Balances update in near real time, but very recent transactions can take a short while to appear."
Can I get someone to visit me at home for banking services? Appreciate the help,RETAIL_EXCEPTION,vulnerable_customer_support,"Thank you for telling us, and please know that we are here to help in a way that works for you. We offer support such as large print or audio statements, assisted banking at branches, a dedicated helpline with priority handling and, in some areas, home visits. If you are worried about a suspicious call, please do not share any codes or personal details, and we will help you check it. I will connect you with our customer care specialists to set up the support you need. We will keep you updated by message until this is resolved."
"Excuse me, I paid in the local currency but was billed at a strange rate",PAYMENT_EXCEPTION,currency_conversion_dispute,"Thanks for raising this. When you pay in a foreign currency, the amount is converted at the network exchange rate on the day the transaction is settled, and a foreign currency fee may also apply, so the final figure can differ from what you saw at the shop. Please check the transaction details in the app for the rate and fee that were used. If you believe the amount is wrong, we can raise a query and a specialist will review it. If you would like, I can connect you with a human agent right now."
"hi team, what do i need to do before closing my joint account? thanks.",ACCOUNT,close_account,"Absolutely, let me walk you through it. To close the account, make sure there are no pending transactions, linked cards or loans. Request closure through the app under Account Services or visit a branch. We will transfer any remaining balance to the account you nominate and confirm once the account is closed."
"hello, payment stuck in processing for 4 days and my rent is due. appreciate the help",PAYMENT_EXCEPTION,transfer_pending_stuck,"Sorry for the delay. A transfer can stay pending if the receiving bank is slow, if the details do not match, or if the payment is under review. I have noted the delay and a specialist team will trace the payment. If it cannot be completed, the money is returned to your account. Please keep your reference number safe, and reply here if you need anything else."
"good morning, can you explain the steps for a home loan application? thanks.",LOAN,apply_for_mortgage,"Sure, here is how this works. Applying for a home loan involves a few stages: an initial eligibility check, document submission, property valuation, formal approval and legal completion. A mortgage adviser can guide you at each stage. You can begin by booking a call from the Loans section of the app. Let me know if there is anything more I can do for you."
"Good evening, what is the fastest way to send money to someone? Please advise",TRANSFER,make_transfer,"Sure, here is how this works. You can send money in a few steps. Open Transfers, choose Send Money and select an existing payee or add a new one. Type in the amount, check the details carefully because transfers to the wrong account can be hard to reverse, and approve with your security code. Instant methods arrive within minutes, while standard transfers can take up to one working day."
I need help. Please tell me the reason my loan was denied.,RETAIL_EXCEPTION,loan_application_rejected_appeal,"I am sorry that your application was not approved. Decisions are based on factors such as income, existing debts, credit history and the value of the loan requested, and we can share the main reasons with you. You may ask for a review, especially if your circumstances have changed or if some information was missing. I will pass your request to a loans specialist who can explain the decision and suggest what may improve your chances next time. We will keep you updated by message until this is resolved."
"Good evening, I entered the wrong account number and sent INR 2,950, pls help me get it back. Thank you.",PAYMENT_EXCEPTION,transfer_wrong_account,"Please stay calm, and thank you for telling us quickly, because speed matters. Payments to a wrong account cannot always be reversed, but we can send a recall request to the receiving bank for the INR 2,950. Please share the transaction reference, the date and the account number you used. We will contact the other bank and, if the account holder agrees or the funds are still available, the money can be returned. You can ask for a human agent at any time and I will arrange it."
"hey, i do not want a bot, please connect me to an advisor. any idea what to do",CONTACT,human_agent,"Certainly, I can arrange for one of our advisors to help you. I am transferring you now, and I will share the details of our conversation so you do not need to repeat yourself. If the queue is long, you can choose to receive a call back instead. Feel free to ask if you have any other questions."
"please help: account blocked after i updated my address, how do i get access?",RETAIL_EXCEPTION,account_frozen_kyc,"I understand how stressful it is to have an account restricted. Accounts are sometimes frozen when identity documents are missing or expired, or when a compliance review is needed. I cannot lift a restriction from this chat, but I can raise a priority request with our account services team. Please keep your photo ID, proof of address and recent photograph ready, and a specialist will contact you with the exact documents required."
"excuse me, card not working in pune, i tried it two days ago and it failed, i have no other way to pay. please advise.",PAYMENT_EXCEPTION,card_declined_while_travelling,"Sorry about the inconvenience, especially while you are travelling. Please check that international transactions are enabled and that you have not reached your daily limit. Because this is urgent, I recommend calling the emergency line on the back of the card, where an agent can verify you and remove any block. Emergency cash or a replacement card can be arranged if needed. You can ask for a human agent at any time and I will arrange it."
"Good morning, my prepaid card does not work outside the country, how do I switch on overseas payments? Any idea what to do",CARD,activate_card_international_usage,"To use your card overseas, open Card Controls in the app and enable International Usage. It is a good idea to set a travel period and a daily limit. If you cannot use the app, phone banking can turn it on for you after verifying your identity."
"Hello there, what do I need to do before closing my current account? Can u help me with this?",ACCOUNT,close_account,"Of course, happy to help. To close the account, make sure there are no pending transactions, linked cards or loans. Request closure through the app under Account Services or visit a branch. We will transfer any remaining balance to the account you nominate and confirm once the account is closed. Let me know if there is anything more I can do for you."
"What is the process to get a mortgage for a house worth 167,370 USD? Pls help.",LOAN,apply_for_mortgage,"Sure, here is how this works. For a mortgage, the first step is to check how much you can borrow using the mortgage calculator in the app. Then submit an application with your identity, income and property details, and we will arrange a valuation of the property. After approval you receive a formal offer, and the funds are released to the seller once the legal formalities are complete. A deposit is usually needed, and the amount depends on the property value and your profile. If you need any further help, just let me know."
Urgent: could you tell me the yearly charges on the card ending 8353? Thank you.,CARD,check_card_annual_fee,"Absolutely, let me walk you through it. Annual fees vary by card, and many cards waive the fee after a certain level of yearly spending. Please check Fees and Charges for your card in the app to see your amount and the anniversary date. If you would like to ask about a waiver, customer service can review your eligibility. Please reach out again if anything is unclear."
"Hello there, how can I add a new payee and transfer funds? Any idea what to do?",TRANSFER,make_transfer,"Sure, here is how this works. You can send money in a few steps. Open Transfers, choose Send Money and select an existing payee or add a new one. Type in the amount, check the details carefully because transfers to the wrong account can be hard to reverse, and approve with your security code. Instant methods arrive within minutes, while standard transfers can take up to one working day. If you need any further help, just let me know."
"Hello there, I want to make a large purchase of GBP 42,560 but my card keeps getting declined. Thank you.",PAYMENT_EXCEPTION,large_transaction_blocked,"I understand the urgency. Large payments can be blocked because they go over your daily limit or because our security systems flagged them for extra checks. I cannot release a held payment from this chat, but I can help you confirm it is genuine. Please approve any alert on your app, or I can connect you to a specialist who will verify you and, where possible, release the payment or raise your limit temporarily. If anything changes in the meantime, please let us know straight away."
"Good evening, how can I enable my prepaid card for use abroad? I am travelling to Amsterdam. Please help",CARD,activate_card_international_usage,"Certainly, I can help with that. To use your card overseas, open Card Controls in the app and enable International Usage. It is a good idea to set a travel period and a daily limit. If you cannot use the app, phone banking can turn it on for you after verifying your identity. Feel free to ask if you have any other questions."
"Good evening, I want to know how many payments are left on my loan. Please advise.",LOAN,check_loan_payments,"To check your loan payments, log in and open Loans, then choose the loan. You will see what you have paid so far, what is left, and the next due date. If you would like to pay extra to reduce the balance, there is an option to make a part payment on the same screen. Let me know if there is anything more I can do for you."
"Good evening, where do I activate the travel card I got last weekend? Any idea what to do?",CARD,activate_card,"First, open the mobile app or net banking and go to the Cards section. Then select your travel card and choose Activate Card. You will receive a one-time code on your registered mobile number, so enter it to confirm. Once that is done, the card is active and ready to use straight away."
Quick question: how do I close the account of a deceased family member? Thank you.,RETAIL_EXCEPTION,deceased_account_holder,"My condolences to you and your family. Accounts of a deceased customer are handled by a dedicated team with care. Please share the death certificate and your identification, and they will explain how the balance is released to the nominee or legal heir and how the account is closed. I will connect you with them, so you do not have to repeat yourself. You can ask for a human agent at any time and I will arrange it."
"hello, atm retained my card ending 3912, how do i recover it? not sure what to do.",ATM,recover_swallowed_card,"I am sorry that the ATM kept your card. For your safety, I suggest blocking the card right away in the app. We will then arrange either collection from the ATM branch with identification or a replacement card sent to your address, usually within a few working days."
"hi, i lost my travel card and need to block it right now. thanks",CARD,block_card,"I am sorry to hear about this and I want to help sort it out. To protect your money, block the card first. Use the app under Cards and Block, or call the 24 hour phone banking line and ask for an immediate block. Once blocked, please review your recent transactions and tell us about any you do not recognise so we can look into them. Feel free to ask if you have any other questions."
I got a message that my password was changed and I did not do it.,RETAIL_EXCEPTION,identity_theft_account_takeover,"I am very sorry, and I will treat this as urgent. To protect you, we should restrict access to your account and cards immediately, and I am escalating this to our fraud and security team now. Please do not use the same password anywhere else, avoid clicking links in unexpected messages, and keep a note of any suspicious messages or calls. A specialist will contact you on a verified number to restore your access and review the activity. We will keep you updated by message until this is resolved."
"Excuse me, how can I contact customer service? Please help.",CONTACT,customer_service,"Absolutely, let me walk you through it. There are several ways to contact us. The quickest is the chat option in the app, which is available all day. You can also call the number printed on the back of your card or on our website, or visit any branch during opening hours. Feel free to ask if you have any other questions."
"Excuse me, is there a live chat with the bank? Thank you",CONTACT,customer_service,"There are several ways to contact us. The quickest is the chat option in the app, which is available all day. You can also call the number printed on the back of your card or on our website, or visit any branch during opening hours. I am here if you need anything else."
"Hey, please change my surname on all my accounts. Thanks.",RETAIL_EXCEPTION,legal_name_change,"To change your name in our records, we need proof of the legal name change, such as a marriage certificate, a gazette notification or a deed poll, together with your identification. Please upload the documents in the app under Profile or visit a branch, and we will update your accounts and cards. Because this affects several products, the update may take a few working days, and we will notify you when it is complete. Please keep your reference number safe, and reply here if you need anything else."
"Hi, is there an ATM near the airport?",FIND,find_ATM,"Sure, here is how this works. To locate an ATM, open the Locator in the app or on our website and search by city or landmark. Filters help you find machines that offer deposits, cheque drops or extended hours. Please remember that using an ATM outside our network may attract a fee. Let me know if there is anything more I can do for you."
How much is the fee for an international transfer,FEES,check_fees,"Of course, happy to help. I can help you understand the charges. Common fees include monthly maintenance, foreign transaction fees, ATM use outside our network and penalties for low balance. Your latest statement shows every fee that has been applied, and customer service can review any fee you believe was charged in error."
"Hello, my loan application for EUR 499,520 was rejected and I do not understand why. Thank you",RETAIL_EXCEPTION,loan_application_rejected_appeal,"I am sorry that your application was not approved. Decisions are based on factors such as income, existing debts, credit history and the value of the loan requested, and we can share the main reasons with you. You may ask for a review, especially if your circumstances have changed or if some information was missing. I will pass your request to a loans specialist who can explain the decision and suggest what may improve your chances next time. We will keep you updated by message until this is resolved."
"Urgent: I would like to stop my card, it has an annual fee I dont want to pay. Thanks.",CARD,cancel_card,I can guide you through cancelling your card. First check that there are no pending transactions or unpaid dues. Then submit a cancellation request through the app or by phone banking. You will get a confirmation message once the card is closed.
"Hey, is there any joining or annual fee on the platinum credit card? Please advise.",CARD,check_card_annual_fee,"The annual fee depends on the type of card you hold. You can see the exact amount for your platinum credit card in the app under Cards and Card Details, and it is also listed in your welcome kit. The fee is normally charged once a year on the card anniversary date. Some cards offer a waiver if you reach a yearly spending target. Let me know if there is anything more I can do for you."
"Good evening, how do I withdraw my loan request? Appreciate the help.",LOAN,cancel_loan,"Thanks for reaching out, I can guide you through this. To cancel a loan application, tell us which application you mean and we will stop the process. Before disbursal there is normally no cost. After disbursal, the loan must be closed by repaying the outstanding amount, and we will give you the exact figure and any applicable charges."
"Excuse me, why is my joint account overdrawn? I never spent that much.",RETAIL_EXCEPTION,overdraft_fee_dispute,"Thanks for explaining. To review the fee, we need to see the order in which the deposit and the payments were processed. I will raise a request for the fee to be reviewed, and you will hear back with the outcome. In some cases, especially after a delayed salary, the fee can be waived. Please keep your reference number safe, and reply here if you need anything else."
please help: how do i stop a transfer i made last night,TRANSFER,cancel_transfer,"Sure, here is how this works. Please act quickly. For transfers that have not been processed yet, use Cancel next to the transfer in your pending list. For completed transfers, raise a recall request from the same screen or through customer service, and keep the transaction reference handy. We will update you as soon as we hear back from the other bank. I am here if you need anything else."
"I need help. My father passed away recently, how do I access his business account? Thanks",RETAIL_EXCEPTION,deceased_account_holder,"I am very sorry for your loss. Please take your time, and we will make this as simple as we can. To begin, please inform us of the death by contacting our bereavement team, who will guide you personally. You will usually need a copy of the death certificate, your own identification and proof of your relationship, and if you are the nominee, the nomination details. Because this involves legal steps, a specialist will handle your request and explain the timeline. Please keep your reference number safe, and reply here if you need anything else."
"Hello there, my payment of INR 18,940 was blocked and I need it to go through today. Thanks",PAYMENT_EXCEPTION,large_transaction_blocked,"I understand the urgency. Large payments can be blocked because they go over your daily limit or because our security systems flagged them for extra checks. I cannot release a held payment from this chat, but I can help you confirm it is genuine. Please approve any alert on your app, or I can connect you to a specialist who will verify you and, where possible, release the payment or raise your limit temporarily. If anything changes in the meantime, please let us know straight away."
"hello, i paid in the local currency but was billed at a strange rate.",PAYMENT_EXCEPTION,currency_conversion_dispute,"Thanks for raising this. When you pay in a foreign currency, the amount is converted at the network exchange rate on the day the transaction is settled, and a foreign currency fee may also apply, so the final figure can differ from what you saw at the shop. Please check the transaction details in the app for the rate and fee that were used. If you believe the amount is wrong, we can raise a query and a specialist will review it. We will keep you updated by message until this is resolved."
"Good morning, I just received my debit card in the mail, how can I start using it? Not sure what to do.",CARD,activate_card,"You can activate your card in two easy ways. In the mobile app, go to Cards, pick your card, and tap Activate. If you prefer, call the phone banking number printed on the back of the card and follow the voice prompts. After verification your card will be active within a few minutes. Feel free to ask if you have any other questions."
"Please help: I want to reverse the payment I just made, is that possible? Please help.",TRANSFER,cancel_transfer,"Please act quickly. For transfers that have not been processed yet, use Cancel next to the transfer in your pending list. For completed transfers, raise a recall request from the same screen or through customer service, and keep the transaction reference handy. We will update you as soon as we hear back from the other bank. If you need any further help, just let me know."
"hey, i entered the wrong account number and sent eur 2,020, please help me get it back. please help.",PAYMENT_EXCEPTION,transfer_wrong_account,"I am sorry this happened. Please raise a wrong transfer request in the app or with customer service right away with the payment reference. We will ask the receiving bank to hold and return the funds, but they need the account holder consent, so the timing can vary. A specialist will follow up with you. You can ask for a human agent at any time and I will arrange it."
"Please help: I just received my credit card in the mail, how can I start using it? Thanks.",CARD,activate_card,"First, open the mobile app or net banking and go to the Cards section. Then select your credit card and choose Activate Card. You will receive a one-time code on your registered mobile number, so enter it to confirm. Once that is done, the card is active and ready to use straight away. Let me know if there is anything more I can do for you."
"Hey, can I cancel a scheduled transfer for next week? Can you help me with this?",TRANSFER,cancel_transfer,"Of course, happy to help. Please act quickly. For transfers that have not been processed yet, use Cancel next to the transfer in your pending list. For completed transfers, raise a recall request from the same screen or through customer service, and keep the transaction reference handy. We will update you as soon as we hear back from the other bank. I am here if you need anything else."
How do I file a formal complaint against the bank?,RETAIL_EXCEPTION,formal_complaint_escalation,"I am sorry that your issue has not been resolved, and you have every right to escalate. I can register a formal complaint now, which will be given a reference number and reviewed by our complaints team, who will respond in writing within the time required. If you are not satisfied with the final response, you can take the matter to the external financial ombudsman. It helps if you share the dates and details of your previous contacts. If you would like, I can connect you with a human agent right now."
"Good evening, someone may have my card details, how can I block the card immediately? Thank you.",CARD,block_card,"That sounds frustrating, and I will do my best to help you resolve it. To protect your money, block the card first. Use the app under Cards and Block, or call the 24 hour phone banking line and ask for an immediate block. Once blocked, please review your recent transactions and tell us about any you do not recognise so we can look into them. Let me know if there is anything more I can do for you."
"I want to apply for a car loan of GBP 359,460. Thanks.",LOAN,apply_for_loan,"Absolutely, let me walk you through it. You can apply for a car loan online or at a branch. Please keep your identity proof, address proof, recent salary slips or income proof, and bank statements ready. After you submit the application, we check your eligibility and credit history and share an offer with the interest rate and repayment plan. Once you accept, the money is usually credited within a few working days. I am here if you need anything else."
"Good morning, please help me make a transfer of INR 680 today. Not sure what to do.",TRANSFER,make_transfer,"To make a transfer, log in to the app or net banking and go to Transfers. Add the payee by entering the name, account number and bank code, then confirm the payee with a one-time code. Enter the amount of INR 680, choose the payment method, review the details and confirm. You will get a confirmation message with a reference number. Let me know if there is anything more I can do for you."
"Urgent: I was charged an overdraft fee of $1,520 even though I had funds.",RETAIL_EXCEPTION,overdraft_fee_dispute,"I understand your concern, and I will help you look into it. Overdraft fees can arise when a payment goes through before a deposit is credited, or when the balance goes below the agreed limit. Please check the dates on your statement for the fee of $1,520. If you feel it was applied unfairly, we can review it as a goodwill request or a complaint, and a specialist will assess your account history. If anything changes in the meantime, please let us know straight away."
"where is my refund, it has been 5 days?",PAYMENT_EXCEPTION,refund_not_received,"Thank you for the details. A refund can take some time after the merchant approves it. If it has been more than ten working days, please send us the refund confirmation from the merchant. We will trace the credit and follow up with the merchant bank on your behalf. If anything changes in the meantime, please let us know straight away."
I need help. What are the rules for choosing a password? Any idea what to do,PASSWORD,set_up_password,"Absolutely, let me walk you through it. To set up or change your password, log in and go to Settings and then Security. Choose Change Password, enter your current password, and type the new one twice. A strong password uses at least eight characters with a mix of letters, numbers and symbols, and should not include your name or birth date. Please reach out again if anything is unclear."
"Hi team, someone changed my phone number and email on my account and I am locked out. Thank you.",RETAIL_EXCEPTION,identity_theft_account_takeover,"I am very sorry, and I will treat this as urgent. To protect you, we should restrict access to your account and cards immediately, and I am escalating this to our fraud and security team now. Please do not use the same password anywhere else, avoid clicking links in unexpected messages, and keep a note of any suspicious messages or calls. A specialist will contact you on a verified number to restore your access and review the activity. If you would like, I can connect you with a human agent right now."
"hello there, we are buying our first home and need a mortgage, where do we start?",LOAN,apply_for_mortgage,"For a mortgage, the first step is to check how much you can borrow using the mortgage calculator in the app. Then submit an application with your identity, income and property details, and we will arrange a valuation of the property. After approval you receive a formal offer, and the funds are released to the seller once the legal formalities are complete. A deposit is usually needed, and the amount depends on the property value and your profile."
"quick question: my wallet with my debit card was stolen in sydney, what do i do? thank you.",PAYMENT_EXCEPTION,lost_card_abroad_emergency,"That sounds very stressful. The first step is to block all lost cards so nobody can use them. Then our emergency support team can help with a replacement card delivered to your location or a cash advance, after confirming your identity. Please keep any police report reference, as it can help with disputed transactions. Please keep your reference number safe, and reply here if you need anything else."
"Good morning, can I see my last transactions? thx.",ACCOUNT,check_recent_transactions,"To review your recent activity, log in and choose the account, then select Recent Transactions. Pending items are shown separately from completed ones. If something looks unfamiliar, tap it to see the details and report it directly from that screen."
I want a written response to my complaint about joint account charges. Please advise.,RETAIL_EXCEPTION,formal_complaint_escalation,"I am sorry that your issue has not been resolved, and you have every right to escalate. I can register a formal complaint now, which will be given a reference number and reviewed by our complaints team, who will respond in writing within the time required. If you are not satisfied with the final response, you can take the matter to the external financial ombudsman. It helps if you share the dates and details of your previous contacts. You can ask for a human agent at any time and I will arrange it."
"Good morning, can I see how much interest I have paid on my home loan? Not sure what to do.",LOAN,check_mortgage_payments,"Thanks for reaching out, I can guide you through this. Your mortgage details are available under Loans. There you can view the payment amount, upcoming due dates, the balance still owed and a summary of interest paid. If your payment changes because of a rate change, we will notify you in advance. If you need any further help, just let me know."
Please help: cash was not dispensed at the ATM yet my account was debited. Not sure what to do.,ATM,dispute_ATM_withdrawal,"Sorry about the trouble with the ATM. Please keep the receipt if you have one and raise a dispute through the app or by calling customer service. We will check the ATM records for the withdrawal and update you by message. If the money is confirmed as not dispensed, it will be returned to your account. Feel free to ask if you have any other questions."
"Good morning, what happens if I cancel my platinum credit card, and how do I do it? Can you help me with this",CARD,cancel_card,"Certainly, I can help with that. I can guide you through cancelling your card. First check that there are no pending transactions or unpaid dues. Then submit a cancellation request through the app or by phone banking. You will get a confirmation message once the card is closed. Feel free to ask if you have any other questions."
"hi team, where is the closest branch? please advise.",FIND,find_branch,"To find a branch, enter your area or city in the Locator and choose Branches. Each listing shows the address, working hours and the services offered, such as loans or locker facilities. Most branches are open on weekdays and some are open on Saturday mornings."
"Hey, what do I need to do before closing my savings account? Thanks",ACCOUNT,close_account,"Absolutely, let me walk you through it. To close the account, make sure there are no pending transactions, linked cards or loans. Request closure through the app under Account Services or visit a branch. We will transfer any remaining balance to the account you nominate and confirm once the account is closed. Feel free to ask if you have any other questions."
"Good evening, I just received my debit card in the mail, how can I start using it? Not sure what to do.",CARD,activate_card,"Sure, here is how this works. First, open the mobile app or net banking and go to the Cards section. Then select your debit card and choose Activate Card. You will receive a one-time code on your registered mobile number, so enter it to confirm. Once that is done, the card is active and ready to use straight away. I am here if you need anything else."
"hey, when is my next mortgage payment due",LOAN,check_mortgage_payments,"Your mortgage details are available under Loans. There you can view the payment amount, upcoming due dates, the balance still owed and a summary of interest paid. If your payment changes because of a rate change, we will notify you in advance. If you need any further help, just let me know."
Urgent: is there an ATM near the city mall? Can you help me with this?,FIND,find_ATM,"Certainly, I can help with that. You can find your nearest ATM using the ATM and Branch Locator in the app. Allow location access or type in an area such as the city mall, and the map will show the closest machines, including ones that accept cash deposits. You can also use ATMs from partner networks with lower or no charges. Please reach out again if anything is unclear."
Quick question: please guide me through creating a new account. Please advise.,ACCOUNT,create_account,"Absolutely, let me walk you through it. To start, choose the type of account that suits you, then fill in the application form online. You will need identity and address documents, and you may complete a short video verification. Once approved, your account details arrive by message and email, and your debit card is sent to your address. Feel free to ask if you have any other questions."
Please help: what is the annual fee for my prepaid card? Please help.,CARD,check_card_annual_fee,"Annual fees vary by card, and many cards waive the fee after a certain level of yearly spending. Please check Fees and Charges for your card in the app to see your amount and the anniversary date. If you would like to ask about a waiver, customer service can review your eligibility. I am here if you need anything else."
Please help: I am a new customer and want to create my login.,PASSWORD,set_up_password,"Of course, happy to help. New customers can create a password using the First Time Login option. Enter your customer ID, verify with a one-time code, then choose a password that meets the rules shown on screen. Please do not share it with anyone, including bank staff. I am here if you need anything else."
please help: i need extra help managing my money after my illness. please help.,RETAIL_EXCEPTION,vulnerable_customer_support,"Thank you for telling us, and please know that we are here to help in a way that works for you. We offer support such as large print or audio statements, assisted banking at branches, a dedicated helpline with priority handling and, in some areas, home visits. If you are worried about a suspicious call, please do not share any codes or personal details, and we will help you check it. I will connect you with our customer care specialists to set up the support you need. If anything changes in the meantime, please let us know straight away."
I want to know how many payments are left on my loan. Can you help me with this?,LOAN,check_loan_payments,"Thanks for reaching out, I can guide you through this. To check your loan payments, log in and open Loans, then choose the loan. You will see what you have paid so far, what is left, and the next due date. If you would like to pay extra to reduce the balance, there is an option to make a part payment on the same screen. Let me know if there is anything more I can do for you."
"Hey, I want to cancel my mortgage application. Pls help",LOAN,cancel_mortgage,"Of course, happy to help. To cancel a mortgage application, send a withdrawal request with your application reference. Any costs already incurred for valuation or legal checks may not be refundable. We will confirm the cancellation in writing and close the file."
"Excuse me, how can I contact customer service? Can u help me with this?",CONTACT,customer_service,"You can reach customer service by phone banking, through secure chat in the mobile app, or by email through the Contact Us section. Phone and chat support are available round the clock for urgent matters such as blocking a card, and other requests are handled during business hours. Please keep your customer ID handy so we can help you faster. Let me know if there is anything more I can do for you."
"Hey, the ATM kept my credit card and I cannot get it back. Thank you",ATM,recover_swallowed_card,"Please do not worry, this happens sometimes. First, block the card in the app as a precaution until you have it back. Then contact the branch that owns the ATM or call customer service, and we will check if the card was retained by the machine. If it can be recovered you may collect it with valid photo ID, otherwise we will issue a replacement card to you. If you need any further help, just let me know."
"urgent: please unfreeze my account, i already submitted my documents yesterday. can you help me with this",RETAIL_EXCEPTION,account_frozen_kyc,"I understand how stressful it is to have an account restricted. Accounts are sometimes frozen when identity documents are missing or expired, or when a compliance review is needed. I cannot lift a restriction from this chat, but I can raise a priority request with our account services team. Please keep your photo ID, proof of address and recent photograph ready, and a specialist will contact you with the exact documents required. If you would like, I can connect you with a human agent right now."
How do I open a business account? Please advise,ACCOUNT,create_account,"Of course, happy to help. Opening a business account is simple. You can apply online or at a branch by providing a valid photo ID, proof of address and a recent photograph. After we verify your details, the account is created and you will receive your account number and access to the app. Some accounts require a small opening deposit."
"Good evening, can I reapply after a rejection and what should I improve?",RETAIL_EXCEPTION,loan_application_rejected_appeal,"I am sorry that your application was not approved. Decisions are based on factors such as income, existing debts, credit history and the value of the loan requested, and we can share the main reasons with you. You may ask for a review, especially if your circumstances have changed or if some information was missing. I will pass your request to a loans specialist who can explain the decision and suggest what may improve your chances next time. If anything changes in the meantime, please let us know straight away."
how can i appeal a declined business loan? thank you.,RETAIL_EXCEPTION,loan_application_rejected_appeal,"I am sorry that your application was not approved. Decisions are based on factors such as income, existing debts, credit history and the value of the loan requested, and we can share the main reasons with you. You may ask for a review, especially if your circumstances have changed or if some information was missing. I will pass your request to a loans specialist who can explain the decision and suggest what may improve your chances next time. If you would like, I can connect you with a human agent right now."
"Good morning, I want a written response to my complaint about current account charges. Thank you",RETAIL_EXCEPTION,formal_complaint_escalation,"I am sorry that your issue has not been resolved, and you have every right to escalate. I can register a formal complaint now, which will be given a reference number and reviewed by our complaints team, who will respond in writing within the time required. If you are not satisfied with the final response, you can take the matter to the external financial ombudsman. It helps if you share the dates and details of your previous contacts. If anything changes in the meantime, please let us know straight away."
"Good evening, my card got stuck in the machine last Friday. Not sure what to do.",ATM,recover_swallowed_card,"Please do not worry, this happens sometimes. First, block the card in the app as a precaution until you have it back. Then contact the branch that owns the ATM or call customer service, and we will check if the card was retained by the machine. If it can be recovered you may collect it with valid photo ID, otherwise we will issue a replacement card to you. Feel free to ask if you have any other questions."
"Good evening, my legal name has changed and my cards still show the old one. Thank you.",RETAIL_EXCEPTION,legal_name_change,"To change your name in our records, we need proof of the legal name change, such as a marriage certificate, a gazette notification or a deed poll, together with your identification. Please upload the documents in the app under Profile or visit a branch, and we will update your accounts and cards. Because this affects several products, the update may take a few working days, and we will notify you when it is complete. If anything changes in the meantime, please let us know straight away."
"Excuse me, urgent, travelling and card blocked, I cannot pay my hotel. Please help.",PAYMENT_EXCEPTION,card_declined_while_travelling,"Sorry about the inconvenience, especially while you are travelling. Please check that international transactions are enabled and that you have not reached your daily limit. Because this is urgent, I recommend calling the emergency line on the back of the card, where an agent can verify you and remove any block. Emergency cash or a replacement card can be arranged if needed. If you would like, I can connect you with a human agent right now."
How do I stop a transfer I made last week? Any idea what to do?,TRANSFER,cancel_transfer,"Thanks for reaching out, I can guide you through this. Please act quickly. For transfers that have not been processed yet, use Cancel next to the transfer in your pending list. For completed transfers, raise a recall request from the same screen or through customer service, and keep the transaction reference handy. We will update you as soon as we hear back from the other bank. Feel free to ask if you have any other questions."
"Good morning, I lost my card and passport in New York and I have no cash.",PAYMENT_EXCEPTION,lost_card_abroad_emergency,"I am sorry to hear that, and please make sure you are safe first. Block your cards immediately in the app, or call our 24 hour emergency line if you cannot log in. We can arrange an emergency replacement card or emergency cash in New York, and our agent will verify your identity and guide you on the fastest option. I suggest reporting the theft to the local police as well, since some claims need a report. Please keep your reference number safe, and reply here if you need anything else."
"Excuse me, my debit card ending 2916 arrived today. What are the steps to activate it",CARD,activate_card,"Sure, here is how this works. You can activate your card in two easy ways. In the mobile app, go to Cards, pick your card, and tap Activate. If you prefer, call the phone banking number printed on the back of the card and follow the voice prompts. After verification your card will be active within a few minutes. I am here if you need anything else."
Please help: can you list all the charges for using the ATM abroad? Not sure what to do.,FEES,check_fees,"I can help you understand the charges. Common fees include monthly maintenance, foreign transaction fees, ATM use outside our network and penalties for low balance. Your latest statement shows every fee that has been applied, and customer service can review any fee you believe was charged in error. If you need any further help, just let me know."
"Good morning, where do I activate the travel card I got last Friday? Please help",CARD,activate_card,"Thanks for reaching out, I can guide you through this. You can activate your card in two easy ways. In the mobile app, go to Cards, pick your card, and tap Activate. If you prefer, call the phone banking number printed on the back of the card and follow the voice prompts. After verification your card will be active within a few minutes."
"Urgent: I dont want a bot, please connect me to an advisor. Thank you.",CONTACT,human_agent,"Of course. I will connect you with a human agent now. Please stay in this chat, and it helps if you briefly describe your issue so the agent can pick up straight away. Waiting times can vary, and if it is not urgent you can also request a call back at a time that suits you."
Quick question: how do I open a current account? Appreciate the help,ACCOUNT,create_account,"Certainly, I can help with that. Opening a current account is simple. You can apply online or at a branch by providing a valid photo ID, proof of address and a recent photograph. After we verify your details, the account is created and you will receive your account number and access to the app. Some accounts require a small opening deposit. Let me know if there is anything more I can do for you."
"hi, please help me close the account, i am moving abroad. appreciate the help.",ACCOUNT,close_account,"Thanks for reaching out, I can guide you through this. To close the account, make sure there are no pending transactions, linked cards or loans. Request closure through the app under Account Services or visit a branch. We will transfer any remaining balance to the account you nominate and confirm once the account is closed. Feel free to ask if you have any other questions."
"Hi, what fees do you charge on my account? Please advise.",FEES,check_fees,"Thanks for reaching out, I can guide you through this. Fees depend on the type of account or service. You can find the full list in the app under Help and then Fees and Charges, including maintenance, ATM, transfer and card fees. If you tell me the specific service you are asking about, I can explain how that fee is calculated and when it applies. Let me know if there is anything more I can do for you."
Urgent: the ATM gave me less money than what was debited from my account. Please help.,ATM,dispute_ATM_withdrawal,"Sorry about the trouble with the ATM. Please keep the receipt if you have one and raise a dispute through the app or by calling customer service. We will check the ATM records for the withdrawal and update you by message. If the money is confirmed as not dispensed, it will be returned to your account. Let me know if there is anything more I can do for you."
Is there any joining or annual fee on the prepaid card? Thank you.,CARD,check_card_annual_fee,"Certainly, I can help with that. The annual fee depends on the type of card you hold. You can see the exact amount for your prepaid card in the app under Cards and Card Details, and it is also listed in your welcome kit. The fee is normally charged once a year on the card anniversary date. Some cards offer a waiver if you reach a yearly spending target. Feel free to ask if you have any other questions."
"Good evening, ATM retained my card ending 8592, how do I recover it? Thanks.",ATM,recover_swallowed_card,"I am sorry that the ATM kept your card. For your safety, I suggest blocking the card right away in the app. We will then arrange either collection from the ATM branch with identification or a replacement card sent to your address, usually within a few working days."
"Hello there, how can I enable my credit card for use abroad? I am travelling to Istanbul. Can you help me with this?",CARD,activate_card_international_usage,"Certainly, I can help with that. International usage can be switched on from the mobile app. Go to Cards, select your credit card, open Card Controls and turn on International Transactions. You can also set the dates of your trip and a spending limit for extra safety. Changes usually take effect within a few minutes, so please do it before you leave. Let me know if there is anything more I can do for you."
"Hi team, double debit on my card for Apple, please fix. Can you help me with this?",PAYMENT_EXCEPTION,duplicate_charge,"Thanks for letting us know. Please keep proof of your purchase and, if possible, the merchant receipt. We will open a dispute for the duplicate payment, and a specialist will review it with the merchant. Refunds usually take several working days once the duplicate is confirmed. You can ask for a human agent at any time and I will arrange it."
"please help: the bank stopped my big payment for 20,820 dollars, why?",PAYMENT_EXCEPTION,large_transaction_blocked,"I understand the urgency. Large payments can be blocked because they go over your daily limit or because our security systems flagged them for extra checks. I cannot release a held payment from this chat, but I can help you confirm it is genuine. Please approve any alert on your app, or I can connect you to a specialist who will verify you and, where possible, release the payment or raise your limit temporarily. If anything changes in the meantime, please let us know straight away."
Please help: I am not satisfied with the resolution and want to take this to the ombudsman. Thank you,RETAIL_EXCEPTION,formal_complaint_escalation,"I am sorry that your issue has not been resolved, and you have every right to escalate. I can register a formal complaint now, which will be given a reference number and reviewed by our complaints team, who will respond in writing within the time required. If you are not satisfied with the final response, you can take the matter to the external financial ombudsman. It helps if you share the dates and details of your previous contacts. You can ask for a human agent at any time and I will arrange it."
What happens to my mortgage application if I cancel it now? Pls help,LOAN,cancel_mortgage,"Thanks for reaching out, I can guide you through this. I can help you withdraw the mortgage application. Please contact our mortgage team through the app or at a branch and confirm the application reference. If the valuation or legal work has already started, some third party fees might still apply. Once cancelled, you will receive written confirmation. Please reach out again if anything is unclear."
"good evening, i entered the wrong account number and sent gbp 1,410, please help me get it back.",PAYMENT_EXCEPTION,transfer_wrong_account,"I am sorry this happened. Please raise a wrong transfer request in the app or with customer service right away with the payment reference. We will ask the receiving bank to hold and return the funds, but they need the account holder consent, so the timing can vary. A specialist will follow up with you. Please keep your reference number safe, and reply here if you need anything else."
"hi, why is my business account overdrawn? i never spent that much. thank you.",RETAIL_EXCEPTION,overdraft_fee_dispute,"Thanks for explaining. To review the fee, we need to see the order in which the deposit and the payments were processed. I will raise a request for the fee to be reviewed, and you will hear back with the outcome. In some cases, especially after a delayed salary, the fee can be waived. If you would like, I can connect you with a human agent right now."
"Urgent: my income has dropped, can you restructure my car loan? Thanks",RETAIL_EXCEPTION,loan_hardship_request,"Thank you for being open about this. We treat hardship requests seriously and with respect. A specialist will contact you to understand your circumstances and explore ways to reduce the pressure, for example a payment break or revised repayment plan. They may ask for proof of the change in your income. Nothing is decided in this chat, but I will raise it as a priority."
"Please block my card ending 7226, I think it was stolen.",CARD,block_card,"I understand how stressful this must be, and I am here to help. You can block the card immediately in the mobile app. Go to Cards, choose the card and tap Block Card, then pick Lost or Stolen as the reason. The card stops working straight away and any new transactions are declined. We will then help you order a replacement, which usually arrives in a few working days."
"Hi, please cancel my pending transfer of INR 479. Please help",TRANSFER,cancel_transfer,"Please act quickly. For transfers that have not been processed yet, use Cancel next to the transfer in your pending list. For completed transfers, raise a recall request from the same screen or through customer service, and keep the transaction reference handy. We will update you as soon as we hear back from the other bank. Let me know if there is anything more I can do for you."
"The bank sent a notice about mortgage arrears, please help. Thanks.",RETAIL_EXCEPTION,mortgage_arrears_support,"I understand how worrying this is, and I want you to know that help is available. Please do not ignore the notice, because early contact gives us more options such as revising the payment plan, extending the term or a temporary arrangement. I will connect you with our specialist mortgage support team, who can go through the details with you in confidence. It is also worth getting free independent money advice alongside speaking to us."
"Good morning, my travel card ending 5475 arrived today. What are the steps to activate it? Pls advise.",CARD,activate_card,"You can activate your card in two easy ways. In the mobile app, go to Cards, pick your card, and tap Activate. If you prefer, call the phone banking number printed on the back of the card and follow the voice prompts. After verification your card will be active within a few minutes. Please reach out again if anything is unclear."
"Hi, my online banking was accessed by someone else and money is missing. Appreciate the help.",RETAIL_EXCEPTION,identity_theft_account_takeover,"Thank you for flagging this quickly. Access to your online banking will be locked while we investigate. Our security team will verify your identity through a secure process, review recent changes and transactions, and help reset your details. Please tell us about any transaction you did not make, so it can be investigated. Please keep your reference number safe, and reply here if you need anything else."
"Hey, I have complained three times and nobody has solved my problem, I want to escalate. Thanks",RETAIL_EXCEPTION,formal_complaint_escalation,"I am sorry that your issue has not been resolved, and you have every right to escalate. I can register a formal complaint now, which will be given a reference number and reviewed by our complaints team, who will respond in writing within the time required. If you are not satisfied with the final response, you can take the matter to the external financial ombudsman. It helps if you share the dates and details of your previous contacts. If you would like, I can connect you with a human agent right now."
is there an atm near the airport? i need this sorted today.,FIND,find_ATM,"Absolutely, let me walk you through it. To locate an ATM, open the Locator in the app or on our website and search by city or landmark. Filters help you find machines that offer deposits, cheque drops or extended hours. Please remember that using an ATM outside our network may attract a fee. If you need any further help, just let me know."
"I need help. I forgot my password, how do I get it back? Not sure what to do.",PASSWORD,get_password,"You can recover access in a few steps. Select Forgot Password on the login screen, verify your identity with the one-time code sent to your registered number, and set a new password. If you no longer have access to that number, please visit a branch with your identification to update it. I am here if you need anything else."
"Excuse me, I want to dispute an ATM withdrawal of INR 1,540 from this morning. Thanks",ATM,dispute_ATM_withdrawal,"I will help you raise a dispute for the ATM withdrawal of INR 1,540. Please go to Disputes in the app, select the transaction and choose ATM Cash Issue, then give the date, time and ATM location if you have them. We will investigate with the ATM operator and most cases are reviewed within a few working days. If the ATM did not dispense the cash, the amount is usually credited back to your account. Please reach out again if anything is unclear."
"Excuse me, what are the rules for choosing a password? Not sure what to do.",PASSWORD,set_up_password,"Absolutely, let me walk you through it. New customers can create a password using the First Time Login option. Enter your customer ID, verify with a one-time code, then choose a password that meets the rules shown on screen. Please do not share it with anyone, including bank staff. If you need any further help, just let me know."
"good evening, what is the remaining balance on my mortgage? any idea what to do?",LOAN,check_mortgage_payments,"Absolutely, let me walk you through it. In the app, open Loans and select your mortgage to see your monthly payment, the next due date, the remaining balance and the split between interest and principal. Statements and a yearly interest certificate can also be downloaded from the documents section."
"Hello, please waive the overdraft charges, they are unfair. Any idea what to do",RETAIL_EXCEPTION,overdraft_fee_dispute,"Thanks for explaining. To review the fee, we need to see the order in which the deposit and the payments were processed. I will raise a request for the fee to be reviewed, and you will hear back with the outcome. In some cases, especially after a delayed salary, the fee can be waived. Please keep your reference number safe, and reply here if you need anything else."
"Hello there, there is an ATM transaction I dont recognise for 829 USD, how do I raise a dispute? Appreciate the help.",ATM,dispute_ATM_withdrawal,"Sorry about the trouble with the ATM. Please keep the receipt if you have one and raise a dispute through the app or by calling customer service. We will check the ATM records for the withdrawal and update you by message. If the money is confirmed as not dispensed, it will be returned to your account. Feel free to ask if you have any other questions."
"Good evening, my card got stuck in the machine this morning. Appreciate the help.",ATM,recover_swallowed_card,"I am sorry that the ATM kept your card. For your safety, I suggest blocking the card right away in the app. We will then arrange either collection from the ATM branch with identification or a replacement card sent to your address, usually within a few working days. I am here if you need anything else."
"Hey, how can I check how much credit I have left on my card",CARD,check_current_balance_on_card,"Sure, here is how this works. To check your balance, log in to net banking or the app and open Cards. The card summary shows your current balance, available credit and the last statement amount. Balances update in near real time, but very recent transactions can take a short while to appear."
I need help. How can I reset my forgotten mobile banking password? Appreciate the help.,PASSWORD,get_password,"I am sorry you are locked out. On the login page, tap Forgot Password and enter your customer ID. We will send a one-time code to your registered mobile number, and after you enter it you can choose a new password. For security reasons we can never tell you your old password."
"Quick question: I need help because I am struggling to repay my loan of 18,820 dollars. Please advise.",RETAIL_EXCEPTION,loan_hardship_request,"I am sorry you are facing this, and I am glad you reached out early. We have options for customers in financial difficulty, such as a temporary payment holiday, a longer tenure with lower instalments, or restructuring, depending on your situation. I will pass your request to our customer support team, who will review your income and expenses and discuss what is possible. Please try to keep making any payments you can, and avoid ignoring reminders, as talking to us early gives you more choices."
"Hi, how do I activate my new platinum credit card? Not sure what to do",CARD,activate_card,"Absolutely, let me walk you through it. You can activate your card in two easy ways. In the mobile app, go to Cards, pick your card, and tap Activate. If you prefer, call the phone banking number printed on the back of the card and follow the voice prompts. After verification your card will be active within a few minutes."
Urgent: how much do I still owe on my loan? Any idea what to do?,LOAN,check_loan_payments,"Of course, happy to help. To check your loan payments, log in and open Loans, then choose the loan. You will see what you have paid so far, what is left, and the next due date. If you would like to pay extra to reduce the balance, there is an option to make a part payment on the same screen. Let me know if there is anything more I can do for you."
"Hello there, the ATM kept my debit card and I cannot get it back. Not sure what to do",ATM,recover_swallowed_card,"Please do not worry, this happens sometimes. First, block the card in the app as a precaution until you have it back. Then contact the branch that owns the ATM or call customer service, and we will check if the card was retained by the machine. If it can be recovered you may collect it with valid photo ID, otherwise we will issue a replacement card to you. If you need any further help, just let me know."
"Hello, urgent, travelling and card blocked, I cannot pay my hotel. Please advise.",PAYMENT_EXCEPTION,card_declined_while_travelling,"Sorry about the inconvenience, especially while you are travelling. Please check that international transactions are enabled and that you have not reached your daily limit. Because this is urgent, I recommend calling the emergency line on the back of the card, where an agent can verify you and remove any block. Emergency cash or a replacement card can be arranged if needed. Please keep your reference number safe, and reply here if you need anything else."
"Hello there, I was charged more than expected because of the exchange rate on my purchase in Pune",PAYMENT_EXCEPTION,currency_conversion_dispute,"I understand the surprise. The debited amount comes from the exchange rate at the time of settlement, plus any conversion charges, and the shop may also offer to charge in your home currency at their own rate. I can flag your transaction for review so a specialist can confirm whether the correct rate was applied. If anything changes in the meantime, please let us know straight away."
"Hey, the other holder of my joint current account is not cooperating, what are my options? Thank you.",RETAIL_EXCEPTION,joint_account_dispute,"I am sorry you are going through this. Joint accounts are governed by the mandate that was agreed when they were opened, and changes such as removing a holder or freezing the account usually need the consent of all holders, or a legal instruction. I can arrange for a specialist to explain your options and what proof would be required. Please keep in mind that we cannot take sides, and for serious disputes it can help to seek legal advice. We will keep you updated by message until this is resolved."
"Hi, I am going to Chennai soon. Can you turn on international usage for my card? Not sure what to do.",CARD,activate_card_international_usage,"To use your card overseas, open Card Controls in the app and enable International Usage. It is a good idea to set a travel period and a daily limit. If you cannot use the app, phone banking can turn it on for you after verifying your identity. Please reach out again if anything is unclear."
"Hello there, I am confused and worried about a scam call asking for my details. Thank you.",RETAIL_EXCEPTION,vulnerable_customer_support,"Thank you for telling us, and please know that we are here to help in a way that works for you. We offer support such as large print or audio statements, assisted banking at branches, a dedicated helpline with priority handling and, in some areas, home visits. If you are worried about a suspicious call, please do not share any codes or personal details, and we will help you check it. I will connect you with our customer care specialists to set up the support you need. We will keep you updated by message until this is resolved."
"Hello, I want to cancel my prepaid card permanently.",CARD,cancel_card,"Certainly, I can help with that. To cancel a card, go to Cards in the mobile app, select your prepaid card and choose Cancel Card, or contact customer service. Before we close it, please clear any outstanding balance and cancel recurring payments linked to the card. Once cancelled, the card cannot be used again, and you can request a new one later if you change your mind. If you need any further help, just let me know."
"hey, my wire transfer has been under review for 5 days, i need the money urgently. thank you",PAYMENT_EXCEPTION,international_transfer_compliance_hold,"I understand this is frustrating. International payments can be held for a routine compliance review, which is a regulatory requirement, and we may ask for supporting documents such as an invoice, contract or proof of source of funds. I cannot see the full details of the review in this chat, so I will pass your case to our payments compliance team, who will contact you about what is needed. Providing the documents promptly usually speeds things up. Please keep your reference number safe, and reply here if you need anything else."
urgent: how do i send $873 to a friend's account? any idea what to do?,TRANSFER,make_transfer,"Absolutely, let me walk you through it. To make a transfer, log in to the app or net banking and go to Transfers. Add the payee by entering the name, account number and bank code, then confirm the payee with a one-time code. Enter the amount of $873, choose the payment method, review the details and confirm. You will get a confirmation message with a reference number. Feel free to ask if you have any other questions."
"Hi team, I need help because im struggling to repay my loan of EUR 216,240. Can you help me with this?",RETAIL_EXCEPTION,loan_hardship_request,"I am sorry you are facing this, and I am glad you reached out early. We have options for customers in financial difficulty, such as a temporary payment holiday, a longer tenure with lower instalments, or restructuring, depending on your situation. I will pass your request to our customer support team, who will review your income and expenses and discuss what is possible. Please try to keep making any payments you can, and avoid ignoring reminders, as talking to us early gives you more choices. You can ask for a human agent at any time and I will arrange it."
"Urgent: I paid 1,240 dollars once but the money left my account twice last Friday. Can you help me with this?",PAYMENT_EXCEPTION,duplicate_charge,"Thanks for letting us know. Please keep proof of your purchase and, if possible, the merchant receipt. We will open a dispute for the duplicate payment, and a specialist will review it with the merchant. Refunds usually take several working days once the duplicate is confirmed. If anything changes in the meantime, please let us know straight away."
Quick question: can I see my last transactions? Any idea what to do?,ACCOUNT,check_recent_transactions,"Absolutely, let me walk you through it. To review your recent activity, log in and choose the account, then select Recent Transactions. Pending items are shown separately from completed ones. If something looks unfamiliar, tap it to see the details and report it directly from that screen. Let me know if there is anything more I can do for you."
"I need help. I was charged twice by Swiggy for the same purchase of 2,450 dollars. Any idea what to do?",PAYMENT_EXCEPTION,duplicate_charge,"Thanks for letting us know. Please keep proof of your purchase and, if possible, the merchant receipt. We will open a dispute for the duplicate payment, and a specialist will review it with the merchant. Refunds usually take several working days once the duplicate is confirmed. You can ask for a human agent at any time and I will arrange it."
"hi team, my card got stuck in the machine last week. thank you.",ATM,recover_swallowed_card,"I am sorry that the ATM kept your card. For your safety, I suggest blocking the card right away in the app. We will then arrange either collection from the ATM branch with identification or a replacement card sent to your address, usually within a few working days."
"good morning, can u list all the charges for using the atm abroad? thank you.",FEES,check_fees,"Certainly, I can help with that. Fees depend on the type of account or service. You can find the full list in the app under Help and then Fees and Charges, including maintenance, ATM, transfer and card fees. If you tell me the specific service you are asking about, I can explain how that fee is calculated and when it applies. Feel free to ask if you have any other questions."
"Good evening, how can I add a new payee and transfer funds? Please advise.",TRANSFER,make_transfer,"Sure, here is how this works. You can send money in a few steps. Open Transfers, choose Send Money and select an existing payee or add a new one. Type in the amount, check the details carefully because transfers to the wrong account can be hard to reverse, and approve with your security code. Instant methods arrive within minutes, while standard transfers can take up to one working day. Feel free to ask if you have any other questions."
"Hi team, can I open an account online without visiting the branch? Appreciate the help.",ACCOUNT,create_account,"To start, choose the type of account that suits you, then fill in the application form online. You will need identity and address documents, and you may complete a short video verification. Once approved, your account details arrive by message and email, and your debit card is sent to your address. If you need any further help, just let me know."
"hey, i see a charge from starbucks for gbp 2,880 and i did not authorise it.",PAYMENT_EXCEPTION,card_fraud_unauthorized_transaction,"Thank you for reporting this quickly. Your card should be blocked immediately to prevent more misuse, and the disputed transactions will be flagged for our fraud team. They will review the details, and where a transaction is confirmed as fraudulent the amount is normally returned to your account after the investigation. A specialist will reach out to collect a few more details. You can ask for a human agent at any time and I will arrange it."
I need help. How do I file a formal complaint against the bank? Thank you,RETAIL_EXCEPTION,formal_complaint_escalation,"I am sorry that your issue has not been resolved, and you have every right to escalate. I can register a formal complaint now, which will be given a reference number and reviewed by our complaints team, who will respond in writing within the time required. If you are not satisfied with the final response, you can take the matter to the external financial ombudsman. It helps if you share the dates and details of your previous contacts. If you would like, I can connect you with a human agent right now."
Urgent: how can I avoid repossession of my house? Thanks.,RETAIL_EXCEPTION,mortgage_arrears_support,"I understand how worrying this is, and I want you to know that help is available. Please do not ignore the notice, because early contact gives us more options such as revising the payment plan, extending the term or a temporary arrangement. I will connect you with our specialist mortgage support team, who can go through the details with you in confidence. It is also worth getting free independent money advice alongside speaking to us."
I need help. Can u list all the charges for using the ATM abroad? Not sure what to do,FEES,check_fees,"I can help you understand the charges. Common fees include monthly maintenance, foreign transaction fees, ATM use outside our network and penalties for low balance. Your latest statement shows every fee that has been applied, and customer service can review any fee you believe was charged in error. If you need any further help, just let me know."
"urgent: my salary came late and i was penalised, can you reverse the fee?",RETAIL_EXCEPTION,overdraft_fee_dispute,"Thanks for explaining. To review the fee, we need to see the order in which the deposit and the payments were processed. I will raise a request for the fee to be reviewed, and you will hear back with the outcome. In some cases, especially after a delayed salary, the fee can be waived. If anything changes in the meantime, please let us know straight away."
"Excuse me, please enable international transactions on my card ending 5040. Please advise",CARD,activate_card_international_usage,"To use your card overseas, open Card Controls in the app and enable International Usage. It is a good idea to set a travel period and a daily limit. If you cannot use the app, phone banking can turn it on for you after verifying your identity. Please reach out again if anything is unclear."
"Good evening, when is my card annual fee charged and can it be waived? Please help.",CARD,check_card_annual_fee,"Of course, happy to help. Annual fees vary by card, and many cards waive the fee after a certain level of yearly spending. Please check Fees and Charges for your card in the app to see your amount and the anniversary date. If you would like to ask about a waiver, customer service can review your eligibility. Feel free to ask if you have any other questions."
"I want to apply for a personal loan of GBP 98,000.",LOAN,apply_for_loan,"Of course, happy to help. To apply for a loan, go to Loans in the app and select the type of loan you need. Enter the amount and tenure, upload the required documents and submit. Your eligibility is based on income, existing commitments and credit score, and you will see a decision and an offer once the review is complete. Let me know if there is anything more I can do for you."
"Hello there, what is the process to allow foreign transactions on my card before my trip? Appreciate the help.",CARD,activate_card_international_usage,"Thanks for reaching out, I can guide you through this. To use your card overseas, open Card Controls in the app and enable International Usage. It is a good idea to set a travel period and a daily limit. If you cannot use the app, phone banking can turn it on for you after verifying your identity."
"Hi team, do you have ATMs that accept cash deposits nearby? thx.",FIND,find_ATM,"Absolutely, let me walk you through it. To locate an ATM, open the Locator in the app or on our website and search by city or landmark. Filters help you find machines that offer deposits, cheque drops or extended hours. Please remember that using an ATM outside our network may attract a fee. Feel free to ask if you have any other questions."
I need help. How can I change my password to something stronger? Appreciate the help.,PASSWORD,set_up_password,"To set up or change your password, log in and go to Settings and then Security. Choose Change Password, enter your current password, and type the new one twice. A strong password uses at least eight characters with a mix of letters, numbers and symbols, and should not include your name or birth date. If you need any further help, just let me know."
"Quick question: I need a person to help me with this, not an automated reply. Any idea what to do?",CONTACT,human_agent,"Of course. I will connect you with a human agent now. Please stay in this chat, and it helps if you briefly describe your issue so the agent can pick up straight away. Waiting times can vary, and if it is not urgent you can also request a call back at a time that suits you. I am here if you need anything else."
"Good evening, pls tell me the reason my loan was denied. Please help.",RETAIL_EXCEPTION,loan_application_rejected_appeal,"I am sorry that your application was not approved. Decisions are based on factors such as income, existing debts, credit history and the value of the loan requested, and we can share the main reasons with you. You may ask for a review, especially if your circumstances have changed or if some information was missing. I will pass your request to a loans specialist who can explain the decision and suggest what may improve your chances next time. Please keep your reference number safe, and reply here if you need anything else."
"urgent: please block my card ending 4118, i think it was stolen. please help.",CARD,block_card,"I apologise for the trouble this has caused, let me help. You can block the card immediately in the mobile app. Go to Cards, choose the card and tap Block Card, then pick Lost or Stolen as the reason. The card stops working straight away and any new transactions are declined. We will then help you order a replacement, which usually arrives in a few working days. If you need any further help, just let me know."
"Good morning, pls cancel the loan I applied for this morning",LOAN,cancel_loan,"To cancel a loan application, tell us which application you mean and we will stop the process. Before disbursal there is normally no cost. After disbursal, the loan must be closed by repaying the outstanding amount, and we will give you the exact figure and any applicable charges. Feel free to ask if you have any other questions."
"Quick question: suspicious login on my account from another country, pls secure it. Any idea what to do",RETAIL_EXCEPTION,identity_theft_account_takeover,"Thank you for flagging this quickly. Access to your online banking will be locked while we investigate. Our security team will verify your identity through a secure process, review recent changes and transactions, and help reset your details. Please tell us about any transaction you did not make, so it can be investigated. You can ask for a human agent at any time and I will arrange it."
How can I check how much credit I have left on my card? Please advise.,CARD,check_current_balance_on_card,"Sure, here is how this works. To check your balance, log in to net banking or the app and open Cards. The card summary shows your current balance, available credit and the last statement amount. Balances update in near real time, but very recent transactions can take a short while to appear. Feel free to ask if you have any other questions."
"Hello there, we are separating and I want to stop my partner from withdrawing from our joint account. Please help.",RETAIL_EXCEPTION,joint_account_dispute,"Thank you for explaining. Changing the operating instruction on a joint account depends on the mandate, and sometimes a court order is needed. Our specialist team can review the account terms with you and tell you what can be done, such as requiring both signatures for withdrawals. I will connect you with them. We will keep you updated by message until this is resolved."
Find me a cash machine close to me. Thanks.,FIND,find_ATM,"Of course, happy to help. To locate an ATM, open the Locator in the app or on our website and search by city or landmark. Filters help you find machines that offer deposits, cheque drops or extended hours. Please remember that using an ATM outside our network may attract a fee. Please reach out again if anything is unclear."
"Urgent: I want to apply for a car loan of 371,200 dollars. Thanks",LOAN,apply_for_loan,"Sure, here is how this works. To apply for a loan, go to Loans in the app and select the type of loan you need. Enter the amount and tenure, upload the required documents and submit. Your eligibility is based on income, existing commitments and credit score, and you will see a decision and an offer once the review is complete. Please reach out again if anything is unclear."
I lost my debit card and need to block it right now. I need this sorted today,CARD,block_card,"I apologise for the trouble this has caused, let me help. To protect your money, block the card first. Use the app under Cards and Block, or call the 24 hour phone banking line and ask for an immediate block. Once blocked, please review your recent transactions and tell us about any you do not recognise so we can look into them."
"Hi, returned the item to Uber and still no money back. Not sure what to do",PAYMENT_EXCEPTION,refund_not_received,"I am sorry for the wait. Refunds from merchants usually take between five and ten working days to appear, depending on the merchant and the card network. Please ask Uber for the refund reference number or acquirer reference number, which lets us trace it. Once you share it, we can check whether the credit was received and, if not, raise an enquiry with the merchant bank. Please keep your reference number safe, and reply here if you need anything else."
please help: i want to know my outstanding amount on the credit card. please advise,CARD,check_current_balance_on_card,"Sure, here is how this works. To check your balance, log in to net banking or the app and open Cards. The card summary shows your current balance, available credit and the last statement amount. Balances update in near real time, but very recent transactions can take a short while to appear. If you need any further help, just let me know."
Quick question: can I see my last transactions?,ACCOUNT,check_recent_transactions,"Absolutely, let me walk you through it. To review your recent activity, log in and choose the account, then select Recent Transactions. Pending items are shown separately from completed ones. If something looks unfamiliar, tap it to see the details and report it directly from that screen. Feel free to ask if you have any other questions."
please help: can you explain the steps for a home loan application? please advise.,LOAN,apply_for_mortgage,"Sure, here is how this works. For a mortgage, the first step is to check how much you can borrow using the mortgage calculator in the app. Then submit an application with your identity, income and property details, and we will arrange a valuation of the property. After approval you receive a formal offer, and the funds are released to the seller once the legal formalities are complete. A deposit is usually needed, and the amount depends on the property value and your profile. Please reach out again if anything is unclear."
"We fell 8 weeks behind on the mortgage, what can we do? I need this sorted today.",RETAIL_EXCEPTION,mortgage_arrears_support,"I understand how worrying this is, and I want you to know that help is available. Please do not ignore the notice, because early contact gives us more options such as revising the payment plan, extending the term or a temporary arrangement. I will connect you with our specialist mortgage support team, who can go through the details with you in confidence. It is also worth getting free independent money advice alongside speaking to us."
urgent: what is the fastest way to send money to someone?,TRANSFER,make_transfer,"Sure, here is how this works. You can send money in a few steps. Open Transfers, choose Send Money and select an existing payee or add a new one. Type in the amount, check the details carefully because transfers to the wrong account can be hard to reverse, and approve with your security code. Instant methods arrive within minutes, while standard transfers can take up to one working day. Feel free to ask if you have any other questions."
Urgent: can I get someone to visit me at home for banking services? Not sure what to do.,RETAIL_EXCEPTION,vulnerable_customer_support,"Thank you for telling us, and please know that we are here to help in a way that works for you. We offer support such as large print or audio statements, assisted banking at branches, a dedicated helpline with priority handling and, in some areas, home visits. If you are worried about a suspicious call, please do not share any codes or personal details, and we will help you check it. I will connect you with our customer care specialists to set up the support you need. We will keep you updated by message until this is resolved."
i need help. why is my current account overdrawn? i never spent that much. thank you,RETAIL_EXCEPTION,overdraft_fee_dispute,"Thanks for explaining. To review the fee, we need to see the order in which the deposit and the payments were processed. I will raise a request for the fee to be reviewed, and you will hear back with the outcome. In some cases, especially after a delayed salary, the fee can be waived. You can ask for a human agent at any time and I will arrange it."
I want to cancel my mortgage application. Please advise.,LOAN,cancel_mortgage,"Of course, happy to help. To cancel a mortgage application, send a withdrawal request with your application reference. Any costs already incurred for valuation or legal checks may not be refundable. We will confirm the cancellation in writing and close the file. I am here if you need anything else."
"i need help. i would like to stop my card, it has an annual fee i do not want to pay. i need this sorted today.",CARD,cancel_card,"Of course, happy to help. I can guide you through cancelling your card. First check that there are no pending transactions or unpaid dues. Then submit a cancellation request through the app or by phone banking. You will get a confirmation message once the card is closed. Let me know if there is anything more I can do for you."
I am a new customer and want to create my login. Thanks.,PASSWORD,set_up_password,"Thanks for reaching out, I can guide you through this. New customers can create a password using the First Time Login option. Enter your customer ID, verify with a one-time code, then choose a password that meets the rules shown on screen. Please do not share it with anyone, including bank staff. Feel free to ask if you have any other questions."
How can I withdraw my home loan request? Pls help,LOAN,cancel_mortgage,"I can help you withdraw the mortgage application. Please contact our mortgage team through the app or at a branch and confirm the application reference. If the valuation or legal work has already started, some third party fees might still apply. Once cancelled, you will receive written confirmation. Let me know if there is anything more I can do for you."
"Good evening, the ATM kept my debit card and I cannot get it back. Thank you",ATM,recover_swallowed_card,"Please do not worry, this happens sometimes. First, block the card in the app as a precaution until you have it back. Then contact the branch that owns the ATM or call customer service, and we will check if the card was retained by the machine. If it can be recovered you may collect it with valid photo ID, otherwise we will issue a replacement card to you."
quick question: please tell me the current balance on the card ending 3849. thanks.,CARD,check_current_balance_on_card,"To check your balance, log in to net banking or the app and open Cards. The card summary shows your current balance, available credit and the last statement amount. Balances update in near real time, but very recent transactions can take a short while to appear. If you need any further help, just let me know."
"Hi, please unfreeze my account, I already submitted my documents last Friday.",RETAIL_EXCEPTION,account_frozen_kyc,"I am sorry for the inconvenience. A restriction usually means we need to verify or update some information. You can complete the update in the app under Profile and KYC, or visit a branch. If you have already submitted documents, I will ask the team to prioritise the review and update you. If anything changes in the meantime, please let us know straight away."
"my income has dropped, can you restructure my business loan? not sure what to do.",RETAIL_EXCEPTION,loan_hardship_request,"Thank you for being open about this. We treat hardship requests seriously and with respect. A specialist will contact you to understand your circumstances and explore ways to reduce the pressure, for example a payment break or revised repayment plan. They may ask for proof of the change in your income. Nothing is decided in this chat, but I will raise it as a priority. We will keep you updated by message until this is resolved."
"Please help: my refund of 702 USD is still missing, the shop says it was processed. Thank you.",PAYMENT_EXCEPTION,refund_not_received,"Thank you for the details. A refund can take some time after the merchant approves it. If it has been more than ten working days, please send us the refund confirmation from the merchant. We will trace the credit and follow up with the merchant bank on your behalf. If anything changes in the meantime, please let us know straight away."
"Good morning, how do I activate my new prepaid card? Please advise",CARD,activate_card,"First, open the mobile app or net banking and go to the Cards section. Then select your prepaid card and choose Activate Card. You will receive a one-time code on your registered mobile number, so enter it to confirm. Once that is done, the card is active and ready to use straight away."
"Hey, where is my refund, it has been 5 days?",PAYMENT_EXCEPTION,refund_not_received,"Thank you for the details. A refund can take some time after the merchant approves it. If it has been more than ten working days, please send us the refund confirmation from the merchant. We will trace the credit and follow up with the merchant bank on your behalf. If anything changes in the meantime, please let us know straight away."
"Hello, can I see my loan repayment schedule? Appreciate the help.",LOAN,check_loan_payments,"Absolutely, let me walk you through it. To check your loan payments, log in and open Loans, then choose the loan. You will see what you have paid so far, what is left, and the next due date. If you would like to pay extra to reduce the balance, there is an option to make a part payment on the same screen. Please reach out again if anything is unclear."
"Excuse me, I need to withdraw cash in Bangalore, where can I find one of your ATMs? Can you help me with this",FIND,find_ATM,"To locate an ATM, open the Locator in the app or on our website and search by city or landmark. Filters help you find machines that offer deposits, cheque drops or extended hours. Please remember that using an ATM outside our network may attract a fee. Let me know if there is anything more I can do for you."
"Hello, the bank stopped my big payment for GBP 11,150, why? Thanks.",PAYMENT_EXCEPTION,large_transaction_blocked,"Thank you for explaining. A large payment may exceed your set limit, or it may be waiting for extra verification. You can raise your limit in Card Controls after authentication, and the security team can release a held transaction after checking with you. Since it is time sensitive, shall I connect you to an agent now? If you would like, I can connect you with a human agent right now."
i need help. how do i file a formal complaint against the bank?,RETAIL_EXCEPTION,formal_complaint_escalation,"I am sorry that your issue has not been resolved, and you have every right to escalate. I can register a formal complaint now, which will be given a reference number and reviewed by our complaints team, who will respond in writing within the time required. If you are not satisfied with the final response, you can take the matter to the external financial ombudsman. It helps if you share the dates and details of your previous contacts. If anything changes in the meantime, please let us know straight away."
"Hi team, I paid in the local currency but was billed at a strange rate. Thank you.",PAYMENT_EXCEPTION,currency_conversion_dispute,"Thanks for raising this. When you pay in a foreign currency, the amount is converted at the network exchange rate on the day the transaction is settled, and a foreign currency fee may also apply, so the final figure can differ from what you saw at the shop. Please check the transaction details in the app for the rate and fee that were used. If you believe the amount is wrong, we can raise a query and a specialist will review it. If you would like, I can connect you with a human agent right now."
"i ordered from airbnb last weekend, the item is not what was shown, can i dispute the charge? appreciate the help.",PAYMENT_EXCEPTION,chargeback_request,Thank you for the details. A card dispute can be raised for items not received or not as described. We will need your order confirmation and any communication with the seller. Our disputes team will assess the claim and let you know whether the amount can be recovered. You can ask for a human agent at any time and I will arrange it.
Please explain how to apply for a loan online,LOAN,apply_for_loan,"To apply for a loan, go to Loans in the app and select the type of loan you need. Enter the amount and tenure, upload the required documents and submit. Your eligibility is based on income, existing commitments and credit score, and you will see a decision and an offer once the review is complete. If you need any further help, just let me know."
"Hello, please help me recover my login details. Please help.",PASSWORD,get_password,"I am sorry you are locked out. On the login page, tap Forgot Password and enter your customer ID. We will send a one-time code to your registered mobile number, and after you enter it you can choose a new password. For security reasons we can never tell you your old password. If you need any further help, just let me know."
"Hi team, I ordered from IKEA last night, the item is not what was shown, can I dispute the charge? Thanks.",PAYMENT_EXCEPTION,chargeback_request,"Thank you for the details. A card dispute can be raised for items not received or not as described. We will need your order confirmation and any communication with the seller. Our disputes team will assess the claim and let you know whether the amount can be recovered. Please keep your reference number safe, and reply here if you need anything else."
"hey, how can i enable my travel card for use abroad? i am travelling to bangalore.",CARD,activate_card_international_usage,"To use your card overseas, open Card Controls in the app and enable International Usage. It is a good idea to set a travel period and a daily limit. If you cannot use the app, phone banking can turn it on for you after verifying your identity."
"good evening, cancel my savings account and send me the balance. not sure what to do.",ACCOUNT,close_account,"Sure, here is how this works. To close the account, make sure there are no pending transactions, linked cards or loans. Request closure through the app under Account Services or visit a branch. We will transfer any remaining balance to the account you nominate and confirm once the account is closed. Feel free to ask if you have any other questions."
urgent: i want a written response to my complaint about business account charges.,RETAIL_EXCEPTION,formal_complaint_escalation,"I am sorry that your issue has not been resolved, and you have every right to escalate. I can register a formal complaint now, which will be given a reference number and reviewed by our complaints team, who will respond in writing within the time required. If you are not satisfied with the final response, you can take the matter to the external financial ombudsman. It helps if you share the dates and details of your previous contacts. We will keep you updated by message until this is resolved."
"Hi team, please put me through to a customer service representative.",CONTACT,human_agent,"Of course. I will connect you with a human agent now. Please stay in this chat, and it helps if you briefly describe your issue so the agent can pick up straight away. Waiting times can vary, and if it is not urgent you can also request a call back at a time that suits you."
Please put me through to a customer service representative. Thanks,CONTACT,human_agent,"Certainly, I can arrange for one of our advisors to help you. I am transferring you now, and I will share the details of our conversation so you do not need to repeat yourself. If the queue is long, you can choose to receive a call back instead. If you need any further help, just let me know."
Please help: I want to know my outstanding amount on the credit card. Please help.,CARD,check_current_balance_on_card,"Of course, happy to help. To check your balance, log in to net banking or the app and open Cards. The card summary shows your current balance, available credit and the last statement amount. Balances update in near real time, but very recent transactions can take a short while to appear. If you need any further help, just let me know."
"Good morning, where can I download my statement for the last 7 days?",ACCOUNT,check_recent_transactions,"To review your recent activity, log in and choose the account, then select Recent Transactions. Pending items are shown separately from completed ones. If something looks unfamiliar, tap it to see the details and report it directly from that screen. I am here if you need anything else."
"good morning, what are your support hours?",CONTACT,customer_service,"Sure, here is how this works. You can reach customer service by phone banking, through secure chat in the mobile app, or by email through the Contact Us section. Phone and chat support are available round the clock for urgent matters such as blocking a card, and other requests are handled during business hours. Please keep your customer ID handy so we can help you faster."
"hi team, where is the closest branch? any idea what to do",FIND,find_branch,"Certainly, I can help with that. To find a branch, enter your area or city in the Locator and choose Branches. Each listing shows the address, working hours and the services offered, such as loans or locker facilities. Most branches are open on weekdays and some are open on Saturday mornings. I am here if you need anything else."
"Hi team, we are separating and I want to stop my partner from withdrawing from our joint account. Thank you.",RETAIL_EXCEPTION,joint_account_dispute,"Thank you for explaining. Changing the operating instruction on a joint account depends on the mandate, and sometimes a court order is needed. Our specialist team can review the account terms with you and tell you what can be done, such as requiring both signatures for withdrawals. I will connect you with them. Please keep your reference number safe, and reply here if you need anything else."
"Someone may have my card details, how can I block the card immediately? Appreciate the help.",CARD,block_card,"I understand how stressful this must be, and I am here to help. To protect your money, block the card first. Use the app under Cards and Block, or call the 24 hour phone banking line and ask for an immediate block. Once blocked, please review your recent transactions and tell us about any you do not recognise so we can look into them."
"Hello, what is the process to claim the balance in my late mother's account? Any idea what to do?",RETAIL_EXCEPTION,deceased_account_holder,"I am very sorry for your loss. Please take your time, and we will make this as simple as we can. To begin, please inform us of the death by contacting our bereavement team, who will guide you personally. You will usually need a copy of the death certificate, your own identification and proof of your relationship, and if you are the nominee, the nomination details. Because this involves legal steps, a specialist will handle your request and explain the timeline. You can ask for a human agent at any time and I will arrange it."
"I sent EUR 861 and it is not credited, but it was debited from my account. Please advise.",PAYMENT_EXCEPTION,transfer_pending_stuck,"Sorry for the delay. A transfer can stay pending if the receiving bank is slow, if the details do not match, or if the payment is under review. I have noted the delay and a specialist team will trace the payment. If it cannot be completed, the money is returned to your account. If anything changes in the meantime, please let us know straight away."
I need help. I want to cancel my travel card permanently. Thank you.,CARD,cancel_card,"Thanks for reaching out, I can guide you through this. I can guide you through cancelling your card. First check that there are no pending transactions or unpaid dues. Then submit a cancellation request through the app or by phone banking. You will get a confirmation message once the card is closed. I am here if you need anything else."
"excuse me, i want to open a new account, what documents are required",ACCOUNT,create_account,"To start, choose the type of account that suits you, then fill in the application form online. You will need identity and address documents, and you may complete a short video verification. Once approved, your account details arrive by message and email, and your debit card is sent to your address."
"Urgent: the bank sent a notice about mortgage arrears, please help.",RETAIL_EXCEPTION,mortgage_arrears_support,"Thank you for reaching out. Falling behind on a mortgage is stressful, and there are steps we can explore together. A mortgage support specialist will review your account, your income and expenses, and discuss a plan that suits you. I am raising this as urgent so they contact you soon."
urgent: show me my recent activity on the student account.,ACCOUNT,check_recent_transactions,"Certainly, I can help with that. You can see recent transactions in the app or net banking. Open your student account and tap Transactions to view the latest activity, and use the filters to search by date or amount. Statements for earlier periods can be downloaded as a PDF from the Statements section. Let me know if there is anything more I can do for you."
How can I check how much credit I have left on my card? Please advise,CARD,check_current_balance_on_card,"To check your balance, log in to net banking or the app and open Cards. The card summary shows your current balance, available credit and the last statement amount. Balances update in near real time, but very recent transactions can take a short while to appear."
"Hello there, how do I set up a password for net banking? Not sure what to do",PASSWORD,set_up_password,"Certainly, I can help with that. To set up or change your password, log in and go to Settings and then Security. Choose Change Password, enter your current password, and type the new one twice. A strong password uses at least eight characters with a mix of letters, numbers and symbols, and should not include your name or birth date."
"Hi, dispute foreign exchange markup on my card transaction. Please help",PAYMENT_EXCEPTION,currency_conversion_dispute,"I understand the surprise. The debited amount comes from the exchange rate at the time of settlement, plus any conversion charges, and the shop may also offer to charge in your home currency at their own rate. I can flag your transaction for review so a specialist can confirm whether the correct rate was applied. Please keep your reference number safe, and reply here if you need anything else."
"Excuse me, is there an ATM near the central railway station? Pls advise",FIND,find_ATM,"To locate an ATM, open the Locator in the app or on our website and search by city or landmark. Filters help you find machines that offer deposits, cheque drops or extended hours. Please remember that using an ATM outside our network may attract a fee. Let me know if there is anything more I can do for you."
"Hello, how can I appeal a declined personal loan? Thanks.",RETAIL_EXCEPTION,loan_application_rejected_appeal,"I am sorry that your application was not approved. Decisions are based on factors such as income, existing debts, credit history and the value of the loan requested, and we can share the main reasons with you. You may ask for a review, especially if your circumstances have changed or if some information was missing. I will pass your request to a loans specialist who can explain the decision and suggest what may improve your chances next time. Please keep your reference number safe, and reply here if you need anything else."
"I need help. I have a visual impairment and cant read the statements, what support do u offer? Thanks.",RETAIL_EXCEPTION,vulnerable_customer_support,"Thank you for telling us, and please know that we are here to help in a way that works for you. We offer support such as large print or audio statements, assisted banking at branches, a dedicated helpline with priority handling and, in some areas, home visits. If you are worried about a suspicious call, please do not share any codes or personal details, and we will help you check it. I will connect you with our customer care specialists to set up the support you need."
"Hi, there is an ATM transaction I do not recognise for $1,720, how do I raise a dispute? Please advise.",ATM,dispute_ATM_withdrawal,"I will help you raise a dispute for the ATM withdrawal of $1,720. Please go to Disputes in the app, select the transaction and choose ATM Cash Issue, then give the date, time and ATM location if you have them. We will investigate with the ATM operator and most cases are reviewed within a few working days. If the ATM did not dispense the cash, the amount is usually credited back to your account. Let me know if there is anything more I can do for you."
"Hi, how do I open a salary account? Can you help me with this",ACCOUNT,create_account,"Sure, here is how this works. Opening a salary account is simple. You can apply online or at a branch by providing a valid photo ID, proof of address and a recent photograph. After we verify your details, the account is created and you will receive your account number and access to the app. Some accounts require a small opening deposit. Let me know if there is anything more I can do for you."
"good morning, what happens if i cancel my travel card, and how do i do it? appreciate the help",CARD,cancel_card,"Thanks for reaching out, I can guide you through this. To cancel a card, go to Cards in the mobile app, select your travel card and choose Cancel Card, or contact customer service. Before we close it, please clear any outstanding balance and cancel recurring payments linked to the card. Once cancelled, the card cannot be used again, and you can request a new one later if you change your mind. Feel free to ask if you have any other questions."
"Hello there, we are separating and I want to stop my partner from withdrawing from our joint account.",RETAIL_EXCEPTION,joint_account_dispute,"I am sorry you are going through this. Joint accounts are governed by the mandate that was agreed when they were opened, and changes such as removing a holder or freezing the account usually need the consent of all holders, or a legal instruction. I can arrange for a specialist to explain your options and what proof would be required. Please keep in mind that we cannot take sides, and for serious disputes it can help to seek legal advice. You can ask for a human agent at any time and I will arrange it."
"Hello there, I am a new customer and want to create my login. Thank you",PASSWORD,set_up_password,"Thanks for reaching out, I can guide you through this. New customers can create a password using the First Time Login option. Enter your customer ID, verify with a one-time code, then choose a password that meets the rules shown on screen. Please do not share it with anyone, including bank staff. Let me know if there is anything more I can do for you."
Pls help: what do I need to do before closing my current account,ACCOUNT,close_account,"I can explain how to close your current account. Please first clear any dues, cancel standing instructions and move the remaining balance to another account. Then submit a closure request through customer service or at a branch with valid identification. Once processed, you will receive written confirmation and the final statement."
"Quick question: I just received my platinum credit card in the mail, how can I start using it? Thank you.",CARD,activate_card,"Certainly, I can help with that. First, open the mobile app or net banking and go to the Cards section. Then select your platinum credit card and choose Activate Card. You will receive a one-time code on your registered mobile number, so enter it to confirm. Once that is done, the card is active and ready to use straight away."
When is my next car loan instalment due? Not sure what to do,LOAN,check_loan_payments,"To check your loan payments, log in and open Loans, then choose the loan. You will see what you have paid so far, what is left, and the next due date. If you would like to pay extra to reduce the balance, there is an option to make a part payment on the same screen. Feel free to ask if you have any other questions."
Please help: is there any joining or annual fee on the debit card? Appreciate the help.,CARD,check_card_annual_fee,"Thanks for reaching out, I can guide you through this. Annual fees vary by card, and many cards waive the fee after a certain level of yearly spending. Please check Fees and Charges for your card in the app to see your amount and the anniversary date. If you would like to ask about a waiver, customer service can review your eligibility. Please reach out again if anything is unclear."
"My income has dropped, can you restructure my home loan? Appreciate the help.",RETAIL_EXCEPTION,loan_hardship_request,"Thank you for being open about this. We treat hardship requests seriously and with respect. A specialist will contact you to understand your circumstances and explore ways to reduce the pressure, for example a payment break or revised repayment plan. They may ask for proof of the change in your income. Nothing is decided in this chat, but I will raise it as a priority. If you would like, I can connect you with a human agent right now."
"Hi team, the ATM gave me less money than what was debited from my account. Thank you.",ATM,dispute_ATM_withdrawal,"Sorry about the trouble with the ATM. Please keep the receipt if you have one and raise a dispute through the app or by calling customer service. We will check the ATM records for the withdrawal and update you by message. If the money is confirmed as not dispensed, it will be returned to your account. Please reach out again if anything is unclear."
"What is the process to get a mortgage for a house worth 389,360 USD? Please help",LOAN,apply_for_mortgage,"Applying for a home loan involves a few stages: an initial eligibility check, document submission, property valuation, formal approval and legal completion. A mortgage adviser can guide you at each stage. You can begin by booking a call from the Loans section of the app. Let me know if there is anything more I can do for you."
What is the fastest way to send money to someone? I need this sorted today.,TRANSFER,make_transfer,"You can send money in a few steps. Open Transfers, choose Send Money and select an existing payee or add a new one. Type in the amount, check the details carefully because transfers to the wrong account can be hard to reverse, and approve with your security code. Instant methods arrive within minutes, while standard transfers can take up to one working day. Let me know if there is anything more I can do for you."
I need help. How much do I still owe on my loan? Please help.,LOAN,check_loan_payments,"Of course, happy to help. To check your loan payments, log in and open Loans, then choose the loan. You will see what you have paid so far, what is left, and the next due date. If you would like to pay extra to reduce the balance, there is an option to make a part payment on the same screen. Please reach out again if anything is unclear."
I need help. What fees do you charge on my account?,FEES,check_fees,"Of course, happy to help. Fees depend on the type of account or service. You can find the full list in the app under Help and then Fees and Charges, including maintenance, ATM, transfer and card fees. If you tell me the specific service you are asking about, I can explain how that fee is calculated and when it applies. Feel free to ask if you have any other questions."
"Hello there, im a student and would like to start a savings account. Thanks.",ACCOUNT,create_account,"To start, choose the type of account that suits you, then fill in the application form online. You will need identity and address documents, and you may complete a short video verification. Once approved, your account details arrive by message and email, and your debit card is sent to your address. I am here if you need anything else."
Please help: is there a fee if my balance drops below the minimum? Can you help me with this?,FEES,check_fees,"Certainly, I can help with that. Fees depend on the type of account or service. You can find the full list in the app under Help and then Fees and Charges, including maintenance, ATM, transfer and card fees. If you tell me the specific service you are asking about, I can explain how that fee is calculated and when it applies. I am here if you need anything else."
"Excuse me, find me a cash machine close to me. Thank you.",FIND,find_ATM,"Thanks for reaching out, I can guide you through this. To locate an ATM, open the Locator in the app or on our website and search by city or landmark. Filters help you find machines that offer deposits, cheque drops or extended hours. Please remember that using an ATM outside our network may attract a fee. Feel free to ask if you have any other questions."
I need help. What is the process to allow foreign transactions on my card before my trip?,CARD,activate_card_international_usage,"To use your card overseas, open Card Controls in the app and enable International Usage. It is a good idea to set a travel period and a daily limit. If you cannot use the app, phone banking can turn it on for you after verifying your identity. I am here if you need anything else."
"good evening, please cancel the loan i applied for last week. thanks.",LOAN,cancel_loan,"Absolutely, let me walk you through it. To cancel a loan application, tell us which application you mean and we will stop the process. Before disbursal there is normally no cost. After disbursal, the loan must be closed by repaying the outstanding amount, and we will give you the exact figure and any applicable charges."
"hey, pls guide me through creating a new account. pls help.",ACCOUNT,create_account,"Certainly, I can help with that. To start, choose the type of account that suits you, then fill in the application form online. You will need identity and address documents, and you may complete a short video verification. Once approved, your account details arrive by message and email, and your debit card is sent to your address."
I need help. How can I withdraw my home loan request,LOAN,cancel_mortgage,"Thanks for reaching out, I can guide you through this. To cancel a mortgage application, send a withdrawal request with your application reference. Any costs already incurred for valuation or legal checks may not be refundable. We will confirm the cancellation in writing and close the file. Please reach out again if anything is unclear."
"Good morning, there is an ATM transaction I do not recognise for EUR 1,140, how do I raise a dispute? Please advise.",ATM,dispute_ATM_withdrawal,"I will help you raise a dispute for the ATM withdrawal of EUR 1,140. Please go to Disputes in the app, select the transaction and choose ATM Cash Issue, then give the date, time and ATM location if you have them. We will investigate with the ATM operator and most cases are reviewed within a few working days. If the ATM did not dispense the cash, the amount is usually credited back to your account. If you need any further help, just let me know."
I see a charge from Netflix for 405 USD and I did not authorise it.,PAYMENT_EXCEPTION,card_fraud_unauthorized_transaction,"Thank you for reporting this quickly. Your card should be blocked immediately to prevent more misuse, and the disputed transactions will be flagged for our fraud team. They will review the details, and where a transaction is confirmed as fraudulent the amount is normally returned to your account after the investigation. A specialist will reach out to collect a few more details. Please keep your reference number safe, and reply here if you need anything else."
"Hello there, how can I reset my forgotten mobile banking password? Please advise.",PASSWORD,get_password,"You can recover access in a few steps. Select Forgot Password on the login screen, verify your identity with the one-time code sent to your registered number, and set a new password. If you no longer have access to that number, please visit a branch with your identification to update it. Feel free to ask if you have any other questions."
"Hi team, please waive the overdraft charges, they are unfair. Not sure what to do",RETAIL_EXCEPTION,overdraft_fee_dispute,"Thanks for explaining. To review the fee, we need to see the order in which the deposit and the payments were processed. I will raise a request for the fee to be reviewed, and you will hear back with the outcome. In some cases, especially after a delayed salary, the fee can be waived."
What are the eligibility criteria for a student loan? Can you help me with this,LOAN,apply_for_loan,"You can apply for a student loan online or at a branch. Please keep your identity proof, address proof, recent salary slips or income proof, and bank statements ready. After you submit the application, we check your eligibility and credit history and share an offer with the interest rate and repayment plan. Once you accept, the money is usually credited within a few working days. If you need any further help, just let me know."
"I sent GBP 2,650 to the wrong person, can I cancel the transfer? Thank you.",TRANSFER,cancel_transfer,"Please act quickly. For transfers that have not been processed yet, use Cancel next to the transfer in your pending list. For completed transfers, raise a recall request from the same screen or through customer service, and keep the transaction reference handy. We will update you as soon as we hear back from the other bank. Feel free to ask if you have any other questions."
quick question: find me a cash machine close to me.,FIND,find_ATM,"Of course, happy to help. To locate an ATM, open the Locator in the app or on our website and search by city or landmark. Filters help you find machines that offer deposits, cheque drops or extended hours. Please remember that using an ATM outside our network may attract a fee. I am here if you need anything else."
Urgent: how can I enable my debit card for use abroad? im travelling to Amsterdam. Not sure what to do.,CARD,activate_card_international_usage,"International usage can be switched on from the mobile app. Go to Cards, select your debit card, open Card Controls and turn on International Transactions. You can also set the dates of your trip and a spending limit for extra safety. Changes usually take effect within a few minutes, so please do it before you leave. Let me know if there is anything more I can do for you."
"Excuse me, what is the process to get a mortgage for a house worth 157,170 USD? Not sure what to do.",LOAN,apply_for_mortgage,"Absolutely, let me walk you through it. Applying for a home loan involves a few stages: an initial eligibility check, document submission, property valuation, formal approval and legal completion. A mortgage adviser can guide you at each stage. You can begin by booking a call from the Loans section of the app."
Quick question: can I cancel my loan after it was approved but before receiving the money,LOAN,cancel_loan,"Sure, here is how this works. To cancel a loan application, tell us which application you mean and we will stop the process. Before disbursal there is normally no cost. After disbursal, the loan must be closed by repaying the outstanding amount, and we will give you the exact figure and any applicable charges. I am here if you need anything else."
"hello, i cannot afford my mortgage after the rate increase. appreciate the help.",RETAIL_EXCEPTION,mortgage_arrears_support,"Thank you for reaching out. Falling behind on a mortgage is stressful, and there are steps we can explore together. A mortgage support specialist will review your account, your income and expenses, and discuss a plan that suits you. I am raising this as urgent so they contact you soon. If anything changes in the meantime, please let us know straight away."
"How do I send 1,640 USD to a friend's account? Thanks",TRANSFER,make_transfer,"You can send money in a few steps. Open Transfers, choose Send Money and select an existing payee or add a new one. Type in the amount, check the details carefully because transfers to the wrong account can be hard to reverse, and approve with your security code. Instant methods arrive within minutes, while standard transfers can take up to one working day. If you need any further help, just let me know."
"quick question: double debit on my card for makemytrip, please fix. please help.",PAYMENT_EXCEPTION,duplicate_charge,"Thanks for letting us know. Please keep proof of your purchase and, if possible, the merchant receipt. We will open a dispute for the duplicate payment, and a specialist will review it with the merchant. Refunds usually take several working days once the duplicate is confirmed. We will keep you updated by message until this is resolved."
"hello there, please put me through to a customer service representative. i need this sorted today",CONTACT,human_agent,"Certainly, I can arrange for one of our advisors to help you. I am transferring you now, and I will share the details of our conversation so you do not need to repeat yourself. If the queue is long, you can choose to receive a call back instead. I am here if you need anything else."
"hello there, can i open an account online without visiting the branch?",ACCOUNT,create_account,"To start, choose the type of account that suits you, then fill in the application form online. You will need identity and address documents, and you may complete a short video verification. Once approved, your account details arrive by message and email, and your debit card is sent to your address. Feel free to ask if you have any other questions."
"hi team, what happens to my mortgage application if i cancel it now",LOAN,cancel_mortgage,"To cancel a mortgage application, send a withdrawal request with your application reference. Any costs already incurred for valuation or legal checks may not be refundable. We will confirm the cancellation in writing and close the file. I am here if you need anything else."
When is my next mortgage payment due? Thanks.,LOAN,check_mortgage_payments,"Sure, here is how this works. In the app, open Loans and select your mortgage to see your monthly payment, the next due date, the remaining balance and the split between interest and principal. Statements and a yearly interest certificate can also be downloaded from the documents section."
I need help. How do I activate my new prepaid card?,CARD,activate_card,"Thanks for reaching out, I can guide you through this. First, open the mobile app or net banking and go to the Cards section. Then select your prepaid card and choose Activate Card. You will receive a one-time code on your registered mobile number, so enter it to confirm. Once that is done, the card is active and ready to use straight away."
"Hello, the ATM gave me less money than what was debited from my account. Can you help me with this",ATM,dispute_ATM_withdrawal,"Sorry about the trouble with the ATM. Please keep the receipt if you have one and raise a dispute through the app or by calling customer service. We will check the ATM records for the withdrawal and update you by message. If the money is confirmed as not dispensed, it will be returned to your account. Please reach out again if anything is unclear."
"Excuse me, I sent 2,310 USD to the wrong person, can I cancel the transfer? Not sure what to do.",TRANSFER,cancel_transfer,"Please act quickly. For transfers that have not been processed yet, use Cancel next to the transfer in your pending list. For completed transfers, raise a recall request from the same screen or through customer service, and keep the transaction reference handy. We will update you as soon as we hear back from the other bank."
I got a message that my password was changed and I did not do it. Please advise.,RETAIL_EXCEPTION,identity_theft_account_takeover,"I am very sorry, and I will treat this as urgent. To protect you, we should restrict access to your account and cards immediately, and I am escalating this to our fraud and security team now. Please do not use the same password anywhere else, avoid clicking links in unexpected messages, and keep a note of any suspicious messages or calls. A specialist will contact you on a verified number to restore your access and review the activity. Please keep your reference number safe, and reply here if you need anything else."
Cancel my savings account and send me the balance. Please help.,ACCOUNT,close_account,"To close the account, make sure there are no pending transactions, linked cards or loans. Request closure through the app under Account Services or visit a branch. We will transfer any remaining balance to the account you nominate and confirm once the account is closed. Feel free to ask if you have any other questions."
"Excuse me, I need to withdraw cash in Mumbai, where can I find one of your ATMs? Any idea what to do?",FIND,find_ATM,"To locate an ATM, open the Locator in the app or on our website and search by city or landmark. Filters help you find machines that offer deposits, cheque drops or extended hours. Please remember that using an ATM outside our network may attract a fee."
"Hi team, urgent, travelling and card blocked, I cannot pay my hotel. Please advise.",PAYMENT_EXCEPTION,card_declined_while_travelling,"Sorry about the inconvenience, especially while you are travelling. Please check that international transactions are enabled and that you have not reached your daily limit. Because this is urgent, I recommend calling the emergency line on the back of the card, where an agent can verify you and remove any block. Emergency cash or a replacement card can be arranged if needed. We will keep you updated by message until this is resolved."
"Excuse me, what is the fastest way to send money to someone? Appreciate the help",TRANSFER,make_transfer,"Absolutely, let me walk you through it. You can send money in a few steps. Open Transfers, choose Send Money and select an existing payee or add a new one. Type in the amount, check the details carefully because transfers to the wrong account can be hard to reverse, and approve with your security code. Instant methods arrive within minutes, while standard transfers can take up to one working day. Feel free to ask if you have any other questions."
"quick question: i want to make a large purchase of eur 45,250 but my card keeps getting declined.",PAYMENT_EXCEPTION,large_transaction_blocked,"I understand the urgency. Large payments can be blocked because they go over your daily limit or because our security systems flagged them for extra checks. I cannot release a held payment from this chat, but I can help you confirm it is genuine. Please approve any alert on your app, or I can connect you to a specialist who will verify you and, where possible, release the payment or raise your limit temporarily. If you would like, I can connect you with a human agent right now."
I need help. How much is the fee for an international transfer? Any idea what to do?,FEES,check_fees,"Fees depend on the type of account or service. You can find the full list in the app under Help and then Fees and Charges, including maintenance, ATM, transfer and card fees. If you tell me the specific service you are asking about, I can explain how that fee is calculated and when it applies. Feel free to ask if you have any other questions."
I need help. Cancel my savings account and send me the balance. Not sure what to do.,ACCOUNT,close_account,"Certainly, I can help with that. To close the account, make sure there are no pending transactions, linked cards or loans. Request closure through the app under Account Services or visit a branch. We will transfer any remaining balance to the account you nominate and confirm once the account is closed. Feel free to ask if you have any other questions."
Urgent: how do I stop a transfer I made last night? Please help.,TRANSFER,cancel_transfer,"Thanks for reaching out, I can guide you through this. Please act quickly. For transfers that have not been processed yet, use Cancel next to the transfer in your pending list. For completed transfers, raise a recall request from the same screen or through customer service, and keep the transaction reference handy. We will update you as soon as we hear back from the other bank. Please reach out again if anything is unclear."
"Hey, what do I need to do before closing my business account?",ACCOUNT,close_account,"Of course, happy to help. To close the account, make sure there are no pending transactions, linked cards or loans. Request closure through the app under Account Services or visit a branch. We will transfer any remaining balance to the account you nominate and confirm once the account is closed. Let me know if there is anything more I can do for you."
"Good evening, I need to transfer money to another bank, what are the steps? Thank you.",TRANSFER,make_transfer,"Thanks for reaching out, I can guide you through this. You can send money in a few steps. Open Transfers, choose Send Money and select an existing payee or add a new one. Type in the amount, check the details carefully because transfers to the wrong account can be hard to reverse, and approve with your security code. Instant methods arrive within minutes, while standard transfers can take up to one working day."
Quick question: my legal name has changed and my cards still show the old one. Not sure what to do.,RETAIL_EXCEPTION,legal_name_change,"To change your name in our records, we need proof of the legal name change, such as a marriage certificate, a gazette notification or a deed poll, together with your identification. Please upload the documents in the app under Profile or visit a branch, and we will update your accounts and cards. Because this affects several products, the update may take a few working days, and we will notify you when it is complete. We will keep you updated by message until this is resolved."
What documents do I need to update my name with the bank?,RETAIL_EXCEPTION,legal_name_change,"To change your name in our records, we need proof of the legal name change, such as a marriage certificate, a gazette notification or a deed poll, together with your identification. Please upload the documents in the app under Profile or visit a branch, and we will update your accounts and cards. Because this affects several products, the update may take a few working days, and we will notify you when it is complete. You can ask for a human agent at any time and I will arrange it."
Please help: I lost my debit card and need to block it right now.,CARD,block_card,"You can block the card immediately in the mobile app. Go to Cards, choose the card and tap Block Card, then pick Lost or Stolen as the reason. The card stops working straight away and any new transactions are declined. We will then help you order a replacement, which usually arrives in a few working days."
How much is my monthly mortgage payment? Can you help me with this,LOAN,check_mortgage_payments,"Your mortgage details are available under Loans. There you can view the payment amount, upcoming due dates, the balance still owed and a summary of interest paid. If your payment changes because of a rate change, we will notify you in advance. Let me know if there is anything more I can do for you."
"My father passed away recently, how do I access his current account?",RETAIL_EXCEPTION,deceased_account_holder,"My condolences to you and your family. Accounts of a deceased customer are handled by a dedicated team with care. Please share the death certificate and your identification, and they will explain how the balance is released to the nominee or legal heir and how the account is closed. I will connect you with them, so you do not have to repeat yourself. You can ask for a human agent at any time and I will arrange it."
"Hey, I am going to London soon. Can you turn on international usage for my card? I need this sorted today.",CARD,activate_card_international_usage,"To use your card overseas, open Card Controls in the app and enable International Usage. It is a good idea to set a travel period and a daily limit. If you cannot use the app, phone banking can turn it on for you after verifying your identity. Feel free to ask if you have any other questions."
"Hello, please tell me the current balance on the card ending 1158. Pls advise.",CARD,check_current_balance_on_card,"Certainly, I can help with that. To check your balance, log in to net banking or the app and open Cards. The card summary shows your current balance, available credit and the last statement amount. Balances update in near real time, but very recent transactions can take a short while to appear. Let me know if there is anything more I can do for you."
"Hello, I want a written response to my complaint about current account charges. Any idea what to do",RETAIL_EXCEPTION,formal_complaint_escalation,"I am sorry that your issue has not been resolved, and you have every right to escalate. I can register a formal complaint now, which will be given a reference number and reviewed by our complaints team, who will respond in writing within the time required. If you are not satisfied with the final response, you can take the matter to the external financial ombudsman. It helps if you share the dates and details of your previous contacts. Please keep your reference number safe, and reply here if you need anything else."
"Hey, how can I contact customer service? Please advise.",CONTACT,customer_service,"You can reach customer service by phone banking, through secure chat in the mobile app, or by email through the Contact Us section. Phone and chat support are available round the clock for urgent matters such as blocking a card, and other requests are handled during business hours. Please keep your customer ID handy so we can help you faster."
"I want to reverse the payment I just made, is that possible? Thanks.",TRANSFER,cancel_transfer,"Please act quickly. For transfers that have not been processed yet, use Cancel next to the transfer in your pending list. For completed transfers, raise a recall request from the same screen or through customer service, and keep the transaction reference handy. We will update you as soon as we hear back from the other bank."
"My international transfer of 2,400 dollars to Sydney is on hold and nobody tells me why. Can you help me with this",PAYMENT_EXCEPTION,international_transfer_compliance_hold,"I understand this is frustrating. International payments can be held for a routine compliance review, which is a regulatory requirement, and we may ask for supporting documents such as an invoice, contract or proof of source of funds. I cannot see the full details of the review in this chat, so I will pass your case to our payments compliance team, who will contact you about what is needed. Providing the documents promptly usually speeds things up. If you would like, I can connect you with a human agent right now."
"Hi, what happens if I cancel my platinum credit card, and how do I do it? Appreciate the help.",CARD,cancel_card,"Certainly, I can help with that. I can guide you through cancelling your card. First check that there are no pending transactions or unpaid dues. Then submit a cancellation request through the app or by phone banking. You will get a confirmation message once the card is closed. I am here if you need anything else."
"hello there, i want to open a new account, what documents are required? thanks",ACCOUNT,create_account,"Absolutely, let me walk you through it. To start, choose the type of account that suits you, then fill in the application form online. You will need identity and address documents, and you may complete a short video verification. Once approved, your account details arrive by message and email, and your debit card is sent to your address."
"Hello there, I need to withdraw cash in Rome, where can I find one of your ATMs? Any idea what to do?",FIND,find_ATM,"Of course, happy to help. To locate an ATM, open the Locator in the app or on our website and search by city or landmark. Filters help you find machines that offer deposits, cheque drops or extended hours. Please remember that using an ATM outside our network may attract a fee. Let me know if there is anything more I can do for you."
"Excuse me, how can I change my password to something stronger? Any idea what to do?",PASSWORD,set_up_password,"To set up or change your password, log in and go to Settings and then Security. Choose Change Password, enter your current password, and type the new one twice. A strong password uses at least eight characters with a mix of letters, numbers and symbols, and should not include your name or birth date."
"hello, how can i reset my forgotten mobile banking password? please help.",PASSWORD,get_password,"You can recover access in a few steps. Select Forgot Password on the login screen, verify your identity with the one-time code sent to your registered number, and set a new password. If you no longer have access to that number, please visit a branch with your identification to update it. Please reach out again if anything is unclear."
I think I paid the wrong person INR 170 and I am panicking.,PAYMENT_EXCEPTION,transfer_wrong_account,"Please stay calm, and thank you for telling us quickly, because speed matters. Payments to a wrong account cannot always be reversed, but we can send a recall request to the receiving bank for the INR 170. Please share the transaction reference, the date and the account number you used. We will contact the other bank and, if the account holder agrees or the funds are still available, the money can be returned. If you would like, I can connect you with a human agent right now."
"Good evening, please tell me the reason my loan was denied. Any idea what to do?",RETAIL_EXCEPTION,loan_application_rejected_appeal,"I am sorry that your application was not approved. Decisions are based on factors such as income, existing debts, credit history and the value of the loan requested, and we can share the main reasons with you. You may ask for a review, especially if your circumstances have changed or if some information was missing. I will pass your request to a loans specialist who can explain the decision and suggest what may improve your chances next time. If you would like, I can connect you with a human agent right now."
"Good evening, im going to Istanbul soon. Can u turn on international usage for my card? Thank you",CARD,activate_card_international_usage,"Certainly, I can help with that. To use your card overseas, open Card Controls in the app and enable International Usage. It is a good idea to set a travel period and a daily limit. If you cannot use the app, phone banking can turn it on for you after verifying your identity. Feel free to ask if you have any other questions."
"Hey, my credit card does not work outside the country, how do I switch on overseas payments? thx.",CARD,activate_card_international_usage,"Absolutely, let me walk you through it. To use your card overseas, open Card Controls in the app and enable International Usage. It is a good idea to set a travel period and a daily limit. If you cannot use the app, phone banking can turn it on for you after verifying your identity."
"Please block my card ending 5853, I think it was stolen. Thank you.",CARD,block_card,"That sounds frustrating, and I will do my best to help you resolve it. You can block the card immediately in the mobile app. Go to Cards, choose the card and tap Block Card, then pick Lost or Stolen as the reason. The card stops working straight away and any new transactions are declined. We will then help you order a replacement, which usually arrives in a few working days. If you need any further help, just let me know."
Quick question: how do I authorise someone to handle my banking on my behalf? Can you help me with this?,RETAIL_EXCEPTION,power_of_attorney_request,"I am sorry to hear that. Managing another person's account requires a valid legal authority, such as a registered power of attorney, and we need to verify it before giving access. Please prepare the original or certified copy of the document, your identification and the account holder details. A specialist will check the paperwork and explain what your authority allows, and I will arrange for them to contact you. If anything changes in the meantime, please let us know straight away."
"Good evening, can I see my last transactions? Not sure what to do.",ACCOUNT,check_recent_transactions,"To review your recent activity, log in and choose the account, then select Recent Transactions. Pending items are shown separately from completed ones. If something looks unfamiliar, tap it to see the details and report it directly from that screen. Feel free to ask if you have any other questions."
"Quick question: my income has dropped, can u restructure my home loan?",RETAIL_EXCEPTION,loan_hardship_request,"I am sorry you are facing this, and I am glad you reached out early. We have options for customers in financial difficulty, such as a temporary payment holiday, a longer tenure with lower instalments, or restructuring, depending on your situation. I will pass your request to our customer support team, who will review your income and expenses and discuss what is possible. Please try to keep making any payments you can, and avoid ignoring reminders, as talking to us early gives you more choices. If anything changes in the meantime, please let us know straight away."
Please help: can you explain the steps for a home loan application,LOAN,apply_for_mortgage,"Certainly, I can help with that. For a mortgage, the first step is to check how much you can borrow using the mortgage calculator in the app. Then submit an application with your identity, income and property details, and we will arrange a valuation of the property. After approval you receive a formal offer, and the funds are released to the seller once the legal formalities are complete. A deposit is usually needed, and the amount depends on the property value and your profile. Feel free to ask if you have any other questions."
"Hello there, I need to withdraw cash in Hyderabad, where can I find one of your ATMs? Appreciate the help.",FIND,find_ATM,"Certainly, I can help with that. To locate an ATM, open the Locator in the app or on our website and search by city or landmark. Filters help you find machines that offer deposits, cheque drops or extended hours. Please remember that using an ATM outside our network may attract a fee. I am here if you need anything else."
"hey, cash was not dispensed at the atm yet my account was debited. appreciate the help.",ATM,dispute_ATM_withdrawal,"Sorry about the trouble with the ATM. Please keep the receipt if you have one and raise a dispute through the app or by calling customer service. We will check the ATM records for the withdrawal and update you by message. If the money is confirmed as not dispensed, it will be returned to your account."
"hello there, someone changed my phone number and email on my account and i am locked out. please advise.",RETAIL_EXCEPTION,identity_theft_account_takeover,"I am very sorry, and I will treat this as urgent. To protect you, we should restrict access to your account and cards immediately, and I am escalating this to our fraud and security team now. Please do not use the same password anywhere else, avoid clicking links in unexpected messages, and keep a note of any suspicious messages or calls. A specialist will contact you on a verified number to restore your access and review the activity. Please keep your reference number safe, and reply here if you need anything else."
How do I start a chargeback for a service that was not delivered? Thank you.,PAYMENT_EXCEPTION,chargeback_request,"Thank you for the details. A card dispute can be raised for items not received or not as described. We will need your order confirmation and any communication with the seller. Our disputes team will assess the claim and let you know whether the amount can be recovered. If you would like, I can connect you with a human agent right now."
Please help: I want to cancel my debit card permanently. Appreciate the help,CARD,cancel_card,"I can guide you through cancelling your card. First check that there are no pending transactions or unpaid dues. Then submit a cancellation request through the app or by phone banking. You will get a confirmation message once the card is closed. If you need any further help, just let me know."
"Excuse me, there are transactions of EUR 936 on my card that I never made, I think my card was hacked. Can you help me with this",PAYMENT_EXCEPTION,card_fraud_unauthorized_transaction,"Thank you for reporting this quickly. Your card should be blocked immediately to prevent more misuse, and the disputed transactions will be flagged for our fraud team. They will review the details, and where a transaction is confirmed as fraudulent the amount is normally returned to your account after the investigation. A specialist will reach out to collect a few more details. If you would like, I can connect you with a human agent right now."
"somebody used my credit card to buy things i do not recognise, this is fraud. please advise.",PAYMENT_EXCEPTION,card_fraud_unauthorized_transaction,"Thank you for reporting this quickly. Your card should be blocked immediately to prevent more misuse, and the disputed transactions will be flagged for our fraud team. They will review the details, and where a transaction is confirmed as fraudulent the amount is normally returned to your account after the investigation. A specialist will reach out to collect a few more details. You can ask for a human agent at any time and I will arrange it."
Urgent: when is my next home loan instalment due? Any idea what to do?,LOAN,check_loan_payments,"Absolutely, let me walk you through it. To check your loan payments, log in and open Loans, then choose the loan. You will see what you have paid so far, what is left, and the next due date. If you would like to pay extra to reduce the balance, there is an option to make a part payment on the same screen. Feel free to ask if you have any other questions."
"i need help. my refund of $293 is still missing, the shop says it was processed. please advise.",PAYMENT_EXCEPTION,refund_not_received,"Thank you for the details. A refund can take some time after the merchant approves it. If it has been more than ten working days, please send us the refund confirmation from the merchant. We will trace the credit and follow up with the merchant bank on your behalf. We will keep you updated by message until this is resolved."
Please help: do you have ATMs that accept cash deposits nearby? Can you help me with this?,FIND,find_ATM,"To locate an ATM, open the Locator in the app or on our website and search by city or landmark. Filters help you find machines that offer deposits, cheque drops or extended hours. Please remember that using an ATM outside our network may attract a fee. Please reach out again if anything is unclear."
"Excuse me, help, the cash machine did not return my card. Thanks.",ATM,recover_swallowed_card,"I am sorry that the ATM kept your card. For your safety, I suggest blocking the card right away in the app. We will then arrange either collection from the ATM branch with identification or a replacement card sent to your address, usually within a few working days."
"Good morning, pls enable international transactions on my card ending 6266. Not sure what to do",CARD,activate_card_international_usage,"Thanks for reaching out, I can guide you through this. To use your card overseas, open Card Controls in the app and enable International Usage. It is a good idea to set a travel period and a daily limit. If you cannot use the app, phone banking can turn it on for you after verifying your identity. Please reach out again if anything is unclear."
"Please help: I need to transfer money to another bank, what are the steps",TRANSFER,make_transfer,"You can send money in a few steps. Open Transfers, choose Send Money and select an existing payee or add a new one. Type in the amount, check the details carefully because transfers to the wrong account can be hard to reverse, and approve with your security code. Instant methods arrive within minutes, while standard transfers can take up to one working day."
"hi, the atm did not give me the full cash but the money was deducted, i withdrew 2,950 usd. not sure what to do.",ATM,dispute_ATM_withdrawal,"Sorry about the trouble with the ATM. Please keep the receipt if you have one and raise a dispute through the app or by calling customer service. We will check the ATM records for the withdrawal and update you by message. If the money is confirmed as not dispensed, it will be returned to your account. If you need any further help, just let me know."
"Urgent: I would like to stop my card, it has an annual fee I do not want to pay. Appreciate the help",CARD,cancel_card,"Certainly, I can help with that. I can guide you through cancelling your card. First check that there are no pending transactions or unpaid dues. Then submit a cancellation request through the app or by phone banking. You will get a confirmation message once the card is closed. I am here if you need anything else."
"Hi, I want to make a large purchase of GBP 39,670 but my card keeps getting declined. Thank you.",PAYMENT_EXCEPTION,large_transaction_blocked,"Thank you for explaining. A large payment may exceed your set limit, or it may be waiting for extra verification. You can raise your limit in Card Controls after authentication, and the security team can release a held transaction after checking with you. Since it is time sensitive, shall I connect you to an agent now? You can ask for a human agent at any time and I will arrange it."
I need help. What are the rules for choosing a password? Please help,PASSWORD,set_up_password,"Thanks for reaching out, I can guide you through this. New customers can create a password using the First Time Login option. Enter your customer ID, verify with a one-time code, then choose a password that meets the rules shown on screen. Please do not share it with anyone, including bank staff. Feel free to ask if you have any other questions."
"Hey, what are the eligibility criteria for a business loan? I need this sorted today",LOAN,apply_for_loan,"To apply for a loan, go to Loans in the app and select the type of loan you need. Enter the amount and tenure, upload the required documents and submit. Your eligibility is based on income, existing commitments and credit score, and you will see a decision and an offer once the review is complete. I am here if you need anything else."
"Good evening, I have complained three times and nobody has solved my problem, I want to escalate. Not sure what to do.",RETAIL_EXCEPTION,formal_complaint_escalation,"I am sorry that your issue has not been resolved, and you have every right to escalate. I can register a formal complaint now, which will be given a reference number and reviewed by our complaints team, who will respond in writing within the time required. If you are not satisfied with the final response, you can take the matter to the external financial ombudsman. It helps if you share the dates and details of your previous contacts. If anything changes in the meantime, please let us know straight away."
"Hey, how much do I still owe on my loan? Pls advise",LOAN,check_loan_payments,"To check your loan payments, log in and open Loans, then choose the loan. You will see what you have paid so far, what is left, and the next due date. If you would like to pay extra to reduce the balance, there is an option to make a part payment on the same screen."
"Hello, my wire transfer has been under review for 2 days, I need the money urgently. Not sure what to do.",PAYMENT_EXCEPTION,international_transfer_compliance_hold,"Thank you for your patience. Some cross border payments are checked before release, and I am not able to share the specific reason for a review. Please keep supporting documents ready. I am escalating your transfer to a specialist team, who will tell you what is required and the expected timing. Please keep your reference number safe, and reply here if you need anything else."
"i cant log in to net banking, i do not remember my password. i need this sorted today.",PASSWORD,get_password,"I am sorry you are locked out. On the login page, tap Forgot Password and enter your customer ID. We will send a one-time code to your registered mobile number, and after you enter it you can choose a new password. For security reasons we can never tell you your old password. Please reach out again if anything is unclear."
"I need to visit a branch, can you help me find one? Any idea what to do",FIND,find_branch,"To find a branch, enter your area or city in the Locator and choose Branches. Each listing shows the address, working hours and the services offered, such as loans or locker facilities. Most branches are open on weekdays and some are open on Saturday mornings. I am here if you need anything else."
can i see how much interest i have paid on my home loan? please advise,LOAN,check_mortgage_payments,"In the app, open Loans and select your mortgage to see your monthly payment, the next due date, the remaining balance and the split between interest and principal. Statements and a yearly interest certificate can also be downloaded from the documents section. Feel free to ask if you have any other questions."
"Good morning, I want to cancel my platinum credit card permanently. Any idea what to do?",CARD,cancel_card,"Absolutely, let me walk you through it. To cancel a card, go to Cards in the mobile app, select your platinum credit card and choose Cancel Card, or contact customer service. Before we close it, please clear any outstanding balance and cancel recurring payments linked to the card. Once cancelled, the card cannot be used again, and you can request a new one later if you change your mind. Please reach out again if anything is unclear."
What is the annual fee for my platinum credit card? I need this sorted today.,CARD,check_card_annual_fee,"Annual fees vary by card, and many cards waive the fee after a certain level of yearly spending. Please check Fees and Charges for your card in the app to see your amount and the anniversary date. If you would like to ask about a waiver, customer service can review your eligibility. If you need any further help, just let me know."
Quick question: my savings account has been frozen and I do not know why,RETAIL_EXCEPTION,account_frozen_kyc,"I am sorry for the inconvenience. A restriction usually means we need to verify or update some information. You can complete the update in the app under Profile and KYC, or visit a branch. If you have already submitted documents, I will ask the team to prioritise the review and update you."
i would like to apply for a home loan. please advise.,LOAN,apply_for_mortgage,"Certainly, I can help with that. Applying for a home loan involves a few stages: an initial eligibility check, document submission, property valuation, formal approval and legal completion. A mortgage adviser can guide you at each stage. You can begin by booking a call from the Loans section of the app. I am here if you need anything else."
"Hi team, please cancel my pending transfer of GBP 2,290",TRANSFER,cancel_transfer,"Certainly, I can help with that. Please act quickly. For transfers that have not been processed yet, use Cancel next to the transfer in your pending list. For completed transfers, raise a recall request from the same screen or through customer service, and keep the transaction reference handy. We will update you as soon as we hear back from the other bank. I am here if you need anything else."
Can you explain the steps for a home loan application? Can you help me with this?,LOAN,apply_for_mortgage,"Sure, here is how this works. For a mortgage, the first step is to check how much you can borrow using the mortgage calculator in the app. Then submit an application with your identity, income and property details, and we will arrange a valuation of the property. After approval you receive a formal offer, and the funds are released to the seller once the legal formalities are complete. A deposit is usually needed, and the amount depends on the property value and your profile."
Urgent: how can I check how much credit I have left on my card? I need this sorted today,CARD,check_current_balance_on_card,"Thanks for reaching out, I can guide you through this. To check your balance, log in to net banking or the app and open Cards. The card summary shows your current balance, available credit and the last statement amount. Balances update in near real time, but very recent transactions can take a short while to appear. If you need any further help, just let me know."
The bank refused my mortgage even though I have a stable income. Thanks.,RETAIL_EXCEPTION,loan_application_rejected_appeal,"I am sorry that your application was not approved. Decisions are based on factors such as income, existing debts, credit history and the value of the loan requested, and we can share the main reasons with you. You may ask for a review, especially if your circumstances have changed or if some information was missing. I will pass your request to a loans specialist who can explain the decision and suggest what may improve your chances next time. You can ask for a human agent at any time and I will arrange it."
"Please help: how do I send 1,840 dollars to a friend's account? Can you help me with this?",TRANSFER,make_transfer,"You can send money in a few steps. Open Transfers, choose Send Money and select an existing payee or add a new one. Type in the amount, check the details carefully because transfers to the wrong account can be hard to reverse, and approve with your security code. Instant methods arrive within minutes, while standard transfers can take up to one working day. I am here if you need anything else."
"hey, someone may have my card details, how can i block the card immediately? any idea what to do?",CARD,block_card,"You can block the card immediately in the mobile app. Go to Cards, choose the card and tap Block Card, then pick Lost or Stolen as the reason. The card stops working straight away and any new transactions are declined. We will then help you order a replacement, which usually arrives in a few working days. If you need any further help, just let me know."
"Hi team, my card ending 9180 has unknown purchases that appeared last Friday, please help urgently. Any idea what to do?",PAYMENT_EXCEPTION,card_fraud_unauthorized_transaction,"Thank you for reporting this quickly. Your card should be blocked immediately to prevent more misuse, and the disputed transactions will be flagged for our fraud team. They will review the details, and where a transaction is confirmed as fraudulent the amount is normally returned to your account after the investigation. A specialist will reach out to collect a few more details. You can ask for a human agent at any time and I will arrange it."
"Hi team, I changed my name after marriage, how do I update it on my joint account? Please advise.",RETAIL_EXCEPTION,legal_name_change,"To change your name in our records, we need proof of the legal name change, such as a marriage certificate, a gazette notification or a deed poll, together with your identification. Please upload the documents in the app under Profile or visit a branch, and we will update your accounts and cards. Because this affects several products, the update may take a few working days, and we will notify you when it is complete. Please keep your reference number safe, and reply here if you need anything else."
"Excuse me, I want to check if the payment I made last week has gone through. Not sure what to do.",ACCOUNT,check_recent_transactions,"Thanks for reaching out, I can guide you through this. To review your recent activity, log in and choose the account, then select Recent Transactions. Pending items are shown separately from completed ones. If something looks unfamiliar, tap it to see the details and report it directly from that screen."
How do I stop a transfer I made last weekend? Please help,TRANSFER,cancel_transfer,"Of course, happy to help. Please act quickly. For transfers that have not been processed yet, use Cancel next to the transfer in your pending list. For completed transfers, raise a recall request from the same screen or through customer service, and keep the transaction reference handy. We will update you as soon as we hear back from the other bank. I am here if you need anything else."
"Good evening, how can I remove someone from a joint account? I need this sorted today.",RETAIL_EXCEPTION,joint_account_dispute,"I am sorry you are going through this. Joint accounts are governed by the mandate that was agreed when they were opened, and changes such as removing a holder or freezing the account usually need the consent of all holders, or a legal instruction. I can arrange for a specialist to explain your options and what proof would be required. Please keep in mind that we cannot take sides, and for serious disputes it can help to seek legal advice."
Please help: do you have ATMs that accept cash deposits nearby? Please help,FIND,find_ATM,"Of course, happy to help. To locate an ATM, open the Locator in the app or on our website and search by city or landmark. Filters help you find machines that offer deposits, cheque drops or extended hours. Please remember that using an ATM outside our network may attract a fee. Let me know if there is anything more I can do for you."
"Hello, can you transfer me to a human agent?",CONTACT,human_agent,"Of course. I will connect you with a human agent now. Please stay in this chat, and it helps if you briefly describe your issue so the agent can pick up straight away. Waiting times can vary, and if it is not urgent you can also request a call back at a time that suits you. Feel free to ask if you have any other questions."
my card was declined in delhi and i am stuck without money.,PAYMENT_EXCEPTION,card_declined_while_travelling,"Sorry about the inconvenience, especially while you are travelling. Please check that international transactions are enabled and that you have not reached your daily limit. Because this is urgent, I recommend calling the emergency line on the back of the card, where an agent can verify you and remove any block. Emergency cash or a replacement card can be arranged if needed. Please keep your reference number safe, and reply here if you need anything else."
"Good evening, I disagree with the unarranged overdraft fee on my statement. Any idea what to do",RETAIL_EXCEPTION,overdraft_fee_dispute,"Thanks for explaining. To review the fee, we need to see the order in which the deposit and the payments were processed. I will raise a request for the fee to be reviewed, and you will hear back with the outcome. In some cases, especially after a delayed salary, the fee can be waived. You can ask for a human agent at any time and I will arrange it."
"I need to speak to support about my account, how do I reach you? Any idea what to do?",CONTACT,customer_service,"You can reach customer service by phone banking, through secure chat in the mobile app, or by email through the Contact Us section. Phone and chat support are available round the clock for urgent matters such as blocking a card, and other requests are handled during business hours. Please keep your customer ID handy so we can help you faster. Let me know if there is anything more I can do for you."
"Hello, I need to inform the bank about the death of my husband and settle his accounts. Not sure what to do",RETAIL_EXCEPTION,deceased_account_holder,"My condolences to you and your family. Accounts of a deceased customer are handled by a dedicated team with care. Please share the death certificate and your identification, and they will explain how the balance is released to the nominee or legal heir and how the account is closed. I will connect you with them, so you do not have to repeat yourself. If anything changes in the meantime, please let us know straight away."
"Good morning, the ATM kept my travel card and I cannot get it back. Can you help me with this?",ATM,recover_swallowed_card,"I am sorry that the ATM kept your card. For your safety, I suggest blocking the card right away in the app. We will then arrange either collection from the ATM branch with identification or a replacement card sent to your address, usually within a few working days."
"I just received my debit card in the mail, how can I start using it? Pls help",CARD,activate_card,"First, open the mobile app or net banking and go to the Cards section. Then select your debit card and choose Activate Card. You will receive a one-time code on your registered mobile number, so enter it to confirm. Once that is done, the card is active and ready to use straight away. If you need any further help, just let me know."
Please help: how can I close my credit card? I no longer use it. Can you help me with this?,CARD,cancel_card,"Absolutely, let me walk you through it. I can guide you through cancelling your card. First check that there are no pending transactions or unpaid dues. Then submit a cancellation request through the app or by phone banking. You will get a confirmation message once the card is closed."
how much do i still owe on my loan? appreciate the help.,LOAN,check_loan_payments,"Absolutely, let me walk you through it. To check your loan payments, log in and open Loans, then choose the loan. You will see what you have paid so far, what is left, and the next due date. If you would like to pay extra to reduce the balance, there is an option to make a part payment on the same screen. Let me know if there is anything more I can do for you."
Urgent: how can I change my password to something stronger? Appreciate the help.,PASSWORD,set_up_password,"Absolutely, let me walk you through it. New customers can create a password using the First Time Login option. Enter your customer ID, verify with a one-time code, then choose a password that meets the rules shown on screen. Please do not share it with anyone, including bank staff. I am here if you need anything else."
When is my card annual fee charged and can it be waived? Appreciate the help,CARD,check_card_annual_fee,"Absolutely, let me walk you through it. Annual fees vary by card, and many cards waive the fee after a certain level of yearly spending. Please check Fees and Charges for your card in the app to see your amount and the anniversary date. If you would like to ask about a waiver, customer service can review your eligibility."
"excuse me, there is an atm transaction i do not recognise for 1,730 dollars, how do i raise a dispute? thanks.",ATM,dispute_ATM_withdrawal,"Sorry about the trouble with the ATM. Please keep the receipt if you have one and raise a dispute through the app or by calling customer service. We will check the ATM records for the withdrawal and update you by message. If the money is confirmed as not dispensed, it will be returned to your account."
"hey, i want to check if the payment i made earlier today has gone through",ACCOUNT,check_recent_transactions,"To review your recent activity, log in and choose the account, then select Recent Transactions. Pending items are shown separately from completed ones. If something looks unfamiliar, tap it to see the details and report it directly from that screen. Feel free to ask if you have any other questions."
"Hi team, I cannot make any transactions, the bank says KYC is pending",RETAIL_EXCEPTION,account_frozen_kyc,"I am sorry for the inconvenience. A restriction usually means we need to verify or update some information. You can complete the update in the app under Profile and KYC, or visit a branch. If you have already submitted documents, I will ask the team to prioritise the review and update you. Please keep your reference number safe, and reply here if you need anything else."
"Quick question: my mother is unwell and I need to manage her account, how does power of attorney work? Thanks.",RETAIL_EXCEPTION,power_of_attorney_request,"I am sorry to hear that. Managing another person's account requires a valid legal authority, such as a registered power of attorney, and we need to verify it before giving access. Please prepare the original or certified copy of the document, your identification and the account holder details. A specialist will check the paperwork and explain what your authority allows, and I will arrange for them to contact you. You can ask for a human agent at any time and I will arrange it."
"hey, please tell me the reason my loan was denied. please help.",RETAIL_EXCEPTION,loan_application_rejected_appeal,"I am sorry that your application was not approved. Decisions are based on factors such as income, existing debts, credit history and the value of the loan requested, and we can share the main reasons with you. You may ask for a review, especially if your circumstances have changed or if some information was missing. I will pass your request to a loans specialist who can explain the decision and suggest what may improve your chances next time. If you would like, I can connect you with a human agent right now."
Please help: how do I activate my new travel card? Any idea what to do,CARD,activate_card,"You can activate your card in two easy ways. In the mobile app, go to Cards, pick your card, and tap Activate. If you prefer, call the phone banking number printed on the back of the card and follow the voice prompts. After verification your card will be active within a few minutes. Let me know if there is anything more I can do for you."
"Hi, cancel my savings account and send me the balance. Any idea what to do?",ACCOUNT,close_account,"Certainly, I can help with that. To close the account, make sure there are no pending transactions, linked cards or loans. Request closure through the app under Account Services or visit a branch. We will transfer any remaining balance to the account you nominate and confirm once the account is closed. Let me know if there is anything more I can do for you."
"Hi team, how can I appeal a declined personal loan?",RETAIL_EXCEPTION,loan_application_rejected_appeal,"I am sorry that your application was not approved. Decisions are based on factors such as income, existing debts, credit history and the value of the loan requested, and we can share the main reasons with you. You may ask for a review, especially if your circumstances have changed or if some information was missing. I will pass your request to a loans specialist who can explain the decision and suggest what may improve your chances next time. Please keep your reference number safe, and reply here if you need anything else."
Please explain how to apply for a loan online. Not sure what to do.,LOAN,apply_for_loan,"To apply for a loan, go to Loans in the app and select the type of loan you need. Enter the amount and tenure, upload the required documents and submit. Your eligibility is based on income, existing commitments and credit score, and you will see a decision and an offer once the review is complete. I am here if you need anything else."
"Good morning, how can I appeal a declined student loan? Appreciate the help.",RETAIL_EXCEPTION,loan_application_rejected_appeal,"I am sorry that your application was not approved. Decisions are based on factors such as income, existing debts, credit history and the value of the loan requested, and we can share the main reasons with you. You may ask for a review, especially if your circumstances have changed or if some information was missing. I will pass your request to a loans specialist who can explain the decision and suggest what may improve your chances next time. Please keep your reference number safe, and reply here if you need anything else."
What is the fastest way to send money to someone? Can you help me with this?,TRANSFER,make_transfer,"Of course, happy to help. You can send money in a few steps. Open Transfers, choose Send Money and select an existing payee or add a new one. Type in the amount, check the details carefully because transfers to the wrong account can be hard to reverse, and approve with your security code. Instant methods arrive within minutes, while standard transfers can take up to one working day."
I need help. I cancelled an order with Starbucks and the credit has not shown on my card. Not sure what to do.,PAYMENT_EXCEPTION,refund_not_received,"I am sorry for the wait. Refunds from merchants usually take between five and ten working days to appear, depending on the merchant and the card network. Please ask Starbucks for the refund reference number or acquirer reference number, which lets us trace it. Once you share it, we can check whether the credit was received and, if not, raise an enquiry with the merchant bank. Please keep your reference number safe, and reply here if you need anything else."
How can I close my credit card? I no longer use it. Any idea what to do,CARD,cancel_card,"Thanks for reaching out, I can guide you through this. I can guide you through cancelling your card. First check that there are no pending transactions or unpaid dues. Then submit a cancellation request through the app or by phone banking. You will get a confirmation message once the card is closed. If you need any further help, just let me know."
"Hi, I want a written response to my complaint about business account charges. Thank you.",RETAIL_EXCEPTION,formal_complaint_escalation,"I am sorry that your issue has not been resolved, and you have every right to escalate. I can register a formal complaint now, which will be given a reference number and reviewed by our complaints team, who will respond in writing within the time required. If you are not satisfied with the final response, you can take the matter to the external financial ombudsman. It helps if you share the dates and details of your previous contacts. Please keep your reference number safe, and reply here if you need anything else."
"good morning, i want to check if the payment i made earlier today has gone through.",ACCOUNT,check_recent_transactions,"Sure, here is how this works. To review your recent activity, log in and choose the account, then select Recent Transactions. Pending items are shown separately from completed ones. If something looks unfamiliar, tap it to see the details and report it directly from that screen. Let me know if there is anything more I can do for you."
please help: i am confused and worried about a scam call asking for my details. appreciate the help.,RETAIL_EXCEPTION,vulnerable_customer_support,"Thank you for telling us, and please know that we are here to help in a way that works for you. We offer support such as large print or audio statements, assisted banking at branches, a dedicated helpline with priority handling and, in some areas, home visits. If you are worried about a suspicious call, please do not share any codes or personal details, and we will help you check it. I will connect you with our customer care specialists to set up the support you need. You can ask for a human agent at any time and I will arrange it."
"I need help. I want to make a large purchase of 59,670 USD but my card keeps getting declined. Appreciate the help.",PAYMENT_EXCEPTION,large_transaction_blocked,"I understand the urgency. Large payments can be blocked because they go over your daily limit or because our security systems flagged them for extra checks. I cannot release a held payment from this chat, but I can help you confirm it is genuine. Please approve any alert on your app, or I can connect you to a specialist who will verify you and, where possible, release the payment or raise your limit temporarily. If anything changes in the meantime, please let us know straight away."
Quick question: someone changed my phone number and email on my account and I am locked out. Any idea what to do?,RETAIL_EXCEPTION,identity_theft_account_takeover,"Thank you for flagging this quickly. Access to your online banking will be locked while we investigate. Our security team will verify your identity through a secure process, review recent changes and transactions, and help reset your details. Please tell us about any transaction you did not make, so it can be investigated. We will keep you updated by message until this is resolved."
Pls help: im going to Istanbul soon. Can u turn on international usage for my card? Pls advise.,CARD,activate_card_international_usage,"Sure, here is how this works. To use your card overseas, open Card Controls in the app and enable International Usage. It is a good idea to set a travel period and a daily limit. If you cannot use the app, phone banking can turn it on for you after verifying your identity. If you need any further help, just let me know."
"urgent, travelling and card blocked, i cannot pay my hotel. appreciate the help.",PAYMENT_EXCEPTION,card_declined_while_travelling,"Sorry about the inconvenience, especially while you are travelling. Please check that international transactions are enabled and that you have not reached your daily limit. Because this is urgent, I recommend calling the emergency line on the back of the card, where an agent can verify you and remove any block. Emergency cash or a replacement card can be arranged if needed. We will keep you updated by message until this is resolved."
"hey, what documents do i need to update my name with the bank? not sure what to do.",RETAIL_EXCEPTION,legal_name_change,"To change your name in our records, we need proof of the legal name change, such as a marriage certificate, a gazette notification or a deed poll, together with your identification. Please upload the documents in the app under Profile or visit a branch, and we will update your accounts and cards. Because this affects several products, the update may take a few working days, and we will notify you when it is complete. If anything changes in the meantime, please let us know straight away."
"i need help. i need a person to help me with this, not an automated reply.",CONTACT,human_agent,"Certainly, I can arrange for one of our advisors to help you. I am transferring you now, and I will share the details of our conversation so you do not need to repeat yourself. If the queue is long, you can choose to receive a call back instead."
I need help. I found a recurring payment on my card that I do not recognise. Not sure what to do.,PAYMENT_EXCEPTION,recurring_payment_unauthorized,"Sorry about the trouble. We can block future payments to the merchant on your card, and I can start a dispute for charges you did not authorise. Please share the dates and the amounts of the payments and any cancellation emails you have. A specialist will review whether the money can be recovered. We will keep you updated by message until this is resolved."
"Hi team, I want to know how many payments are left on my loan. Appreciate the help.",LOAN,check_loan_payments,"To check your loan payments, log in and open Loans, then choose the loan. You will see what you have paid so far, what is left, and the next due date. If you would like to pay extra to reduce the balance, there is an option to make a part payment on the same screen. Please reach out again if anything is unclear."
I need help. The ATM gave me less money than what was debited from my account.,ATM,dispute_ATM_withdrawal,"Sorry about the trouble with the ATM. Please keep the receipt if you have one and raise a dispute through the app or by calling customer service. We will check the ATM records for the withdrawal and update you by message. If the money is confirmed as not dispensed, it will be returned to your account. If you need any further help, just let me know."
"Hello there, how can I add a new payee and transfer funds? Thank you",TRANSFER,make_transfer,"Certainly, I can help with that. You can send money in a few steps. Open Transfers, choose Send Money and select an existing payee or add a new one. Type in the amount, check the details carefully because transfers to the wrong account can be hard to reverse, and approve with your security code. Instant methods arrive within minutes, while standard transfers can take up to one working day. Please reach out again if anything is unclear."
"Hi team, please help me recover my login details. Appreciate the help.",PASSWORD,get_password,"I am sorry you are locked out. On the login page, tap Forgot Password and enter your customer ID. We will send a one-time code to your registered mobile number, and after you enter it you can choose a new password. For security reasons we can never tell you your old password. If you need any further help, just let me know."
"Hello there, how do I authorise someone to handle my banking on my behalf? Please advise.",RETAIL_EXCEPTION,power_of_attorney_request,"I am sorry to hear that. Managing another person's account requires a valid legal authority, such as a registered power of attorney, and we need to verify it before giving access. Please prepare the original or certified copy of the document, your identification and the account holder details. A specialist will check the paperwork and explain what your authority allows, and I will arrange for them to contact you. You can ask for a human agent at any time and I will arrange it."
"Good evening, pls tell me the current balance on the card ending 0776. I need this sorted today.",CARD,check_current_balance_on_card,"To check your balance, log in to net banking or the app and open Cards. The card summary shows your current balance, available credit and the last statement amount. Balances update in near real time, but very recent transactions can take a short while to appear. Let me know if there is anything more I can do for you."
"Good morning, I disagree with the unarranged overdraft fee on my statement. Please advise.",RETAIL_EXCEPTION,overdraft_fee_dispute,"Thanks for explaining. To review the fee, we need to see the order in which the deposit and the payments were processed. I will raise a request for the fee to be reviewed, and you will hear back with the outcome. In some cases, especially after a delayed salary, the fee can be waived. You can ask for a human agent at any time and I will arrange it."
"hi team, what are your support hours? thanks.",CONTACT,customer_service,"Thanks for reaching out, I can guide you through this. There are several ways to contact us. The quickest is the chat option in the app, which is available all day. You can also call the number printed on the back of your card or on our website, or visit any branch during opening hours. If you need any further help, just let me know."
"excuse me, someone changed my phone number and email on my account and i am locked out. can you help me with this?",RETAIL_EXCEPTION,identity_theft_account_takeover,"I am very sorry, and I will treat this as urgent. To protect you, we should restrict access to your account and cards immediately, and I am escalating this to our fraud and security team now. Please do not use the same password anywhere else, avoid clicking links in unexpected messages, and keep a note of any suspicious messages or calls. A specialist will contact you on a verified number to restore your access and review the activity."
Please help: my card got stuck in the machine yesterday. Not sure what to do.,ATM,recover_swallowed_card,"Please do not worry, this happens sometimes. First, block the card in the app as a precaution until you have it back. Then contact the branch that owns the ATM or call customer service, and we will check if the card was retained by the machine. If it can be recovered you may collect it with valid photo ID, otherwise we will issue a replacement card to you. If you need any further help, just let me know."
quick question: can my son operate my account while i am in hospital?,RETAIL_EXCEPTION,power_of_attorney_request,"I am sorry to hear that. Managing another person's account requires a valid legal authority, such as a registered power of attorney, and we need to verify it before giving access. Please prepare the original or certified copy of the document, your identification and the account holder details. A specialist will check the paperwork and explain what your authority allows, and I will arrange for them to contact you. If you would like, I can connect you with a human agent right now."
"Hello there, why was I charged a fee of 2,000 dollars this month? Please advise.",FEES,check_fees,"Absolutely, let me walk you through it. I can help you understand the charges. Common fees include monthly maintenance, foreign transaction fees, ATM use outside our network and penalties for low balance. Your latest statement shows every fee that has been applied, and customer service can review any fee you believe was charged in error."
"Hey, where is the nearest ATM? Please help.",FIND,find_ATM,"Absolutely, let me walk you through it. To locate an ATM, open the Locator in the app or on our website and search by city or landmark. Filters help you find machines that offer deposits, cheque drops or extended hours. Please remember that using an ATM outside our network may attract a fee. Feel free to ask if you have any other questions."
Please help: cash was not dispensed at the ATM yet my account was debited,ATM,dispute_ATM_withdrawal,"Sorry about the trouble with the ATM. Please keep the receipt if you have one and raise a dispute through the app or by calling customer service. We will check the ATM records for the withdrawal and update you by message. If the money is confirmed as not dispensed, it will be returned to your account. Let me know if there is anything more I can do for you."
"hello there, my brother died and i am the nominee on his account, what should i do? thank you.",RETAIL_EXCEPTION,deceased_account_holder,"My condolences to you and your family. Accounts of a deceased customer are handled by a dedicated team with care. Please share the death certificate and your identification, and they will explain how the balance is released to the nominee or legal heir and how the account is closed. I will connect you with them, so you do not have to repeat yourself. If anything changes in the meantime, please let us know straight away."
"Quick question: I need to transfer money to another bank, what are the steps? Not sure what to do.",TRANSFER,make_transfer,"Of course, happy to help. You can send money in a few steps. Open Transfers, choose Send Money and select an existing payee or add a new one. Type in the amount, check the details carefully because transfers to the wrong account can be hard to reverse, and approve with your security code. Instant methods arrive within minutes, while standard transfers can take up to one working day."
My debit card ending 7697 arrived today. What are the steps to activate it?,CARD,activate_card,"First, open the mobile app or net banking and go to the Cards section. Then select your debit card and choose Activate Card. You will receive a one-time code on your registered mobile number, so enter it to confirm. Once that is done, the card is active and ready to use straight away. Let me know if there is anything more I can do for you."
I need help. I want to know my outstanding amount on the credit card. Pls help,CARD,check_current_balance_on_card,"Sure, here is how this works. To check your balance, log in to net banking or the app and open Cards. The card summary shows your current balance, available credit and the last statement amount. Balances update in near real time, but very recent transactions can take a short while to appear. Let me know if there is anything more I can do for you."
"Urgent: there is an ATM transaction I do not recognise for $2,030, how do I raise a dispute? Thanks.",ATM,dispute_ATM_withdrawal,"I will help you raise a dispute for the ATM withdrawal of $2,030. Please go to Disputes in the app, select the transaction and choose ATM Cash Issue, then give the date, time and ATM location if you have them. We will investigate with the ATM operator and most cases are reviewed within a few working days. If the ATM did not dispense the cash, the amount is usually credited back to your account. I am here if you need anything else."
Quick question: can you help me activate my card? It has not been used yet. Please advise.,CARD,activate_card,"You can activate your card in two easy ways. In the mobile app, go to Cards, pick your card, and tap Activate. If you prefer, call the phone banking number printed on the back of the card and follow the voice prompts. After verification your card will be active within a few minutes. Let me know if there is anything more I can do for you."
"hi, is there any joining or annual fee on the credit card? thanks.",CARD,check_card_annual_fee,"Absolutely, let me walk you through it. The annual fee depends on the type of card you hold. You can see the exact amount for your credit card in the app under Cards and Card Details, and it is also listed in your welcome kit. The fee is normally charged once a year on the card anniversary date. Some cards offer a waiver if you reach a yearly spending target."
My card was declined in Amsterdam and I am stuck without money. Please help.,PAYMENT_EXCEPTION,card_declined_while_travelling,"Sorry about the inconvenience, especially while you are travelling. Please check that international transactions are enabled and that you have not reached your daily limit. Because this is urgent, I recommend calling the emergency line on the back of the card, where an agent can verify you and remove any block. Emergency cash or a replacement card can be arranged if needed."
"urgent: my card went missing last week, block it asap. can you help me with this",CARD,block_card,"You can block the card immediately in the mobile app. Go to Cards, choose the card and tap Block Card, then pick Lost or Stolen as the reason. The card stops working straight away and any new transactions are declined. We will then help you order a replacement, which usually arrives in a few working days. If you need any further help, just let me know."
"hello, can you explain the steps for a home loan application? appreciate the help.",LOAN,apply_for_mortgage,"Applying for a home loan involves a few stages: an initial eligibility check, document submission, property valuation, formal approval and legal completion. A mortgage adviser can guide you at each stage. You can begin by booking a call from the Loans section of the app."
"Hey, my wire transfer has been under review for 10 days, I need the money urgently. Not sure what to do.",PAYMENT_EXCEPTION,international_transfer_compliance_hold,"I understand this is frustrating. International payments can be held for a routine compliance review, which is a regulatory requirement, and we may ask for supporting documents such as an invoice, contract or proof of source of funds. I cannot see the full details of the review in this chat, so I will pass your case to our payments compliance team, who will contact you about what is needed. Providing the documents promptly usually speeds things up. You can ask for a human agent at any time and I will arrange it."
"I need help. I cannot make any transactions, the bank says KYC is pending. Any idea what to do?",RETAIL_EXCEPTION,account_frozen_kyc,"I am sorry for the inconvenience. A restriction usually means we need to verify or update some information. You can complete the update in the app under Profile and KYC, or visit a branch. If you have already submitted documents, I will ask the team to prioritise the review and update you. If anything changes in the meantime, please let us know straight away."
"Hey, I entered the wrong account number and sent GBP 1,950, please help me get it back. Please advise.",PAYMENT_EXCEPTION,transfer_wrong_account,"Please stay calm, and thank you for telling us quickly, because speed matters. Payments to a wrong account cannot always be reversed, but we can send a recall request to the receiving bank for the GBP 1,950. Please share the transaction reference, the date and the account number you used. We will contact the other bank and, if the account holder agrees or the funds are still available, the money can be returned. If anything changes in the meantime, please let us know straight away."
"I changed my name after marriage, how do I update it on my current account? Appreciate the help.",RETAIL_EXCEPTION,legal_name_change,"To change your name in our records, we need proof of the legal name change, such as a marriage certificate, a gazette notification or a deed poll, together with your identification. Please upload the documents in the app under Profile or visit a branch, and we will update your accounts and cards. Because this affects several products, the update may take a few working days, and we will notify you when it is complete. We will keep you updated by message until this is resolved."
"Good evening, I want to know my outstanding amount on the credit card. Any idea what to do?",CARD,check_current_balance_on_card,"To check your balance, log in to net banking or the app and open Cards. The card summary shows your current balance, available credit and the last statement amount. Balances update in near real time, but very recent transactions can take a short while to appear."
"Hey, my card went missing two days ago, block it asap. Any idea what to do",CARD,block_card,"To protect your money, block the card first. Use the app under Cards and Block, or call the 24 hour phone banking line and ask for an immediate block. Once blocked, please review your recent transactions and tell us about any you do not recognise so we can look into them."
"Please waive the overdraft charges, they are unfair. Thank you",RETAIL_EXCEPTION,overdraft_fee_dispute,"Thanks for explaining. To review the fee, we need to see the order in which the deposit and the payments were processed. I will raise a request for the fee to be reviewed, and you will hear back with the outcome. In some cases, especially after a delayed salary, the fee can be waived. If anything changes in the meantime, please let us know straight away."
"The ATM did not give me the full cash but the money was deducted, I withdrew 1,590 dollars.",ATM,dispute_ATM_withdrawal,"Sorry about the trouble with the ATM. Please keep the receipt if you have one and raise a dispute through the app or by calling customer service. We will check the ATM records for the withdrawal and update you by message. If the money is confirmed as not dispensed, it will be returned to your account. Let me know if there is anything more I can do for you."
"Hello, payment declined overseas even though I have enough balance. Please help.",PAYMENT_EXCEPTION,card_declined_while_travelling,"Sorry about the inconvenience, especially while you are travelling. Please check that international transactions are enabled and that you have not reached your daily limit. Because this is urgent, I recommend calling the emergency line on the back of the card, where an agent can verify you and remove any block. Emergency cash or a replacement card can be arranged if needed. We will keep you updated by message until this is resolved."
What is the process to claim the balance in my late mother's account? Thank you.,RETAIL_EXCEPTION,deceased_account_holder,"My condolences to you and your family. Accounts of a deceased customer are handled by a dedicated team with care. Please share the death certificate and your identification, and they will explain how the balance is released to the nominee or legal heir and how the account is closed. I will connect you with them, so you do not have to repeat yourself. You can ask for a human agent at any time and I will arrange it."
Where do I activate the platinum credit card I got two days ago? Not sure what to do.,CARD,activate_card,"Sure, here is how this works. You can activate your card in two easy ways. In the mobile app, go to Cards, pick your card, and tap Activate. If you prefer, call the phone banking number printed on the back of the card and follow the voice prompts. After verification your card will be active within a few minutes. Let me know if there is anything more I can do for you."
"Hi, can I get a loan for INR 354,870 over 36 months? Can you help me with this?",LOAN,apply_for_loan,"To apply for a loan, go to Loans in the app and select the type of loan you need. Enter the amount and tenure, upload the required documents and submit. Your eligibility is based on income, existing commitments and credit score, and you will see a decision and an offer once the review is complete."
quick question: can you help me activate my card? it has not been used yet. appreciate the help.,CARD,activate_card,"Certainly, I can help with that. You can activate your card in two easy ways. In the mobile app, go to Cards, pick your card, and tap Activate. If you prefer, call the phone banking number printed on the back of the card and follow the voice prompts. After verification your card will be active within a few minutes. Feel free to ask if you have any other questions."
"Hi team, how do I stop a transfer I made earlier today? Please advise",TRANSFER,cancel_transfer,"Absolutely, let me walk you through it. Please act quickly. For transfers that have not been processed yet, use Cancel next to the transfer in your pending list. For completed transfers, raise a recall request from the same screen or through customer service, and keep the transaction reference handy. We will update you as soon as we hear back from the other bank. Feel free to ask if you have any other questions."
Please help: I cannot afford my mortgage after the rate increase. Please advise.,RETAIL_EXCEPTION,mortgage_arrears_support,"I understand how worrying this is, and I want you to know that help is available. Please do not ignore the notice, because early contact gives us more options such as revising the payment plan, extending the term or a temporary arrangement. I will connect you with our specialist mortgage support team, who can go through the details with you in confidence. It is also worth getting free independent money advice alongside speaking to us. If anything changes in the meantime, please let us know straight away."
"Excuse me, I missed 4 instalments and I am afraid of penalties.",RETAIL_EXCEPTION,loan_hardship_request,"Thank you for being open about this. We treat hardship requests seriously and with respect. A specialist will contact you to understand your circumstances and explore ways to reduce the pressure, for example a payment break or revised repayment plan. They may ask for proof of the change in your income. Nothing is decided in this chat, but I will raise it as a priority. Please keep your reference number safe, and reply here if you need anything else."
"Hello there, I ordered from Decathlon last weekend, the item is not what was shown, can I dispute the charge? Please advise.",PAYMENT_EXCEPTION,chargeback_request,Thank you for the details. A card dispute can be raised for items not received or not as described. We will need your order confirmation and any communication with the seller. Our disputes team will assess the claim and let you know whether the amount can be recovered. You can ask for a human agent at any time and I will arrange it.
What documents do I need to update my name with the bank? Can u help me with this?,RETAIL_EXCEPTION,legal_name_change,"To change your name in our records, we need proof of the legal name change, such as a marriage certificate, a gazette notification or a deed poll, together with your identification. Please upload the documents in the app under Profile or visit a branch, and we will update your accounts and cards. Because this affects several products, the update may take a few working days, and we will notify you when it is complete. You can ask for a human agent at any time and I will arrange it."
I got a message that my password was changed and I did not do it. Appreciate the help.,RETAIL_EXCEPTION,identity_theft_account_takeover,"I am very sorry, and I will treat this as urgent. To protect you, we should restrict access to your account and cards immediately, and I am escalating this to our fraud and security team now. Please do not use the same password anywhere else, avoid clicking links in unexpected messages, and keep a note of any suspicious messages or calls. A specialist will contact you on a verified number to restore your access and review the activity. Please keep your reference number safe, and reply here if you need anything else."
"Pls help: can I get a loan for GBP 16,850 over 60 months? I need this sorted today.",LOAN,apply_for_loan,"To apply for a loan, go to Loans in the app and select the type of loan you need. Enter the amount and tenure, upload the required documents and submit. Your eligibility is based on income, existing commitments and credit score, and you will see a decision and an offer once the review is complete."
how can i enable my travel card for use abroad? i am travelling to dubai. any idea what to do?,CARD,activate_card_international_usage,"Absolutely, let me walk you through it. To use your card overseas, open Card Controls in the app and enable International Usage. It is a good idea to set a travel period and a daily limit. If you cannot use the app, phone banking can turn it on for you after verifying your identity."
"hello, when is my card annual fee charged and can it be waived? not sure what to do.",CARD,check_card_annual_fee,"Annual fees vary by card, and many cards waive the fee after a certain level of yearly spending. Please check Fees and Charges for your card in the app to see your amount and the anniversary date. If you would like to ask about a waiver, customer service can review your eligibility. If you need any further help, just let me know."
"Urgent: there is an ATM transaction I do not recognise for INR 588, how do I raise a dispute? Thank you.",ATM,dispute_ATM_withdrawal,"Sorry about the trouble with the ATM. Please keep the receipt if you have one and raise a dispute through the app or by calling customer service. We will check the ATM records for the withdrawal and update you by message. If the money is confirmed as not dispensed, it will be returned to your account. Let me know if there is anything more I can do for you."
Please help me make a transfer of GBP 644 today. Can you help me with this?,TRANSFER,make_transfer,"Certainly, I can help with that. You can send money in a few steps. Open Transfers, choose Send Money and select an existing payee or add a new one. Type in the amount, check the details carefully because transfers to the wrong account can be hard to reverse, and approve with your security code. Instant methods arrive within minutes, while standard transfers can take up to one working day. If you need any further help, just let me know."
"A free trial with Amazon turned into a monthly charge of $2,590, help",PAYMENT_EXCEPTION,recurring_payment_unauthorized,"Sorry about the trouble. We can block future payments to the merchant on your card, and I can start a dispute for charges you did not authorise. Please share the dates and the amounts of the payments and any cancellation emails you have. A specialist will review whether the money can be recovered."
"Please help: I cannot log in to net banking, I do not remember my password. Can you help me with this?",PASSWORD,get_password,"I am sorry you are locked out. On the login page, tap Forgot Password and enter your customer ID. We will send a one-time code to your registered mobile number, and after you enter it you can choose a new password. For security reasons we can never tell you your old password."
"Hello there, I have a power of attorney document, how do I register it with the bank? Can you help me with this?",RETAIL_EXCEPTION,power_of_attorney_request,"I am sorry to hear that. Managing another person's account requires a valid legal authority, such as a registered power of attorney, and we need to verify it before giving access. Please prepare the original or certified copy of the document, your identification and the account holder details. A specialist will check the paperwork and explain what your authority allows, and I will arrange for them to contact you. Please keep your reference number safe, and reply here if you need anything else."
"hello, why is my joint account overdrawn? i never spent that much. can you help me with this?",RETAIL_EXCEPTION,overdraft_fee_dispute,"Thanks for explaining. To review the fee, we need to see the order in which the deposit and the payments were processed. I will raise a request for the fee to be reviewed, and you will hear back with the outcome. In some cases, especially after a delayed salary, the fee can be waived. If anything changes in the meantime, please let us know straight away."
"excuse me, payment stuck in processing for 3 days and my rent is due. pls advise",PAYMENT_EXCEPTION,transfer_pending_stuck,"I understand how worrying it is when a payment is delayed. Most transfers complete within one working day, but some can be held for security checks or because of details that need correcting. Please check the transaction status and reference number in the app. Since it has been 3 days, I will raise this as a payment investigation so a specialist can trace the payment with the receiving bank and update you. If you would like, I can connect you with a human agent right now."
"Account blocked after I updated my address, how do I get access? Not sure what to do.",RETAIL_EXCEPTION,account_frozen_kyc,"I understand how stressful it is to have an account restricted. Accounts are sometimes frozen when identity documents are missing or expired, or when a compliance review is needed. I cannot lift a restriction from this chat, but I can raise a priority request with our account services team. Please keep your photo ID, proof of address and recent photograph ready, and a specialist will contact you with the exact documents required. If anything changes in the meantime, please let us know straight away."
"Good evening, can u explain the steps for a home loan application? Please help.",LOAN,apply_for_mortgage,"Absolutely, let me walk you through it. Applying for a home loan involves a few stages: an initial eligibility check, document submission, property valuation, formal approval and legal completion. A mortgage adviser can guide you at each stage. You can begin by booking a call from the Loans section of the app. I am here if you need anything else."
"Hi team, I am confused and worried about a scam call asking for my details. Can u help me with this?",RETAIL_EXCEPTION,vulnerable_customer_support,"Thank you for telling us, and please know that we are here to help in a way that works for you. We offer support such as large print or audio statements, assisted banking at branches, a dedicated helpline with priority handling and, in some areas, home visits. If you are worried about a suspicious call, please do not share any codes or personal details, and we will help you check it. I will connect you with our customer care specialists to set up the support you need. If anything changes in the meantime, please let us know straight away."
Urgent: I want to know my outstanding amount on the credit card. Please help.,CARD,check_current_balance_on_card,"To check your balance, log in to net banking or the app and open Cards. The card summary shows your current balance, available credit and the last statement amount. Balances update in near real time, but very recent transactions can take a short while to appear."
my card got stuck in the machine last weekend. not sure what to do.,ATM,recover_swallowed_card,"I am sorry that the ATM kept your card. For your safety, I suggest blocking the card right away in the app. We will then arrange either collection from the ATM branch with identification or a replacement card sent to your address, usually within a few working days. If you need any further help, just let me know."
"Hello there, how do I open a savings account?",ACCOUNT,create_account,"To start, choose the type of account that suits you, then fill in the application form online. You will need identity and address documents, and you may complete a short video verification. Once approved, your account details arrive by message and email, and your debit card is sent to your address. Feel free to ask if you have any other questions."
"Hi, someone changed my phone number and email on my account and I am locked out. Thanks.",RETAIL_EXCEPTION,identity_theft_account_takeover,"Thank you for flagging this quickly. Access to your online banking will be locked while we investigate. Our security team will verify your identity through a secure process, review recent changes and transactions, and help reset your details. Please tell us about any transaction you did not make, so it can be investigated. Please keep your reference number safe, and reply here if you need anything else."
"Excuse me, I would like to stop my card, it has an annual fee I do not want to pay. Any idea what to do?",CARD,cancel_card,"Certainly, I can help with that. I can guide you through cancelling your card. First check that there are no pending transactions or unpaid dues. Then submit a cancellation request through the app or by phone banking. You will get a confirmation message once the card is closed. Feel free to ask if you have any other questions."
"Hi team, I am in Istanbul and my platinum credit card is lost, how can I get emergency help?",PAYMENT_EXCEPTION,lost_card_abroad_emergency,"I am sorry to hear that, and please make sure you are safe first. Block your cards immediately in the app, or call our 24 hour emergency line if you cannot log in. We can arrange an emergency replacement card or emergency cash in Istanbul, and our agent will verify your identity and guide you on the fastest option. I suggest reporting the theft to the local police as well, since some claims need a report. You can ask for a human agent at any time and I will arrange it."
I need help. Pickpocketed in New York and all my cards are gone,PAYMENT_EXCEPTION,lost_card_abroad_emergency,"That sounds very stressful. The first step is to block all lost cards so nobody can use them. Then our emergency support team can help with a replacement card delivered to your location or a cash advance, after confirming your identity. Please keep any police report reference, as it can help with disputed transactions. If you would like, I can connect you with a human agent right now."
"please help: why is the currency conversion fee on my $1,060 payment so high?",PAYMENT_EXCEPTION,currency_conversion_dispute,"Thanks for raising this. When you pay in a foreign currency, the amount is converted at the network exchange rate on the day the transaction is settled, and a foreign currency fee may also apply, so the final figure can differ from what you saw at the shop. Please check the transaction details in the app for the rate and fee that were used. If you believe the amount is wrong, we can raise a query and a specialist will review it. You can ask for a human agent at any time and I will arrange it."
"Good evening, the account number I typed was one digit off, and the payment went through",PAYMENT_EXCEPTION,transfer_wrong_account,"I am sorry this happened. Please raise a wrong transfer request in the app or with customer service right away with the payment reference. We will ask the receiving bank to hold and return the funds, but they need the account holder consent, so the timing can vary. A specialist will follow up with you. We will keep you updated by message until this is resolved."
"Hi, when is my next car loan instalment due?",LOAN,check_loan_payments,"Sure, here is how this works. You can see your repayment details in the app under Loans. Select your car loan to view the instalment amount, the next due date, the number of payments remaining and the total outstanding balance. The full repayment schedule can also be downloaded as a document."
"Hello there, the ATM did not give me the full cash but the money was deducted, I withdrew EUR 37. Please advise.",ATM,dispute_ATM_withdrawal,"I will help you raise a dispute for the ATM withdrawal of EUR 37. Please go to Disputes in the app, select the transaction and choose ATM Cash Issue, then give the date, time and ATM location if you have them. We will investigate with the ATM operator and most cases are reviewed within a few working days. If the ATM did not dispense the cash, the amount is usually credited back to your account. Please reach out again if anything is unclear."
"I want to apply for a car loan of GBP 286,710. Not sure what to do",LOAN,apply_for_loan,"You can apply for a car loan online or at a branch. Please keep your identity proof, address proof, recent salary slips or income proof, and bank statements ready. After you submit the application, we check your eligibility and credit history and share an offer with the interest rate and repayment plan. Once you accept, the money is usually credited within a few working days."
"The account number I typed was one digit off, and the payment went through. Thank you",PAYMENT_EXCEPTION,transfer_wrong_account,"I am sorry this happened. Please raise a wrong transfer request in the app or with customer service right away with the payment reference. We will ask the receiving bank to hold and return the funds, but they need the account holder consent, so the timing can vary. A specialist will follow up with you. If anything changes in the meantime, please let us know straight away."
"Excuse me, I changed my name after marriage, how do I update it on my student account? I need this sorted today.",RETAIL_EXCEPTION,legal_name_change,"To change your name in our records, we need proof of the legal name change, such as a marriage certificate, a gazette notification or a deed poll, together with your identification. Please upload the documents in the app under Profile or visit a branch, and we will update your accounts and cards. Because this affects several products, the update may take a few working days, and we will notify you when it is complete. We will keep you updated by message until this is resolved."
"please help: the atm swallowed my card, what should i do? please help",ATM,recover_swallowed_card,"I am sorry that the ATM kept your card. For your safety, I suggest blocking the card right away in the app. We will then arrange either collection from the ATM branch with identification or a replacement card sent to your address, usually within a few working days."
quick question: how can i enable my prepaid card for use abroad? i am travelling to dublin. thank you.,CARD,activate_card_international_usage,"Absolutely, let me walk you through it. International usage can be switched on from the mobile app. Go to Cards, select your prepaid card, open Card Controls and turn on International Transactions. You can also set the dates of your trip and a spending limit for extra safety. Changes usually take effect within a few minutes, so please do it before you leave. Feel free to ask if you have any other questions."
"Hello, I cannot make any transactions, the bank says KYC is pending. Appreciate the help.",RETAIL_EXCEPTION,account_frozen_kyc,"I understand how stressful it is to have an account restricted. Accounts are sometimes frozen when identity documents are missing or expired, or when a compliance review is needed. I cannot lift a restriction from this chat, but I can raise a priority request with our account services team. Please keep your photo ID, proof of address and recent photograph ready, and a specialist will contact you with the exact documents required. We will keep you updated by message until this is resolved."
please help: the atm gave me less money than what was debited from my account. please help,ATM,dispute_ATM_withdrawal,"Sorry about the trouble with the ATM. Please keep the receipt if you have one and raise a dispute through the app or by calling customer service. We will check the ATM records for the withdrawal and update you by message. If the money is confirmed as not dispensed, it will be returned to your account. If you need any further help, just let me know."
"Hi team, what is the remaining balance on my mortgage? Any idea what to do",LOAN,check_mortgage_payments,"Thanks for reaching out, I can guide you through this. Your mortgage details are available under Loans. There you can view the payment amount, upcoming due dates, the balance still owed and a summary of interest paid. If your payment changes because of a rate change, we will notify you in advance. Feel free to ask if you have any other questions."
Pls help: please guide me through creating a new account. Pls advise.,ACCOUNT,create_account,"Of course, happy to help. To start, choose the type of account that suits you, then fill in the application form online. You will need identity and address documents, and you may complete a short video verification. Once approved, your account details arrive by message and email, and your debit card is sent to your address."
what documents do i need to update my name with the bank? pls advise.,RETAIL_EXCEPTION,legal_name_change,"To change your name in our records, we need proof of the legal name change, such as a marriage certificate, a gazette notification or a deed poll, together with your identification. Please upload the documents in the app under Profile or visit a branch, and we will update your accounts and cards. Because this affects several products, the update may take a few working days, and we will notify you when it is complete. You can ask for a human agent at any time and I will arrange it."
"Hi team, how much is my monthly mortgage payment? I need this sorted today",LOAN,check_mortgage_payments,"Sure, here is how this works. Your mortgage details are available under Loans. There you can view the payment amount, upcoming due dates, the balance still owed and a summary of interest paid. If your payment changes because of a rate change, we will notify you in advance. I am here if you need anything else."
what are the opening hours of the branch near the bus terminal? not sure what to do,FIND,find_branch,"You can find branches using the Locator in the app or on our website. Search by city or a landmark like the bus terminal, and you will see the address, opening hours and services available at each branch. Many branches allow you to book an appointment in advance, which reduces waiting time. Let me know if there is anything more I can do for you."
I need help. How much deposit do I need for a mortgage? Appreciate the help.,LOAN,apply_for_mortgage,"Applying for a home loan involves a few stages: an initial eligibility check, document submission, property valuation, formal approval and legal completion. A mortgage adviser can guide you at each stage. You can begin by booking a call from the Loans section of the app."
"The ATM did not give me the full cash but the money was deducted, I withdrew 934 USD.",ATM,dispute_ATM_withdrawal,"I will help you raise a dispute for the ATM withdrawal of 934 USD. Please go to Disputes in the app, select the transaction and choose ATM Cash Issue, then give the date, time and ATM location if you have them. We will investigate with the ATM operator and most cases are reviewed within a few working days. If the ATM did not dispense the cash, the amount is usually credited back to your account. I am here if you need anything else."
"I just received my prepaid card in the mail, how can I start using it?",CARD,activate_card,"Absolutely, let me walk you through it. First, open the mobile app or net banking and go to the Cards section. Then select your prepaid card and choose Activate Card. You will receive a one-time code on your registered mobile number, so enter it to confirm. Once that is done, the card is active and ready to use straight away."
"Hey, what is the available balance on my debit card? Any idea what to do",CARD,check_current_balance_on_card,"To check your balance, log in to net banking or the app and open Cards. The card summary shows your current balance, available credit and the last statement amount. Balances update in near real time, but very recent transactions can take a short while to appear."
"I have a visual impairment and cannot read the statements, what support do you offer?",RETAIL_EXCEPTION,vulnerable_customer_support,"Thank you for telling us, and please know that we are here to help in a way that works for you. We offer support such as large print or audio statements, assisted banking at branches, a dedicated helpline with priority handling and, in some areas, home visits. If you are worried about a suspicious call, please do not share any codes or personal details, and we will help you check it. I will connect you with our customer care specialists to set up the support you need. You can ask for a human agent at any time and I will arrange it."
"Hey, my online banking was accessed by someone else and money is missing. Please help.",RETAIL_EXCEPTION,identity_theft_account_takeover,"I am very sorry, and I will treat this as urgent. To protect you, we should restrict access to your account and cards immediately, and I am escalating this to our fraud and security team now. Please do not use the same password anywhere else, avoid clicking links in unexpected messages, and keep a note of any suspicious messages or calls. A specialist will contact you on a verified number to restore your access and review the activity. You can ask for a human agent at any time and I will arrange it."
"Good morning, how do I send GBP 987 to a friend's account? Pls advise.",TRANSFER,make_transfer,"Certainly, I can help with that. You can send money in a few steps. Open Transfers, choose Send Money and select an existing payee or add a new one. Type in the amount, check the details carefully because transfers to the wrong account can be hard to reverse, and approve with your security code. Instant methods arrive within minutes, while standard transfers can take up to one working day. Let me know if there is anything more I can do for you."
"Good morning, please put me through to a customer service representative. Thanks",CONTACT,human_agent,"Of course. I will connect you with a human agent now. Please stay in this chat, and it helps if you briefly describe your issue so the agent can pick up straight away. Waiting times can vary, and if it is not urgent you can also request a call back at a time that suits you. I am here if you need anything else."
what is the annual fee for my debit card? thank you.,CARD,check_card_annual_fee,"The annual fee depends on the type of card you hold. You can see the exact amount for your debit card in the app under Cards and Card Details, and it is also listed in your welcome kit. The fee is normally charged once a year on the card anniversary date. Some cards offer a waiver if you reach a yearly spending target. I am here if you need anything else."
I need help. Can I cancel a scheduled transfer for next week? Can u help me with this,TRANSFER,cancel_transfer,"Please act quickly. For transfers that have not been processed yet, use Cancel next to the transfer in your pending list. For completed transfers, raise a recall request from the same screen or through customer service, and keep the transaction reference handy. We will update you as soon as we hear back from the other bank. Please reach out again if anything is unclear."
"Good evening, how can I avoid repossession of my house? Thanks.",RETAIL_EXCEPTION,mortgage_arrears_support,"Thank you for reaching out. Falling behind on a mortgage is stressful, and there are steps we can explore together. A mortgage support specialist will review your account, your income and expenses, and discuss a plan that suits you. I am raising this as urgent so they contact you soon. If anything changes in the meantime, please let us know straight away."
"Hi, I want to reverse the payment I just made, is that possible? Not sure what to do.",TRANSFER,cancel_transfer,"Please act quickly. For transfers that have not been processed yet, use Cancel next to the transfer in your pending list. For completed transfers, raise a recall request from the same screen or through customer service, and keep the transaction reference handy. We will update you as soon as we hear back from the other bank. If you need any further help, just let me know."
Urgent: can I see my last transactions? Please help,ACCOUNT,check_recent_transactions,"To review your recent activity, log in and choose the account, then select Recent Transactions. Pending items are shown separately from completed ones. If something looks unfamiliar, tap it to see the details and report it directly from that screen."
"good morning, please change my surname on all my accounts. can you help me with this?",RETAIL_EXCEPTION,legal_name_change,"To change your name in our records, we need proof of the legal name change, such as a marriage certificate, a gazette notification or a deed poll, together with your identification. Please upload the documents in the app under Profile or visit a branch, and we will update your accounts and cards. Because this affects several products, the update may take a few working days, and we will notify you when it is complete. If you would like, I can connect you with a human agent right now."
"urgent: i would like to stop my card, it has an annual fee i do not want to pay. thank you",CARD,cancel_card,I can guide you through cancelling your card. First check that there are no pending transactions or unpaid dues. Then submit a cancellation request through the app or by phone banking. You will get a confirmation message once the card is closed. Please reach out again if anything is unclear.
"hello there, how do i apply for a personal loan? thank you.",LOAN,apply_for_loan,"Absolutely, let me walk you through it. To apply for a loan, go to Loans in the app and select the type of loan you need. Enter the amount and tenure, upload the required documents and submit. Your eligibility is based on income, existing commitments and credit score, and you will see a decision and an offer once the review is complete."
Urgent: my international transfer of 544 dollars to Delhi is on hold and nobody tells me why. I need this sorted today.,PAYMENT_EXCEPTION,international_transfer_compliance_hold,"I understand this is frustrating. International payments can be held for a routine compliance review, which is a regulatory requirement, and we may ask for supporting documents such as an invoice, contract or proof of source of funds. I cannot see the full details of the review in this chat, so I will pass your case to our payments compliance team, who will contact you about what is needed. Providing the documents promptly usually speeds things up. Please keep your reference number safe, and reply here if you need anything else."
"Hi team, somebody used my credit card to buy things I do not recognise, this is fraud. Please advise.",PAYMENT_EXCEPTION,card_fraud_unauthorized_transaction,"Thank you for reporting this quickly. Your card should be blocked immediately to prevent more misuse, and the disputed transactions will be flagged for our fraud team. They will review the details, and where a transaction is confirmed as fraudulent the amount is normally returned to your account after the investigation. A specialist will reach out to collect a few more details. You can ask for a human agent at any time and I will arrange it."
Please help: can I see my loan repayment schedule? Appreciate the help.,LOAN,check_loan_payments,"To check your loan payments, log in and open Loans, then choose the loan. You will see what you have paid so far, what is left, and the next due date. If you would like to pay extra to reduce the balance, there is an option to make a part payment on the same screen."
can i see my last transactions,ACCOUNT,check_recent_transactions,"Thanks for reaching out, I can guide you through this. To review your recent activity, log in and choose the account, then select Recent Transactions. Pending items are shown separately from completed ones. If something looks unfamiliar, tap it to see the details and report it directly from that screen. Let me know if there is anything more I can do for you."
"Hi team, how much do I pay every year to keep my card?",CARD,check_card_annual_fee,"Annual fees vary by card, and many cards waive the fee after a certain level of yearly spending. Please check Fees and Charges for your card in the app to see your amount and the anniversary date. If you would like to ask about a waiver, customer service can review your eligibility."
"Good morning, my refund of $2,150 is still missing, the shop says it was processed.",PAYMENT_EXCEPTION,refund_not_received,"Thank you for the details. A refund can take some time after the merchant approves it. If it has been more than ten working days, please send us the refund confirmation from the merchant. We will trace the credit and follow up with the merchant bank on your behalf. If you would like, I can connect you with a human agent right now."
I lost my platinum credit card and need to block it right now. Appreciate the help.,CARD,block_card,"To protect your money, block the card first. Use the app under Cards and Block, or call the 24 hour phone banking line and ask for an immediate block. Once blocked, please review your recent transactions and tell us about any you do not recognise so we can look into them. If you need any further help, just let me know."
"i need help. we are buying our first home and need a mortgage, where do we start?",LOAN,apply_for_mortgage,"For a mortgage, the first step is to check how much you can borrow using the mortgage calculator in the app. Then submit an application with your identity, income and property details, and we will arrange a valuation of the property. After approval you receive a formal offer, and the funds are released to the seller once the legal formalities are complete. A deposit is usually needed, and the amount depends on the property value and your profile. I am here if you need anything else."
"Good evening, what happens to my mortgage application if I cancel it now? Any idea what to do?",LOAN,cancel_mortgage,"I can help you withdraw the mortgage application. Please contact our mortgage team through the app or at a branch and confirm the application reference. If the valuation or legal work has already started, some third party fees might still apply. Once cancelled, you will receive written confirmation. Feel free to ask if you have any other questions."
Pls help: returned the item to Starbucks and still no money back. Pls advise.,PAYMENT_EXCEPTION,refund_not_received,"I am sorry for the wait. Refunds from merchants usually take between five and ten working days to appear, depending on the merchant and the card network. Please ask Starbucks for the refund reference number or acquirer reference number, which lets us trace it. Once you share it, we can check whether the credit was received and, if not, raise an enquiry with the merchant bank."
"Hi, the ATM gave me less money than what was debited from my account.",ATM,dispute_ATM_withdrawal,"Sorry about the trouble with the ATM. Please keep the receipt if you have one and raise a dispute through the app or by calling customer service. We will check the ATM records for the withdrawal and update you by message. If the money is confirmed as not dispensed, it will be returned to your account."
"Hi team, could you tell me the yearly charges on the card ending 7752? Can you help me with this?",CARD,check_card_annual_fee,"Annual fees vary by card, and many cards waive the fee after a certain level of yearly spending. Please check Fees and Charges for your card in the app to see your amount and the anniversary date. If you would like to ask about a waiver, customer service can review your eligibility. If you need any further help, just let me know."
"Hi, what is the available balance on my travel card? I need this sorted today.",CARD,check_current_balance_on_card,"To check your balance, log in to net banking or the app and open Cards. The card summary shows your current balance, available credit and the last statement amount. Balances update in near real time, but very recent transactions can take a short while to appear."
Urgent: how do I activate my new prepaid card? Any idea what to do?,CARD,activate_card,"Thanks for reaching out, I can guide you through this. First, open the mobile app or net banking and go to the Cards section. Then select your prepaid card and choose Activate Card. You will receive a one-time code on your registered mobile number, so enter it to confirm. Once that is done, the card is active and ready to use straight away. Please reach out again if anything is unclear."
"Excuse me, I have complained three times and nobody has solved my problem, I want to escalate. Can you help me with this?",RETAIL_EXCEPTION,formal_complaint_escalation,"I am sorry that your issue has not been resolved, and you have every right to escalate. I can register a formal complaint now, which will be given a reference number and reviewed by our complaints team, who will respond in writing within the time required. If you are not satisfied with the final response, you can take the matter to the external financial ombudsman. It helps if you share the dates and details of your previous contacts. If anything changes in the meantime, please let us know straight away."
"Hi team, what is the outstanding balance on my car loan? Not sure what to do.",LOAN,check_loan_payments,"Absolutely, let me walk you through it. You can see your repayment details in the app under Loans. Select your car loan to view the instalment amount, the next due date, the number of payments remaining and the total outstanding balance. The full repayment schedule can also be downloaded as a document."
"Hello there, can I get someone to visit me at home for banking services?",RETAIL_EXCEPTION,vulnerable_customer_support,"Thank you for telling us, and please know that we are here to help in a way that works for you. We offer support such as large print or audio statements, assisted banking at branches, a dedicated helpline with priority handling and, in some areas, home visits. If you are worried about a suspicious call, please do not share any codes or personal details, and we will help you check it. I will connect you with our customer care specialists to set up the support you need. We will keep you updated by message until this is resolved."
What is the annual fee for my prepaid card? Appreciate the help.,CARD,check_card_annual_fee,"Thanks for reaching out, I can guide you through this. Annual fees vary by card, and many cards waive the fee after a certain level of yearly spending. Please check Fees and Charges for your card in the app to see your amount and the anniversary date. If you would like to ask about a waiver, customer service can review your eligibility."
"Hi, my platinum credit card does not work outside the country, how do I switch on overseas payments? I need this sorted today.",CARD,activate_card_international_usage,"International usage can be switched on from the mobile app. Go to Cards, select your platinum credit card, open Card Controls and turn on International Transactions. You can also set the dates of your trip and a spending limit for extra safety. Changes usually take effect within a few minutes, so please do it before you leave. Feel free to ask if you have any other questions."
"my income has dropped, can you restructure my personal loan?",RETAIL_EXCEPTION,loan_hardship_request,"Thank you for being open about this. We treat hardship requests seriously and with respect. A specialist will contact you to understand your circumstances and explore ways to reduce the pressure, for example a payment break or revised repayment plan. They may ask for proof of the change in your income. Nothing is decided in this chat, but I will raise it as a priority. If you would like, I can connect you with a human agent right now."
Where can I download my statement for the last 2 days?,ACCOUNT,check_recent_transactions,"To review your recent activity, log in and choose the account, then select Recent Transactions. Pending items are shown separately from completed ones. If something looks unfamiliar, tap it to see the details and report it directly from that screen. I am here if you need anything else."
Please help: can you help me activate my card? It has not been used yet. Please advise,CARD,activate_card,"You can activate your card in two easy ways. In the mobile app, go to Cards, pick your card, and tap Activate. If you prefer, call the phone banking number printed on the back of the card and follow the voice prompts. After verification your card will be active within a few minutes."
what happens to my mortgage application if i cancel it now?,LOAN,cancel_mortgage,"To cancel a mortgage application, send a withdrawal request with your application reference. Any costs already incurred for valuation or legal checks may not be refundable. We will confirm the cancellation in writing and close the file. I am here if you need anything else."
"Hello, what are your support hours? Can you help me with this?",CONTACT,customer_service,"There are several ways to contact us. The quickest is the chat option in the app, which is available all day. You can also call the number printed on the back of your card or on our website, or visit any branch during opening hours. Please reach out again if anything is unclear."
"Urgent: please unfreeze my account, I already submitted my documents last weekend.",RETAIL_EXCEPTION,account_frozen_kyc,"I understand how stressful it is to have an account restricted. Accounts are sometimes frozen when identity documents are missing or expired, or when a compliance review is needed. I cannot lift a restriction from this chat, but I can raise a priority request with our account services team. Please keep your photo ID, proof of address and recent photograph ready, and a specialist will contact you with the exact documents required."
"Good morning, please cancel the loan I applied for last weekend. Thanks.",LOAN,cancel_loan,"Thanks for reaching out, I can guide you through this. To cancel a loan application, tell us which application you mean and we will stop the process. Before disbursal there is normally no cost. After disbursal, the loan must be closed by repaying the outstanding amount, and we will give you the exact figure and any applicable charges. Feel free to ask if you have any other questions."
"Hi, what do I need to do before closing my current account? Thanks.",ACCOUNT,close_account,"To close the account, make sure there are no pending transactions, linked cards or loans. Request closure through the app under Account Services or visit a branch. We will transfer any remaining balance to the account you nominate and confirm once the account is closed. Let me know if there is anything more I can do for you."
"Excuse me, my current account has been frozen and I do not know why. Please help.",RETAIL_EXCEPTION,account_frozen_kyc,"I understand how stressful it is to have an account restricted. Accounts are sometimes frozen when identity documents are missing or expired, or when a compliance review is needed. I cannot lift a restriction from this chat, but I can raise a priority request with our account services team. Please keep your photo ID, proof of address and recent photograph ready, and a specialist will contact you with the exact documents required. You can ask for a human agent at any time and I will arrange it."
How much do I pay every year to keep my card? Please advise,CARD,check_card_annual_fee,"Absolutely, let me walk you through it. Annual fees vary by card, and many cards waive the fee after a certain level of yearly spending. Please check Fees and Charges for your card in the app to see your amount and the anniversary date. If you would like to ask about a waiver, customer service can review your eligibility."
"Quick question: I would like to stop my card, it has an annual fee I do not want to pay. Thank you.",CARD,cancel_card,I can guide you through cancelling your card. First check that there are no pending transactions or unpaid dues. Then submit a cancellation request through the app or by phone banking. You will get a confirmation message once the card is closed. Feel free to ask if you have any other questions.
"excuse me, i think i paid the wrong person 1,070 dollars and i am panicking. appreciate the help",PAYMENT_EXCEPTION,transfer_wrong_account,"Please stay calm, and thank you for telling us quickly, because speed matters. Payments to a wrong account cannot always be reversed, but we can send a recall request to the receiving bank for the 1,070 dollars. Please share the transaction reference, the date and the account number you used. We will contact the other bank and, if the account holder agrees or the funds are still available, the money can be returned. You can ask for a human agent at any time and I will arrange it."
i need help. i want to cancel my debit card permanently.,CARD,cancel_card,"Of course, happy to help. I can guide you through cancelling your card. First check that there are no pending transactions or unpaid dues. Then submit a cancellation request through the app or by phone banking. You will get a confirmation message once the card is closed. Feel free to ask if you have any other questions."
"Please help: how do I send 1,400 USD to a friend's account?",TRANSFER,make_transfer,"You can send money in a few steps. Open Transfers, choose Send Money and select an existing payee or add a new one. Type in the amount, check the details carefully because transfers to the wrong account can be hard to reverse, and approve with your security code. Instant methods arrive within minutes, while standard transfers can take up to one working day. If you need any further help, just let me know."
"Hello, what is the process to get a mortgage for a house worth EUR 8,050? Can you help me with this?",LOAN,apply_for_mortgage,"For a mortgage, the first step is to check how much you can borrow using the mortgage calculator in the app. Then submit an application with your identity, income and property details, and we will arrange a valuation of the property. After approval you receive a formal offer, and the funds are released to the seller once the legal formalities are complete. A deposit is usually needed, and the amount depends on the property value and your profile. Feel free to ask if you have any other questions."
"Good morning, google Play keeps charging me 658 USD every month and I never subscribed. I need this sorted today.",PAYMENT_EXCEPTION,recurring_payment_unauthorized,"I understand how annoying unwanted charges are. You can stop a recurring payment by going to Cards and Recurring Payments in the app and choosing Stop for Google Play. If the merchant has already taken money you did not agree to, we can raise a dispute for the 658 USD charges. It also helps to contact the merchant to cancel the subscription so they stop trying to bill you. We will keep you updated by message until this is resolved."
The ATM kept my travel card and I cannot get it back. Can you help me with this?,ATM,recover_swallowed_card,"I am sorry that the ATM kept your card. For your safety, I suggest blocking the card right away in the app. We will then arrange either collection from the ATM branch with identification or a replacement card sent to your address, usually within a few working days."
"Hey, please enable international transactions on my card ending 4951. Appreciate the help.",CARD,activate_card_international_usage,"Absolutely, let me walk you through it. To use your card overseas, open Card Controls in the app and enable International Usage. It is a good idea to set a travel period and a daily limit. If you cannot use the app, phone banking can turn it on for you after verifying your identity. I am here if you need anything else."
Can you transfer me to a human agent? Thanks.,CONTACT,human_agent,"Of course. I will connect you with a human agent now. Please stay in this chat, and it helps if you briefly describe your issue so the agent can pick up straight away. Waiting times can vary, and if it is not urgent you can also request a call back at a time that suits you. Feel free to ask if you have any other questions."
"urgent: i never received the goods i paid eur 1,980 for on decathlon, i want a chargeback. any idea what to do?",PAYMENT_EXCEPTION,chargeback_request,"Thank you for the details. A card dispute can be raised for items not received or not as described. We will need your order confirmation and any communication with the seller. Our disputes team will assess the claim and let you know whether the amount can be recovered. If you would like, I can connect you with a human agent right now."
Can I get a payment holiday on my loan for a few months? I need this sorted today.,RETAIL_EXCEPTION,loan_hardship_request,"I am sorry you are facing this, and I am glad you reached out early. We have options for customers in financial difficulty, such as a temporary payment holiday, a longer tenure with lower instalments, or restructuring, depending on your situation. I will pass your request to our customer support team, who will review your income and expenses and discuss what is possible. Please try to keep making any payments you can, and avoid ignoring reminders, as talking to us early gives you more choices. We will keep you updated by message until this is resolved."
"good morning, i am in paris and my debit card is lost, how can i get emergency help? not sure what to do.",PAYMENT_EXCEPTION,lost_card_abroad_emergency,"That sounds very stressful. The first step is to block all lost cards so nobody can use them. Then our emergency support team can help with a replacement card delivered to your location or a cash advance, after confirming your identity. Please keep any police report reference, as it can help with disputed transactions. Please keep your reference number safe, and reply here if you need anything else."
"Hello there, my card was declined in Bangalore and I am stuck without money.",PAYMENT_EXCEPTION,card_declined_while_travelling,"Sorry about the inconvenience, especially while you are travelling. Please check that international transactions are enabled and that you have not reached your daily limit. Because this is urgent, I recommend calling the emergency line on the back of the card, where an agent can verify you and remove any block. Emergency cash or a replacement card can be arranged if needed. Please keep your reference number safe, and reply here if you need anything else."
"Hi, the bank refused my mortgage even though I have a stable income. Thanks",RETAIL_EXCEPTION,loan_application_rejected_appeal,"I am sorry that your application was not approved. Decisions are based on factors such as income, existing debts, credit history and the value of the loan requested, and we can share the main reasons with you. You may ask for a review, especially if your circumstances have changed or if some information was missing. I will pass your request to a loans specialist who can explain the decision and suggest what may improve your chances next time. We will keep you updated by message until this is resolved."
"Please help: my card went missing two days ago, block it asap. Please help.",CARD,block_card,"I understand how stressful this must be, and I am here to help. To protect your money, block the card first. Use the app under Cards and Block, or call the 24 hour phone banking line and ask for an immediate block. Once blocked, please review your recent transactions and tell us about any you do not recognise so we can look into them. Please reach out again if anything is unclear."
My online banking was accessed by someone else and money is missing. Not sure what to do.,RETAIL_EXCEPTION,identity_theft_account_takeover,"Thank you for flagging this quickly. Access to your online banking will be locked while we investigate. Our security team will verify your identity through a secure process, review recent changes and transactions, and help reset your details. Please tell us about any transaction you did not make, so it can be investigated. If anything changes in the meantime, please let us know straight away."
"Please help: my card went missing earlier today, block it asap",CARD,block_card,"You can block the card immediately in the mobile app. Go to Cards, choose the card and tap Block Card, then pick Lost or Stolen as the reason. The card stops working straight away and any new transactions are declined. We will then help you order a replacement, which usually arrives in a few working days. I am here if you need anything else."
please help: my online banking was accessed by someone else and money is missing. not sure what to do,RETAIL_EXCEPTION,identity_theft_account_takeover,"Thank you for flagging this quickly. Access to your online banking will be locked while we investigate. Our security team will verify your identity through a secure process, review recent changes and transactions, and help reset your details. Please tell us about any transaction you did not make, so it can be investigated. If anything changes in the meantime, please let us know straight away."
"Good evening, im a new customer and want to create my login. Not sure what to do.",PASSWORD,set_up_password,"New customers can create a password using the First Time Login option. Enter your customer ID, verify with a one-time code, then choose a password that meets the rules shown on screen. Please do not share it with anyone, including bank staff. Let me know if there is anything more I can do for you."
"Hi team, what is the fastest way to send money to someone? Appreciate the help.",TRANSFER,make_transfer,"You can send money in a few steps. Open Transfers, choose Send Money and select an existing payee or add a new one. Type in the amount, check the details carefully because transfers to the wrong account can be hard to reverse, and approve with your security code. Instant methods arrive within minutes, while standard transfers can take up to one working day. I am here if you need anything else."
"excuse me, please unfreeze my account, i already submitted my documents last friday. not sure what to do",RETAIL_EXCEPTION,account_frozen_kyc,"I am sorry for the inconvenience. A restriction usually means we need to verify or update some information. You can complete the update in the app under Profile and KYC, or visit a branch. If you have already submitted documents, I will ask the team to prioritise the review and update you. If you would like, I can connect you with a human agent right now."
"hi, please tell me the reason my loan was denied. appreciate the help",RETAIL_EXCEPTION,loan_application_rejected_appeal,"I am sorry that your application was not approved. Decisions are based on factors such as income, existing debts, credit history and the value of the loan requested, and we can share the main reasons with you. You may ask for a review, especially if your circumstances have changed or if some information was missing. I will pass your request to a loans specialist who can explain the decision and suggest what may improve your chances next time. Please keep your reference number safe, and reply here if you need anything else."
"hey, how do i authorise someone to handle my banking on my behalf? i need this sorted today.",RETAIL_EXCEPTION,power_of_attorney_request,"I am sorry to hear that. Managing another person's account requires a valid legal authority, such as a registered power of attorney, and we need to verify it before giving access. Please prepare the original or certified copy of the document, your identification and the account holder details. A specialist will check the paperwork and explain what your authority allows, and I will arrange for them to contact you. We will keep you updated by message until this is resolved."
"Hello there, where can I download my statement for the last 10 days? Please help.",ACCOUNT,check_recent_transactions,"Absolutely, let me walk you through it. To review your recent activity, log in and choose the account, then select Recent Transactions. Pending items are shown separately from completed ones. If something looks unfamiliar, tap it to see the details and report it directly from that screen. Feel free to ask if you have any other questions."
"Hello, please help me make a transfer of INR 405 today. Can you help me with this",TRANSFER,make_transfer,"Certainly, I can help with that. To make a transfer, log in to the app or net banking and go to Transfers. Add the payee by entering the name, account number and bank code, then confirm the payee with a one-time code. Enter the amount of INR 405, choose the payment method, review the details and confirm. You will get a confirmation message with a reference number."
"Hello there, can I open an account online without visiting the branch? Thank you.",ACCOUNT,create_account,"Absolutely, let me walk you through it. To start, choose the type of account that suits you, then fill in the application form online. You will need identity and address documents, and you may complete a short video verification. Once approved, your account details arrive by message and email, and your debit card is sent to your address."
"hello, how much is the fee for an international transfer? thank you.",FEES,check_fees,"Sure, here is how this works. I can help you understand the charges. Common fees include monthly maintenance, foreign transaction fees, ATM use outside our network and penalties for low balance. Your latest statement shows every fee that has been applied, and customer service can review any fee you believe was charged in error."
"My income has dropped, can you restructure my student loan?",RETAIL_EXCEPTION,loan_hardship_request,"Thank you for being open about this. We treat hardship requests seriously and with respect. A specialist will contact you to understand your circumstances and explore ways to reduce the pressure, for example a payment break or revised repayment plan. They may ask for proof of the change in your income. Nothing is decided in this chat, but I will raise it as a priority. You can ask for a human agent at any time and I will arrange it."
What is the annual fee for my travel card,CARD,check_card_annual_fee,"Thanks for reaching out, I can guide you through this. The annual fee depends on the type of card you hold. You can see the exact amount for your travel card in the app under Cards and Card Details, and it is also listed in your welcome kit. The fee is normally charged once a year on the card anniversary date. Some cards offer a waiver if you reach a yearly spending target. Let me know if there is anything more I can do for you."
"Hey, I need a person to help me with this, not an automated reply. Thank you.",CONTACT,human_agent,"Of course. I will connect you with a human agent now. Please stay in this chat, and it helps if you briefly describe your issue so the agent can pick up straight away. Waiting times can vary, and if it is not urgent you can also request a call back at a time that suits you. Please reach out again if anything is unclear."
I need help. What is the available balance on my debit card? Can you help me with this?,CARD,check_current_balance_on_card,"To check your balance, log in to net banking or the app and open Cards. The card summary shows your current balance, available credit and the last statement amount. Balances update in near real time, but very recent transactions can take a short while to appear. If you need any further help, just let me know."
"Urgent: I want to apply for a home loan of 190,550 dollars.",LOAN,apply_for_loan,"To apply for a loan, go to Loans in the app and select the type of loan you need. Enter the amount and tenure, upload the required documents and submit. Your eligibility is based on income, existing commitments and credit score, and you will see a decision and an offer once the review is complete. Please reach out again if anything is unclear."
"Good evening, account blocked after I updated my address, how do I get access? Thank you.",RETAIL_EXCEPTION,account_frozen_kyc,"I understand how stressful it is to have an account restricted. Accounts are sometimes frozen when identity documents are missing or expired, or when a compliance review is needed. I cannot lift a restriction from this chat, but I can raise a priority request with our account services team. Please keep your photo ID, proof of address and recent photograph ready, and a specialist will contact you with the exact documents required."
"hello there, what is the fastest way to send money to someone? pls help.",TRANSFER,make_transfer,"Certainly, I can help with that. You can send money in a few steps. Open Transfers, choose Send Money and select an existing payee or add a new one. Type in the amount, check the details carefully because transfers to the wrong account can be hard to reverse, and approve with your security code. Instant methods arrive within minutes, while standard transfers can take up to one working day."
"Good morning, I was charged an overdraft fee of 1,120 dollars even though I had funds. I need this sorted today.",RETAIL_EXCEPTION,overdraft_fee_dispute,"I understand your concern, and I will help you look into it. Overdraft fees can arise when a payment goes through before a deposit is credited, or when the balance goes below the agreed limit. Please check the dates on your statement for the fee of 1,120 dollars. If you feel it was applied unfairly, we can review it as a goodwill request or a complaint, and a specialist will assess your account history. If anything changes in the meantime, please let us know straight away."
Quick question: how do I apply for a personal loan? Thanks.,LOAN,apply_for_loan,"Absolutely, let me walk you through it. To apply for a loan, go to Loans in the app and select the type of loan you need. Enter the amount and tenure, upload the required documents and submit. Your eligibility is based on income, existing commitments and credit score, and you will see a decision and an offer once the review is complete. Feel free to ask if you have any other questions."
"Hi, how do I withdraw my loan request? Thank you",LOAN,cancel_loan,"Thanks for reaching out, I can guide you through this. To cancel a loan application, tell us which application you mean and we will stop the process. Before disbursal there is normally no cost. After disbursal, the loan must be closed by repaying the outstanding amount, and we will give you the exact figure and any applicable charges. I am here if you need anything else."
The ATM kept my travel card and I cannot get it back. Appreciate the help.,ATM,recover_swallowed_card,"Please do not worry, this happens sometimes. First, block the card in the app as a precaution until you have it back. Then contact the branch that owns the ATM or call customer service, and we will check if the card was retained by the machine. If it can be recovered you may collect it with valid photo ID, otherwise we will issue a replacement card to you. Feel free to ask if you have any other questions."
"Excuse me, I need to transfer money to another bank, what are the steps? Please advise.",TRANSFER,make_transfer,"Of course, happy to help. You can send money in a few steps. Open Transfers, choose Send Money and select an existing payee or add a new one. Type in the amount, check the details carefully because transfers to the wrong account can be hard to reverse, and approve with your security code. Instant methods arrive within minutes, while standard transfers can take up to one working day. Please reach out again if anything is unclear."
"Urgent: someone may have my card details, how can I block the card immediately? Any idea what to do?",CARD,block_card,"You can block the card immediately in the mobile app. Go to Cards, choose the card and tap Block Card, then pick Lost or Stolen as the reason. The card stops working straight away and any new transactions are declined. We will then help you order a replacement, which usually arrives in a few working days. Let me know if there is anything more I can do for you."
"Good evening, how much do I still owe on my loan? I need this sorted today.",LOAN,check_loan_payments,"Absolutely, let me walk you through it. To check your loan payments, log in and open Loans, then choose the loan. You will see what you have paid so far, what is left, and the next due date. If you would like to pay extra to reduce the balance, there is an option to make a part payment on the same screen."
"My card went missing last Friday, block it asap.",CARD,block_card,"To protect your money, block the card first. Use the app under Cards and Block, or call the 24 hour phone banking line and ask for an immediate block. Once blocked, please review your recent transactions and tell us about any you do not recognise so we can look into them. I am here if you need anything else."
"Good morning, help, the cash machine did not return my card. Appreciate the help",ATM,recover_swallowed_card,"Please do not worry, this happens sometimes. First, block the card in the app as a precaution until you have it back. Then contact the branch that owns the ATM or call customer service, and we will check if the card was retained by the machine. If it can be recovered you may collect it with valid photo ID, otherwise we will issue a replacement card to you."
"I forgot my password, how do I get it back? Pls help.",PASSWORD,get_password,"I am sorry you are locked out. On the login page, tap Forgot Password and enter your customer ID. We will send a one-time code to your registered mobile number, and after you enter it you can choose a new password. For security reasons we can never tell you your old password. If you need any further help, just let me know."
"Good morning, why did MakeMyTrip take $2,410 two times? I need this sorted today.",PAYMENT_EXCEPTION,duplicate_charge,"Thanks for letting us know. Please keep proof of your purchase and, if possible, the merchant receipt. We will open a dispute for the duplicate payment, and a specialist will review it with the merchant. Refunds usually take several working days once the duplicate is confirmed. You can ask for a human agent at any time and I will arrange it."
"hey, how do i stop a transfer i made last month?",TRANSFER,cancel_transfer,"Please act quickly. For transfers that have not been processed yet, use Cancel next to the transfer in your pending list. For completed transfers, raise a recall request from the same screen or through customer service, and keep the transaction reference handy. We will update you as soon as we hear back from the other bank. If you need any further help, just let me know."
"Hi team, I was charged an overdraft fee of 1,640 dollars even though I had funds. Can you help me with this?",RETAIL_EXCEPTION,overdraft_fee_dispute,"Thanks for explaining. To review the fee, we need to see the order in which the deposit and the payments were processed. I will raise a request for the fee to be reviewed, and you will hear back with the outcome. In some cases, especially after a delayed salary, the fee can be waived. You can ask for a human agent at any time and I will arrange it."
"Hey, the seller is not responding and I want my 2,390 dollars back through my card. Thank you.",PAYMENT_EXCEPTION,chargeback_request,"Thank you for the details. A card dispute can be raised for items not received or not as described. We will need your order confirmation and any communication with the seller. Our disputes team will assess the claim and let you know whether the amount can be recovered. If you would like, I can connect you with a human agent right now."
"hello there, what are the rules for choosing a password?",PASSWORD,set_up_password,"Absolutely, let me walk you through it. To set up or change your password, log in and go to Settings and then Security. Choose Change Password, enter your current password, and type the new one twice. A strong password uses at least eight characters with a mix of letters, numbers and symbols, and should not include your name or birth date. Feel free to ask if you have any other questions."
"Hi, when is my next mortgage payment due? Thank you.",LOAN,check_mortgage_payments,"Absolutely, let me walk you through it. In the app, open Loans and select your mortgage to see your monthly payment, the next due date, the remaining balance and the split between interest and principal. Statements and a yearly interest certificate can also be downloaded from the documents section."
"urgent: what happens if i cancel my debit card, and how do i do it? thank you.",CARD,cancel_card,"To cancel a card, go to Cards in the mobile app, select your debit card and choose Cancel Card, or contact customer service. Before we close it, please clear any outstanding balance and cancel recurring payments linked to the card. Once cancelled, the card cannot be used again, and you can request a new one later if you change your mind. Feel free to ask if you have any other questions."
"hi team, how do i freeze my card temporarily? i cant find it. any idea what to do",CARD,block_card,"You can block the card immediately in the mobile app. Go to Cards, choose the card and tap Block Card, then pick Lost or Stolen as the reason. The card stops working straight away and any new transactions are declined. We will then help you order a replacement, which usually arrives in a few working days. Feel free to ask if you have any other questions."
"hi team, what are the eligibility criteria for a car loan? any idea what to do?",LOAN,apply_for_loan,"To apply for a loan, go to Loans in the app and select the type of loan you need. Enter the amount and tenure, upload the required documents and submit. Your eligibility is based on income, existing commitments and credit score, and you will see a decision and an offer once the review is complete. Feel free to ask if you have any other questions."
Please help: my card got stuck in the machine last Friday. I need this sorted today.,ATM,recover_swallowed_card,"Please do not worry, this happens sometimes. First, block the card in the app as a precaution until you have it back. Then contact the branch that owns the ATM or call customer service, and we will check if the card was retained by the machine. If it can be recovered you may collect it with valid photo ID, otherwise we will issue a replacement card to you. Feel free to ask if you have any other questions."
"hi, i was charged twice by airbnb for the same purchase of 60 usd. thanks.",PAYMENT_EXCEPTION,duplicate_charge,"I am sorry about the double charge. Sometimes one of the two entries is only a temporary hold that drops off within a few working days, so please check whether both are marked as completed. If both are completed, raise a dispute from the transaction details in the app for the duplicate 60 USD at Airbnb. We will contact the merchant, and the extra amount will be returned if the duplicate is confirmed. Please keep your reference number safe, and reply here if you need anything else."
is there any joining or annual fee on the travel card? can u help me with this?,CARD,check_card_annual_fee,"Of course, happy to help. The annual fee depends on the type of card you hold. You can see the exact amount for your travel card in the app under Cards and Card Details, and it is also listed in your welcome kit. The fee is normally charged once a year on the card anniversary date. Some cards offer a waiver if you reach a yearly spending target. Please reach out again if anything is unclear."
"hello there, i am in bangkok and my debit card is lost, how can i get emergency help? thanks.",PAYMENT_EXCEPTION,lost_card_abroad_emergency,"I am sorry to hear that, and please make sure you are safe first. Block your cards immediately in the app, or call our 24 hour emergency line if you cannot log in. We can arrange an emergency replacement card or emergency cash in Bangkok, and our agent will verify your identity and guide you on the fastest option. I suggest reporting the theft to the local police as well, since some claims need a report. We will keep you updated by message until this is resolved."
"Good evening, I need to withdraw cash in Sydney, where can I find one of your ATMs? I need this sorted today.",FIND,find_ATM,"Absolutely, let me walk you through it. To locate an ATM, open the Locator in the app or on our website and search by city or landmark. Filters help you find machines that offer deposits, cheque drops or extended hours. Please remember that using an ATM outside our network may attract a fee. Please reach out again if anything is unclear."
"I would like to stop my card, it has an annual fee I dont want to pay. Can you help me with this?",CARD,cancel_card,I can guide you through cancelling your card. First check that there are no pending transactions or unpaid dues. Then submit a cancellation request through the app or by phone banking. You will get a confirmation message once the card is closed.
"I need help. I paid GBP 2,510 once but the money left my account twice this morning. Pls help.",PAYMENT_EXCEPTION,duplicate_charge,"Thanks for letting us know. Please keep proof of your purchase and, if possible, the merchant receipt. We will open a dispute for the duplicate payment, and a specialist will review it with the merchant. Refunds usually take several working days once the duplicate is confirmed. You can ask for a human agent at any time and I will arrange it."
Cash was not dispensed at the ATM yet my account was debited. Not sure what to do,ATM,dispute_ATM_withdrawal,"Sorry about the trouble with the ATM. Please keep the receipt if you have one and raise a dispute through the app or by calling customer service. We will check the ATM records for the withdrawal and update you by message. If the money is confirmed as not dispensed, it will be returned to your account. Feel free to ask if you have any other questions."
How do I stop a transfer I made three days ago? Any idea what to do?,TRANSFER,cancel_transfer,"Please act quickly. For transfers that have not been processed yet, use Cancel next to the transfer in your pending list. For completed transfers, raise a recall request from the same screen or through customer service, and keep the transaction reference handy. We will update you as soon as we hear back from the other bank."
I need help. Why is my student account overdrawn? I never spent that much. Can you help me with this?,RETAIL_EXCEPTION,overdraft_fee_dispute,"Thanks for explaining. To review the fee, we need to see the order in which the deposit and the payments were processed. I will raise a request for the fee to be reviewed, and you will hear back with the outcome. In some cases, especially after a delayed salary, the fee can be waived. You can ask for a human agent at any time and I will arrange it."
"Excuse me, please help me recover my login details. Please help",PASSWORD,get_password,"You can recover access in a few steps. Select Forgot Password on the login screen, verify your identity with the one-time code sent to your registered number, and set a new password. If you no longer have access to that number, please visit a branch with your identification to update it."
when is my card annual fee charged and can it be waived? please advise.,CARD,check_card_annual_fee,"Annual fees vary by card, and many cards waive the fee after a certain level of yearly spending. Please check Fees and Charges for your card in the app to see your amount and the anniversary date. If you would like to ask about a waiver, customer service can review your eligibility."
"hi team, how do i send 1,610 dollars to a friend's account? please help",TRANSFER,make_transfer,"Sure, here is how this works. To make a transfer, log in to the app or net banking and go to Transfers. Add the payee by entering the name, account number and bank code, then confirm the payee with a one-time code. Enter the amount of 1,610 dollars, choose the payment method, review the details and confirm. You will get a confirmation message with a reference number. Feel free to ask if you have any other questions."
"Good morning, what is the process to allow foreign transactions on my card before my trip? Appreciate the help.",CARD,activate_card_international_usage,"Absolutely, let me walk you through it. To use your card overseas, open Card Controls in the app and enable International Usage. It is a good idea to set a travel period and a daily limit. If you cannot use the app, phone banking can turn it on for you after verifying your identity. Let me know if there is anything more I can do for you."
"Please help: what is the process to get a mortgage for a house worth 489,690 USD? Please advise.",LOAN,apply_for_mortgage,"For a mortgage, the first step is to check how much you can borrow using the mortgage calculator in the app. Then submit an application with your identity, income and property details, and we will arrange a valuation of the property. After approval you receive a formal offer, and the funds are released to the seller once the legal formalities are complete. A deposit is usually needed, and the amount depends on the property value and your profile."
I need help. I disagree with the unarranged overdraft fee on my statement. I need this sorted today.,RETAIL_EXCEPTION,overdraft_fee_dispute,"Thanks for explaining. To review the fee, we need to see the order in which the deposit and the payments were processed. I will raise a request for the fee to be reviewed, and you will hear back with the outcome. In some cases, especially after a delayed salary, the fee can be waived. If anything changes in the meantime, please let us know straight away."
Urgent: cancel my savings account and send me the balance. I need this sorted today,ACCOUNT,close_account,"Absolutely, let me walk you through it. To close the account, make sure there are no pending transactions, linked cards or loans. Request closure through the app under Account Services or visit a branch. We will transfer any remaining balance to the account you nominate and confirm once the account is closed. If you need any further help, just let me know."
How can I avoid repossession of my house? Thank you,RETAIL_EXCEPTION,mortgage_arrears_support,"Thank you for reaching out. Falling behind on a mortgage is stressful, and there are steps we can explore together. A mortgage support specialist will review your account, your income and expenses, and discuss a plan that suits you. I am raising this as urgent so they contact you soon. We will keep you updated by message until this is resolved."
"Good morning, urgent: $40,380 payment held for security, please release it. Thanks.",PAYMENT_EXCEPTION,large_transaction_blocked,"I understand the urgency. Large payments can be blocked because they go over your daily limit or because our security systems flagged them for extra checks. I cannot release a held payment from this chat, but I can help you confirm it is genuine. Please approve any alert on your app, or I can connect you to a specialist who will verify you and, where possible, release the payment or raise your limit temporarily. We will keep you updated by message until this is resolved."
"Hey, my card went missing last week, block it asap.",CARD,block_card,"I understand how stressful this must be, and I am here to help. To protect your money, block the card first. Use the app under Cards and Block, or call the 24 hour phone banking line and ask for an immediate block. Once blocked, please review your recent transactions and tell us about any you do not recognise so we can look into them."
Please help: I was charged an overdraft fee of 881 USD even though I had funds. Can you help me with this?,RETAIL_EXCEPTION,overdraft_fee_dispute,"I understand your concern, and I will help you look into it. Overdraft fees can arise when a payment goes through before a deposit is credited, or when the balance goes below the agreed limit. Please check the dates on your statement for the fee of 881 USD. If you feel it was applied unfairly, we can review it as a goodwill request or a complaint, and a specialist will assess your account history. We will keep you updated by message until this is resolved."
Can you explain the steps for a home loan application? Appreciate the help.,LOAN,apply_for_mortgage,"Applying for a home loan involves a few stages: an initial eligibility check, document submission, property valuation, formal approval and legal completion. A mortgage adviser can guide you at each stage. You can begin by booking a call from the Loans section of the app."
please help: how do i authorise someone to handle my banking on my behalf? thanks.,RETAIL_EXCEPTION,power_of_attorney_request,"I am sorry to hear that. Managing another person's account requires a valid legal authority, such as a registered power of attorney, and we need to verify it before giving access. Please prepare the original or certified copy of the document, your identification and the account holder details. A specialist will check the paperwork and explain what your authority allows, and I will arrange for them to contact you. If you would like, I can connect you with a human agent right now."
"hello, how do i send inr 2,060 to a friend's account? can you help me with this?",TRANSFER,make_transfer,"Sure, here is how this works. You can send money in a few steps. Open Transfers, choose Send Money and select an existing payee or add a new one. Type in the amount, check the details carefully because transfers to the wrong account can be hard to reverse, and approve with your security code. Instant methods arrive within minutes, while standard transfers can take up to one working day. Feel free to ask if you have any other questions."
"Excuse me, account blocked after I updated my address, how do I get access? I need this sorted today.",RETAIL_EXCEPTION,account_frozen_kyc,"I am sorry for the inconvenience. A restriction usually means we need to verify or update some information. You can complete the update in the app under Profile and KYC, or visit a branch. If you have already submitted documents, I will ask the team to prioritise the review and update you. Please keep your reference number safe, and reply here if you need anything else."
I need help. When is my next mortgage payment due? Please advise.,LOAN,check_mortgage_payments,"Absolutely, let me walk you through it. Your mortgage details are available under Loans. There you can view the payment amount, upcoming due dates, the balance still owed and a summary of interest paid. If your payment changes because of a rate change, we will notify you in advance. Let me know if there is anything more I can do for you."
"Hi team, I think my identity was stolen, there are accounts and loans in my name that I did not open. Please advise.",RETAIL_EXCEPTION,identity_theft_account_takeover,"Thank you for flagging this quickly. Access to your online banking will be locked while we investigate. Our security team will verify your identity through a secure process, review recent changes and transactions, and help reset your details. Please tell us about any transaction you did not make, so it can be investigated. You can ask for a human agent at any time and I will arrange it."
"I need help. I have complained three times and nobody has solved my problem, I want to escalate. Not sure what to do",RETAIL_EXCEPTION,formal_complaint_escalation,"I am sorry that your issue has not been resolved, and you have every right to escalate. I can register a formal complaint now, which will be given a reference number and reviewed by our complaints team, who will respond in writing within the time required. If you are not satisfied with the final response, you can take the matter to the external financial ombudsman. It helps if you share the dates and details of your previous contacts. If anything changes in the meantime, please let us know straight away."
"Quick question: my card went missing two days ago, block it asap. Thank you.",CARD,block_card,"I understand how stressful this must be, and I am here to help. To protect your money, block the card first. Use the app under Cards and Block, or call the 24 hour phone banking line and ask for an immediate block. Once blocked, please review your recent transactions and tell us about any you do not recognise so we can look into them."
"Hey, what is the customer care number? Please help",CONTACT,customer_service,"Sure, here is how this works. You can reach customer service by phone banking, through secure chat in the mobile app, or by email through the Contact Us section. Phone and chat support are available round the clock for urgent matters such as blocking a card, and other requests are handled during business hours. Please keep your customer ID handy so we can help you faster."
When is my next mortgage payment due? I need this sorted today.,LOAN,check_mortgage_payments,"Sure, here is how this works. In the app, open Loans and select your mortgage to see your monthly payment, the next due date, the remaining balance and the split between interest and principal. Statements and a yearly interest certificate can also be downloaded from the documents section. Please reach out again if anything is unclear."
"Hello, I lost my job and cannot pay my student loan instalments",RETAIL_EXCEPTION,loan_hardship_request,"I am sorry you are facing this, and I am glad you reached out early. We have options for customers in financial difficulty, such as a temporary payment holiday, a longer tenure with lower instalments, or restructuring, depending on your situation. I will pass your request to our customer support team, who will review your income and expenses and discuss what is possible. Please try to keep making any payments you can, and avoid ignoring reminders, as talking to us early gives you more choices. If anything changes in the meantime, please let us know straight away."
"I need help. Suspicious login on my account from another country, please secure it. Any idea what to do",RETAIL_EXCEPTION,identity_theft_account_takeover,"Thank you for flagging this quickly. Access to your online banking will be locked while we investigate. Our security team will verify your identity through a secure process, review recent changes and transactions, and help reset your details. Please tell us about any transaction you did not make, so it can be investigated. If you would like, I can connect you with a human agent right now."
"Hi team, what are the eligibility criteria for a student loan? Please help",LOAN,apply_for_loan,"You can apply for a student loan online or at a branch. Please keep your identity proof, address proof, recent salary slips or income proof, and bank statements ready. After you submit the application, we check your eligibility and credit history and share an offer with the interest rate and repayment plan. Once you accept, the money is usually credited within a few working days. If you need any further help, just let me know."
"Good evening, there are transactions of 629 USD on my card that I never made, I think my card was hacked. Please help",PAYMENT_EXCEPTION,card_fraud_unauthorized_transaction,"Thank you for reporting this quickly. Your card should be blocked immediately to prevent more misuse, and the disputed transactions will be flagged for our fraud team. They will review the details, and where a transaction is confirmed as fraudulent the amount is normally returned to your account after the investigation. A specialist will reach out to collect a few more details. If anything changes in the meantime, please let us know straight away."
"Hi, I lost my card and passport in Bangalore and I have no cash",PAYMENT_EXCEPTION,lost_card_abroad_emergency,"That sounds very stressful. The first step is to block all lost cards so nobody can use them. Then our emergency support team can help with a replacement card delivered to your location or a cash advance, after confirming your identity. Please keep any police report reference, as it can help with disputed transactions. Please keep your reference number safe, and reply here if you need anything else."
"Good evening, my brother died and I am the nominee on his account, what should I do?",RETAIL_EXCEPTION,deceased_account_holder,"I am very sorry for your loss. Please take your time, and we will make this as simple as we can. To begin, please inform us of the death by contacting our bereavement team, who will guide you personally. You will usually need a copy of the death certificate, your own identification and proof of your relationship, and if you are the nominee, the nomination details. Because this involves legal steps, a specialist will handle your request and explain the timeline. Please keep your reference number safe, and reply here if you need anything else."
"Pls help: my travel card does not work outside the country, how do I switch on overseas payments",CARD,activate_card_international_usage,"Absolutely, let me walk you through it. International usage can be switched on from the mobile app. Go to Cards, select your travel card, open Card Controls and turn on International Transactions. You can also set the dates of your trip and a spending limit for extra safety. Changes usually take effect within a few minutes, so please do it before you leave. If you need any further help, just let me know."
"Good evening, please block my card ending 0474, I think it was stolen. I need this sorted today.",CARD,block_card,"I understand how stressful this must be, and I am here to help. You can block the card immediately in the mobile app. Go to Cards, choose the card and tap Block Card, then pick Lost or Stolen as the reason. The card stops working straight away and any new transactions are declined. We will then help you order a replacement, which usually arrives in a few working days. Feel free to ask if you have any other questions."
"Good evening, could you tell me the yearly charges on the card ending 4555? Appreciate the help",CARD,check_card_annual_fee,"Annual fees vary by card, and many cards waive the fee after a certain level of yearly spending. Please check Fees and Charges for your card in the app to see your amount and the anniversary date. If you would like to ask about a waiver, customer service can review your eligibility."
urgent: how can i close my credit card? i no longer use it. please help.,CARD,cancel_card,I can guide you through cancelling your card. First check that there are no pending transactions or unpaid dues. Then submit a cancellation request through the app or by phone banking. You will get a confirmation message once the card is closed.
"Hi team, what is the available balance on my credit card? I need this sorted today",CARD,check_current_balance_on_card,"Absolutely, let me walk you through it. You can see your card balance in the mobile app under Cards. Select your credit card to view the available limit, the outstanding amount and the payment due date. You can also get a quick balance by sending a text message from your registered number or by calling phone banking. Let me know if there is anything more I can do for you."
How much is the fee for an international transfer? Any idea what to do,FEES,check_fees,"Thanks for reaching out, I can guide you through this. I can help you understand the charges. Common fees include monthly maintenance, foreign transaction fees, ATM use outside our network and penalties for low balance. Your latest statement shows every fee that has been applied, and customer service can review any fee you believe was charged in error. Let me know if there is anything more I can do for you."
Pls guide me through creating a new account. Any idea what to do?,ACCOUNT,create_account,"Thanks for reaching out, I can guide you through this. To start, choose the type of account that suits you, then fill in the application form online. You will need identity and address documents, and you may complete a short video verification. Once approved, your account details arrive by message and email, and your debit card is sent to your address."
"Hey, please tell me the current balance on the card ending 5174. Thank you.",CARD,check_current_balance_on_card,"To check your balance, log in to net banking or the app and open Cards. The card summary shows your current balance, available credit and the last statement amount. Balances update in near real time, but very recent transactions can take a short while to appear."
i need help. i want to know my outstanding amount on the credit card. not sure what to do.,CARD,check_current_balance_on_card,"To check your balance, log in to net banking or the app and open Cards. The card summary shows your current balance, available credit and the last statement amount. Balances update in near real time, but very recent transactions can take a short while to appear. If you need any further help, just let me know."
i need help. my legal name has changed and my cards still show the old one. appreciate the help.,RETAIL_EXCEPTION,legal_name_change,"To change your name in our records, we need proof of the legal name change, such as a marriage certificate, a gazette notification or a deed poll, together with your identification. Please upload the documents in the app under Profile or visit a branch, and we will update your accounts and cards. Because this affects several products, the update may take a few working days, and we will notify you when it is complete. If you would like, I can connect you with a human agent right now."
"Hey, how much is my monthly mortgage payment? I need this sorted today.",LOAN,check_mortgage_payments,"In the app, open Loans and select your mortgage to see your monthly payment, the next due date, the remaining balance and the split between interest and principal. Statements and a yearly interest certificate can also be downloaded from the documents section. Please reach out again if anything is unclear."
"Hello, I am a student and would like to start a savings account. Please help",ACCOUNT,create_account,"To start, choose the type of account that suits you, then fill in the application form online. You will need identity and address documents, and you may complete a short video verification. Once approved, your account details arrive by message and email, and your debit card is sent to your address. Feel free to ask if you have any other questions."
"urgent: suspicious login on my account from another country, please secure it. appreciate the help",RETAIL_EXCEPTION,identity_theft_account_takeover,"Thank you for flagging this quickly. Access to your online banking will be locked while we investigate. Our security team will verify your identity through a secure process, review recent changes and transactions, and help reset your details. Please tell us about any transaction you did not make, so it can be investigated. We will keep you updated by message until this is resolved."
"Quick question: there are transactions of GBP 615 on my card that I never made, I think my card was hacked. Any idea what to do?",PAYMENT_EXCEPTION,card_fraud_unauthorized_transaction,"Thank you for reporting this quickly. Your card should be blocked immediately to prevent more misuse, and the disputed transactions will be flagged for our fraud team. They will review the details, and where a transaction is confirmed as fraudulent the amount is normally returned to your account after the investigation. A specialist will reach out to collect a few more details. If you would like, I can connect you with a human agent right now."
"Urgent: we are buying our first home and need a mortgage, where do we start",LOAN,apply_for_mortgage,"Applying for a home loan involves a few stages: an initial eligibility check, document submission, property valuation, formal approval and legal completion. A mortgage adviser can guide you at each stage. You can begin by booking a call from the Loans section of the app."
"Hi team, pls enable international transactions on my card ending 9705. Please help.",CARD,activate_card_international_usage,"Of course, happy to help. To use your card overseas, open Card Controls in the app and enable International Usage. It is a good idea to set a travel period and a daily limit. If you cannot use the app, phone banking can turn it on for you after verifying your identity. Feel free to ask if you have any other questions."
Quick question: the seller is not responding and I want my 946 USD back through my card,PAYMENT_EXCEPTION,chargeback_request,Thank you for the details. A card dispute can be raised for items not received or not as described. We will need your order confirmation and any communication with the seller. Our disputes team will assess the claim and let you know whether the amount can be recovered. We will keep you updated by message until this is resolved.
pls help: i want to cancel my debit card permanently. any idea what to do?,CARD,cancel_card,I can guide you through cancelling your card. First check that there are no pending transactions or unpaid dues. Then submit a cancellation request through the app or by phone banking. You will get a confirmation message once the card is closed. I am here if you need anything else.
"PayPal keeps charging me 1,720 dollars every month and I never subscribed. Please help.",PAYMENT_EXCEPTION,recurring_payment_unauthorized,"Sorry about the trouble. We can block future payments to the merchant on your card, and I can start a dispute for charges you did not authorise. Please share the dates and the amounts of the payments and any cancellation emails you have. A specialist will review whether the money can be recovered."
"hello, how can i avoid repossession of my house? can you help me with this",RETAIL_EXCEPTION,mortgage_arrears_support,"Thank you for reaching out. Falling behind on a mortgage is stressful, and there are steps we can explore together. A mortgage support specialist will review your account, your income and expenses, and discuss a plan that suits you. I am raising this as urgent so they contact you soon. We will keep you updated by message until this is resolved."
"hello there, how can i enable my platinum credit card for use abroad? i am travelling to hyderabad. thank you.",CARD,activate_card_international_usage,"Certainly, I can help with that. International usage can be switched on from the mobile app. Go to Cards, select your platinum credit card, open Card Controls and turn on International Transactions. You can also set the dates of your trip and a spending limit for extra safety. Changes usually take effect within a few minutes, so please do it before you leave. Please reach out again if anything is unclear."
Please help: why was I charged a fee of 780 USD this month? Thanks.,FEES,check_fees,"I can help you understand the charges. Common fees include monthly maintenance, foreign transaction fees, ATM use outside our network and penalties for low balance. Your latest statement shows every fee that has been applied, and customer service can review any fee you believe was charged in error."
"Hi, is there any joining or annual fee on the credit card? Appreciate the help.",CARD,check_card_annual_fee,"Of course, happy to help. The annual fee depends on the type of card you hold. You can see the exact amount for your credit card in the app under Cards and Card Details, and it is also listed in your welcome kit. The fee is normally charged once a year on the card anniversary date. Some cards offer a waiver if you reach a yearly spending target."
"hello, i am going to paris soon. can you turn on international usage for my card? thanks.",CARD,activate_card_international_usage,"To use your card overseas, open Card Controls in the app and enable International Usage. It is a good idea to set a travel period and a daily limit. If you cannot use the app, phone banking can turn it on for you after verifying your identity. Feel free to ask if you have any other questions."
"The other holder of my joint savings account is not cooperating, what are my options? Any idea what to do?",RETAIL_EXCEPTION,joint_account_dispute,"Thank you for explaining. Changing the operating instruction on a joint account depends on the mandate, and sometimes a court order is needed. Our specialist team can review the account terms with you and tell you what can be done, such as requiring both signatures for withdrawals. I will connect you with them. We will keep you updated by message until this is resolved."
"urgent: i am abroad and my prepaid card stopped working at the shop, please help now.",PAYMENT_EXCEPTION,card_declined_while_travelling,"I am sorry you are stuck, and I will help as quickly as possible. Cards are sometimes declined abroad because international usage is off, a limit has been reached, or a security check was triggered. Please open the app and check Card Controls for your prepaid card, and approve any security alert you received. If it still fails, I can connect you to our 24 hour support line so an agent can unblock the card or arrange emergency cash. If anything changes in the meantime, please let us know straight away."
Please help: the bank asked for documents for a payment abroad and it is delayed. Appreciate the help,PAYMENT_EXCEPTION,international_transfer_compliance_hold,"I understand this is frustrating. International payments can be held for a routine compliance review, which is a regulatory requirement, and we may ask for supporting documents such as an invoice, contract or proof of source of funds. I cannot see the full details of the review in this chat, so I will pass your case to our payments compliance team, who will contact you about what is needed. Providing the documents promptly usually speeds things up. You can ask for a human agent at any time and I will arrange it."
"Hi, my card was declined in Paris and I am stuck without money. Please help.",PAYMENT_EXCEPTION,card_declined_while_travelling,"Sorry about the inconvenience, especially while you are travelling. Please check that international transactions are enabled and that you have not reached your daily limit. Because this is urgent, I recommend calling the emergency line on the back of the card, where an agent can verify you and remove any block. Emergency cash or a replacement card can be arranged if needed. We will keep you updated by message until this is resolved."
I need help. I found a recurring payment on my card that I do not recognise. Can you help me with this,PAYMENT_EXCEPTION,recurring_payment_unauthorized,"Sorry about the trouble. We can block future payments to the merchant on your card, and I can start a dispute for charges you did not authorise. Please share the dates and the amounts of the payments and any cancellation emails you have. A specialist will review whether the money can be recovered. We will keep you updated by message until this is resolved."
"hello there, double debit on my card for steam, please fix. please help.",PAYMENT_EXCEPTION,duplicate_charge,"Thanks for letting us know. Please keep proof of your purchase and, if possible, the merchant receipt. We will open a dispute for the duplicate payment, and a specialist will review it with the merchant. Refunds usually take several working days once the duplicate is confirmed. If you would like, I can connect you with a human agent right now."
Show me my recent activity on the joint account. Thank you,ACCOUNT,check_recent_transactions,"Of course, happy to help. To review your recent activity, log in and choose the account, then select Recent Transactions. Pending items are shown separately from completed ones. If something looks unfamiliar, tap it to see the details and report it directly from that screen. I am here if you need anything else."
"the same payment of inr 1,970 shows up two times on my statement. can you help me with this?",PAYMENT_EXCEPTION,duplicate_charge,"Thanks for letting us know. Please keep proof of your purchase and, if possible, the merchant receipt. We will open a dispute for the duplicate payment, and a specialist will review it with the merchant. Refunds usually take several working days once the duplicate is confirmed. You can ask for a human agent at any time and I will arrange it."
"The money I sent last month has not reached the receiver yet, the status still says processing. Any idea what to do?",PAYMENT_EXCEPTION,transfer_pending_stuck,"Sorry for the delay. A transfer can stay pending if the receiving bank is slow, if the details do not match, or if the payment is under review. I have noted the delay and a specialist team will trace the payment. If it cannot be completed, the money is returned to your account."
"Hi, cancel my savings account and send me the balance. Thank you",ACCOUNT,close_account,"Sure, here is how this works. To close the account, make sure there are no pending transactions, linked cards or loans. Request closure through the app under Account Services or visit a branch. We will transfer any remaining balance to the account you nominate and confirm once the account is closed. If you need any further help, just let me know."
can i reapply after a rejection and what should i improve? can you help me with this?,RETAIL_EXCEPTION,loan_application_rejected_appeal,"I am sorry that your application was not approved. Decisions are based on factors such as income, existing debts, credit history and the value of the loan requested, and we can share the main reasons with you. You may ask for a review, especially if your circumstances have changed or if some information was missing. I will pass your request to a loans specialist who can explain the decision and suggest what may improve your chances next time."
"Hi, my wallet with my debit card was stolen in Berlin, what do I do? Any idea what to do?",PAYMENT_EXCEPTION,lost_card_abroad_emergency,"That sounds very stressful. The first step is to block all lost cards so nobody can use them. Then our emergency support team can help with a replacement card delivered to your location or a cash advance, after confirming your identity. Please keep any police report reference, as it can help with disputed transactions. If anything changes in the meantime, please let us know straight away."
"Please help: my loan application for 114,860 dollars was rejected and I do not understand why. Please advise.",RETAIL_EXCEPTION,loan_application_rejected_appeal,"I am sorry that your application was not approved. Decisions are based on factors such as income, existing debts, credit history and the value of the loan requested, and we can share the main reasons with you. You may ask for a review, especially if your circumstances have changed or if some information was missing. I will pass your request to a loans specialist who can explain the decision and suggest what may improve your chances next time. If anything changes in the meantime, please let us know straight away."
I want to cancel my personal loan application. Pls help,LOAN,cancel_loan,"If your personal loan has not been disbursed yet, you can cancel the request through customer service or from Loans in the app by selecting your application and choosing Withdraw. If the money has already been credited, you will need to repay it, and we can share the foreclosure amount with you. Please note that some fees may apply after disbursal."
"Excuse me, bigBasket said they refunded INR 2,070 3 days ago but I have not received it. Can you help me with this?",PAYMENT_EXCEPTION,refund_not_received,"I am sorry for the wait. Refunds from merchants usually take between five and ten working days to appear, depending on the merchant and the card network. Please ask BigBasket for the refund reference number or acquirer reference number, which lets us trace it. Once you share it, we can check whether the credit was received and, if not, raise an enquiry with the merchant bank."
"Hey, how much do I still owe on my loan",LOAN,check_loan_payments,"To check your loan payments, log in and open Loans, then choose the loan. You will see what you have paid so far, what is left, and the next due date. If you would like to pay extra to reduce the balance, there is an option to make a part payment on the same screen."
"Hi, I would like to stop my card, it has an annual fee I do not want to pay.",CARD,cancel_card,"Absolutely, let me walk you through it. I can guide you through cancelling your card. First check that there are no pending transactions or unpaid dues. Then submit a cancellation request through the app or by phone banking. You will get a confirmation message once the card is closed. Please reach out again if anything is unclear."
"Hi team, I want to make a large purchase of $25,300 but my card keeps getting declined. I need this sorted today.",PAYMENT_EXCEPTION,large_transaction_blocked,"I understand the urgency. Large payments can be blocked because they go over your daily limit or because our security systems flagged them for extra checks. I cannot release a held payment from this chat, but I can help you confirm it is genuine. Please approve any alert on your app, or I can connect you to a specialist who will verify you and, where possible, release the payment or raise your limit temporarily. If you would like, I can connect you with a human agent right now."
"hi, do you have atms that accept cash deposits nearby? please advise.",FIND,find_ATM,"Of course, happy to help. To locate an ATM, open the Locator in the app or on our website and search by city or landmark. Filters help you find machines that offer deposits, cheque drops or extended hours. Please remember that using an ATM outside our network may attract a fee."
"Urgent: I never received the goods I paid 262 dollars for on Ola, I want a chargeback. Can you help me with this?",PAYMENT_EXCEPTION,chargeback_request,"Thank you for the details. A card dispute can be raised for items not received or not as described. We will need your order confirmation and any communication with the seller. Our disputes team will assess the claim and let you know whether the amount can be recovered. If you would like, I can connect you with a human agent right now."
What is the annual fee for my prepaid card? I need this sorted today,CARD,check_card_annual_fee,"Thanks for reaching out, I can guide you through this. The annual fee depends on the type of card you hold. You can see the exact amount for your prepaid card in the app under Cards and Card Details, and it is also listed in your welcome kit. The fee is normally charged once a year on the card anniversary date. Some cards offer a waiver if you reach a yearly spending target. If you need any further help, just let me know."
"Hey, can I see my last transactions? Pls advise.",ACCOUNT,check_recent_transactions,"Absolutely, let me walk you through it. To review your recent activity, log in and choose the account, then select Recent Transactions. Pending items are shown separately from completed ones. If something looks unfamiliar, tap it to see the details and report it directly from that screen. I am here if you need anything else."
"hi team, can my son operate my account while i am in hospital? any idea what to do?",RETAIL_EXCEPTION,power_of_attorney_request,"I am sorry to hear that. Managing another person's account requires a valid legal authority, such as a registered power of attorney, and we need to verify it before giving access. Please prepare the original or certified copy of the document, your identification and the account holder details. A specialist will check the paperwork and explain what your authority allows, and I will arrange for them to contact you. You can ask for a human agent at any time and I will arrange it."
What is the outstanding balance on my home loan? Pls help,LOAN,check_loan_payments,"Thanks for reaching out, I can guide you through this. To check your loan payments, log in and open Loans, then choose the loan. You will see what you have paid so far, what is left, and the next due date. If you would like to pay extra to reduce the balance, there is an option to make a part payment on the same screen."
"I need help. Please cancel my pending transfer of 1,040 dollars",TRANSFER,cancel_transfer,"If the transfer of 1,040 dollars is still pending or scheduled, you can cancel it in the app. Go to Transfers, open Pending or Scheduled, select the transfer and tap Cancel. If it has already been completed, it cannot be cancelled directly, but you can raise a request and we will contact the receiving bank to ask for the money back. Success depends on the receiving bank and the account holder agreeing to return it. Let me know if there is anything more I can do for you."
i need help. could you tell me the yearly charges on the card ending 2934? pls advise.,CARD,check_card_annual_fee,"Annual fees vary by card, and many cards waive the fee after a certain level of yearly spending. Please check Fees and Charges for your card in the app to see your amount and the anniversary date. If you would like to ask about a waiver, customer service can review your eligibility. I am here if you need anything else."
"hi, pls block my card ending 2230, i think it was stolen.",CARD,block_card,"To protect your money, block the card first. Use the app under Cards and Block, or call the 24 hour phone banking line and ask for an immediate block. Once blocked, please review your recent transactions and tell us about any you do not recognise so we can look into them."
"good evening, my travel card does not work outside the country, how do i switch on overseas payments?",CARD,activate_card_international_usage,"Absolutely, let me walk you through it. International usage can be switched on from the mobile app. Go to Cards, select your travel card, open Card Controls and turn on International Transactions. You can also set the dates of your trip and a spending limit for extra safety. Changes usually take effect within a few minutes, so please do it before you leave. If you need any further help, just let me know."
"Hello there, how do I see my card balance and available limit? Not sure what to do.",CARD,check_current_balance_on_card,"Absolutely, let me walk you through it. To check your balance, log in to net banking or the app and open Cards. The card summary shows your current balance, available credit and the last statement amount. Balances update in near real time, but very recent transactions can take a short while to appear. Let me know if there is anything more I can do for you."
"Hey, how do I withdraw my loan request? Can you help me with this?",LOAN,cancel_loan,"Thanks for reaching out, I can guide you through this. To cancel a loan application, tell us which application you mean and we will stop the process. Before disbursal there is normally no cost. After disbursal, the loan must be closed by repaying the outstanding amount, and we will give you the exact figure and any applicable charges."
Quick question: payment stuck in processing for 10 days and my rent is due. Thanks.,PAYMENT_EXCEPTION,transfer_pending_stuck,"Sorry for the delay. A transfer can stay pending if the receiving bank is slow, if the details do not match, or if the payment is under review. I have noted the delay and a specialist team will trace the payment. If it cannot be completed, the money is returned to your account. If anything changes in the meantime, please let us know straight away."
What is the outstanding balance on my home loan? Any idea what to do?,LOAN,check_loan_payments,"Absolutely, let me walk you through it. You can see your repayment details in the app under Loans. Select your home loan to view the instalment amount, the next due date, the number of payments remaining and the total outstanding balance. The full repayment schedule can also be downloaded as a document. Let me know if there is anything more I can do for you."
"Hello there, the other holder of my joint student account is not cooperating, what are my options",RETAIL_EXCEPTION,joint_account_dispute,"I am sorry you are going through this. Joint accounts are governed by the mandate that was agreed when they were opened, and changes such as removing a holder or freezing the account usually need the consent of all holders, or a legal instruction. I can arrange for a specialist to explain your options and what proof would be required. Please keep in mind that we cannot take sides, and for serious disputes it can help to seek legal advice. If you would like, I can connect you with a human agent right now."
Where do I activate the debit card I got two days ago? Please advise.,CARD,activate_card,"You can activate your card in two easy ways. In the mobile app, go to Cards, pick your card, and tap Activate. If you prefer, call the phone banking number printed on the back of the card and follow the voice prompts. After verification your card will be active within a few minutes."
"Hi, I have a power of attorney document, how do I register it with the bank? Any idea what to do",RETAIL_EXCEPTION,power_of_attorney_request,"I am sorry to hear that. Managing another person's account requires a valid legal authority, such as a registered power of attorney, and we need to verify it before giving access. Please prepare the original or certified copy of the document, your identification and the account holder details. A specialist will check the paperwork and explain what your authority allows, and I will arrange for them to contact you. If you would like, I can connect you with a human agent right now."
"Hello there, is there a fee if my balance drops below the minimum? Pls help.",FEES,check_fees,"Of course, happy to help. Fees depend on the type of account or service. You can find the full list in the app under Help and then Fees and Charges, including maintenance, ATM, transfer and card fees. If you tell me the specific service you are asking about, I can explain how that fee is calculated and when it applies."
"we decided not to buy the house, how do i cancel the mortgage?",LOAN,cancel_mortgage,"Sure, here is how this works. To cancel a mortgage application, send a withdrawal request with your application reference. Any costs already incurred for valuation or legal checks may not be refundable. We will confirm the cancellation in writing and close the file. Feel free to ask if you have any other questions."
I need help. How can I enable my travel card for use abroad? I am travelling to Mumbai,CARD,activate_card_international_usage,"Sure, here is how this works. International usage can be switched on from the mobile app. Go to Cards, select your travel card, open Card Controls and turn on International Transactions. You can also set the dates of your trip and a spending limit for extra safety. Changes usually take effect within a few minutes, so please do it before you leave. If you need any further help, just let me know."
"My refund of 2,220 USD is still missing, the shop says it was processed. Any idea what to do?",PAYMENT_EXCEPTION,refund_not_received,"Thank you for the details. A refund can take some time after the merchant approves it. If it has been more than ten working days, please send us the refund confirmation from the merchant. We will trace the credit and follow up with the merchant bank on your behalf. If you would like, I can connect you with a human agent right now."
"Hey, I am a new customer and want to create my login. Can you help me with this?",PASSWORD,set_up_password,"Sure, here is how this works. New customers can create a password using the First Time Login option. Enter your customer ID, verify with a one-time code, then choose a password that meets the rules shown on screen. Please do not share it with anyone, including bank staff. If you need any further help, just let me know."
How long will my transfer stay pending? It has been 6 days. Any idea what to do,PAYMENT_EXCEPTION,transfer_pending_stuck,"I understand how worrying it is when a payment is delayed. Most transfers complete within one working day, but some can be held for security checks or because of details that need correcting. Please check the transaction status and reference number in the app. Since it has been 6 days, I will raise this as a payment investigation so a specialist can trace the payment with the receiving bank and update you. We will keep you updated by message until this is resolved."
Quick question: what is the fastest way to send money to someone,TRANSFER,make_transfer,"Of course, happy to help. You can send money in a few steps. Open Transfers, choose Send Money and select an existing payee or add a new one. Type in the amount, check the details carefully because transfers to the wrong account can be hard to reverse, and approve with your security code. Instant methods arrive within minutes, while standard transfers can take up to one working day."
"Hi team, can u help me activate my card? It has not been used yet.",CARD,activate_card,"You can activate your card in two easy ways. In the mobile app, go to Cards, pick your card, and tap Activate. If you prefer, call the phone banking number printed on the back of the card and follow the voice prompts. After verification your card will be active within a few minutes. Please reach out again if anything is unclear."
Show me my recent activity on the savings account. Please help.,ACCOUNT,check_recent_transactions,"You can see recent transactions in the app or net banking. Open your savings account and tap Transactions to view the latest activity, and use the filters to search by date or amount. Statements for earlier periods can be downloaded as a PDF from the Statements section. Feel free to ask if you have any other questions."
I want to freeze the joint account until we settle things. I need this sorted today.,RETAIL_EXCEPTION,joint_account_dispute,"I am sorry you are going through this. Joint accounts are governed by the mandate that was agreed when they were opened, and changes such as removing a holder or freezing the account usually need the consent of all holders, or a legal instruction. I can arrange for a specialist to explain your options and what proof would be required. Please keep in mind that we cannot take sides, and for serious disputes it can help to seek legal advice. We will keep you updated by message until this is resolved."
I need extra help managing my money after my illness. Not sure what to do.,RETAIL_EXCEPTION,vulnerable_customer_support,"Thank you for telling us, and please know that we are here to help in a way that works for you. We offer support such as large print or audio statements, assisted banking at branches, a dedicated helpline with priority handling and, in some areas, home visits. If you are worried about a suspicious call, please do not share any codes or personal details, and we will help you check it. I will connect you with our customer care specialists to set up the support you need. We will keep you updated by message until this is resolved."
"Hello there, I want to cancel my student loan application. Can u help me with this",LOAN,cancel_loan,"Thanks for reaching out, I can guide you through this. To cancel a loan application, tell us which application you mean and we will stop the process. Before disbursal there is normally no cost. After disbursal, the loan must be closed by repaying the outstanding amount, and we will give you the exact figure and any applicable charges. I am here if you need anything else."
"hello there, what is the outstanding balance on my business loan? i need this sorted today.",LOAN,check_loan_payments,"Of course, happy to help. To check your loan payments, log in and open Loans, then choose the loan. You will see what you have paid so far, what is left, and the next due date. If you would like to pay extra to reduce the balance, there is an option to make a part payment on the same screen. Feel free to ask if you have any other questions."
Urgent: payment stuck in processing for 7 days and my rent is due. Thank you.,PAYMENT_EXCEPTION,transfer_pending_stuck,"Sorry for the delay. A transfer can stay pending if the receiving bank is slow, if the details do not match, or if the payment is under review. I have noted the delay and a specialist team will trace the payment. If it cannot be completed, the money is returned to your account. If anything changes in the meantime, please let us know straight away."
"Hey, I want to cancel my credit card permanently. Thanks",CARD,cancel_card,I can guide you through cancelling your card. First check that there are no pending transactions or unpaid dues. Then submit a cancellation request through the app or by phone banking. You will get a confirmation message once the card is closed.
"Hi team, why did Ola take INR 1,280 two times? Can you help me with this",PAYMENT_EXCEPTION,duplicate_charge,"I am sorry about the double charge. Sometimes one of the two entries is only a temporary hold that drops off within a few working days, so please check whether both are marked as completed. If both are completed, raise a dispute from the transaction details in the app for the duplicate INR 1,280 at Ola. We will contact the merchant, and the extra amount will be returned if the duplicate is confirmed. We will keep you updated by message until this is resolved."
"hey, i need to withdraw cash in new york, where can i find one of your atms? thank you.",FIND,find_ATM,"To locate an ATM, open the Locator in the app or on our website and search by city or landmark. Filters help you find machines that offer deposits, cheque drops or extended hours. Please remember that using an ATM outside our network may attract a fee."
Please help: I would like to apply for a home loan. Any idea what to do?,LOAN,apply_for_mortgage,"For a mortgage, the first step is to check how much you can borrow using the mortgage calculator in the app. Then submit an application with your identity, income and property details, and we will arrange a valuation of the property. After approval you receive a formal offer, and the funds are released to the seller once the legal formalities are complete. A deposit is usually needed, and the amount depends on the property value and your profile. Let me know if there is anything more I can do for you."
What is the customer care number? Can you help me with this?,CONTACT,customer_service,"Thanks for reaching out, I can guide you through this. There are several ways to contact us. The quickest is the chat option in the app, which is available all day. You can also call the number printed on the back of your card or on our website, or visit any branch during opening hours. Please reach out again if anything is unclear."
"What is the process to get a mortgage for a house worth 15,150 USD",LOAN,apply_for_mortgage,"Absolutely, let me walk you through it. For a mortgage, the first step is to check how much you can borrow using the mortgage calculator in the app. Then submit an application with your identity, income and property details, and we will arrange a valuation of the property. After approval you receive a formal offer, and the funds are released to the seller once the legal formalities are complete. A deposit is usually needed, and the amount depends on the property value and your profile. Feel free to ask if you have any other questions."
"Good morning, my platinum credit card does not work outside the country, how do I switch on overseas payments? Please advise.",CARD,activate_card_international_usage,"To use your card overseas, open Card Controls in the app and enable International Usage. It is a good idea to set a travel period and a daily limit. If you cannot use the app, phone banking can turn it on for you after verifying your identity. I am here if you need anything else."
"Hey, account blocked after I updated my address, how do I get access? Thanks.",RETAIL_EXCEPTION,account_frozen_kyc,"I am sorry for the inconvenience. A restriction usually means we need to verify or update some information. You can complete the update in the app under Profile and KYC, or visit a branch. If you have already submitted documents, I will ask the team to prioritise the review and update you. If anything changes in the meantime, please let us know straight away."
Please help: I missed 5 instalments and I am afraid of penalties. Can you help me with this?,RETAIL_EXCEPTION,loan_hardship_request,"Thank you for being open about this. We treat hardship requests seriously and with respect. A specialist will contact you to understand your circumstances and explore ways to reduce the pressure, for example a payment break or revised repayment plan. They may ask for proof of the change in your income. Nothing is decided in this chat, but I will raise it as a priority. Please keep your reference number safe, and reply here if you need anything else."
I need help. Can I open an account online without visiting the branch? Any idea what to do,ACCOUNT,create_account,"To start, choose the type of account that suits you, then fill in the application form online. You will need identity and address documents, and you may complete a short video verification. Once approved, your account details arrive by message and email, and your debit card is sent to your address."
Urgent: what are the eligibility criteria for a personal loan? Thank you.,LOAN,apply_for_loan,"Thanks for reaching out, I can guide you through this. To apply for a loan, go to Loans in the app and select the type of loan you need. Enter the amount and tenure, upload the required documents and submit. Your eligibility is based on income, existing commitments and credit score, and you will see a decision and an offer once the review is complete."
"hello, why was i charged a fee of eur 2,330 this month? thanks.",FEES,check_fees,"Sure, here is how this works. Fees depend on the type of account or service. You can find the full list in the app under Help and then Fees and Charges, including maintenance, ATM, transfer and card fees. If you tell me the specific service you are asking about, I can explain how that fee is calculated and when it applies. If you need any further help, just let me know."
"Quick question: transfer to Istanbul flagged, what proof do I need to provide? Not sure what to do.",PAYMENT_EXCEPTION,international_transfer_compliance_hold,"I understand this is frustrating. International payments can be held for a routine compliance review, which is a regulatory requirement, and we may ask for supporting documents such as an invoice, contract or proof of source of funds. I cannot see the full details of the review in this chat, so I will pass your case to our payments compliance team, who will contact you about what is needed. Providing the documents promptly usually speeds things up. We will keep you updated by message until this is resolved."
I want to dispute an ATM withdrawal of 899 dollars from earlier today. Please help.,ATM,dispute_ATM_withdrawal,"Sorry about the trouble with the ATM. Please keep the receipt if you have one and raise a dispute through the app or by calling customer service. We will check the ATM records for the withdrawal and update you by message. If the money is confirmed as not dispensed, it will be returned to your account. Let me know if there is anything more I can do for you."
I want a written response to my complaint about savings account charges. Not sure what to do.,RETAIL_EXCEPTION,formal_complaint_escalation,"I am sorry that your issue has not been resolved, and you have every right to escalate. I can register a formal complaint now, which will be given a reference number and reviewed by our complaints team, who will respond in writing within the time required. If you are not satisfied with the final response, you can take the matter to the external financial ombudsman. It helps if you share the dates and details of your previous contacts. If you would like, I can connect you with a human agent right now."
"Hello there, my father passed away recently, how do I access his salary account?",RETAIL_EXCEPTION,deceased_account_holder,"I am very sorry for your loss. Please take your time, and we will make this as simple as we can. To begin, please inform us of the death by contacting our bereavement team, who will guide you personally. You will usually need a copy of the death certificate, your own identification and proof of your relationship, and if you are the nominee, the nomination details. Because this involves legal steps, a specialist will handle your request and explain the timeline. Please keep your reference number safe, and reply here if you need anything else."
I need help. How can I avoid repossession of my house? thx.,RETAIL_EXCEPTION,mortgage_arrears_support,"Thank you for reaching out. Falling behind on a mortgage is stressful, and there are steps we can explore together. A mortgage support specialist will review your account, your income and expenses, and discuss a plan that suits you. I am raising this as urgent so they contact you soon. Please keep your reference number safe, and reply here if you need anything else."
I would like to apply for a home loan. Can u help me with this,LOAN,apply_for_mortgage,"Applying for a home loan involves a few stages: an initial eligibility check, document submission, property valuation, formal approval and legal completion. A mortgage adviser can guide you at each stage. You can begin by booking a call from the Loans section of the app. Let me know if there is anything more I can do for you."
"Hello, how do I apply for a personal loan",LOAN,apply_for_loan,"To apply for a loan, go to Loans in the app and select the type of loan you need. Enter the amount and tenure, upload the required documents and submit. Your eligibility is based on income, existing commitments and credit score, and you will see a decision and an offer once the review is complete."
"Good evening, I want to check if the payment I made last month has gone through. Thank you.",ACCOUNT,check_recent_transactions,"To review your recent activity, log in and choose the account, then select Recent Transactions. Pending items are shown separately from completed ones. If something looks unfamiliar, tap it to see the details and report it directly from that screen. Feel free to ask if you have any other questions."
Please help: how can I appeal a declined personal loan? Can you help me with this?,RETAIL_EXCEPTION,loan_application_rejected_appeal,"I am sorry that your application was not approved. Decisions are based on factors such as income, existing debts, credit history and the value of the loan requested, and we can share the main reasons with you. You may ask for a review, especially if your circumstances have changed or if some information was missing. I will pass your request to a loans specialist who can explain the decision and suggest what may improve your chances next time. We will keep you updated by message until this is resolved."
"Good morning, please block my card ending 1038, I think it was stolen. Please advise.",CARD,block_card,"I apologise for the trouble this has caused, let me help. You can block the card immediately in the mobile app. Go to Cards, choose the card and tap Block Card, then pick Lost or Stolen as the reason. The card stops working straight away and any new transactions are declined. We will then help you order a replacement, which usually arrives in a few working days. Feel free to ask if you have any other questions."
Someone changed my phone number and email on my account and I am locked out. Any idea what to do?,RETAIL_EXCEPTION,identity_theft_account_takeover,"Thank you for flagging this quickly. Access to your online banking will be locked while we investigate. Our security team will verify your identity through a secure process, review recent changes and transactions, and help reset your details. Please tell us about any transaction you did not make, so it can be investigated. You can ask for a human agent at any time and I will arrange it."
"Hi, we fell 6 weeks behind on the mortgage, what can we do? Please advise.",RETAIL_EXCEPTION,mortgage_arrears_support,"Thank you for reaching out. Falling behind on a mortgage is stressful, and there are steps we can explore together. A mortgage support specialist will review your account, your income and expenses, and discuss a plan that suits you. I am raising this as urgent so they contact you soon."
"Hello, I lost my travel card and need to block it right now. Appreciate the help.",CARD,block_card,"I apologise for the trouble this has caused, let me help. You can block the card immediately in the mobile app. Go to Cards, choose the card and tap Block Card, then pick Lost or Stolen as the reason. The card stops working straight away and any new transactions are declined. We will then help you order a replacement, which usually arrives in a few working days."
"Excuse me, please tell me the current balance on the card ending 3525.",CARD,check_current_balance_on_card,"Certainly, I can help with that. To check your balance, log in to net banking or the app and open Cards. The card summary shows your current balance, available credit and the last statement amount. Balances update in near real time, but very recent transactions can take a short while to appear. Feel free to ask if you have any other questions."
"I need help. The same payment of 1,020 USD shows up two times on my statement. Any idea what to do?",PAYMENT_EXCEPTION,duplicate_charge,"Thanks for letting us know. Please keep proof of your purchase and, if possible, the merchant receipt. We will open a dispute for the duplicate payment, and a specialist will review it with the merchant. Refunds usually take several working days once the duplicate is confirmed. Please keep your reference number safe, and reply here if you need anything else."
I want to freeze the joint account until we settle things. Can you help me with this,RETAIL_EXCEPTION,joint_account_dispute,"Thank you for explaining. Changing the operating instruction on a joint account depends on the mandate, and sometimes a court order is needed. Our specialist team can review the account terms with you and tell you what can be done, such as requiring both signatures for withdrawals. I will connect you with them. If you would like, I can connect you with a human agent right now."
"Hi team, please tell me the current balance on the card ending 2654. Thanks.",CARD,check_current_balance_on_card,"To check your balance, log in to net banking or the app and open Cards. The card summary shows your current balance, available credit and the last statement amount. Balances update in near real time, but very recent transactions can take a short while to appear. Let me know if there is anything more I can do for you."
Quick question: cash was not dispensed at the ATM yet my account was debited. Please help.,ATM,dispute_ATM_withdrawal,"Sorry about the trouble with the ATM. Please keep the receipt if you have one and raise a dispute through the app or by calling customer service. We will check the ATM records for the withdrawal and update you by message. If the money is confirmed as not dispensed, it will be returned to your account. Please reach out again if anything is unclear."
Urgent: the ATM gave me less money than what was debited from my account. Can you help me with this,ATM,dispute_ATM_withdrawal,"Sorry about the trouble with the ATM. Please keep the receipt if you have one and raise a dispute through the app or by calling customer service. We will check the ATM records for the withdrawal and update you by message. If the money is confirmed as not dispensed, it will be returned to your account. If you need any further help, just let me know."
"Good evening, do you have ATMs that accept cash deposits nearby? Not sure what to do.",FIND,find_ATM,"To locate an ATM, open the Locator in the app or on our website and search by city or landmark. Filters help you find machines that offer deposits, cheque drops or extended hours. Please remember that using an ATM outside our network may attract a fee."
"hello, what are the opening hours of the branch near the airport? appreciate the help.",FIND,find_branch,"Sure, here is how this works. To find a branch, enter your area or city in the Locator and choose Branches. Each listing shows the address, working hours and the services offered, such as loans or locker facilities. Most branches are open on weekdays and some are open on Saturday mornings. I am here if you need anything else."
"Excuse me, how do I freeze my card temporarily? I cannot find it. Can you help me with this?",CARD,block_card,"You can block the card immediately in the mobile app. Go to Cards, choose the card and tap Block Card, then pick Lost or Stolen as the reason. The card stops working straight away and any new transactions are declined. We will then help you order a replacement, which usually arrives in a few working days."
"Hello, my mother is unwell and I need to manage her account, how does power of attorney work? Can you help me with this?",RETAIL_EXCEPTION,power_of_attorney_request,"I am sorry to hear that. Managing another person's account requires a valid legal authority, such as a registered power of attorney, and we need to verify it before giving access. Please prepare the original or certified copy of the document, your identification and the account holder details. A specialist will check the paperwork and explain what your authority allows, and I will arrange for them to contact you. We will keep you updated by message until this is resolved."
"excuse me, i need to inform the bank about the death of my husband and settle his accounts. i need this sorted today.",RETAIL_EXCEPTION,deceased_account_holder,"My condolences to you and your family. Accounts of a deceased customer are handled by a dedicated team with care. Please share the death certificate and your identification, and they will explain how the balance is released to the nominee or legal heir and how the account is closed. I will connect you with them, so you do not have to repeat yourself. You can ask for a human agent at any time and I will arrange it."
"Good evening, the ATM did not give me the full cash but the money was deducted, I withdrew $1,940. Please advise.",ATM,dispute_ATM_withdrawal,"I will help you raise a dispute for the ATM withdrawal of $1,940. Please go to Disputes in the app, select the transaction and choose ATM Cash Issue, then give the date, time and ATM location if you have them. We will investigate with the ATM operator and most cases are reviewed within a few working days. If the ATM did not dispense the cash, the amount is usually credited back to your account."
Urgent: please enable international transactions on my card ending 2818. Thank you.,CARD,activate_card_international_usage,"To use your card overseas, open Card Controls in the app and enable International Usage. It is a good idea to set a travel period and a daily limit. If you cannot use the app, phone banking can turn it on for you after verifying your identity."
"good morning, how do i apply for a personal loan? please advise",LOAN,apply_for_loan,"To apply for a loan, go to Loans in the app and select the type of loan you need. Enter the amount and tenure, upload the required documents and submit. Your eligibility is based on income, existing commitments and credit score, and you will see a decision and an offer once the review is complete. If you need any further help, just let me know."
"Urgent: suspicious login on my account from another country, please secure it. Appreciate the help.",RETAIL_EXCEPTION,identity_theft_account_takeover,"I am very sorry, and I will treat this as urgent. To protect you, we should restrict access to your account and cards immediately, and I am escalating this to our fraud and security team now. Please do not use the same password anywhere else, avoid clicking links in unexpected messages, and keep a note of any suspicious messages or calls. A specialist will contact you on a verified number to restore your access and review the activity. You can ask for a human agent at any time and I will arrange it."
"Hi, is there a fee if my balance drops below the minimum? I need this sorted today",FEES,check_fees,"Sure, here is how this works. Fees depend on the type of account or service. You can find the full list in the app under Help and then Fees and Charges, including maintenance, ATM, transfer and card fees. If you tell me the specific service you are asking about, I can explain how that fee is calculated and when it applies."
"Excuse me, my transfer of EUR 2,810 has been pending for 3 days. Thanks.",PAYMENT_EXCEPTION,transfer_pending_stuck,"I understand how worrying it is when a payment is delayed. Most transfers complete within one working day, but some can be held for security checks or because of details that need correcting. Please check the transaction status and reference number in the app. Since it has been 3 days, I will raise this as a payment investigation so a specialist can trace the payment with the receiving bank and update you. You can ask for a human agent at any time and I will arrange it."
"Hello, the ATM did not give me the full cash but the money was deducted, I withdrew EUR 939. Not sure what to do.",ATM,dispute_ATM_withdrawal,"Sorry about the trouble with the ATM. Please keep the receipt if you have one and raise a dispute through the app or by calling customer service. We will check the ATM records for the withdrawal and update you by message. If the money is confirmed as not dispensed, it will be returned to your account."
"I think my identity was stolen, there are accounts and loans in my name that I did not open. Can you help me with this?",RETAIL_EXCEPTION,identity_theft_account_takeover,"Thank you for flagging this quickly. Access to your online banking will be locked while we investigate. Our security team will verify your identity through a secure process, review recent changes and transactions, and help reset your details. Please tell us about any transaction you did not make, so it can be investigated. You can ask for a human agent at any time and I will arrange it."
i need help. what are your support hours? can you help me with this?,CONTACT,customer_service,"You can reach customer service by phone banking, through secure chat in the mobile app, or by email through the Contact Us section. Phone and chat support are available round the clock for urgent matters such as blocking a card, and other requests are handled during business hours. Please keep your customer ID handy so we can help you faster. If you need any further help, just let me know."
"Good morning, pls cancel the card ending 8521. I need this sorted today.",CARD,cancel_card,"I can guide you through cancelling your card. First check that there are no pending transactions or unpaid dues. Then submit a cancellation request through the app or by phone banking. You will get a confirmation message once the card is closed. If you need any further help, just let me know."
"Good evening, find me a cash machine close to me. Not sure what to do.",FIND,find_ATM,"Thanks for reaching out, I can guide you through this. To locate an ATM, open the Locator in the app or on our website and search by city or landmark. Filters help you find machines that offer deposits, cheque drops or extended hours. Please remember that using an ATM outside our network may attract a fee. Please reach out again if anything is unclear."
"Excuse me, I want to know my outstanding amount on the credit card. Not sure what to do",CARD,check_current_balance_on_card,"To check your balance, log in to net banking or the app and open Cards. The card summary shows your current balance, available credit and the last statement amount. Balances update in near real time, but very recent transactions can take a short while to appear. Let me know if there is anything more I can do for you."
"Good morning, what is the annual fee for my credit card",CARD,check_card_annual_fee,"Absolutely, let me walk you through it. Annual fees vary by card, and many cards waive the fee after a certain level of yearly spending. Please check Fees and Charges for your card in the app to see your amount and the anniversary date. If you would like to ask about a waiver, customer service can review your eligibility."
Please help: what are the opening hours of the branch near the airport? Please help.,FIND,find_branch,"To find a branch, enter your area or city in the Locator and choose Branches. Each listing shows the address, working hours and the services offered, such as loans or locker facilities. Most branches are open on weekdays and some are open on Saturday mornings. I am here if you need anything else."
quick question: cash was not dispensed at the atm yet my account was debited.,ATM,dispute_ATM_withdrawal,"Sorry about the trouble with the ATM. Please keep the receipt if you have one and raise a dispute through the app or by calling customer service. We will check the ATM records for the withdrawal and update you by message. If the money is confirmed as not dispensed, it will be returned to your account."
"Excuse me, find me a cash machine close to me. Any idea what to do?",FIND,find_ATM,"Sure, here is how this works. To locate an ATM, open the Locator in the app or on our website and search by city or landmark. Filters help you find machines that offer deposits, cheque drops or extended hours. Please remember that using an ATM outside our network may attract a fee. Feel free to ask if you have any other questions."
"Hey, how can I withdraw my home loan request? Appreciate the help.",LOAN,cancel_mortgage,"To cancel a mortgage application, send a withdrawal request with your application reference. Any costs already incurred for valuation or legal checks may not be refundable. We will confirm the cancellation in writing and close the file."
"Good evening, where is my refund, it has been 4 days? Thanks.",PAYMENT_EXCEPTION,refund_not_received,"Thank you for the details. A refund can take some time after the merchant approves it. If it has been more than ten working days, please send us the refund confirmation from the merchant. We will trace the credit and follow up with the merchant bank on your behalf. Please keep your reference number safe, and reply here if you need anything else."
"Quick question: I received an alert for EUR 2,100 at Google Play while my card was in my wallet. Any idea what to do?",PAYMENT_EXCEPTION,card_fraud_unauthorized_transaction,"Thank you for reporting this quickly. Your card should be blocked immediately to prevent more misuse, and the disputed transactions will be flagged for our fraud team. They will review the details, and where a transaction is confirmed as fraudulent the amount is normally returned to your account after the investigation. A specialist will reach out to collect a few more details."
"Urgent: what is the process to get a mortgage for a house worth 493,800 dollars? Thanks.",LOAN,apply_for_mortgage,"Thanks for reaching out, I can guide you through this. For a mortgage, the first step is to check how much you can borrow using the mortgage calculator in the app. Then submit an application with your identity, income and property details, and we will arrange a valuation of the property. After approval you receive a formal offer, and the funds are released to the seller once the legal formalities are complete. A deposit is usually needed, and the amount depends on the property value and your profile. Feel free to ask if you have any other questions."
I need help. How do I activate my new travel card? Not sure what to do.,CARD,activate_card,"First, open the mobile app or net banking and go to the Cards section. Then select your travel card and choose Activate Card. You will receive a one-time code on your registered mobile number, so enter it to confirm. Once that is done, the card is active and ready to use straight away. I am here if you need anything else."
"Hi team, I cannot log in to net banking, I do not remember my password. Any idea what to do",PASSWORD,get_password,"You can recover access in a few steps. Select Forgot Password on the login screen, verify your identity with the one-time code sent to your registered number, and set a new password. If you no longer have access to that number, please visit a branch with your identification to update it."
"Hi, my card went missing last weekend, block it asap. I need this sorted today",CARD,block_card,"I apologise for the trouble this has caused, let me help. You can block the card immediately in the mobile app. Go to Cards, choose the card and tap Block Card, then pick Lost or Stolen as the reason. The card stops working straight away and any new transactions are declined. We will then help you order a replacement, which usually arrives in a few working days. I am here if you need anything else."
"Please help: I never received the goods I paid INR 1,820 for on MakeMyTrip, I want a chargeback. thx",PAYMENT_EXCEPTION,chargeback_request,Thank you for the details. A card dispute can be raised for items not received or not as described. We will need your order confirmation and any communication with the seller. Our disputes team will assess the claim and let you know whether the amount can be recovered.
"Hello there, urgent: EUR 6,730 payment held for security, please release it. Any idea what to do?",PAYMENT_EXCEPTION,large_transaction_blocked,"Thank you for explaining. A large payment may exceed your set limit, or it may be waiting for extra verification. You can raise your limit in Card Controls after authentication, and the security team can release a held transaction after checking with you. Since it is time sensitive, shall I connect you to an agent now? If you would like, I can connect you with a human agent right now."
"Hi, how do I close the account of a deceased family member? I need this sorted today",RETAIL_EXCEPTION,deceased_account_holder,"I am very sorry for your loss. Please take your time, and we will make this as simple as we can. To begin, please inform us of the death by contacting our bereavement team, who will guide you personally. You will usually need a copy of the death certificate, your own identification and proof of your relationship, and if you are the nominee, the nomination details. Because this involves legal steps, a specialist will handle your request and explain the timeline."
"Excuse me, what is the fastest way to send money to someone? I need this sorted today.",TRANSFER,make_transfer,"You can send money in a few steps. Open Transfers, choose Send Money and select an existing payee or add a new one. Type in the amount, check the details carefully because transfers to the wrong account can be hard to reverse, and approve with your security code. Instant methods arrive within minutes, while standard transfers can take up to one working day. Feel free to ask if you have any other questions."
"Hey, can I open an account online without visiting the branch? Not sure what to do",ACCOUNT,create_account,"To start, choose the type of account that suits you, then fill in the application form online. You will need identity and address documents, and you may complete a short video verification. Once approved, your account details arrive by message and email, and your debit card is sent to your address."
"Hey, I want to cancel my personal loan application.",LOAN,cancel_loan,"If your personal loan has not been disbursed yet, you can cancel the request through customer service or from Loans in the app by selecting your application and choosing Withdraw. If the money has already been credited, you will need to repay it, and we can share the foreclosure amount with you. Please note that some fees may apply after disbursal."
"Hello, I want to dispute an ATM withdrawal of $1,200 from last Friday. Please advise.",ATM,dispute_ATM_withdrawal,"I will help you raise a dispute for the ATM withdrawal of $1,200. Please go to Disputes in the app, select the transaction and choose ATM Cash Issue, then give the date, time and ATM location if you have them. We will investigate with the ATM operator and most cases are reviewed within a few working days. If the ATM did not dispense the cash, the amount is usually credited back to your account."
i want to check if the payment i made yesterday has gone through. not sure what to do.,ACCOUNT,check_recent_transactions,"To review your recent activity, log in and choose the account, then select Recent Transactions. Pending items are shown separately from completed ones. If something looks unfamiliar, tap it to see the details and report it directly from that screen. Please reach out again if anything is unclear."
"Hello, how can I avoid repossession of my house? Can you help me with this?",RETAIL_EXCEPTION,mortgage_arrears_support,"I understand how worrying this is, and I want you to know that help is available. Please do not ignore the notice, because early contact gives us more options such as revising the payment plan, extending the term or a temporary arrangement. I will connect you with our specialist mortgage support team, who can go through the details with you in confidence. It is also worth getting free independent money advice alongside speaking to us. We will keep you updated by message until this is resolved."
"Good evening, what documents do I need to update my name with the bank? Please advise.",RETAIL_EXCEPTION,legal_name_change,"To change your name in our records, we need proof of the legal name change, such as a marriage certificate, a gazette notification or a deed poll, together with your identification. Please upload the documents in the app under Profile or visit a branch, and we will update your accounts and cards. Because this affects several products, the update may take a few working days, and we will notify you when it is complete. Please keep your reference number safe, and reply here if you need anything else."
Pickpocketed in Istanbul and all my cards are gone. Thank you.,PAYMENT_EXCEPTION,lost_card_abroad_emergency,"I am sorry to hear that, and please make sure you are safe first. Block your cards immediately in the app, or call our 24 hour emergency line if you cannot log in. We can arrange an emergency replacement card or emergency cash in Istanbul, and our agent will verify your identity and guide you on the fastest option. I suggest reporting the theft to the local police as well, since some claims need a report. You can ask for a human agent at any time and I will arrange it."
Please help: I want to check if the payment I made earlier today has gone through.,ACCOUNT,check_recent_transactions,"Sure, here is how this works. To review your recent activity, log in and choose the account, then select Recent Transactions. Pending items are shown separately from completed ones. If something looks unfamiliar, tap it to see the details and report it directly from that screen. If you need any further help, just let me know."
Urgent: please enable international transactions on my card ending 1802. Please help.,CARD,activate_card_international_usage,"Of course, happy to help. To use your card overseas, open Card Controls in the app and enable International Usage. It is a good idea to set a travel period and a daily limit. If you cannot use the app, phone banking can turn it on for you after verifying your identity. Let me know if there is anything more I can do for you."
I cancelled an order with MakeMyTrip and the credit has not shown on my card. Thank you.,PAYMENT_EXCEPTION,refund_not_received,"I am sorry for the wait. Refunds from merchants usually take between five and ten working days to appear, depending on the merchant and the card network. Please ask MakeMyTrip for the refund reference number or acquirer reference number, which lets us trace it. Once you share it, we can check whether the credit was received and, if not, raise an enquiry with the merchant bank. We will keep you updated by message until this is resolved."
"Good morning, where do I activate the prepaid card I got earlier today? Any idea what to do?",CARD,activate_card,"You can activate your card in two easy ways. In the mobile app, go to Cards, pick your card, and tap Activate. If you prefer, call the phone banking number printed on the back of the card and follow the voice prompts. After verification your card will be active within a few minutes. Feel free to ask if you have any other questions."
I need help. Can I cancel a scheduled transfer for next week? Can you help me with this?,TRANSFER,cancel_transfer,"Please act quickly. For transfers that have not been processed yet, use Cancel next to the transfer in your pending list. For completed transfers, raise a recall request from the same screen or through customer service, and keep the transaction reference handy. We will update you as soon as we hear back from the other bank. Let me know if there is anything more I can do for you."
what happens to my mortgage application if i cancel it now? please advise.,LOAN,cancel_mortgage,"To cancel a mortgage application, send a withdrawal request with your application reference. Any costs already incurred for valuation or legal checks may not be refundable. We will confirm the cancellation in writing and close the file. Please reach out again if anything is unclear."
"Good morning, card stolen abroad, need emergency replacement. Appreciate the help.",PAYMENT_EXCEPTION,lost_card_abroad_emergency,"That sounds very stressful. The first step is to block all lost cards so nobody can use them. Then our emergency support team can help with a replacement card delivered to your location or a cash advance, after confirming your identity. Please keep any police report reference, as it can help with disputed transactions. We will keep you updated by message until this is resolved."
"The account number I typed was one digit off, and the payment went through. Appreciate the help",PAYMENT_EXCEPTION,transfer_wrong_account,"I am sorry this happened. Please raise a wrong transfer request in the app or with customer service right away with the payment reference. We will ask the receiving bank to hold and return the funds, but they need the account holder consent, so the timing can vary. A specialist will follow up with you. If anything changes in the meantime, please let us know straight away."
"Hi, someone may have my card details, how can I block the card immediately? Not sure what to do.",CARD,block_card,"That sounds frustrating, and I will do my best to help you resolve it. To protect your money, block the card first. Use the app under Cards and Block, or call the 24 hour phone banking line and ask for an immediate block. Once blocked, please review your recent transactions and tell us about any you do not recognise so we can look into them."
"Good morning, how can I withdraw my home loan request? Thank you.",LOAN,cancel_mortgage,"I can help you withdraw the mortgage application. Please contact our mortgage team through the app or at a branch and confirm the application reference. If the valuation or legal work has already started, some third party fees might still apply. Once cancelled, you will receive written confirmation. If you need any further help, just let me know."
"hi team, please guide me through creating a new account",ACCOUNT,create_account,"Sure, here is how this works. To start, choose the type of account that suits you, then fill in the application form online. You will need identity and address documents, and you may complete a short video verification. Once approved, your account details arrive by message and email, and your debit card is sent to your address. Let me know if there is anything more I can do for you."
Someone changed my phone number and email on my account and I am locked out. Thanks.,RETAIL_EXCEPTION,identity_theft_account_takeover,"Thank you for flagging this quickly. Access to your online banking will be locked while we investigate. Our security team will verify your identity through a secure process, review recent changes and transactions, and help reset your details. Please tell us about any transaction you did not make, so it can be investigated. If you would like, I can connect you with a human agent right now."
"i need help. the atm did not give me the full cash but the money was deducted, i withdrew eur 2,340. i need this sorted today",ATM,dispute_ATM_withdrawal,"I will help you raise a dispute for the ATM withdrawal of EUR 2,340. Please go to Disputes in the app, select the transaction and choose ATM Cash Issue, then give the date, time and ATM location if you have them. We will investigate with the ATM operator and most cases are reviewed within a few working days. If the ATM did not dispense the cash, the amount is usually credited back to your account."
"I need help. There is an ATM transaction I do not recognise for 350 USD, how do I raise a dispute? Thanks.",ATM,dispute_ATM_withdrawal,"Sorry about the trouble with the ATM. Please keep the receipt if you have one and raise a dispute through the app or by calling customer service. We will check the ATM records for the withdrawal and update you by message. If the money is confirmed as not dispensed, it will be returned to your account."
"Hello there, how can I check how much credit I have left on my card? Thank you",CARD,check_current_balance_on_card,"Of course, happy to help. To check your balance, log in to net banking or the app and open Cards. The card summary shows your current balance, available credit and the last statement amount. Balances update in near real time, but very recent transactions can take a short while to appear. I am here if you need anything else."
"What is the process to get a mortgage for a house worth $172,330? Thanks.",LOAN,apply_for_mortgage,"For a mortgage, the first step is to check how much you can borrow using the mortgage calculator in the app. Then submit an application with your identity, income and property details, and we will arrange a valuation of the property. After approval you receive a formal offer, and the funds are released to the seller once the legal formalities are complete. A deposit is usually needed, and the amount depends on the property value and your profile. Feel free to ask if you have any other questions."
Where is the nearest ATM? Can you help me with this,FIND,find_ATM,"To locate an ATM, open the Locator in the app or on our website and search by city or landmark. Filters help you find machines that offer deposits, cheque drops or extended hours. Please remember that using an ATM outside our network may attract a fee. I am here if you need anything else."
"Hi team, my card got stuck in the machine two days ago. Any idea what to do?",ATM,recover_swallowed_card,"Please do not worry, this happens sometimes. First, block the card in the app as a precaution until you have it back. Then contact the branch that owns the ATM or call customer service, and we will check if the card was retained by the machine. If it can be recovered you may collect it with valid photo ID, otherwise we will issue a replacement card to you. I am here if you need anything else."
"excuse me, need to switch on my new card, what should i do? please help.",CARD,activate_card,"You can activate your card in two easy ways. In the mobile app, go to Cards, pick your card, and tap Activate. If you prefer, call the phone banking number printed on the back of the card and follow the voice prompts. After verification your card will be active within a few minutes. I am here if you need anything else."
"Hey, how do I apply for a personal loan? Any idea what to do?",LOAN,apply_for_loan,"To apply for a loan, go to Loans in the app and select the type of loan you need. Enter the amount and tenure, upload the required documents and submit. Your eligibility is based on income, existing commitments and credit score, and you will see a decision and an offer once the review is complete. Please reach out again if anything is unclear."
quick question: my international transfer of 764 usd to sydney is on hold and nobody tells me why. can u help me with this?,PAYMENT_EXCEPTION,international_transfer_compliance_hold,"I understand this is frustrating. International payments can be held for a routine compliance review, which is a regulatory requirement, and we may ask for supporting documents such as an invoice, contract or proof of source of funds. I cannot see the full details of the review in this chat, so I will pass your case to our payments compliance team, who will contact you about what is needed. Providing the documents promptly usually speeds things up. We will keep you updated by message until this is resolved."
"Hello, how can I withdraw my home loan request? Please advise.",LOAN,cancel_mortgage,"I can help you withdraw the mortgage application. Please contact our mortgage team through the app or at a branch and confirm the application reference. If the valuation or legal work has already started, some third party fees might still apply. Once cancelled, you will receive written confirmation. Please reach out again if anything is unclear."
"Hi team, I want to dispute an ATM withdrawal of EUR 890 from earlier today. Thanks.",ATM,dispute_ATM_withdrawal,"I will help you raise a dispute for the ATM withdrawal of EUR 890. Please go to Disputes in the app, select the transaction and choose ATM Cash Issue, then give the date, time and ATM location if you have them. We will investigate with the ATM operator and most cases are reviewed within a few working days. If the ATM did not dispense the cash, the amount is usually credited back to your account."
"Urgent: what is the process to get a mortgage for a house worth INR 166,970? Pls help.",LOAN,apply_for_mortgage,"Sure, here is how this works. For a mortgage, the first step is to check how much you can borrow using the mortgage calculator in the app. Then submit an application with your identity, income and property details, and we will arrange a valuation of the property. After approval you receive a formal offer, and the funds are released to the seller once the legal formalities are complete. A deposit is usually needed, and the amount depends on the property value and your profile. Let me know if there is anything more I can do for you."
"there are transactions of eur 2,560 on my card that i never made, i think my card was hacked. please help.",PAYMENT_EXCEPTION,card_fraud_unauthorized_transaction,"Thank you for reporting this quickly. Your card should be blocked immediately to prevent more misuse, and the disputed transactions will be flagged for our fraud team. They will review the details, and where a transaction is confirmed as fraudulent the amount is normally returned to your account after the investigation. A specialist will reach out to collect a few more details. Please keep your reference number safe, and reply here if you need anything else."
"Good evening, I cancelled an order with Nykaa and the credit has not shown on my card. Pls advise.",PAYMENT_EXCEPTION,refund_not_received,"I am sorry for the wait. Refunds from merchants usually take between five and ten working days to appear, depending on the merchant and the card network. Please ask Nykaa for the refund reference number or acquirer reference number, which lets us trace it. Once you share it, we can check whether the credit was received and, if not, raise an enquiry with the merchant bank. You can ask for a human agent at any time and I will arrange it."
"Hello, pls tell me the current balance on the card ending 6630.",CARD,check_current_balance_on_card,"To check your balance, log in to net banking or the app and open Cards. The card summary shows your current balance, available credit and the last statement amount. Balances update in near real time, but very recent transactions can take a short while to appear. I am here if you need anything else."
"i need help. i sent gbp 2,680 to the wrong person, can i cancel the transfer? not sure what to do.",TRANSFER,cancel_transfer,"If the transfer of GBP 2,680 is still pending or scheduled, you can cancel it in the app. Go to Transfers, open Pending or Scheduled, select the transfer and tap Cancel. If it has already been completed, it cannot be cancelled directly, but you can raise a request and we will contact the receiving bank to ask for the money back. Success depends on the receiving bank and the account holder agreeing to return it. Feel free to ask if you have any other questions."
"I cannot log in to net banking, I do not remember my password. Any idea what to do?",PASSWORD,get_password,"I am sorry you are locked out. On the login page, tap Forgot Password and enter your customer ID. We will send a one-time code to your registered mobile number, and after you enter it you can choose a new password. For security reasons we can never tell you your old password."
"Urgent: there is an ATM transaction I do not recognise for $2,950, how do I raise a dispute? Not sure what to do",ATM,dispute_ATM_withdrawal,"I will help you raise a dispute for the ATM withdrawal of $2,950. Please go to Disputes in the app, select the transaction and choose ATM Cash Issue, then give the date, time and ATM location if you have them. We will investigate with the ATM operator and most cases are reviewed within a few working days. If the ATM did not dispense the cash, the amount is usually credited back to your account."
"Hello, my credit card ending 5267 arrived today. What are the steps to activate it? Please help.",CARD,activate_card,"You can activate your card in two easy ways. In the mobile app, go to Cards, pick your card, and tap Activate. If you prefer, call the phone banking number printed on the back of the card and follow the voice prompts. After verification your card will be active within a few minutes. If you need any further help, just let me know."
Quick question: when is my card annual fee charged and can it be waived? Can you help me with this?,CARD,check_card_annual_fee,"Annual fees vary by card, and many cards waive the fee after a certain level of yearly spending. Please check Fees and Charges for your card in the app to see your amount and the anniversary date. If you would like to ask about a waiver, customer service can review your eligibility. Please reach out again if anything is unclear."
"i do not want a bot, please connect me to an advisor. i need this sorted today.",CONTACT,human_agent,"Certainly, I can arrange for one of our advisors to help you. I am transferring you now, and I will share the details of our conversation so you do not need to repeat yourself. If the queue is long, you can choose to receive a call back instead."
Pls tell me the current balance on the card ending 2212. Any idea what to do?,CARD,check_current_balance_on_card,"Thanks for reaching out, I can guide you through this. To check your balance, log in to net banking or the app and open Cards. The card summary shows your current balance, available credit and the last statement amount. Balances update in near real time, but very recent transactions can take a short while to appear. I am here if you need anything else."
"Hello, find me a cash machine close to me. Appreciate the help.",FIND,find_ATM,"To locate an ATM, open the Locator in the app or on our website and search by city or landmark. Filters help you find machines that offer deposits, cheque drops or extended hours. Please remember that using an ATM outside our network may attract a fee. Please reach out again if anything is unclear."
"excuse me, please help me make a transfer of 1,170 dollars today.",TRANSFER,make_transfer,"Certainly, I can help with that. To make a transfer, log in to the app or net banking and go to Transfers. Add the payee by entering the name, account number and bank code, then confirm the payee with a one-time code. Enter the amount of 1,170 dollars, choose the payment method, review the details and confirm. You will get a confirmation message with a reference number."
Please help: I am confused and worried about a scam call asking for my details. Thanks.,RETAIL_EXCEPTION,vulnerable_customer_support,"Thank you for telling us, and please know that we are here to help in a way that works for you. We offer support such as large print or audio statements, assisted banking at branches, a dedicated helpline with priority handling and, in some areas, home visits. If you are worried about a suspicious call, please do not share any codes or personal details, and we will help you check it. I will connect you with our customer care specialists to set up the support you need. Please keep your reference number safe, and reply here if you need anything else."
"How do I send EUR 1,230 to a friend's account? Not sure what to do.",TRANSFER,make_transfer,"Certainly, I can help with that. To make a transfer, log in to the app or net banking and go to Transfers. Add the payee by entering the name, account number and bank code, then confirm the payee with a one-time code. Enter the amount of EUR 1,230, choose the payment method, review the details and confirm. You will get a confirmation message with a reference number. Let me know if there is anything more I can do for you."
Quick question: how can I close my credit card? I no longer use it. Thank you.,CARD,cancel_card,I can guide you through cancelling your card. First check that there are no pending transactions or unpaid dues. Then submit a cancellation request through the app or by phone banking. You will get a confirmation message once the card is closed.
Urgent: the bank refused my mortgage even though I have a stable income. Any idea what to do?,RETAIL_EXCEPTION,loan_application_rejected_appeal,"I am sorry that your application was not approved. Decisions are based on factors such as income, existing debts, credit history and the value of the loan requested, and we can share the main reasons with you. You may ask for a review, especially if your circumstances have changed or if some information was missing. I will pass your request to a loans specialist who can explain the decision and suggest what may improve your chances next time. You can ask for a human agent at any time and I will arrange it."
"Hello, somebody used my platinum credit card to buy things I do not recognise, this is fraud",PAYMENT_EXCEPTION,card_fraud_unauthorized_transaction,"Thank you for reporting this quickly. Your card should be blocked immediately to prevent more misuse, and the disputed transactions will be flagged for our fraud team. They will review the details, and where a transaction is confirmed as fraudulent the amount is normally returned to your account after the investigation. A specialist will reach out to collect a few more details. We will keep you updated by message until this is resolved."
"Excuse me, I want a written response to my complaint about salary account charges. I need this sorted today.",RETAIL_EXCEPTION,formal_complaint_escalation,"I am sorry that your issue has not been resolved, and you have every right to escalate. I can register a formal complaint now, which will be given a reference number and reviewed by our complaints team, who will respond in writing within the time required. If you are not satisfied with the final response, you can take the matter to the external financial ombudsman. It helps if you share the dates and details of your previous contacts. If anything changes in the meantime, please let us know straight away."
"Hi team, show me my recent activity on the business account.",ACCOUNT,check_recent_transactions,"You can see recent transactions in the app or net banking. Open your business account and tap Transactions to view the latest activity, and use the filters to search by date or amount. Statements for earlier periods can be downloaded as a PDF from the Statements section. If you need any further help, just let me know."
"hi, i want to check if the payment i made this morning has gone through",ACCOUNT,check_recent_transactions,"To review your recent activity, log in and choose the account, then select Recent Transactions. Pending items are shown separately from completed ones. If something looks unfamiliar, tap it to see the details and report it directly from that screen. Let me know if there is anything more I can do for you."
"Please help: the ATM did not give me the full cash but the money was deducted, I withdrew INR 2,400. I need this sorted today.",ATM,dispute_ATM_withdrawal,"I will help you raise a dispute for the ATM withdrawal of INR 2,400. Please go to Disputes in the app, select the transaction and choose ATM Cash Issue, then give the date, time and ATM location if you have them. We will investigate with the ATM operator and most cases are reviewed within a few working days. If the ATM did not dispense the cash, the amount is usually credited back to your account."
"Hello there, how do I view what I spent this week? Please advise.",ACCOUNT,check_recent_transactions,"To review your recent activity, log in and choose the account, then select Recent Transactions. Pending items are shown separately from completed ones. If something looks unfamiliar, tap it to see the details and report it directly from that screen. I am here if you need anything else."
"Good evening, suspicious login on my account from another country, please secure it. Appreciate the help",RETAIL_EXCEPTION,identity_theft_account_takeover,"Thank you for flagging this quickly. Access to your online banking will be locked while we investigate. Our security team will verify your identity through a secure process, review recent changes and transactions, and help reset your details. Please tell us about any transaction you did not make, so it can be investigated. We will keep you updated by message until this is resolved."
"Hello there, why is my business account overdrawn? I never spent that much. Thank you.",RETAIL_EXCEPTION,overdraft_fee_dispute,"Thanks for explaining. To review the fee, we need to see the order in which the deposit and the payments were processed. I will raise a request for the fee to be reviewed, and you will hear back with the outcome. In some cases, especially after a delayed salary, the fee can be waived. Please keep your reference number safe, and reply here if you need anything else."
"Hi team, how can I reset my forgotten mobile banking password?",PASSWORD,get_password,"You can recover access in a few steps. Select Forgot Password on the login screen, verify your identity with the one-time code sent to your registered number, and set a new password. If you no longer have access to that number, please visit a branch with your identification to update it."
Please change my surname on all my accounts. Thanks.,RETAIL_EXCEPTION,legal_name_change,"To change your name in our records, we need proof of the legal name change, such as a marriage certificate, a gazette notification or a deed poll, together with your identification. Please upload the documents in the app under Profile or visit a branch, and we will update your accounts and cards. Because this affects several products, the update may take a few working days, and we will notify you when it is complete. If you would like, I can connect you with a human agent right now."
"Quick question: name mismatch is blocking my loan, how do I correct it in your records? thx.",RETAIL_EXCEPTION,legal_name_change,"To change your name in our records, we need proof of the legal name change, such as a marriage certificate, a gazette notification or a deed poll, together with your identification. Please upload the documents in the app under Profile or visit a branch, and we will update your accounts and cards. Because this affects several products, the update may take a few working days, and we will notify you when it is complete. You can ask for a human agent at any time and I will arrange it."
i need help. how much do i still owe on my loan? appreciate the help.,LOAN,check_loan_payments,"To check your loan payments, log in and open Loans, then choose the loan. You will see what you have paid so far, what is left, and the next due date. If you would like to pay extra to reduce the balance, there is an option to make a part payment on the same screen."
"Hi, help, the cash machine did not return my card. Any idea what to do?",ATM,recover_swallowed_card,"I am sorry that the ATM kept your card. For your safety, I suggest blocking the card right away in the app. We will then arrange either collection from the ATM branch with identification or a replacement card sent to your address, usually within a few working days."
"Excuse me, show me my recent activity on the business account. I need this sorted today",ACCOUNT,check_recent_transactions,"To review your recent activity, log in and choose the account, then select Recent Transactions. Pending items are shown separately from completed ones. If something looks unfamiliar, tap it to see the details and report it directly from that screen. Please reach out again if anything is unclear."
"Hi, please change my surname on all my accounts",RETAIL_EXCEPTION,legal_name_change,"To change your name in our records, we need proof of the legal name change, such as a marriage certificate, a gazette notification or a deed poll, together with your identification. Please upload the documents in the app under Profile or visit a branch, and we will update your accounts and cards. Because this affects several products, the update may take a few working days, and we will notify you when it is complete. If anything changes in the meantime, please let us know straight away."
"Good evening, I was charged more than expected because of the exchange rate on my purchase in Bangkok.",PAYMENT_EXCEPTION,currency_conversion_dispute,"I understand the surprise. The debited amount comes from the exchange rate at the time of settlement, plus any conversion charges, and the shop may also offer to charge in your home currency at their own rate. I can flag your transaction for review so a specialist can confirm whether the correct rate was applied."
"Good morning, there is an ATM transaction I do not recognise for EUR 1,410, how do I raise a dispute? Not sure what to do",ATM,dispute_ATM_withdrawal,"Sorry about the trouble with the ATM. Please keep the receipt if you have one and raise a dispute through the app or by calling customer service. We will check the ATM records for the withdrawal and update you by message. If the money is confirmed as not dispensed, it will be returned to your account. If you need any further help, just let me know."
Urgent: my debit card ending 0936 arrived today. What are the steps to activate it,CARD,activate_card,"First, open the mobile app or net banking and go to the Cards section. Then select your debit card and choose Activate Card. You will receive a one-time code on your registered mobile number, so enter it to confirm. Once that is done, the card is active and ready to use straight away. Let me know if there is anything more I can do for you."
"Hi, how can I check how much credit I have left on my card? Can you help me with this",CARD,check_current_balance_on_card,"Thanks for reaching out, I can guide you through this. To check your balance, log in to net banking or the app and open Cards. The card summary shows your current balance, available credit and the last statement amount. Balances update in near real time, but very recent transactions can take a short while to appear. Let me know if there is anything more I can do for you."
"Good morning, I think I paid the wrong person EUR 1,310 and I am panicking. Thank you.",PAYMENT_EXCEPTION,transfer_wrong_account,"Please stay calm, and thank you for telling us quickly, because speed matters. Payments to a wrong account cannot always be reversed, but we can send a recall request to the receiving bank for the EUR 1,310. Please share the transaction reference, the date and the account number you used. We will contact the other bank and, if the account holder agrees or the funds are still available, the money can be returned. We will keep you updated by message until this is resolved."
"good morning, can you list all the charges for using the atm abroad? thank you.",FEES,check_fees,"Certainly, I can help with that. I can help you understand the charges. Common fees include monthly maintenance, foreign transaction fees, ATM use outside our network and penalties for low balance. Your latest statement shows every fee that has been applied, and customer service can review any fee you believe was charged in error. Feel free to ask if you have any other questions."
"My salary came late and I was penalised, can you reverse the fee? I need this sorted today.",RETAIL_EXCEPTION,overdraft_fee_dispute,"Thanks for explaining. To review the fee, we need to see the order in which the deposit and the payments were processed. I will raise a request for the fee to be reviewed, and you will hear back with the outcome. In some cases, especially after a delayed salary, the fee can be waived. Please keep your reference number safe, and reply here if you need anything else."
show me my recent activity on the joint account.,ACCOUNT,check_recent_transactions,"You can see recent transactions in the app or net banking. Open your joint account and tap Transactions to view the latest activity, and use the filters to search by date or amount. Statements for earlier periods can be downloaded as a PDF from the Statements section."
"Excuse me, I think I paid the wrong person 1,250 USD and I am panicking. Thank you.",PAYMENT_EXCEPTION,transfer_wrong_account,"I am sorry this happened. Please raise a wrong transfer request in the app or with customer service right away with the payment reference. We will ask the receiving bank to hold and return the funds, but they need the account holder consent, so the timing can vary. A specialist will follow up with you. If you would like, I can connect you with a human agent right now."
"Hey, when is my next business loan instalment due? Not sure what to do.",LOAN,check_loan_payments,"Of course, happy to help. To check your loan payments, log in and open Loans, then choose the loan. You will see what you have paid so far, what is left, and the next due date. If you would like to pay extra to reduce the balance, there is an option to make a part payment on the same screen. Let me know if there is anything more I can do for you."
"Hello there, how do I open a business account? Any idea what to do",ACCOUNT,create_account,"Of course, happy to help. Opening a business account is simple. You can apply online or at a branch by providing a valid photo ID, proof of address and a recent photograph. After we verify your details, the account is created and you will receive your account number and access to the app. Some accounts require a small opening deposit."
"Hello there, can u transfer me to a human agent?",CONTACT,human_agent,"Of course. I will connect you with a human agent now. Please stay in this chat, and it helps if you briefly describe your issue so the agent can pick up straight away. Waiting times can vary, and if it is not urgent you can also request a call back at a time that suits you. Let me know if there is anything more I can do for you."
I want to talk to a real person. Any idea what to do?,CONTACT,human_agent,"Of course. I will connect you with a human agent now. Please stay in this chat, and it helps if you briefly describe your issue so the agent can pick up straight away. Waiting times can vary, and if it is not urgent you can also request a call back at a time that suits you. I am here if you need anything else."
"Hi team, how do I withdraw my loan request? Pls advise",LOAN,cancel_loan,"To cancel a loan application, tell us which application you mean and we will stop the process. Before disbursal there is normally no cost. After disbursal, the loan must be closed by repaying the outstanding amount, and we will give you the exact figure and any applicable charges. If you need any further help, just let me know."
"Hi, how do I stop a transfer I made last Friday? Please advise.",TRANSFER,cancel_transfer,"Please act quickly. For transfers that have not been processed yet, use Cancel next to the transfer in your pending list. For completed transfers, raise a recall request from the same screen or through customer service, and keep the transaction reference handy. We will update you as soon as we hear back from the other bank."
Where do I activate the travel card I got last month? Thank you.,CARD,activate_card,"Absolutely, let me walk you through it. First, open the mobile app or net banking and go to the Cards section. Then select your travel card and choose Activate Card. You will receive a one-time code on your registered mobile number, so enter it to confirm. Once that is done, the card is active and ready to use straight away. If you need any further help, just let me know."
How do I shut down my account permanently? Can you help me with this?,ACCOUNT,close_account,"To close the account, make sure there are no pending transactions, linked cards or loans. Request closure through the app under Account Services or visit a branch. We will transfer any remaining balance to the account you nominate and confirm once the account is closed. Feel free to ask if you have any other questions."
"Hey, somebody used my travel card to buy things I do not recognise, this is fraud",PAYMENT_EXCEPTION,card_fraud_unauthorized_transaction,"Thank you for reporting this quickly. Your card should be blocked immediately to prevent more misuse, and the disputed transactions will be flagged for our fraud team. They will review the details, and where a transaction is confirmed as fraudulent the amount is normally returned to your account after the investigation. A specialist will reach out to collect a few more details. We will keep you updated by message until this is resolved."
can you list all the charges for using the atm abroad? any idea what to do,FEES,check_fees,"I can help you understand the charges. Common fees include monthly maintenance, foreign transaction fees, ATM use outside our network and penalties for low balance. Your latest statement shows every fee that has been applied, and customer service can review any fee you believe was charged in error. Feel free to ask if you have any other questions."
"Good evening, payment stuck in processing for 7 days and my rent is due. Not sure what to do",PAYMENT_EXCEPTION,transfer_pending_stuck,"Sorry for the delay. A transfer can stay pending if the receiving bank is slow, if the details do not match, or if the payment is under review. I have noted the delay and a specialist team will trace the payment. If it cannot be completed, the money is returned to your account. If you would like, I can connect you with a human agent right now."
How long will my transfer stay pending? It has been 5 days. Please advise.,PAYMENT_EXCEPTION,transfer_pending_stuck,"Sorry for the delay. A transfer can stay pending if the receiving bank is slow, if the details do not match, or if the payment is under review. I have noted the delay and a specialist team will trace the payment. If it cannot be completed, the money is returned to your account."
"Hi, my international transfer of GBP 2,470 to Rome is on hold and nobody tells me why.",PAYMENT_EXCEPTION,international_transfer_compliance_hold,"I understand this is frustrating. International payments can be held for a routine compliance review, which is a regulatory requirement, and we may ask for supporting documents such as an invoice, contract or proof of source of funds. I cannot see the full details of the review in this chat, so I will pass your case to our payments compliance team, who will contact you about what is needed. Providing the documents promptly usually speeds things up. Please keep your reference number safe, and reply here if you need anything else."
"Hello there, ATM retained my card ending 9264, how do I recover it? Not sure what to do.",ATM,recover_swallowed_card,"Please do not worry, this happens sometimes. First, block the card in the app as a precaution until you have it back. Then contact the branch that owns the ATM or call customer service, and we will check if the card was retained by the machine. If it can be recovered you may collect it with valid photo ID, otherwise we will issue a replacement card to you. Let me know if there is anything more I can do for you."
"Hi team, can I see my last transactions? Thank you.",ACCOUNT,check_recent_transactions,"Thanks for reaching out, I can guide you through this. To review your recent activity, log in and choose the account, then select Recent Transactions. Pending items are shown separately from completed ones. If something looks unfamiliar, tap it to see the details and report it directly from that screen. Please reach out again if anything is unclear."
"Hey, help, the cash machine did not return my card. I need this sorted today.",ATM,recover_swallowed_card,"I am sorry that the ATM kept your card. For your safety, I suggest blocking the card right away in the app. We will then arrange either collection from the ATM branch with identification or a replacement card sent to your address, usually within a few working days. Let me know if there is anything more I can do for you."
Urgent: I paid $955 once but the money left my account twice yesterday.,PAYMENT_EXCEPTION,duplicate_charge,"Thanks for letting us know. Please keep proof of your purchase and, if possible, the merchant receipt. We will open a dispute for the duplicate payment, and a specialist will review it with the merchant. Refunds usually take several working days once the duplicate is confirmed. We will keep you updated by message until this is resolved."
"Hello, how can I reset my forgotten mobile banking password? Any idea what to do",PASSWORD,get_password,"You can recover access in a few steps. Select Forgot Password on the login screen, verify your identity with the one-time code sent to your registered number, and set a new password. If you no longer have access to that number, please visit a branch with your identification to update it."
"Good evening, what are the opening hours of the branch near my office? Thanks.",FIND,find_branch,"To find a branch, enter your area or city in the Locator and choose Branches. Each listing shows the address, working hours and the services offered, such as loans or locker facilities. Most branches are open on weekdays and some are open on Saturday mornings. Let me know if there is anything more I can do for you."
"Hi team, what is the annual fee for my credit card? Can you help me with this?",CARD,check_card_annual_fee,"Of course, happy to help. The annual fee depends on the type of card you hold. You can see the exact amount for your credit card in the app under Cards and Card Details, and it is also listed in your welcome kit. The fee is normally charged once a year on the card anniversary date. Some cards offer a waiver if you reach a yearly spending target. I am here if you need anything else."
"Excuse me, please tell me the reason my loan was denied. Please help.",RETAIL_EXCEPTION,loan_application_rejected_appeal,"I am sorry that your application was not approved. Decisions are based on factors such as income, existing debts, credit history and the value of the loan requested, and we can share the main reasons with you. You may ask for a review, especially if your circumstances have changed or if some information was missing. I will pass your request to a loans specialist who can explain the decision and suggest what may improve your chances next time. If you would like, I can connect you with a human agent right now."
"Good evening, is there any joining or annual fee on the travel card? Pls help.",CARD,check_card_annual_fee,"The annual fee depends on the type of card you hold. You can see the exact amount for your travel card in the app under Cards and Card Details, and it is also listed in your welcome kit. The fee is normally charged once a year on the card anniversary date. Some cards offer a waiver if you reach a yearly spending target. Feel free to ask if you have any other questions."
I need help. My international transfer of INR 662 to Amsterdam is on hold and nobody tells me why. Can u help me with this?,PAYMENT_EXCEPTION,international_transfer_compliance_hold,"I understand this is frustrating. International payments can be held for a routine compliance review, which is a regulatory requirement, and we may ask for supporting documents such as an invoice, contract or proof of source of funds. I cannot see the full details of the review in this chat, so I will pass your case to our payments compliance team, who will contact you about what is needed. Providing the documents promptly usually speeds things up. We will keep you updated by message until this is resolved."
Please help: what is the process to claim the balance in my late mother's account? Any idea what to do,RETAIL_EXCEPTION,deceased_account_holder,"My condolences to you and your family. Accounts of a deceased customer are handled by a dedicated team with care. Please share the death certificate and your identification, and they will explain how the balance is released to the nominee or legal heir and how the account is closed. I will connect you with them, so you do not have to repeat yourself. Please keep your reference number safe, and reply here if you need anything else."
Please help: my international transfer of GBP 566 to New York is on hold and nobody tells me why. Appreciate the help.,PAYMENT_EXCEPTION,international_transfer_compliance_hold,"I understand this is frustrating. International payments can be held for a routine compliance review, which is a regulatory requirement, and we may ask for supporting documents such as an invoice, contract or proof of source of funds. I cannot see the full details of the review in this chat, so I will pass your case to our payments compliance team, who will contact you about what is needed. Providing the documents promptly usually speeds things up. If anything changes in the meantime, please let us know straight away."
"Hey, I want to reverse the payment I just made, is that possible? Please help.",TRANSFER,cancel_transfer,"Please act quickly. For transfers that have not been processed yet, use Cancel next to the transfer in your pending list. For completed transfers, raise a recall request from the same screen or through customer service, and keep the transaction reference handy. We will update you as soon as we hear back from the other bank. If you need any further help, just let me know."
"Good morning, what is the available balance on my platinum credit card? Thank you.",CARD,check_current_balance_on_card,"Sure, here is how this works. You can see your card balance in the mobile app under Cards. Select your platinum credit card to view the available limit, the outstanding amount and the payment due date. You can also get a quick balance by sending a text message from your registered number or by calling phone banking. Please reach out again if anything is unclear."
"Good evening, please change my surname on all my accounts. I need this sorted today",RETAIL_EXCEPTION,legal_name_change,"To change your name in our records, we need proof of the legal name change, such as a marriage certificate, a gazette notification or a deed poll, together with your identification. Please upload the documents in the app under Profile or visit a branch, and we will update your accounts and cards. Because this affects several products, the update may take a few working days, and we will notify you when it is complete. If anything changes in the meantime, please let us know straight away."
"Hey, I need extra help managing my money after my illness. Please help",RETAIL_EXCEPTION,vulnerable_customer_support,"Thank you for telling us, and please know that we are here to help in a way that works for you. We offer support such as large print or audio statements, assisted banking at branches, a dedicated helpline with priority handling and, in some areas, home visits. If you are worried about a suspicious call, please do not share any codes or personal details, and we will help you check it. I will connect you with our customer care specialists to set up the support you need. We will keep you updated by message until this is resolved."
"I entered the wrong account number and sent 944 USD, please help me get it back. Thank you.",PAYMENT_EXCEPTION,transfer_wrong_account,"Please stay calm, and thank you for telling us quickly, because speed matters. Payments to a wrong account cannot always be reversed, but we can send a recall request to the receiving bank for the 944 USD. Please share the transaction reference, the date and the account number you used. We will contact the other bank and, if the account holder agrees or the funds are still available, the money can be returned. You can ask for a human agent at any time and I will arrange it."
"Good morning, what is the annual fee for my travel card",CARD,check_card_annual_fee,"Absolutely, let me walk you through it. The annual fee depends on the type of card you hold. You can see the exact amount for your travel card in the app under Cards and Card Details, and it is also listed in your welcome kit. The fee is normally charged once a year on the card anniversary date. Some cards offer a waiver if you reach a yearly spending target. Please reach out again if anything is unclear."
"Hello, I want to talk to a real person. Not sure what to do.",CONTACT,human_agent,"Of course. I will connect you with a human agent now. Please stay in this chat, and it helps if you briefly describe your issue so the agent can pick up straight away. Waiting times can vary, and if it is not urgent you can also request a call back at a time that suits you."
"hello, payment stuck in processing for 10 days and my rent is due.",PAYMENT_EXCEPTION,transfer_pending_stuck,"I understand how worrying it is when a payment is delayed. Most transfers complete within one working day, but some can be held for security checks or because of details that need correcting. Please check the transaction status and reference number in the app. Since it has been 10 days, I will raise this as a payment investigation so a specialist can trace the payment with the receiving bank and update you. If you would like, I can connect you with a human agent right now."
"Hello there, what fees do you charge on my account? Thank you",FEES,check_fees,"I can help you understand the charges. Common fees include monthly maintenance, foreign transaction fees, ATM use outside our network and penalties for low balance. Your latest statement shows every fee that has been applied, and customer service can review any fee you believe was charged in error. Feel free to ask if you have any other questions."
what fees do you charge on my account? any idea what to do,FEES,check_fees,"I can help you understand the charges. Common fees include monthly maintenance, foreign transaction fees, ATM use outside our network and penalties for low balance. Your latest statement shows every fee that has been applied, and customer service can review any fee you believe was charged in error. Feel free to ask if you have any other questions."
"hello there, how do i freeze my card temporarily? i cannot find it. pls help.",CARD,block_card,"You can block the card immediately in the mobile app. Go to Cards, choose the card and tap Block Card, then pick Lost or Stolen as the reason. The card stops working straight away and any new transactions are declined. We will then help you order a replacement, which usually arrives in a few working days. Feel free to ask if you have any other questions."
"Please unfreeze my account, I already submitted my documents last week.",RETAIL_EXCEPTION,account_frozen_kyc,"I am sorry for the inconvenience. A restriction usually means we need to verify or update some information. You can complete the update in the app under Profile and KYC, or visit a branch. If you have already submitted documents, I will ask the team to prioritise the review and update you. If anything changes in the meantime, please let us know straight away."
"Good evening, what is the process to allow foreign transactions on my card before my trip? Please advise",CARD,activate_card_international_usage,"Of course, happy to help. To use your card overseas, open Card Controls in the app and enable International Usage. It is a good idea to set a travel period and a daily limit. If you cannot use the app, phone banking can turn it on for you after verifying your identity. I am here if you need anything else."
"Good evening, can you list all the charges for using the ATM abroad? Thanks.",FEES,check_fees,"Absolutely, let me walk you through it. Fees depend on the type of account or service. You can find the full list in the app under Help and then Fees and Charges, including maintenance, ATM, transfer and card fees. If you tell me the specific service you are asking about, I can explain how that fee is calculated and when it applies. If you need any further help, just let me know."
"Hey, I entered the wrong account number and sent EUR 143, pls help me get it back.",PAYMENT_EXCEPTION,transfer_wrong_account,"I am sorry this happened. Please raise a wrong transfer request in the app or with customer service right away with the payment reference. We will ask the receiving bank to hold and return the funds, but they need the account holder consent, so the timing can vary. A specialist will follow up with you. We will keep you updated by message until this is resolved."
"Hey, I forgot my password, how do I get it back? Thanks.",PASSWORD,get_password,"I am sorry you are locked out. On the login page, tap Forgot Password and enter your customer ID. We will send a one-time code to your registered mobile number, and after you enter it you can choose a new password. For security reasons we can never tell you your old password."
"hi team, my father passed away recently, how do i access his joint account",RETAIL_EXCEPTION,deceased_account_holder,"I am very sorry for your loss. Please take your time, and we will make this as simple as we can. To begin, please inform us of the death by contacting our bereavement team, who will guide you personally. You will usually need a copy of the death certificate, your own identification and proof of your relationship, and if you are the nominee, the nomination details. Because this involves legal steps, a specialist will handle your request and explain the timeline. Please keep your reference number safe, and reply here if you need anything else."
"Hey, tell me about the monthly maintenance fees on my business account. Appreciate the help.",FEES,check_fees,"I can help you understand the charges. Common fees include monthly maintenance, foreign transaction fees, ATM use outside our network and penalties for low balance. Your latest statement shows every fee that has been applied, and customer service can review any fee you believe was charged in error. I am here if you need anything else."
"Good morning, how do I stop a transfer I made three days ago?",TRANSFER,cancel_transfer,"Certainly, I can help with that. Please act quickly. For transfers that have not been processed yet, use Cancel next to the transfer in your pending list. For completed transfers, raise a recall request from the same screen or through customer service, and keep the transaction reference handy. We will update you as soon as we hear back from the other bank."
"Hello, my platinum credit card does not work outside the country, how do I switch on overseas payments?",CARD,activate_card_international_usage,"Thanks for reaching out, I can guide you through this. International usage can be switched on from the mobile app. Go to Cards, select your platinum credit card, open Card Controls and turn on International Transactions. You can also set the dates of your trip and a spending limit for extra safety. Changes usually take effect within a few minutes, so please do it before you leave. Let me know if there is anything more I can do for you."
"Hi, I think my identity was stolen, there are accounts and loans in my name that I did not open. Any idea what to do?",RETAIL_EXCEPTION,identity_theft_account_takeover,"Thank you for flagging this quickly. Access to your online banking will be locked while we investigate. Our security team will verify your identity through a secure process, review recent changes and transactions, and help reset your details. Please tell us about any transaction you did not make, so it can be investigated. We will keep you updated by message until this is resolved."
"Hi team, I want to cancel my personal loan application. I need this sorted today.",LOAN,cancel_loan,"Absolutely, let me walk you through it. To cancel a loan application, tell us which application you mean and we will stop the process. Before disbursal there is normally no cost. After disbursal, the loan must be closed by repaying the outstanding amount, and we will give you the exact figure and any applicable charges. I am here if you need anything else."
"Hi, I cannot log in to net banking, I do not remember my password. Can you help me with this",PASSWORD,get_password,"You can recover access in a few steps. Select Forgot Password on the login screen, verify your identity with the one-time code sent to your registered number, and set a new password. If you no longer have access to that number, please visit a branch with your identification to update it. I am here if you need anything else."
urgent: how can i add a new payee and transfer funds? any idea what to do?,TRANSFER,make_transfer,"Of course, happy to help. You can send money in a few steps. Open Transfers, choose Send Money and select an existing payee or add a new one. Type in the amount, check the details carefully because transfers to the wrong account can be hard to reverse, and approve with your security code. Instant methods arrive within minutes, while standard transfers can take up to one working day. Please reach out again if anything is unclear."
"hi, can my son operate my account while i am in hospital?",RETAIL_EXCEPTION,power_of_attorney_request,"I am sorry to hear that. Managing another person's account requires a valid legal authority, such as a registered power of attorney, and we need to verify it before giving access. Please prepare the original or certified copy of the document, your identification and the account holder details. A specialist will check the paperwork and explain what your authority allows, and I will arrange for them to contact you. We will keep you updated by message until this is resolved."
"Help, the cash machine did not return my card. Any idea what to do?",ATM,recover_swallowed_card,"I am sorry that the ATM kept your card. For your safety, I suggest blocking the card right away in the app. We will then arrange either collection from the ATM branch with identification or a replacement card sent to your address, usually within a few working days. Feel free to ask if you have any other questions."
"Hi team, how do I activate my new debit card?",CARD,activate_card,"You can activate your card in two easy ways. In the mobile app, go to Cards, pick your card, and tap Activate. If you prefer, call the phone banking number printed on the back of the card and follow the voice prompts. After verification your card will be active within a few minutes. I am here if you need anything else."
What is the annual fee for my travel card? Please help.,CARD,check_card_annual_fee,"Annual fees vary by card, and many cards waive the fee after a certain level of yearly spending. Please check Fees and Charges for your card in the app to see your amount and the anniversary date. If you would like to ask about a waiver, customer service can review your eligibility. I am here if you need anything else."
"Hi team, I want to know how many payments are left on my loan. Thank you.",LOAN,check_loan_payments,"Sure, here is how this works. To check your loan payments, log in and open Loans, then choose the loan. You will see what you have paid so far, what is left, and the next due date. If you would like to pay extra to reduce the balance, there is an option to make a part payment on the same screen. Please reach out again if anything is unclear."
"Hello there, I want to cancel my mortgage application. Any idea what to do?",LOAN,cancel_mortgage,"Sure, here is how this works. I can help you withdraw the mortgage application. Please contact our mortgage team through the app or at a branch and confirm the application reference. If the valuation or legal work has already started, some third party fees might still apply. Once cancelled, you will receive written confirmation. Feel free to ask if you have any other questions."
"hey, somebody used my prepaid card to buy things i do not recognise, this is fraud. please help",PAYMENT_EXCEPTION,card_fraud_unauthorized_transaction,"Thank you for reporting this quickly. Your card should be blocked immediately to prevent more misuse, and the disputed transactions will be flagged for our fraud team. They will review the details, and where a transaction is confirmed as fraudulent the amount is normally returned to your account after the investigation. A specialist will reach out to collect a few more details."
"Hello there, I need to transfer money to another bank, what are the steps? Not sure what to do",TRANSFER,make_transfer,"You can send money in a few steps. Open Transfers, choose Send Money and select an existing payee or add a new one. Type in the amount, check the details carefully because transfers to the wrong account can be hard to reverse, and approve with your security code. Instant methods arrive within minutes, while standard transfers can take up to one working day. I am here if you need anything else."
"Good morning, payment declined overseas even though I have enough balance. I need this sorted today",PAYMENT_EXCEPTION,card_declined_while_travelling,"Sorry about the inconvenience, especially while you are travelling. Please check that international transactions are enabled and that you have not reached your daily limit. Because this is urgent, I recommend calling the emergency line on the back of the card, where an agent can verify you and remove any block. Emergency cash or a replacement card can be arranged if needed. We will keep you updated by message until this is resolved."
"hello there, please guide me through creating a new account. thank you.",ACCOUNT,create_account,"To start, choose the type of account that suits you, then fill in the application form online. You will need identity and address documents, and you may complete a short video verification. Once approved, your account details arrive by message and email, and your debit card is sent to your address. Please reach out again if anything is unclear."
pls help: can i see my last transactions? appreciate the help,ACCOUNT,check_recent_transactions,"To review your recent activity, log in and choose the account, then select Recent Transactions. Pending items are shown separately from completed ones. If something looks unfamiliar, tap it to see the details and report it directly from that screen. Please reach out again if anything is unclear."
"Hello, please unfreeze my account, I already submitted my documents last Friday. I need this sorted today.",RETAIL_EXCEPTION,account_frozen_kyc,"I understand how stressful it is to have an account restricted. Accounts are sometimes frozen when identity documents are missing or expired, or when a compliance review is needed. I cannot lift a restriction from this chat, but I can raise a priority request with our account services team. Please keep your photo ID, proof of address and recent photograph ready, and a specialist will contact you with the exact documents required. If you would like, I can connect you with a human agent right now."
Urgent: my card got stuck in the machine last month. Not sure what to do.,ATM,recover_swallowed_card,"Please do not worry, this happens sometimes. First, block the card in the app as a precaution until you have it back. Then contact the branch that owns the ATM or call customer service, and we will check if the card was retained by the machine. If it can be recovered you may collect it with valid photo ID, otherwise we will issue a replacement card to you. Feel free to ask if you have any other questions."
"Hello, please tell me the current balance on the card ending 4173.",CARD,check_current_balance_on_card,"To check your balance, log in to net banking or the app and open Cards. The card summary shows your current balance, available credit and the last statement amount. Balances update in near real time, but very recent transactions can take a short while to appear."
"Hi team, please cancel the card ending 8385. Appreciate the help.",CARD,cancel_card,"Of course, happy to help. I can guide you through cancelling your card. First check that there are no pending transactions or unpaid dues. Then submit a cancellation request through the app or by phone banking. You will get a confirmation message once the card is closed."
"Hello, pls block my card ending 4598, I think it was stolen. Thanks",CARD,block_card,"You can block the card immediately in the mobile app. Go to Cards, choose the card and tap Block Card, then pick Lost or Stolen as the reason. The card stops working straight away and any new transactions are declined. We will then help you order a replacement, which usually arrives in a few working days. I am here if you need anything else."
"Hello, pls enable international transactions on my card ending 1494.",CARD,activate_card_international_usage,"Of course, happy to help. To use your card overseas, open Card Controls in the app and enable International Usage. It is a good idea to set a travel period and a daily limit. If you cannot use the app, phone banking can turn it on for you after verifying your identity."
"Good evening, where do I activate the travel card I got this morning? Any idea what to do",CARD,activate_card,"You can activate your card in two easy ways. In the mobile app, go to Cards, pick your card, and tap Activate. If you prefer, call the phone banking number printed on the back of the card and follow the voice prompts. After verification your card will be active within a few minutes. If you need any further help, just let me know."
"Excuse me, can you help me activate my card? It has not been used yet. Can you help me with this?",CARD,activate_card,"You can activate your card in two easy ways. In the mobile app, go to Cards, pick your card, and tap Activate. If you prefer, call the phone banking number printed on the back of the card and follow the voice prompts. After verification your card will be active within a few minutes. I am here if you need anything else."
"good morning, can i cancel a scheduled transfer for next week",TRANSFER,cancel_transfer,"Certainly, I can help with that. Please act quickly. For transfers that have not been processed yet, use Cancel next to the transfer in your pending list. For completed transfers, raise a recall request from the same screen or through customer service, and keep the transaction reference handy. We will update you as soon as we hear back from the other bank."
I need help. I am not satisfied with the resolution and want to take this to the ombudsman,RETAIL_EXCEPTION,formal_complaint_escalation,"I am sorry that your issue has not been resolved, and you have every right to escalate. I can register a formal complaint now, which will be given a reference number and reviewed by our complaints team, who will respond in writing within the time required. If you are not satisfied with the final response, you can take the matter to the external financial ombudsman. It helps if you share the dates and details of your previous contacts. If anything changes in the meantime, please let us know straight away."
"excuse me, what do i need to do before closing my joint account? i need this sorted today",ACCOUNT,close_account,"I can explain how to close your joint account. Please first clear any dues, cancel standing instructions and move the remaining balance to another account. Then submit a closure request through customer service or at a branch with valid identification. Once processed, you will receive written confirmation and the final statement."
"Hello, I am confused and worried about a scam call asking for my details. Any idea what to do?",RETAIL_EXCEPTION,vulnerable_customer_support,"Thank you for telling us, and please know that we are here to help in a way that works for you. We offer support such as large print or audio statements, assisted banking at branches, a dedicated helpline with priority handling and, in some areas, home visits. If you are worried about a suspicious call, please do not share any codes or personal details, and we will help you check it. I will connect you with our customer care specialists to set up the support you need. Please keep your reference number safe, and reply here if you need anything else."
"Good evening, my spouse emptied our joint account without telling me. Thank you.",RETAIL_EXCEPTION,joint_account_dispute,"I am sorry you are going through this. Joint accounts are governed by the mandate that was agreed when they were opened, and changes such as removing a holder or freezing the account usually need the consent of all holders, or a legal instruction. I can arrange for a specialist to explain your options and what proof would be required. Please keep in mind that we cannot take sides, and for serious disputes it can help to seek legal advice."
"Good evening, how can I close my credit card? I no longer use it. thx.",CARD,cancel_card,I can guide you through cancelling your card. First check that there are no pending transactions or unpaid dues. Then submit a cancellation request through the app or by phone banking. You will get a confirmation message once the card is closed. Let me know if there is anything more I can do for you.
"what is the process to get a mortgage for a house worth $397,480? i need this sorted today.",LOAN,apply_for_mortgage,"Certainly, I can help with that. Applying for a home loan involves a few stages: an initial eligibility check, document submission, property valuation, formal approval and legal completion. A mortgage adviser can guide you at each stage. You can begin by booking a call from the Loans section of the app. If you need any further help, just let me know."
What is the fastest way to send money to someone? I need this sorted today,TRANSFER,make_transfer,"Sure, here is how this works. You can send money in a few steps. Open Transfers, choose Send Money and select an existing payee or add a new one. Type in the amount, check the details carefully because transfers to the wrong account can be hard to reverse, and approve with your security code. Instant methods arrive within minutes, while standard transfers can take up to one working day. Let me know if there is anything more I can do for you."
Could you tell me the yearly charges on the card ending 6633? Appreciate the help.,CARD,check_card_annual_fee,"Certainly, I can help with that. Annual fees vary by card, and many cards waive the fee after a certain level of yearly spending. Please check Fees and Charges for your card in the app to see your amount and the anniversary date. If you would like to ask about a waiver, customer service can review your eligibility."
"Excuse me, where is the nearest ATM? Can you help me with this",FIND,find_ATM,"To locate an ATM, open the Locator in the app or on our website and search by city or landmark. Filters help you find machines that offer deposits, cheque drops or extended hours. Please remember that using an ATM outside our network may attract a fee."
"Hello there, I want to apply for a student loan of 141,430 USD. Thank you.",LOAN,apply_for_loan,"Sure, here is how this works. To apply for a loan, go to Loans in the app and select the type of loan you need. Enter the amount and tenure, upload the required documents and submit. Your eligibility is based on income, existing commitments and credit score, and you will see a decision and an offer once the review is complete. Please reach out again if anything is unclear."
"hello, the atm did not give me the full cash but the money was deducted, i withdrew eur 505",ATM,dispute_ATM_withdrawal,"I will help you raise a dispute for the ATM withdrawal of EUR 505. Please go to Disputes in the app, select the transaction and choose ATM Cash Issue, then give the date, time and ATM location if you have them. We will investigate with the ATM operator and most cases are reviewed within a few working days. If the ATM did not dispense the cash, the amount is usually credited back to your account. Let me know if there is anything more I can do for you."
Urgent: when is my next mortgage payment due,LOAN,check_mortgage_payments,"Absolutely, let me walk you through it. In the app, open Loans and select your mortgage to see your monthly payment, the next due date, the remaining balance and the split between interest and principal. Statements and a yearly interest certificate can also be downloaded from the documents section. I am here if you need anything else."
Quick question: please tell me the current balance on the card ending 3084.,CARD,check_current_balance_on_card,"To check your balance, log in to net banking or the app and open Cards. The card summary shows your current balance, available credit and the last statement amount. Balances update in near real time, but very recent transactions can take a short while to appear. Feel free to ask if you have any other questions."
My prepaid card ending 5099 arrived today. What are the steps to activate it? thx.,CARD,activate_card,"Thanks for reaching out, I can guide you through this. You can activate your card in two easy ways. In the mobile app, go to Cards, pick your card, and tap Activate. If you prefer, call the phone banking number printed on the back of the card and follow the voice prompts. After verification your card will be active within a few minutes. Feel free to ask if you have any other questions."
"I never received the goods I paid $1,220 for on Zomato, I want a chargeback. I need this sorted today",PAYMENT_EXCEPTION,chargeback_request,"Thank you for the details. A card dispute can be raised for items not received or not as described. We will need your order confirmation and any communication with the seller. Our disputes team will assess the claim and let you know whether the amount can be recovered. If anything changes in the meantime, please let us know straight away."
"Please help: there is an ATM transaction I do not recognise for INR 2,950, how do I raise a dispute? Please advise.",ATM,dispute_ATM_withdrawal,"I will help you raise a dispute for the ATM withdrawal of INR 2,950. Please go to Disputes in the app, select the transaction and choose ATM Cash Issue, then give the date, time and ATM location if you have them. We will investigate with the ATM operator and most cases are reviewed within a few working days. If the ATM did not dispense the cash, the amount is usually credited back to your account. I am here if you need anything else."
"I would like to stop my card, it has an annual fee I do not want to pay. Any idea what to do",CARD,cancel_card,I can guide you through cancelling your card. First check that there are no pending transactions or unpaid dues. Then submit a cancellation request through the app or by phone banking. You will get a confirmation message once the card is closed. I am here if you need anything else.
What documents do I need to update my name with the bank? Thank you.,RETAIL_EXCEPTION,legal_name_change,"To change your name in our records, we need proof of the legal name change, such as a marriage certificate, a gazette notification or a deed poll, together with your identification. Please upload the documents in the app under Profile or visit a branch, and we will update your accounts and cards. Because this affects several products, the update may take a few working days, and we will notify you when it is complete. We will keep you updated by message until this is resolved."
"Urgent: the money I sent three days ago has not reached the receiver yet, the status still says processing. Please help.",PAYMENT_EXCEPTION,transfer_pending_stuck,"Sorry for the delay. A transfer can stay pending if the receiving bank is slow, if the details do not match, or if the payment is under review. I have noted the delay and a specialist team will trace the payment. If it cannot be completed, the money is returned to your account. If you would like, I can connect you with a human agent right now."
"Hey, is there a live chat with the bank? Please help",CONTACT,customer_service,"There are several ways to contact us. The quickest is the chat option in the app, which is available all day. You can also call the number printed on the back of your card or on our website, or visit any branch during opening hours. If you need any further help, just let me know."
Please help: I found a recurring payment on my card that I do not recognise. Any idea what to do,PAYMENT_EXCEPTION,recurring_payment_unauthorized,"Sorry about the trouble. We can block future payments to the merchant on your card, and I can start a dispute for charges you did not authorise. Please share the dates and the amounts of the payments and any cancellation emails you have. A specialist will review whether the money can be recovered."
"Hi, can I reapply after a rejection and what should I improve",RETAIL_EXCEPTION,loan_application_rejected_appeal,"I am sorry that your application was not approved. Decisions are based on factors such as income, existing debts, credit history and the value of the loan requested, and we can share the main reasons with you. You may ask for a review, especially if your circumstances have changed or if some information was missing. I will pass your request to a loans specialist who can explain the decision and suggest what may improve your chances next time. You can ask for a human agent at any time and I will arrange it."
"hello, what is the fastest way to send money to someone? i need this sorted today.",TRANSFER,make_transfer,"You can send money in a few steps. Open Transfers, choose Send Money and select an existing payee or add a new one. Type in the amount, check the details carefully because transfers to the wrong account can be hard to reverse, and approve with your security code. Instant methods arrive within minutes, while standard transfers can take up to one working day."
"good evening, help, the cash machine did not return my card.",ATM,recover_swallowed_card,"Please do not worry, this happens sometimes. First, block the card in the app as a precaution until you have it back. Then contact the branch that owns the ATM or call customer service, and we will check if the card was retained by the machine. If it can be recovered you may collect it with valid photo ID, otherwise we will issue a replacement card to you. If you need any further help, just let me know."
"excuse me, could u tell me the yearly charges on the card ending 3104",CARD,check_card_annual_fee,"Of course, happy to help. Annual fees vary by card, and many cards waive the fee after a certain level of yearly spending. Please check Fees and Charges for your card in the app to see your amount and the anniversary date. If you would like to ask about a waiver, customer service can review your eligibility."
"Hi team, I need to transfer money to another bank, what are the steps? Thank you",TRANSFER,make_transfer,"You can send money in a few steps. Open Transfers, choose Send Money and select an existing payee or add a new one. Type in the amount, check the details carefully because transfers to the wrong account can be hard to reverse, and approve with your security code. Instant methods arrive within minutes, while standard transfers can take up to one working day. If you need any further help, just let me know."
"Good evening, what happens to my mortgage application if I cancel it now? Thanks.",LOAN,cancel_mortgage,"I can help you withdraw the mortgage application. Please contact our mortgage team through the app or at a branch and confirm the application reference. If the valuation or legal work has already started, some third party fees might still apply. Once cancelled, you will receive written confirmation. I am here if you need anything else."
"Hello there, I want to cancel my debit card permanently. Not sure what to do.",CARD,cancel_card,I can guide you through cancelling your card. First check that there are no pending transactions or unpaid dues. Then submit a cancellation request through the app or by phone banking. You will get a confirmation message once the card is closed.
"Hello, could u tell me the yearly charges on the card ending 5376? I need this sorted today.",CARD,check_card_annual_fee,"Annual fees vary by card, and many cards waive the fee after a certain level of yearly spending. Please check Fees and Charges for your card in the app to see your amount and the anniversary date. If you would like to ask about a waiver, customer service can review your eligibility."
"Hi, I cannot log in to net banking, I dont remember my password. Please help.",PASSWORD,get_password,"You can recover access in a few steps. Select Forgot Password on the login screen, verify your identity with the one-time code sent to your registered number, and set a new password. If you no longer have access to that number, please visit a branch with your identification to update it."
Why is the currency conversion fee on my EUR 17 payment so high? Not sure what to do.,PAYMENT_EXCEPTION,currency_conversion_dispute,"I understand the surprise. The debited amount comes from the exchange rate at the time of settlement, plus any conversion charges, and the shop may also offer to charge in your home currency at their own rate. I can flag your transaction for review so a specialist can confirm whether the correct rate was applied. If anything changes in the meantime, please let us know straight away."
"Good evening, how do I shut down my account permanently? Please help.",ACCOUNT,close_account,"Absolutely, let me walk you through it. To close the account, make sure there are no pending transactions, linked cards or loans. Request closure through the app under Account Services or visit a branch. We will transfer any remaining balance to the account you nominate and confirm once the account is closed. Feel free to ask if you have any other questions."
"Hello, how can I withdraw my home loan request? Thanks.",LOAN,cancel_mortgage,"To cancel a mortgage application, send a withdrawal request with your application reference. Any costs already incurred for valuation or legal checks may not be refundable. We will confirm the cancellation in writing and close the file. Let me know if there is anything more I can do for you."
"Please waive the overdraft charges, they are unfair. I need this sorted today.",RETAIL_EXCEPTION,overdraft_fee_dispute,"Thanks for explaining. To review the fee, we need to see the order in which the deposit and the payments were processed. I will raise a request for the fee to be reviewed, and you will hear back with the outcome. In some cases, especially after a delayed salary, the fee can be waived. You can ask for a human agent at any time and I will arrange it."
"Hi team, my prepaid card does not work outside the country, how do I switch on overseas payments? Not sure what to do.",CARD,activate_card_international_usage,"Certainly, I can help with that. To use your card overseas, open Card Controls in the app and enable International Usage. It is a good idea to set a travel period and a daily limit. If you cannot use the app, phone banking can turn it on for you after verifying your identity."
"I need help. Pls cancel my pending transfer of 2,360 USD. Thank you.",TRANSFER,cancel_transfer,"Please act quickly. For transfers that have not been processed yet, use Cancel next to the transfer in your pending list. For completed transfers, raise a recall request from the same screen or through customer service, and keep the transaction reference handy. We will update you as soon as we hear back from the other bank. If you need any further help, just let me know."
"Hi team, I need help because I am struggling to repay my loan of INR 46,230. Please advise",RETAIL_EXCEPTION,loan_hardship_request,"I am sorry you are facing this, and I am glad you reached out early. We have options for customers in financial difficulty, such as a temporary payment holiday, a longer tenure with lower instalments, or restructuring, depending on your situation. I will pass your request to our customer support team, who will review your income and expenses and discuss what is possible. Please try to keep making any payments you can, and avoid ignoring reminders, as talking to us early gives you more choices."
"Hello, I need to visit a branch, can you help me find one? Not sure what to do.",FIND,find_branch,"Sure, here is how this works. To find a branch, enter your area or city in the Locator and choose Branches. Each listing shows the address, working hours and the services offered, such as loans or locker facilities. Most branches are open on weekdays and some are open on Saturday mornings."
"I just received my prepaid card in the mail, how can I start using it? I need this sorted today",CARD,activate_card,"Certainly, I can help with that. First, open the mobile app or net banking and go to the Cards section. Then select your prepaid card and choose Activate Card. You will receive a one-time code on your registered mobile number, so enter it to confirm. Once that is done, the card is active and ready to use straight away."
"hi, can i reapply after a rejection and what should i improve? pls advise.",RETAIL_EXCEPTION,loan_application_rejected_appeal,"I am sorry that your application was not approved. Decisions are based on factors such as income, existing debts, credit history and the value of the loan requested, and we can share the main reasons with you. You may ask for a review, especially if your circumstances have changed or if some information was missing. I will pass your request to a loans specialist who can explain the decision and suggest what may improve your chances next time. You can ask for a human agent at any time and I will arrange it."
"hi, i got a message that my password was changed and i did not do it. please help.",RETAIL_EXCEPTION,identity_theft_account_takeover,"I am very sorry, and I will treat this as urgent. To protect you, we should restrict access to your account and cards immediately, and I am escalating this to our fraud and security team now. Please do not use the same password anywhere else, avoid clicking links in unexpected messages, and keep a note of any suspicious messages or calls. A specialist will contact you on a verified number to restore your access and review the activity. We will keep you updated by message until this is resolved."
"Hi, I sent 1,340 dollars and it is not credited, but it was debited from my account. Thank you.",PAYMENT_EXCEPTION,transfer_pending_stuck,"Sorry for the delay. A transfer can stay pending if the receiving bank is slow, if the details do not match, or if the payment is under review. I have noted the delay and a specialist team will trace the payment. If it cannot be completed, the money is returned to your account. We will keep you updated by message until this is resolved."
Quick question: I lost my job and cant pay my business loan instalments. I need this sorted today,RETAIL_EXCEPTION,loan_hardship_request,"Thank you for being open about this. We treat hardship requests seriously and with respect. A specialist will contact you to understand your circumstances and explore ways to reduce the pressure, for example a payment break or revised repayment plan. They may ask for proof of the change in your income. Nothing is decided in this chat, but I will raise it as a priority. Please keep your reference number safe, and reply here if you need anything else."
"Hi, can I get a loan for GBP 472,160 over 24 months? Can you help me with this?",LOAN,apply_for_loan,"To apply for a loan, go to Loans in the app and select the type of loan you need. Enter the amount and tenure, upload the required documents and submit. Your eligibility is based on income, existing commitments and credit score, and you will see a decision and an offer once the review is complete. Let me know if there is anything more I can do for you."
Please help: my card got stuck in the machine last weekend. Please advise.,ATM,recover_swallowed_card,"I am sorry that the ATM kept your card. For your safety, I suggest blocking the card right away in the app. We will then arrange either collection from the ATM branch with identification or a replacement card sent to your address, usually within a few working days. Let me know if there is anything more I can do for you."
"Hi, is there a fee if my balance drops below the minimum? Thank you.",FEES,check_fees,"Of course, happy to help. I can help you understand the charges. Common fees include monthly maintenance, foreign transaction fees, ATM use outside our network and penalties for low balance. Your latest statement shows every fee that has been applied, and customer service can review any fee you believe was charged in error."
"i need to speak to support about my account, how do i reach you? please help.",CONTACT,customer_service,"Thanks for reaching out, I can guide you through this. You can reach customer service by phone banking, through secure chat in the mobile app, or by email through the Contact Us section. Phone and chat support are available round the clock for urgent matters such as blocking a card, and other requests are handled during business hours. Please keep your customer ID handy so we can help you faster."
"Hello, made a transfer to the wrong beneficiary, how do I recover the money? Can you help me with this?",PAYMENT_EXCEPTION,transfer_wrong_account,"I am sorry this happened. Please raise a wrong transfer request in the app or with customer service right away with the payment reference. We will ask the receiving bank to hold and return the funds, but they need the account holder consent, so the timing can vary. A specialist will follow up with you."
"Hi, I need to withdraw cash in Chennai, where can I find one of your ATMs? Thanks",FIND,find_ATM,"Thanks for reaching out, I can guide you through this. To locate an ATM, open the Locator in the app or on our website and search by city or landmark. Filters help you find machines that offer deposits, cheque drops or extended hours. Please remember that using an ATM outside our network may attract a fee. I am here if you need anything else."
"good morning, what happens if i cancel my platinum credit card, and how do i do it? thanks.",CARD,cancel_card,"To cancel a card, go to Cards in the mobile app, select your platinum credit card and choose Cancel Card, or contact customer service. Before we close it, please clear any outstanding balance and cancel recurring payments linked to the card. Once cancelled, the card cannot be used again, and you can request a new one later if you change your mind."
"Help, the cash machine did not return my card",ATM,recover_swallowed_card,"Please do not worry, this happens sometimes. First, block the card in the app as a precaution until you have it back. Then contact the branch that owns the ATM or call customer service, and we will check if the card was retained by the machine. If it can be recovered you may collect it with valid photo ID, otherwise we will issue a replacement card to you."
I need help. How do I file a formal complaint against the bank? Appreciate the help,RETAIL_EXCEPTION,formal_complaint_escalation,"I am sorry that your issue has not been resolved, and you have every right to escalate. I can register a formal complaint now, which will be given a reference number and reviewed by our complaints team, who will respond in writing within the time required. If you are not satisfied with the final response, you can take the matter to the external financial ombudsman. It helps if you share the dates and details of your previous contacts. If you would like, I can connect you with a human agent right now."
"Good evening, can I get a payment holiday on my loan for a few months? Please help",RETAIL_EXCEPTION,loan_hardship_request,"I am sorry you are facing this, and I am glad you reached out early. We have options for customers in financial difficulty, such as a temporary payment holiday, a longer tenure with lower instalments, or restructuring, depending on your situation. I will pass your request to our customer support team, who will review your income and expenses and discuss what is possible. Please try to keep making any payments you can, and avoid ignoring reminders, as talking to us early gives you more choices. Please keep your reference number safe, and reply here if you need anything else."
"Hey, we are buying our first home and need a mortgage, where do we start? Pls help",LOAN,apply_for_mortgage,"For a mortgage, the first step is to check how much you can borrow using the mortgage calculator in the app. Then submit an application with your identity, income and property details, and we will arrange a valuation of the property. After approval you receive a formal offer, and the funds are released to the seller once the legal formalities are complete. A deposit is usually needed, and the amount depends on the property value and your profile. Let me know if there is anything more I can do for you."
"Good evening, I lost my debit card and need to block it right now. Thanks.",CARD,block_card,"I am sorry to hear about this and I want to help sort it out. You can block the card immediately in the mobile app. Go to Cards, choose the card and tap Block Card, then pick Lost or Stolen as the reason. The card stops working straight away and any new transactions are declined. We will then help you order a replacement, which usually arrives in a few working days. I am here if you need anything else."
"excuse me, what are your support hours? thanks",CONTACT,customer_service,"Sure, here is how this works. There are several ways to contact us. The quickest is the chat option in the app, which is available all day. You can also call the number printed on the back of your card or on our website, or visit any branch during opening hours. Feel free to ask if you have any other questions."
"urgent: i have complained three times and nobody has solved my problem, i want to escalate.",RETAIL_EXCEPTION,formal_complaint_escalation,"I am sorry that your issue has not been resolved, and you have every right to escalate. I can register a formal complaint now, which will be given a reference number and reviewed by our complaints team, who will respond in writing within the time required. If you are not satisfied with the final response, you can take the matter to the external financial ombudsman. It helps if you share the dates and details of your previous contacts. Please keep your reference number safe, and reply here if you need anything else."
"Hi, when is my next student loan instalment due?",LOAN,check_loan_payments,"Thanks for reaching out, I can guide you through this. To check your loan payments, log in and open Loans, then choose the loan. You will see what you have paid so far, what is left, and the next due date. If you would like to pay extra to reduce the balance, there is an option to make a part payment on the same screen. Let me know if there is anything more I can do for you."
I need help. How do I shut down my account permanently? Not sure what to do.,ACCOUNT,close_account,"Absolutely, let me walk you through it. To close the account, make sure there are no pending transactions, linked cards or loans. Request closure through the app under Account Services or visit a branch. We will transfer any remaining balance to the account you nominate and confirm once the account is closed. Let me know if there is anything more I can do for you."
"the atm did not give me the full cash but the money was deducted, i withdrew eur 1,940. thanks.",ATM,dispute_ATM_withdrawal,"I will help you raise a dispute for the ATM withdrawal of EUR 1,940. Please go to Disputes in the app, select the transaction and choose ATM Cash Issue, then give the date, time and ATM location if you have them. We will investigate with the ATM operator and most cases are reviewed within a few working days. If the ATM did not dispense the cash, the amount is usually credited back to your account."
Urgent: can I see my last transactions? Thank you,ACCOUNT,check_recent_transactions,"To review your recent activity, log in and choose the account, then select Recent Transactions. Pending items are shown separately from completed ones. If something looks unfamiliar, tap it to see the details and report it directly from that screen."
"Hi team, how do I close the account of a deceased family member? Thanks.",RETAIL_EXCEPTION,deceased_account_holder,"I am very sorry for your loss. Please take your time, and we will make this as simple as we can. To begin, please inform us of the death by contacting our bereavement team, who will guide you personally. You will usually need a copy of the death certificate, your own identification and proof of your relationship, and if you are the nominee, the nomination details. Because this involves legal steps, a specialist will handle your request and explain the timeline. If you would like, I can connect you with a human agent right now."
"What happens if I cancel my travel card, and how do I do it?",CARD,cancel_card,"Absolutely, let me walk you through it. To cancel a card, go to Cards in the mobile app, select your travel card and choose Cancel Card, or contact customer service. Before we close it, please clear any outstanding balance and cancel recurring payments linked to the card. Once cancelled, the card cannot be used again, and you can request a new one later if you change your mind. Please reach out again if anything is unclear."
"Hi team, card not working in Bangalore, I tried it last month and it failed, I have no other way to pay.",PAYMENT_EXCEPTION,card_declined_while_travelling,"Sorry about the inconvenience, especially while you are travelling. Please check that international transactions are enabled and that you have not reached your daily limit. Because this is urgent, I recommend calling the emergency line on the back of the card, where an agent can verify you and remove any block. Emergency cash or a replacement card can be arranged if needed. If anything changes in the meantime, please let us know straight away."
"Hi, I cannot make any transactions, the bank says KYC is pending. Please advise",RETAIL_EXCEPTION,account_frozen_kyc,"I understand how stressful it is to have an account restricted. Accounts are sometimes frozen when identity documents are missing or expired, or when a compliance review is needed. I cannot lift a restriction from this chat, but I can raise a priority request with our account services team. Please keep your photo ID, proof of address and recent photograph ready, and a specialist will contact you with the exact documents required. You can ask for a human agent at any time and I will arrange it."
"Urgent: there are transactions of INR 365 on my card that I never made, I think my card was hacked.",PAYMENT_EXCEPTION,card_fraud_unauthorized_transaction,"Thank you for reporting this quickly. Your card should be blocked immediately to prevent more misuse, and the disputed transactions will be flagged for our fraud team. They will review the details, and where a transaction is confirmed as fraudulent the amount is normally returned to your account after the investigation. A specialist will reach out to collect a few more details. If anything changes in the meantime, please let us know straight away."
i want to talk to a real person. not sure what to do.,CONTACT,human_agent,"Of course. I will connect you with a human agent now. Please stay in this chat, and it helps if you briefly describe your issue so the agent can pick up straight away. Waiting times can vary, and if it is not urgent you can also request a call back at a time that suits you."
"Hi team, what is the available balance on my platinum credit card",CARD,check_current_balance_on_card,"Certainly, I can help with that. You can see your card balance in the mobile app under Cards. Select your platinum credit card to view the available limit, the outstanding amount and the payment due date. You can also get a quick balance by sending a text message from your registered number or by calling phone banking."
"Excuse me, I cancelled an order with Swiggy and the credit has not shown on my card. Any idea what to do",PAYMENT_EXCEPTION,refund_not_received,"Thank you for the details. A refund can take some time after the merchant approves it. If it has been more than ten working days, please send us the refund confirmation from the merchant. We will trace the credit and follow up with the merchant bank on your behalf."
I lost my card and passport in Mumbai and I have no cash,PAYMENT_EXCEPTION,lost_card_abroad_emergency,"I am sorry to hear that, and please make sure you are safe first. Block your cards immediately in the app, or call our 24 hour emergency line if you cannot log in. We can arrange an emergency replacement card or emergency cash in Mumbai, and our agent will verify your identity and guide you on the fastest option. I suggest reporting the theft to the local police as well, since some claims need a report. We will keep you updated by message until this is resolved."
"Quick question: what is the process to get a mortgage for a house worth INR 275,810",LOAN,apply_for_mortgage,"Applying for a home loan involves a few stages: an initial eligibility check, document submission, property valuation, formal approval and legal completion. A mortgage adviser can guide you at each stage. You can begin by booking a call from the Loans section of the app. Let me know if there is anything more I can do for you."
"Hi team, can I cancel my loan after it was approved but before receiving the money? Can you help me with this",LOAN,cancel_loan,"To cancel a loan application, tell us which application you mean and we will stop the process. Before disbursal there is normally no cost. After disbursal, the loan must be closed by repaying the outstanding amount, and we will give you the exact figure and any applicable charges."
"Hi team, name mismatch is blocking my loan, how do I correct it in your records? Thanks.",RETAIL_EXCEPTION,legal_name_change,"To change your name in our records, we need proof of the legal name change, such as a marriage certificate, a gazette notification or a deed poll, together with your identification. Please upload the documents in the app under Profile or visit a branch, and we will update your accounts and cards. Because this affects several products, the update may take a few working days, and we will notify you when it is complete. You can ask for a human agent at any time and I will arrange it."
"hey, can i cancel a scheduled transfer for next week? please help",TRANSFER,cancel_transfer,"Thanks for reaching out, I can guide you through this. Please act quickly. For transfers that have not been processed yet, use Cancel next to the transfer in your pending list. For completed transfers, raise a recall request from the same screen or through customer service, and keep the transaction reference handy. We will update you as soon as we hear back from the other bank. Please reach out again if anything is unclear."
Can I cancel a scheduled transfer for next week? Thank you.,TRANSFER,cancel_transfer,"Absolutely, let me walk you through it. Please act quickly. For transfers that have not been processed yet, use Cancel next to the transfer in your pending list. For completed transfers, raise a recall request from the same screen or through customer service, and keep the transaction reference handy. We will update you as soon as we hear back from the other bank."
"hello, where do i activate the prepaid card i got last week? i need this sorted today.",CARD,activate_card,"You can activate your card in two easy ways. In the mobile app, go to Cards, pick your card, and tap Activate. If you prefer, call the phone banking number printed on the back of the card and follow the voice prompts. After verification your card will be active within a few minutes. I am here if you need anything else."
"Excuse me, we are separating and I want to stop my partner from withdrawing from our joint account. Thank you",RETAIL_EXCEPTION,joint_account_dispute,"Thank you for explaining. Changing the operating instruction on a joint account depends on the mandate, and sometimes a court order is needed. Our specialist team can review the account terms with you and tell you what can be done, such as requiring both signatures for withdrawals. I will connect you with them. If you would like, I can connect you with a human agent right now."
"Hi team, can I reapply after a rejection and what should I improve? Can you help me with this?",RETAIL_EXCEPTION,loan_application_rejected_appeal,"I am sorry that your application was not approved. Decisions are based on factors such as income, existing debts, credit history and the value of the loan requested, and we can share the main reasons with you. You may ask for a review, especially if your circumstances have changed or if some information was missing. I will pass your request to a loans specialist who can explain the decision and suggest what may improve your chances next time. We will keep you updated by message until this is resolved."
"Hello, someone may have my card details, how can I block the card immediately",CARD,block_card,"To protect your money, block the card first. Use the app under Cards and Block, or call the 24 hour phone banking line and ask for an immediate block. Once blocked, please review your recent transactions and tell us about any you do not recognise so we can look into them."
"Excuse me, how can I withdraw my home loan request? Please advise.",LOAN,cancel_mortgage,"I can help you withdraw the mortgage application. Please contact our mortgage team through the app or at a branch and confirm the application reference. If the valuation or legal work has already started, some third party fees might still apply. Once cancelled, you will receive written confirmation. Please reach out again if anything is unclear."
"Urgent: help, the cash machine did not return my card. Thank you.",ATM,recover_swallowed_card,"Please do not worry, this happens sometimes. First, block the card in the app as a precaution until you have it back. Then contact the branch that owns the ATM or call customer service, and we will check if the card was retained by the machine. If it can be recovered you may collect it with valid photo ID, otherwise we will issue a replacement card to you. Please reach out again if anything is unclear."
Urgent: I was charged more than expected because of the exchange rate on my purchase in Berlin,PAYMENT_EXCEPTION,currency_conversion_dispute,"I understand the surprise. The debited amount comes from the exchange rate at the time of settlement, plus any conversion charges, and the shop may also offer to charge in your home currency at their own rate. I can flag your transaction for review so a specialist can confirm whether the correct rate was applied. You can ask for a human agent at any time and I will arrange it."
Pls help: pls cancel the loan I applied for earlier today. Pls advise,LOAN,cancel_loan,"Thanks for reaching out, I can guide you through this. To cancel a loan application, tell us which application you mean and we will stop the process. Before disbursal there is normally no cost. After disbursal, the loan must be closed by repaying the outstanding amount, and we will give you the exact figure and any applicable charges."
"excuse me, can i cancel my loan after it was approved but before receiving the money? please help.",LOAN,cancel_loan,"To cancel a loan application, tell us which application you mean and we will stop the process. Before disbursal there is normally no cost. After disbursal, the loan must be closed by repaying the outstanding amount, and we will give you the exact figure and any applicable charges. I am here if you need anything else."
Urgent: can I see my loan repayment schedule? Not sure what to do.,LOAN,check_loan_payments,"To check your loan payments, log in and open Loans, then choose the loan. You will see what you have paid so far, what is left, and the next due date. If you would like to pay extra to reduce the balance, there is an option to make a part payment on the same screen."
"Hey, my travel card does not work outside the country, how do I switch on overseas payments? Thanks.",CARD,activate_card_international_usage,"To use your card overseas, open Card Controls in the app and enable International Usage. It is a good idea to set a travel period and a daily limit. If you cannot use the app, phone banking can turn it on for you after verifying your identity. If you need any further help, just let me know."
I want a written response to my complaint about salary account charges. Thanks.,RETAIL_EXCEPTION,formal_complaint_escalation,"I am sorry that your issue has not been resolved, and you have every right to escalate. I can register a formal complaint now, which will be given a reference number and reviewed by our complaints team, who will respond in writing within the time required. If you are not satisfied with the final response, you can take the matter to the external financial ombudsman. It helps if you share the dates and details of your previous contacts. Please keep your reference number safe, and reply here if you need anything else."
"Hi team, why was I charged a fee of 1,270 dollars this month?",FEES,check_fees,"I can help you understand the charges. Common fees include monthly maintenance, foreign transaction fees, ATM use outside our network and penalties for low balance. Your latest statement shows every fee that has been applied, and customer service can review any fee you believe was charged in error. If you need any further help, just let me know."
I want to cancel my car loan application. Any idea what to do?,LOAN,cancel_loan,"Certainly, I can help with that. To cancel a loan application, tell us which application you mean and we will stop the process. Before disbursal there is normally no cost. After disbursal, the loan must be closed by repaying the outstanding amount, and we will give you the exact figure and any applicable charges. Please reach out again if anything is unclear."
"Hi team, can I cancel my loan after it was approved but before receiving the money? Please advise.",LOAN,cancel_loan,"Thanks for reaching out, I can guide you through this. To cancel a loan application, tell us which application you mean and we will stop the process. Before disbursal there is normally no cost. After disbursal, the loan must be closed by repaying the outstanding amount, and we will give you the exact figure and any applicable charges. I am here if you need anything else."
"Hello there, can I cancel my loan after it was approved but before receiving the money? Not sure what to do.",LOAN,cancel_loan,"Thanks for reaching out, I can guide you through this. To cancel a loan application, tell us which application you mean and we will stop the process. Before disbursal there is normally no cost. After disbursal, the loan must be closed by repaying the outstanding amount, and we will give you the exact figure and any applicable charges. I am here if you need anything else."
I need help. The ATM kept my debit card and I cannot get it back. Thank you.,ATM,recover_swallowed_card,"I am sorry that the ATM kept your card. For your safety, I suggest blocking the card right away in the app. We will then arrange either collection from the ATM branch with identification or a replacement card sent to your address, usually within a few working days. Please reach out again if anything is unclear."
"Hi, I need to withdraw cash in Pune, where can I find one of your ATMs? Please help.",FIND,find_ATM,"Of course, happy to help. To locate an ATM, open the Locator in the app or on our website and search by city or landmark. Filters help you find machines that offer deposits, cheque drops or extended hours. Please remember that using an ATM outside our network may attract a fee. If you need any further help, just let me know."
"Hello, where is the nearest ATM? I need this sorted today",FIND,find_ATM,"Of course, happy to help. To locate an ATM, open the Locator in the app or on our website and search by city or landmark. Filters help you find machines that offer deposits, cheque drops or extended hours. Please remember that using an ATM outside our network may attract a fee. Feel free to ask if you have any other questions."
"hi team, please tell me the current balance on the card ending 2508. any idea what to do?",CARD,check_current_balance_on_card,"Of course, happy to help. To check your balance, log in to net banking or the app and open Cards. The card summary shows your current balance, available credit and the last statement amount. Balances update in near real time, but very recent transactions can take a short while to appear. Let me know if there is anything more I can do for you."
Please help: how long will my transfer stay pending? It has been 4 days.,PAYMENT_EXCEPTION,transfer_pending_stuck,"I understand how worrying it is when a payment is delayed. Most transfers complete within one working day, but some can be held for security checks or because of details that need correcting. Please check the transaction status and reference number in the app. Since it has been 4 days, I will raise this as a payment investigation so a specialist can trace the payment with the receiving bank and update you."
"hello, what is the remaining balance on my mortgage? appreciate the help",LOAN,check_mortgage_payments,"Your mortgage details are available under Loans. There you can view the payment amount, upcoming due dates, the balance still owed and a summary of interest paid. If your payment changes because of a rate change, we will notify you in advance. If you need any further help, just let me know."
Urgent: where can I download my statement for the last 7 days? Please help,ACCOUNT,check_recent_transactions,"To review your recent activity, log in and choose the account, then select Recent Transactions. Pending items are shown separately from completed ones. If something looks unfamiliar, tap it to see the details and report it directly from that screen. Feel free to ask if you have any other questions."
quick question: cancel my savings account and send me the balance. i need this sorted today,ACCOUNT,close_account,"Of course, happy to help. To close the account, make sure there are no pending transactions, linked cards or loans. Request closure through the app under Account Services or visit a branch. We will transfer any remaining balance to the account you nominate and confirm once the account is closed."
"Hi team, I need to visit a branch, can you help me find one? Thanks.",FIND,find_branch,"Thanks for reaching out, I can guide you through this. To find a branch, enter your area or city in the Locator and choose Branches. Each listing shows the address, working hours and the services offered, such as loans or locker facilities. Most branches are open on weekdays and some are open on Saturday mornings."
"Urgent: I am elderly and find the app very hard to use, can someone help me with my banking? Please advise.",RETAIL_EXCEPTION,vulnerable_customer_support,"Thank you for telling us, and please know that we are here to help in a way that works for you. We offer support such as large print or audio statements, assisted banking at branches, a dedicated helpline with priority handling and, in some areas, home visits. If you are worried about a suspicious call, please do not share any codes or personal details, and we will help you check it. I will connect you with our customer care specialists to set up the support you need. You can ask for a human agent at any time and I will arrange it."
"My wire transfer has been under review for 4 days, I need the money urgently. Any idea what to do?",PAYMENT_EXCEPTION,international_transfer_compliance_hold,"Thank you for your patience. Some cross border payments are checked before release, and I am not able to share the specific reason for a review. Please keep supporting documents ready. I am escalating your transfer to a specialist team, who will tell you what is required and the expected timing. If you would like, I can connect you with a human agent right now."
I was charged more than expected because of the exchange rate on my purchase in Bangkok. I need this sorted today.,PAYMENT_EXCEPTION,currency_conversion_dispute,"I understand the surprise. The debited amount comes from the exchange rate at the time of settlement, plus any conversion charges, and the shop may also offer to charge in your home currency at their own rate. I can flag your transaction for review so a specialist can confirm whether the correct rate was applied. You can ask for a human agent at any time and I will arrange it."
I need help. What are the opening hours of the branch near the main market? Any idea what to do?,FIND,find_branch,"You can find branches using the Locator in the app or on our website. Search by city or a landmark like the main market, and you will see the address, opening hours and services available at each branch. Many branches allow you to book an appointment in advance, which reduces waiting time."
I need help. How do I stop a subscription that I cancelled but still gets billed INR 798?,PAYMENT_EXCEPTION,recurring_payment_unauthorized,"Sorry about the trouble. We can block future payments to the merchant on your card, and I can start a dispute for charges you did not authorise. Please share the dates and the amounts of the payments and any cancellation emails you have. A specialist will review whether the money can be recovered. We will keep you updated by message until this is resolved."
"hello there, i want to check if the payment i made last month has gone through. not sure what to do.",ACCOUNT,check_recent_transactions,"To review your recent activity, log in and choose the account, then select Recent Transactions. Pending items are shown separately from completed ones. If something looks unfamiliar, tap it to see the details and report it directly from that screen. If you need any further help, just let me know."
"hello there, the other holder of my joint salary account is not cooperating, what are my options? thank you.",RETAIL_EXCEPTION,joint_account_dispute,"I am sorry you are going through this. Joint accounts are governed by the mandate that was agreed when they were opened, and changes such as removing a holder or freezing the account usually need the consent of all holders, or a legal instruction. I can arrange for a specialist to explain your options and what proof would be required. Please keep in mind that we cannot take sides, and for serious disputes it can help to seek legal advice. You can ask for a human agent at any time and I will arrange it."
"urgent: i want to open a new account, what documents are required?",ACCOUNT,create_account,"Of course, happy to help. To start, choose the type of account that suits you, then fill in the application form online. You will need identity and address documents, and you may complete a short video verification. Once approved, your account details arrive by message and email, and your debit card is sent to your address. I am here if you need anything else."
"Quick question: I was charged an overdraft fee of GBP 1,350 even though I had funds",RETAIL_EXCEPTION,overdraft_fee_dispute,"I understand your concern, and I will help you look into it. Overdraft fees can arise when a payment goes through before a deposit is credited, or when the balance goes below the agreed limit. Please check the dates on your statement for the fee of GBP 1,350. If you feel it was applied unfairly, we can review it as a goodwill request or a complaint, and a specialist will assess your account history. We will keep you updated by message until this is resolved."
"i need to visit a branch, can you help me find one? thank you",FIND,find_branch,"Sure, here is how this works. To find a branch, enter your area or city in the Locator and choose Branches. Each listing shows the address, working hours and the services offered, such as loans or locker facilities. Most branches are open on weekdays and some are open on Saturday mornings."
Can I cancel my loan after it was approved but before receiving the money? Please advise,LOAN,cancel_loan,"To cancel a loan application, tell us which application you mean and we will stop the process. Before disbursal there is normally no cost. After disbursal, the loan must be closed by repaying the outstanding amount, and we will give you the exact figure and any applicable charges. I am here if you need anything else."
"Good morning, I am going to Pune soon. Can you turn on international usage for my card? Please advise",CARD,activate_card_international_usage,"To use your card overseas, open Card Controls in the app and enable International Usage. It is a good idea to set a travel period and a daily limit. If you cannot use the app, phone banking can turn it on for you after verifying your identity. If you need any further help, just let me know."
"I need to withdraw cash in Toronto, where can I find one of your ATMs? Can you help me with this?",FIND,find_ATM,"Sure, here is how this works. To locate an ATM, open the Locator in the app or on our website and search by city or landmark. Filters help you find machines that offer deposits, cheque drops or extended hours. Please remember that using an ATM outside our network may attract a fee. I am here if you need anything else."
"I need help. We decided not to buy the house, how do I cancel the mortgage? Any idea what to do",LOAN,cancel_mortgage,"To cancel a mortgage application, send a withdrawal request with your application reference. Any costs already incurred for valuation or legal checks may not be refundable. We will confirm the cancellation in writing and close the file. Let me know if there is anything more I can do for you."
"hello there, what is the annual fee for my credit card? i need this sorted today.",CARD,check_card_annual_fee,"The annual fee depends on the type of card you hold. You can see the exact amount for your credit card in the app under Cards and Card Details, and it is also listed in your welcome kit. The fee is normally charged once a year on the card anniversary date. Some cards offer a waiver if you reach a yearly spending target. If you need any further help, just let me know."
"Good morning, I paid GBP 2,770 once but the money left my account twice yesterday. Please advise.",PAYMENT_EXCEPTION,duplicate_charge,"Thanks for letting us know. Please keep proof of your purchase and, if possible, the merchant receipt. We will open a dispute for the duplicate payment, and a specialist will review it with the merchant. Refunds usually take several working days once the duplicate is confirmed."
"I need help. I would like to stop my card, it has an annual fee I do not want to pay. Thanks.",CARD,cancel_card,"Thanks for reaching out, I can guide you through this. I can guide you through cancelling your card. First check that there are no pending transactions or unpaid dues. Then submit a cancellation request through the app or by phone banking. You will get a confirmation message once the card is closed. Let me know if there is anything more I can do for you."
"good morning, how can i check how much credit i have left on my card",CARD,check_current_balance_on_card,"To check your balance, log in to net banking or the app and open Cards. The card summary shows your current balance, available credit and the last statement amount. Balances update in near real time, but very recent transactions can take a short while to appear."
"Good evening, how can I close my credit card? I no longer use it. Can you help me with this",CARD,cancel_card,"Thanks for reaching out, I can guide you through this. I can guide you through cancelling your card. First check that there are no pending transactions or unpaid dues. Then submit a cancellation request through the app or by phone banking. You will get a confirmation message once the card is closed. I am here if you need anything else."
"Good morning, I received an alert for EUR 2,380 at Steam while my card was in my wallet. Appreciate the help",PAYMENT_EXCEPTION,card_fraud_unauthorized_transaction,"I am very sorry this has happened, and I will treat it as urgent. First, block your card in the app so no further charges can be made. Then please tell us which transactions you do not recognise, including the EUR 2,380 at Steam, so we can raise a fraud claim. Our fraud team will investigate, may issue a replacement card, and will contact you with updates. Please do not share any codes or card details with anyone claiming to be from the bank. You can ask for a human agent at any time and I will arrange it."
I need help. Can I see my loan repayment schedule? Not sure what to do.,LOAN,check_loan_payments,"To check your loan payments, log in and open Loans, then choose the loan. You will see what you have paid so far, what is left, and the next due date. If you would like to pay extra to reduce the balance, there is an option to make a part payment on the same screen. I am here if you need anything else."
Please help: please escalate my complaint to a senior manager.,RETAIL_EXCEPTION,formal_complaint_escalation,"I am sorry that your issue has not been resolved, and you have every right to escalate. I can register a formal complaint now, which will be given a reference number and reviewed by our complaints team, who will respond in writing within the time required. If you are not satisfied with the final response, you can take the matter to the external financial ombudsman. It helps if you share the dates and details of your previous contacts. We will keep you updated by message until this is resolved."
"Made a transfer to the wrong beneficiary, how do I recover the money? Can you help me with this?",PAYMENT_EXCEPTION,transfer_wrong_account,"I am sorry this happened. Please raise a wrong transfer request in the app or with customer service right away with the payment reference. We will ask the receiving bank to hold and return the funds, but they need the account holder consent, so the timing can vary. A specialist will follow up with you. You can ask for a human agent at any time and I will arrange it."
"hey, my brother died and i am the nominee on his account, what should i do",RETAIL_EXCEPTION,deceased_account_holder,"My condolences to you and your family. Accounts of a deceased customer are handled by a dedicated team with care. Please share the death certificate and your identification, and they will explain how the balance is released to the nominee or legal heir and how the account is closed. I will connect you with them, so you do not have to repeat yourself. You can ask for a human agent at any time and I will arrange it."
Quick question: what are the rules for choosing a password? Any idea what to do?,PASSWORD,set_up_password,"New customers can create a password using the First Time Login option. Enter your customer ID, verify with a one-time code, then choose a password that meets the rules shown on screen. Please do not share it with anyone, including bank staff. I am here if you need anything else."
"quick question: help, the cash machine did not return my card. please advise.",ATM,recover_swallowed_card,"Please do not worry, this happens sometimes. First, block the card in the app as a precaution until you have it back. Then contact the branch that owns the ATM or call customer service, and we will check if the card was retained by the machine. If it can be recovered you may collect it with valid photo ID, otherwise we will issue a replacement card to you. Let me know if there is anything more I can do for you."
"excuse me, i do not want a bot, please connect me to an advisor.",CONTACT,human_agent,"Certainly, I can arrange for one of our advisors to help you. I am transferring you now, and I will share the details of our conversation so you do not need to repeat yourself. If the queue is long, you can choose to receive a call back instead. Please reach out again if anything is unclear."
"Hi team, how do I open a salary account? I need this sorted today",ACCOUNT,create_account,"Opening a salary account is simple. You can apply online or at a branch by providing a valid photo ID, proof of address and a recent photograph. After we verify your details, the account is created and you will receive your account number and access to the app. Some accounts require a small opening deposit. I am here if you need anything else."
Quick question: can I see my last transactions? Not sure what to do.,ACCOUNT,check_recent_transactions,"To review your recent activity, log in and choose the account, then select Recent Transactions. Pending items are shown separately from completed ones. If something looks unfamiliar, tap it to see the details and report it directly from that screen. Let me know if there is anything more I can do for you."
Please help: can I cancel my loan after it was approved but before receiving the money? Thanks.,LOAN,cancel_loan,"Absolutely, let me walk you through it. To cancel a loan application, tell us which application you mean and we will stop the process. Before disbursal there is normally no cost. After disbursal, the loan must be closed by repaying the outstanding amount, and we will give you the exact figure and any applicable charges. Feel free to ask if you have any other questions."
The amount debited does not match the price I saw abroad,PAYMENT_EXCEPTION,currency_conversion_dispute,"I understand the surprise. The debited amount comes from the exchange rate at the time of settlement, plus any conversion charges, and the shop may also offer to charge in your home currency at their own rate. I can flag your transaction for review so a specialist can confirm whether the correct rate was applied. We will keep you updated by message until this is resolved."
I was charged more than expected because of the exchange rate on my purchase in Mumbai. Thank you.,PAYMENT_EXCEPTION,currency_conversion_dispute,"Thanks for raising this. When you pay in a foreign currency, the amount is converted at the network exchange rate on the day the transaction is settled, and a foreign currency fee may also apply, so the final figure can differ from what you saw at the shop. Please check the transaction details in the app for the rate and fee that were used. If you believe the amount is wrong, we can raise a query and a specialist will review it. You can ask for a human agent at any time and I will arrange it."
"Hey, my card went missing last weekend, block it asap. Appreciate the help.",CARD,block_card,"You can block the card immediately in the mobile app. Go to Cards, choose the card and tap Block Card, then pick Lost or Stolen as the reason. The card stops working straight away and any new transactions are declined. We will then help you order a replacement, which usually arrives in a few working days."
"I need help because I am struggling to repay my loan of $251,240. Thank you.",RETAIL_EXCEPTION,loan_hardship_request,"Thank you for being open about this. We treat hardship requests seriously and with respect. A specialist will contact you to understand your circumstances and explore ways to reduce the pressure, for example a payment break or revised repayment plan. They may ask for proof of the change in your income. Nothing is decided in this chat, but I will raise it as a priority. If you would like, I can connect you with a human agent right now."
Urgent: the ATM kept my travel card and I cannot get it back,ATM,recover_swallowed_card,"I am sorry that the ATM kept your card. For your safety, I suggest blocking the card right away in the app. We will then arrange either collection from the ATM branch with identification or a replacement card sent to your address, usually within a few working days. I am here if you need anything else."
"Hello, we fell 6 weeks behind on the mortgage, what can we do? Not sure what to do.",RETAIL_EXCEPTION,mortgage_arrears_support,"Thank you for reaching out. Falling behind on a mortgage is stressful, and there are steps we can explore together. A mortgage support specialist will review your account, your income and expenses, and discuss a plan that suits you. I am raising this as urgent so they contact you soon. You can ask for a human agent at any time and I will arrange it."
Urgent: can I get someone to visit me at home for banking services? I need this sorted today.,RETAIL_EXCEPTION,vulnerable_customer_support,"Thank you for telling us, and please know that we are here to help in a way that works for you. We offer support such as large print or audio statements, assisted banking at branches, a dedicated helpline with priority handling and, in some areas, home visits. If you are worried about a suspicious call, please do not share any codes or personal details, and we will help you check it. I will connect you with our customer care specialists to set up the support you need. Please keep your reference number safe, and reply here if you need anything else."
"hello there, i just received my credit card in the mail, how can i start using it",CARD,activate_card,"First, open the mobile app or net banking and go to the Cards section. Then select your credit card and choose Activate Card. You will receive a one-time code on your registered mobile number, so enter it to confirm. Once that is done, the card is active and ready to use straight away."
"i need to withdraw cash in singapore, where can i find one of your atms? thanks.",FIND,find_ATM,"To locate an ATM, open the Locator in the app or on our website and search by city or landmark. Filters help you find machines that offer deposits, cheque drops or extended hours. Please remember that using an ATM outside our network may attract a fee. Please reach out again if anything is unclear."
Is there a branch in Dubai? I need this sorted today.,FIND,find_branch,"To find a branch, enter your area or city in the Locator and choose Branches. Each listing shows the address, working hours and the services offered, such as loans or locker facilities. Most branches are open on weekdays and some are open on Saturday mornings. If you need any further help, just let me know."
"Excuse me, how do I stop a transfer I made this morning? Thank you.",TRANSFER,cancel_transfer,"Please act quickly. For transfers that have not been processed yet, use Cancel next to the transfer in your pending list. For completed transfers, raise a recall request from the same screen or through customer service, and keep the transaction reference handy. We will update you as soon as we hear back from the other bank. If you need any further help, just let me know."
"there is an atm transaction i do not recognise for $2,250, how do i raise a dispute? thank you.",ATM,dispute_ATM_withdrawal,"Sorry about the trouble with the ATM. Please keep the receipt if you have one and raise a dispute through the app or by calling customer service. We will check the ATM records for the withdrawal and update you by message. If the money is confirmed as not dispensed, it will be returned to your account. I am here if you need anything else."
Urgent: I need extra help managing my money after my illness.,RETAIL_EXCEPTION,vulnerable_customer_support,"Thank you for telling us, and please know that we are here to help in a way that works for you. We offer support such as large print or audio statements, assisted banking at branches, a dedicated helpline with priority handling and, in some areas, home visits. If you are worried about a suspicious call, please do not share any codes or personal details, and we will help you check it. I will connect you with our customer care specialists to set up the support you need. If you would like, I can connect you with a human agent right now."
"Excuse me, my mother is unwell and I need to manage her account, how does power of attorney work? I need this sorted today",RETAIL_EXCEPTION,power_of_attorney_request,"I am sorry to hear that. Managing another person's account requires a valid legal authority, such as a registered power of attorney, and we need to verify it before giving access. Please prepare the original or certified copy of the document, your identification and the account holder details. A specialist will check the paperwork and explain what your authority allows, and I will arrange for them to contact you. If anything changes in the meantime, please let us know straight away."
"excuse me, made a transfer to the wrong beneficiary, how do i recover the money? please advise.",PAYMENT_EXCEPTION,transfer_wrong_account,"I am sorry this happened. Please raise a wrong transfer request in the app or with customer service right away with the payment reference. We will ask the receiving bank to hold and return the funds, but they need the account holder consent, so the timing can vary. A specialist will follow up with you. You can ask for a human agent at any time and I will arrange it."
"Good morning, I just received my debit card in the mail, how can I start using it? Thank you.",CARD,activate_card,"You can activate your card in two easy ways. In the mobile app, go to Cards, pick your card, and tap Activate. If you prefer, call the phone banking number printed on the back of the card and follow the voice prompts. After verification your card will be active within a few minutes. Feel free to ask if you have any other questions."
"Excuse me, how do I view what I spent this week? Not sure what to do.",ACCOUNT,check_recent_transactions,"To review your recent activity, log in and choose the account, then select Recent Transactions. Pending items are shown separately from completed ones. If something looks unfamiliar, tap it to see the details and report it directly from that screen."
"Good morning, the same payment of INR 457 shows up two times on my statement. Appreciate the help.",PAYMENT_EXCEPTION,duplicate_charge,"Thanks for letting us know. Please keep proof of your purchase and, if possible, the merchant receipt. We will open a dispute for the duplicate payment, and a specialist will review it with the merchant. Refunds usually take several working days once the duplicate is confirmed. You can ask for a human agent at any time and I will arrange it."
urgent: how can i close my credit card? i no longer use it. any idea what to do?,CARD,cancel_card,I can guide you through cancelling your card. First check that there are no pending transactions or unpaid dues. Then submit a cancellation request through the app or by phone banking. You will get a confirmation message once the card is closed.
"Please help: I never received the goods I paid 2,460 USD for on Netflix, I want a chargeback. Not sure what to do.",PAYMENT_EXCEPTION,chargeback_request,"I am sorry about your experience. You can ask for a chargeback when goods or services were not delivered or were not as described. Please raise a dispute in the app for the 2,460 USD payment to Netflix, and attach evidence such as the order confirmation, messages with the seller and photographs if relevant. We will review your case, contact the merchant, and update you on the outcome. We will keep you updated by message until this is resolved."
I need help. How can I reset my forgotten mobile banking password? Thank you.,PASSWORD,get_password,"I am sorry you are locked out. On the login page, tap Forgot Password and enter your customer ID. We will send a one-time code to your registered mobile number, and after you enter it you can choose a new password. For security reasons we can never tell you your old password."
Pls help: could u tell me the yearly charges on the card ending 0577?,CARD,check_card_annual_fee,"Annual fees vary by card, and many cards waive the fee after a certain level of yearly spending. Please check Fees and Charges for your card in the app to see your amount and the anniversary date. If you would like to ask about a waiver, customer service can review your eligibility. If you need any further help, just let me know."
"My loan application for 369,880 USD was rejected and I do not understand why.",RETAIL_EXCEPTION,loan_application_rejected_appeal,"I am sorry that your application was not approved. Decisions are based on factors such as income, existing debts, credit history and the value of the loan requested, and we can share the main reasons with you. You may ask for a review, especially if your circumstances have changed or if some information was missing. I will pass your request to a loans specialist who can explain the decision and suggest what may improve your chances next time. If you would like, I can connect you with a human agent right now."
"Hi team, there is an ATM transaction I do not recognise for 1,510 dollars, how do I raise a dispute? Appreciate the help.",ATM,dispute_ATM_withdrawal,"Sorry about the trouble with the ATM. Please keep the receipt if you have one and raise a dispute through the app or by calling customer service. We will check the ATM records for the withdrawal and update you by message. If the money is confirmed as not dispensed, it will be returned to your account."
Quick question: how can I avoid repossession of my house? Appreciate the help.,RETAIL_EXCEPTION,mortgage_arrears_support,"I understand how worrying this is, and I want you to know that help is available. Please do not ignore the notice, because early contact gives us more options such as revising the payment plan, extending the term or a temporary arrangement. I will connect you with our specialist mortgage support team, who can go through the details with you in confidence. It is also worth getting free independent money advice alongside speaking to us. If you would like, I can connect you with a human agent right now."
"good evening, what is the process to get a mortgage for a house worth $117,460",LOAN,apply_for_mortgage,"Applying for a home loan involves a few stages: an initial eligibility check, document submission, property valuation, formal approval and legal completion. A mortgage adviser can guide you at each stage. You can begin by booking a call from the Loans section of the app. Let me know if there is anything more I can do for you."
I need help. I need to inform the bank about the death of my husband and settle his accounts. Thanks,RETAIL_EXCEPTION,deceased_account_holder,"My condolences to you and your family. Accounts of a deceased customer are handled by a dedicated team with care. Please share the death certificate and your identification, and they will explain how the balance is released to the nominee or legal heir and how the account is closed. I will connect you with them, so you do not have to repeat yourself. If anything changes in the meantime, please let us know straight away."
"good morning, how can i reset my forgotten mobile banking password? please help.",PASSWORD,get_password,"I am sorry you are locked out. On the login page, tap Forgot Password and enter your customer ID. We will send a one-time code to your registered mobile number, and after you enter it you can choose a new password. For security reasons we can never tell you your old password. Please reach out again if anything is unclear."
"Hi, the other holder of my joint current account is not cooperating, what are my options? Can you help me with this?",RETAIL_EXCEPTION,joint_account_dispute,"Thank you for explaining. Changing the operating instruction on a joint account depends on the mandate, and sometimes a court order is needed. Our specialist team can review the account terms with you and tell you what can be done, such as requiring both signatures for withdrawals. I will connect you with them. You can ask for a human agent at any time and I will arrange it."
Quick question: can I get a payment holiday on my loan for a few months? Not sure what to do.,RETAIL_EXCEPTION,loan_hardship_request,"Thank you for being open about this. We treat hardship requests seriously and with respect. A specialist will contact you to understand your circumstances and explore ways to reduce the pressure, for example a payment break or revised repayment plan. They may ask for proof of the change in your income. Nothing is decided in this chat, but I will raise it as a priority. If you would like, I can connect you with a human agent right now."
Urgent: is there a fee if my balance drops below the minimum?,FEES,check_fees,"Certainly, I can help with that. Fees depend on the type of account or service. You can find the full list in the app under Help and then Fees and Charges, including maintenance, ATM, transfer and card fees. If you tell me the specific service you are asking about, I can explain how that fee is calculated and when it applies."
"hey, i lost my travel card and need to block it right now. not sure what to do.",CARD,block_card,"I apologise for the trouble this has caused, let me help. To protect your money, block the card first. Use the app under Cards and Block, or call the 24 hour phone banking line and ask for an immediate block. Once blocked, please review your recent transactions and tell us about any you do not recognise so we can look into them."
Where do I activate the platinum credit card I got last month? Any idea what to do?,CARD,activate_card,"You can activate your card in two easy ways. In the mobile app, go to Cards, pick your card, and tap Activate. If you prefer, call the phone banking number printed on the back of the card and follow the voice prompts. After verification your card will be active within a few minutes. Please reach out again if anything is unclear."
"Hello there, please cancel the loan I applied for yesterday. Thank you.",LOAN,cancel_loan,"To cancel a loan application, tell us which application you mean and we will stop the process. Before disbursal there is normally no cost. After disbursal, the loan must be closed by repaying the outstanding amount, and we will give you the exact figure and any applicable charges. Let me know if there is anything more I can do for you."
"Excuse me, tell me about the monthly maintenance fees on my current account. Can u help me with this?",FEES,check_fees,"Absolutely, let me walk you through it. Fees depend on the type of account or service. You can find the full list in the app under Help and then Fees and Charges, including maintenance, ATM, transfer and card fees. If you tell me the specific service you are asking about, I can explain how that fee is calculated and when it applies."
"I cannot make any transactions, the bank says KYC is pending. I need this sorted today.",RETAIL_EXCEPTION,account_frozen_kyc,"I am sorry for the inconvenience. A restriction usually means we need to verify or update some information. You can complete the update in the app under Profile and KYC, or visit a branch. If you have already submitted documents, I will ask the team to prioritise the review and update you. Please keep your reference number safe, and reply here if you need anything else."
"Urgent: I need to speak to support about my account, how do I reach you? I need this sorted today.",CONTACT,customer_service,"There are several ways to contact us. The quickest is the chat option in the app, which is available all day. You can also call the number printed on the back of your card or on our website, or visit any branch during opening hours. Let me know if there is anything more I can do for you."
Please help: the ATM gave me less money than what was debited from my account.,ATM,dispute_ATM_withdrawal,"Sorry about the trouble with the ATM. Please keep the receipt if you have one and raise a dispute through the app or by calling customer service. We will check the ATM records for the withdrawal and update you by message. If the money is confirmed as not dispensed, it will be returned to your account. Let me know if there is anything more I can do for you."
"hello there, i changed my name after marriage, how do i update it on my savings account? thank you.",RETAIL_EXCEPTION,legal_name_change,"To change your name in our records, we need proof of the legal name change, such as a marriage certificate, a gazette notification or a deed poll, together with your identification. Please upload the documents in the app under Profile or visit a branch, and we will update your accounts and cards. Because this affects several products, the update may take a few working days, and we will notify you when it is complete. You can ask for a human agent at any time and I will arrange it."
I need help. What fees do you charge on my account,FEES,check_fees,"Fees depend on the type of account or service. You can find the full list in the app under Help and then Fees and Charges, including maintenance, ATM, transfer and card fees. If you tell me the specific service you are asking about, I can explain how that fee is calculated and when it applies. I am here if you need anything else."
"Quick question: someone may have my card details, how can I block the card immediately? Thank you.",CARD,block_card,"To protect your money, block the card first. Use the app under Cards and Block, or call the 24 hour phone banking line and ask for an immediate block. Once blocked, please review your recent transactions and tell us about any you do not recognise so we can look into them."
Urgent: can I see how much interest I have paid on my home loan,LOAN,check_mortgage_payments,"Sure, here is how this works. Your mortgage details are available under Loans. There you can view the payment amount, upcoming due dates, the balance still owed and a summary of interest paid. If your payment changes because of a rate change, we will notify you in advance."
"Hello, we fell 3 weeks behind on the mortgage, what can we do?",RETAIL_EXCEPTION,mortgage_arrears_support,"Thank you for reaching out. Falling behind on a mortgage is stressful, and there are steps we can explore together. A mortgage support specialist will review your account, your income and expenses, and discuss a plan that suits you. I am raising this as urgent so they contact you soon. If you would like, I can connect you with a human agent right now."
"How do I send 1,750 dollars to a friend's account? Not sure what to do.",TRANSFER,make_transfer,"You can send money in a few steps. Open Transfers, choose Send Money and select an existing payee or add a new one. Type in the amount, check the details carefully because transfers to the wrong account can be hard to reverse, and approve with your security code. Instant methods arrive within minutes, while standard transfers can take up to one working day. I am here if you need anything else."
"Hello there, where can I download my statement for the last 10 days? Thanks.",ACCOUNT,check_recent_transactions,"Sure, here is how this works. To review your recent activity, log in and choose the account, then select Recent Transactions. Pending items are shown separately from completed ones. If something looks unfamiliar, tap it to see the details and report it directly from that screen. Please reach out again if anything is unclear."
I need help. I see a charge from MakeMyTrip for EUR 261 and I did not authorise it. Please advise.,PAYMENT_EXCEPTION,card_fraud_unauthorized_transaction,"Thank you for reporting this quickly. Your card should be blocked immediately to prevent more misuse, and the disputed transactions will be flagged for our fraud team. They will review the details, and where a transaction is confirmed as fraudulent the amount is normally returned to your account after the investigation. A specialist will reach out to collect a few more details. We will keep you updated by message until this is resolved."
"Hi team, where is the closest branch? Appreciate the help.",FIND,find_branch,"Thanks for reaching out, I can guide you through this. To find a branch, enter your area or city in the Locator and choose Branches. Each listing shows the address, working hours and the services offered, such as loans or locker facilities. Most branches are open on weekdays and some are open on Saturday mornings. If you need any further help, just let me know."
Urgent: when is my next student loan instalment due? Appreciate the help.,LOAN,check_loan_payments,"Absolutely, let me walk you through it. To check your loan payments, log in and open Loans, then choose the loan. You will see what you have paid so far, what is left, and the next due date. If you would like to pay extra to reduce the balance, there is an option to make a part payment on the same screen. If you need any further help, just let me know."
"Hello, my wallet with my platinum credit card was stolen in Dublin, what do I do? I need this sorted today.",PAYMENT_EXCEPTION,lost_card_abroad_emergency,"I am sorry to hear that, and please make sure you are safe first. Block your cards immediately in the app, or call our 24 hour emergency line if you cannot log in. We can arrange an emergency replacement card or emergency cash in Dublin, and our agent will verify your identity and guide you on the fastest option. I suggest reporting the theft to the local police as well, since some claims need a report. We will keep you updated by message until this is resolved."
"Urgent: I need to transfer money to another bank, what are the steps? I need this sorted today.",TRANSFER,make_transfer,"You can send money in a few steps. Open Transfers, choose Send Money and select an existing payee or add a new one. Type in the amount, check the details carefully because transfers to the wrong account can be hard to reverse, and approve with your security code. Instant methods arrive within minutes, while standard transfers can take up to one working day. Let me know if there is anything more I can do for you."
"Good morning, the ATM gave me less money than what was debited from my account. Please help.",ATM,dispute_ATM_withdrawal,"Sorry about the trouble with the ATM. Please keep the receipt if you have one and raise a dispute through the app or by calling customer service. We will check the ATM records for the withdrawal and update you by message. If the money is confirmed as not dispensed, it will be returned to your account."
"excuse me, please cancel my pending transfer of gbp 1,120. appreciate the help.",TRANSFER,cancel_transfer,"Of course, happy to help. If the transfer of GBP 1,120 is still pending or scheduled, you can cancel it in the app. Go to Transfers, open Pending or Scheduled, select the transfer and tap Cancel. If it has already been completed, it cannot be cancelled directly, but you can raise a request and we will contact the receiving bank to ask for the money back. Success depends on the receiving bank and the account holder agreeing to return it. Let me know if there is anything more I can do for you."
"Urgent: my card ending 9530 has unknown purchases that appeared this morning, please help urgently. Can you help me with this?",PAYMENT_EXCEPTION,card_fraud_unauthorized_transaction,"Thank you for reporting this quickly. Your card should be blocked immediately to prevent more misuse, and the disputed transactions will be flagged for our fraud team. They will review the details, and where a transaction is confirmed as fraudulent the amount is normally returned to your account after the investigation. A specialist will reach out to collect a few more details. You can ask for a human agent at any time and I will arrange it."
"Hello, I want to make a large purchase of EUR 55,080 but my card keeps getting declined. Not sure what to do.",PAYMENT_EXCEPTION,large_transaction_blocked,"I understand the urgency. Large payments can be blocked because they go over your daily limit or because our security systems flagged them for extra checks. I cannot release a held payment from this chat, but I can help you confirm it is genuine. Please approve any alert on your app, or I can connect you to a specialist who will verify you and, where possible, release the payment or raise your limit temporarily. You can ask for a human agent at any time and I will arrange it."
"Hey, dispute foreign exchange markup on my card transaction. Thank you.",PAYMENT_EXCEPTION,currency_conversion_dispute,"I understand the surprise. The debited amount comes from the exchange rate at the time of settlement, plus any conversion charges, and the shop may also offer to charge in your home currency at their own rate. I can flag your transaction for review so a specialist can confirm whether the correct rate was applied. If anything changes in the meantime, please let us know straight away."
I need help. Show me my recent activity on the salary account. Any idea what to do?,ACCOUNT,check_recent_transactions,"To review your recent activity, log in and choose the account, then select Recent Transactions. Pending items are shown separately from completed ones. If something looks unfamiliar, tap it to see the details and report it directly from that screen. Feel free to ask if you have any other questions."
"Please block my card ending 7446, I think it was stolen. Not sure what to do.",CARD,block_card,"You can block the card immediately in the mobile app. Go to Cards, choose the card and tap Block Card, then pick Lost or Stolen as the reason. The card stops working straight away and any new transactions are declined. We will then help you order a replacement, which usually arrives in a few working days. Please reach out again if anything is unclear."
When is my card annual fee charged and can it be waived? thx.,CARD,check_card_annual_fee,"Annual fees vary by card, and many cards waive the fee after a certain level of yearly spending. Please check Fees and Charges for your card in the app to see your amount and the anniversary date. If you would like to ask about a waiver, customer service can review your eligibility. Please reach out again if anything is unclear."
"Hi team, can I see how much interest I have paid on my home loan? Please help",LOAN,check_mortgage_payments,"Of course, happy to help. Your mortgage details are available under Loans. There you can view the payment amount, upcoming due dates, the balance still owed and a summary of interest paid. If your payment changes because of a rate change, we will notify you in advance. Let me know if there is anything more I can do for you."
"Hi, my card got stuck in the machine this morning. Can you help me with this?",ATM,recover_swallowed_card,"I am sorry that the ATM kept your card. For your safety, I suggest blocking the card right away in the app. We will then arrange either collection from the ATM branch with identification or a replacement card sent to your address, usually within a few working days. Let me know if there is anything more I can do for you."
"good evening, how do i stop a transfer i made earlier today? not sure what to do",TRANSFER,cancel_transfer,"Please act quickly. For transfers that have not been processed yet, use Cancel next to the transfer in your pending list. For completed transfers, raise a recall request from the same screen or through customer service, and keep the transaction reference handy. We will update you as soon as we hear back from the other bank. Feel free to ask if you have any other questions."
urgent: how can i close my credit card? i no longer use it.,CARD,cancel_card,I can guide you through cancelling your card. First check that there are no pending transactions or unpaid dues. Then submit a cancellation request through the app or by phone banking. You will get a confirmation message once the card is closed.
"Hello there, I found a recurring payment on my card that I do not recognise. Please advise.",PAYMENT_EXCEPTION,recurring_payment_unauthorized,"Sorry about the trouble. We can block future payments to the merchant on your card, and I can start a dispute for charges you did not authorise. Please share the dates and the amounts of the payments and any cancellation emails you have. A specialist will review whether the money can be recovered."
"good evening, the atm did not give me the full cash but the money was deducted, i withdrew gbp 2,020.",ATM,dispute_ATM_withdrawal,"I will help you raise a dispute for the ATM withdrawal of GBP 2,020. Please go to Disputes in the app, select the transaction and choose ATM Cash Issue, then give the date, time and ATM location if you have them. We will investigate with the ATM operator and most cases are reviewed within a few working days. If the ATM did not dispense the cash, the amount is usually credited back to your account. I am here if you need anything else."
"I need help. The ATM did not give me the full cash but the money was deducted, I withdrew 1,520 dollars.",ATM,dispute_ATM_withdrawal,"I will help you raise a dispute for the ATM withdrawal of 1,520 dollars. Please go to Disputes in the app, select the transaction and choose ATM Cash Issue, then give the date, time and ATM location if you have them. We will investigate with the ATM operator and most cases are reviewed within a few working days. If the ATM did not dispense the cash, the amount is usually credited back to your account. Please reach out again if anything is unclear."
Quick question: someone changed my phone number and email on my account and I am locked out,RETAIL_EXCEPTION,identity_theft_account_takeover,"Thank you for flagging this quickly. Access to your online banking will be locked while we investigate. Our security team will verify your identity through a secure process, review recent changes and transactions, and help reset your details. Please tell us about any transaction you did not make, so it can be investigated. If anything changes in the meantime, please let us know straight away."
"good morning, we decided not to buy the house, how do i cancel the mortgage?",LOAN,cancel_mortgage,"I can help you withdraw the mortgage application. Please contact our mortgage team through the app or at a branch and confirm the application reference. If the valuation or legal work has already started, some third party fees might still apply. Once cancelled, you will receive written confirmation."
"Good evening, the ATM did not give me the full cash but the money was deducted, I withdrew 2,450 dollars. Can you help me with this?",ATM,dispute_ATM_withdrawal,"I will help you raise a dispute for the ATM withdrawal of 2,450 dollars. Please go to Disputes in the app, select the transaction and choose ATM Cash Issue, then give the date, time and ATM location if you have them. We will investigate with the ATM operator and most cases are reviewed within a few working days. If the ATM did not dispense the cash, the amount is usually credited back to your account."
"Hello, I lost my debit card and need to block it right now. Not sure what to do",CARD,block_card,"To protect your money, block the card first. Use the app under Cards and Block, or call the 24 hour phone banking line and ask for an immediate block. Once blocked, please review your recent transactions and tell us about any you do not recognise so we can look into them. Please reach out again if anything is unclear."
"Good morning, what is the fastest way to send money to someone? Can you help me with this",TRANSFER,make_transfer,"Thanks for reaching out, I can guide you through this. You can send money in a few steps. Open Transfers, choose Send Money and select an existing payee or add a new one. Type in the amount, check the details carefully because transfers to the wrong account can be hard to reverse, and approve with your security code. Instant methods arrive within minutes, while standard transfers can take up to one working day. Let me know if there is anything more I can do for you."
please help: how do i activate my new travel card? please help.,CARD,activate_card,"Sure, here is how this works. First, open the mobile app or net banking and go to the Cards section. Then select your travel card and choose Activate Card. You will receive a one-time code on your registered mobile number, so enter it to confirm. Once that is done, the card is active and ready to use straight away. Feel free to ask if you have any other questions."
please help: why is my business account overdrawn? i never spent that much. i need this sorted today.,RETAIL_EXCEPTION,overdraft_fee_dispute,"Thanks for explaining. To review the fee, we need to see the order in which the deposit and the payments were processed. I will raise a request for the fee to be reviewed, and you will hear back with the outcome. In some cases, especially after a delayed salary, the fee can be waived. We will keep you updated by message until this is resolved."
Can you help me activate my card? It has not been used yet. Thank you.,CARD,activate_card,"You can activate your card in two easy ways. In the mobile app, go to Cards, pick your card, and tap Activate. If you prefer, call the phone banking number printed on the back of the card and follow the voice prompts. After verification your card will be active within a few minutes."
"Good morning, I need to inform the bank about the death of my husband and settle his accounts. Can you help me with this?",RETAIL_EXCEPTION,deceased_account_holder,"My condolences to you and your family. Accounts of a deceased customer are handled by a dedicated team with care. Please share the death certificate and your identification, and they will explain how the balance is released to the nominee or legal heir and how the account is closed. I will connect you with them, so you do not have to repeat yourself. Please keep your reference number safe, and reply here if you need anything else."
"i want to apply for a business loan of 257,390 usd. thanks.",LOAN,apply_for_loan,"You can apply for a business loan online or at a branch. Please keep your identity proof, address proof, recent salary slips or income proof, and bank statements ready. After you submit the application, we check your eligibility and credit history and share an offer with the interest rate and repayment plan. Once you accept, the money is usually credited within a few working days. Feel free to ask if you have any other questions."
Urgent: how can I enable my credit card for use abroad? I am travelling to Hyderabad. Please help.,CARD,activate_card_international_usage,"To use your card overseas, open Card Controls in the app and enable International Usage. It is a good idea to set a travel period and a daily limit. If you cannot use the app, phone banking can turn it on for you after verifying your identity. Let me know if there is anything more I can do for you."
"urgent: urgent, travelling and card blocked, i cannot pay my hotel. not sure what to do.",PAYMENT_EXCEPTION,card_declined_while_travelling,"Sorry about the inconvenience, especially while you are travelling. Please check that international transactions are enabled and that you have not reached your daily limit. Because this is urgent, I recommend calling the emergency line on the back of the card, where an agent can verify you and remove any block. Emergency cash or a replacement card can be arranged if needed. You can ask for a human agent at any time and I will arrange it."
"Hi, how can I check how much credit I have left on my card",CARD,check_current_balance_on_card,"Of course, happy to help. To check your balance, log in to net banking or the app and open Cards. The card summary shows your current balance, available credit and the last statement amount. Balances update in near real time, but very recent transactions can take a short while to appear. Let me know if there is anything more I can do for you."
"Hey, how do I stop a transfer I made yesterday? I need this sorted today.",TRANSFER,cancel_transfer,"Please act quickly. For transfers that have not been processed yet, use Cancel next to the transfer in your pending list. For completed transfers, raise a recall request from the same screen or through customer service, and keep the transaction reference handy. We will update you as soon as we hear back from the other bank. Let me know if there is anything more I can do for you."
"Pls help: the ATM swallowed my card, what should I do? Appreciate the help.",ATM,recover_swallowed_card,"Please do not worry, this happens sometimes. First, block the card in the app as a precaution until you have it back. Then contact the branch that owns the ATM or call customer service, and we will check if the card was retained by the machine. If it can be recovered you may collect it with valid photo ID, otherwise we will issue a replacement card to you."
"Hello there, I want to cancel my prepaid card permanently. Not sure what to do",CARD,cancel_card,"Of course, happy to help. To cancel a card, go to Cards in the mobile app, select your prepaid card and choose Cancel Card, or contact customer service. Before we close it, please clear any outstanding balance and cancel recurring payments linked to the card. Once cancelled, the card cannot be used again, and you can request a new one later if you change your mind."
Urgent: how do I stop a transfer I made three days ago?,TRANSFER,cancel_transfer,"Please act quickly. For transfers that have not been processed yet, use Cancel next to the transfer in your pending list. For completed transfers, raise a recall request from the same screen or through customer service, and keep the transaction reference handy. We will update you as soon as we hear back from the other bank."
"I need help. What is the process to get a mortgage for a house worth EUR 419,190?",LOAN,apply_for_mortgage,"Of course, happy to help. For a mortgage, the first step is to check how much you can borrow using the mortgage calculator in the app. Then submit an application with your identity, income and property details, and we will arrange a valuation of the property. After approval you receive a formal offer, and the funds are released to the seller once the legal formalities are complete. A deposit is usually needed, and the amount depends on the property value and your profile."
"Hello, I forgot my password, how do I get it back? Any idea what to do",PASSWORD,get_password,"I am sorry you are locked out. On the login page, tap Forgot Password and enter your customer ID. We will send a one-time code to your registered mobile number, and after you enter it you can choose a new password. For security reasons we can never tell you your old password. Please reach out again if anything is unclear."
"Hello, my credit card ending 7748 arrived today. What are the steps to activate it?",CARD,activate_card,"Of course, happy to help. First, open the mobile app or net banking and go to the Cards section. Then select your credit card and choose Activate Card. You will receive a one-time code on your registered mobile number, so enter it to confirm. Once that is done, the card is active and ready to use straight away. Please reach out again if anything is unclear."
"Good evening, pls waive the overdraft charges, they are unfair.",RETAIL_EXCEPTION,overdraft_fee_dispute,"Thanks for explaining. To review the fee, we need to see the order in which the deposit and the payments were processed. I will raise a request for the fee to be reviewed, and you will hear back with the outcome. In some cases, especially after a delayed salary, the fee can be waived. We will keep you updated by message until this is resolved."
"Excuse me, could u tell me the yearly charges on the card ending 9638? Any idea what to do?",CARD,check_card_annual_fee,"Absolutely, let me walk you through it. Annual fees vary by card, and many cards waive the fee after a certain level of yearly spending. Please check Fees and Charges for your card in the app to see your amount and the anniversary date. If you would like to ask about a waiver, customer service can review your eligibility. I am here if you need anything else."
"Good evening, what are the opening hours of the branch near the old town square? Please advise.",FIND,find_branch,"Thanks for reaching out, I can guide you through this. You can find branches using the Locator in the app or on our website. Search by city or a landmark like the old town square, and you will see the address, opening hours and services available at each branch. Many branches allow you to book an appointment in advance, which reduces waiting time."
"Hi team, I need help because I am struggling to repay my loan of 433,190 USD. Appreciate the help",RETAIL_EXCEPTION,loan_hardship_request,"I am sorry you are facing this, and I am glad you reached out early. We have options for customers in financial difficulty, such as a temporary payment holiday, a longer tenure with lower instalments, or restructuring, depending on your situation. I will pass your request to our customer support team, who will review your income and expenses and discuss what is possible. Please try to keep making any payments you can, and avoid ignoring reminders, as talking to us early gives you more choices. If anything changes in the meantime, please let us know straight away."
"Hi, I want to close my current account. Not sure what to do.",ACCOUNT,close_account,"To close the account, make sure there are no pending transactions, linked cards or loans. Request closure through the app under Account Services or visit a branch. We will transfer any remaining balance to the account you nominate and confirm once the account is closed. Please reach out again if anything is unclear."
"Hey, how do I activate my new platinum credit card? Thanks.",CARD,activate_card,"You can activate your card in two easy ways. In the mobile app, go to Cards, pick your card, and tap Activate. If you prefer, call the phone banking number printed on the back of the card and follow the voice prompts. After verification your card will be active within a few minutes. Please reach out again if anything is unclear."
"Hello there, is there a branch in Rome?",FIND,find_branch,"To find a branch, enter your area or city in the Locator and choose Branches. Each listing shows the address, working hours and the services offered, such as loans or locker facilities. Most branches are open on weekdays and some are open on Saturday mornings. If you need any further help, just let me know."
How can I add a new payee and transfer funds? Can u help me with this,TRANSFER,make_transfer,"You can send money in a few steps. Open Transfers, choose Send Money and select an existing payee or add a new one. Type in the amount, check the details carefully because transfers to the wrong account can be hard to reverse, and approve with your security code. Instant methods arrive within minutes, while standard transfers can take up to one working day. Please reach out again if anything is unclear."
"Hello there, find me a cash machine close to me. Not sure what to do.",FIND,find_ATM,"Certainly, I can help with that. To locate an ATM, open the Locator in the app or on our website and search by city or landmark. Filters help you find machines that offer deposits, cheque drops or extended hours. Please remember that using an ATM outside our network may attract a fee. Feel free to ask if you have any other questions."
"Hello, please change my surname on all my accounts. Can u help me with this?",RETAIL_EXCEPTION,legal_name_change,"To change your name in our records, we need proof of the legal name change, such as a marriage certificate, a gazette notification or a deed poll, together with your identification. Please upload the documents in the app under Profile or visit a branch, and we will update your accounts and cards. Because this affects several products, the update may take a few working days, and we will notify you when it is complete. You can ask for a human agent at any time and I will arrange it."
"Hello there, name mismatch is blocking my loan, how do I correct it in your records? Thanks.",RETAIL_EXCEPTION,legal_name_change,"To change your name in our records, we need proof of the legal name change, such as a marriage certificate, a gazette notification or a deed poll, together with your identification. Please upload the documents in the app under Profile or visit a branch, and we will update your accounts and cards. Because this affects several products, the update may take a few working days, and we will notify you when it is complete."
"Hey, is there a live chat with the bank? Any idea what to do?",CONTACT,customer_service,"You can reach customer service by phone banking, through secure chat in the mobile app, or by email through the Contact Us section. Phone and chat support are available round the clock for urgent matters such as blocking a card, and other requests are handled during business hours. Please keep your customer ID handy so we can help you faster. Let me know if there is anything more I can do for you."
"hello there, the atm gave me less money than what was debited from my account. please help",ATM,dispute_ATM_withdrawal,"Sorry about the trouble with the ATM. Please keep the receipt if you have one and raise a dispute through the app or by calling customer service. We will check the ATM records for the withdrawal and update you by message. If the money is confirmed as not dispensed, it will be returned to your account."
"Hi team, I want to close my current account. Not sure what to do.",ACCOUNT,close_account,"Absolutely, let me walk you through it. I can explain how to close your current account. Please first clear any dues, cancel standing instructions and move the remaining balance to another account. Then submit a closure request through customer service or at a branch with valid identification. Once processed, you will receive written confirmation and the final statement."
I need help. Please tell me the current balance on the card ending 9534. Thanks.,CARD,check_current_balance_on_card,"Thanks for reaching out, I can guide you through this. To check your balance, log in to net banking or the app and open Cards. The card summary shows your current balance, available credit and the last statement amount. Balances update in near real time, but very recent transactions can take a short while to appear."
"Quick question: my wallet with my platinum credit card was stolen in Pune, what do I do? Not sure what to do.",PAYMENT_EXCEPTION,lost_card_abroad_emergency,"I am sorry to hear that, and please make sure you are safe first. Block your cards immediately in the app, or call our 24 hour emergency line if you cannot log in. We can arrange an emergency replacement card or emergency cash in Pune, and our agent will verify your identity and guide you on the fastest option. I suggest reporting the theft to the local police as well, since some claims need a report. If you would like, I can connect you with a human agent right now."
"Good morning, I just received my credit card in the mail, how can I start using it? I need this sorted today.",CARD,activate_card,"You can activate your card in two easy ways. In the mobile app, go to Cards, pick your card, and tap Activate. If you prefer, call the phone banking number printed on the back of the card and follow the voice prompts. After verification your card will be active within a few minutes."
"Hi, someone may have my card details, how can I block the card immediately? I need this sorted today",CARD,block_card,"I understand how stressful this must be, and I am here to help. To protect your money, block the card first. Use the app under Cards and Block, or call the 24 hour phone banking line and ask for an immediate block. Once blocked, please review your recent transactions and tell us about any you do not recognise so we can look into them. If you need any further help, just let me know."
"Hi, someone may have my card details, how can I block the card immediately?",CARD,block_card,"That sounds frustrating, and I will do my best to help you resolve it. You can block the card immediately in the mobile app. Go to Cards, choose the card and tap Block Card, then pick Lost or Stolen as the reason. The card stops working straight away and any new transactions are declined. We will then help you order a replacement, which usually arrives in a few working days. I am here if you need anything else."
"good evening, please tell me the reason my loan was denied. can you help me with this",RETAIL_EXCEPTION,loan_application_rejected_appeal,"I am sorry that your application was not approved. Decisions are based on factors such as income, existing debts, credit history and the value of the loan requested, and we can share the main reasons with you. You may ask for a review, especially if your circumstances have changed or if some information was missing. I will pass your request to a loans specialist who can explain the decision and suggest what may improve your chances next time. You can ask for a human agent at any time and I will arrange it."
Quick question: what fees do you charge on my account? Appreciate the help.,FEES,check_fees,"Fees depend on the type of account or service. You can find the full list in the app under Help and then Fees and Charges, including maintenance, ATM, transfer and card fees. If you tell me the specific service you are asking about, I can explain how that fee is calculated and when it applies. If you need any further help, just let me know."
"ATM retained my card ending 1269, how do I recover it? Not sure what to do.",ATM,recover_swallowed_card,"I am sorry that the ATM kept your card. For your safety, I suggest blocking the card right away in the app. We will then arrange either collection from the ATM branch with identification or a replacement card sent to your address, usually within a few working days. If you need any further help, just let me know."
"Hello, help, the cash machine did not return my card. Thank you",ATM,recover_swallowed_card,"I am sorry that the ATM kept your card. For your safety, I suggest blocking the card right away in the app. We will then arrange either collection from the ATM branch with identification or a replacement card sent to your address, usually within a few working days."
"Hey, cash was not dispensed at the ATM yet my account was debited. Thank you.",ATM,dispute_ATM_withdrawal,"Sorry about the trouble with the ATM. Please keep the receipt if you have one and raise a dispute through the app or by calling customer service. We will check the ATM records for the withdrawal and update you by message. If the money is confirmed as not dispensed, it will be returned to your account."
"hey, what are the rules for choosing a password? not sure what to do.",PASSWORD,set_up_password,"Of course, happy to help. To set up or change your password, log in and go to Settings and then Security. Choose Change Password, enter your current password, and type the new one twice. A strong password uses at least eight characters with a mix of letters, numbers and symbols, and should not include your name or birth date. Please reach out again if anything is unclear."
"i need help. i need to speak to support about my account, how do i reach you? thanks.",CONTACT,customer_service,"Certainly, I can help with that. There are several ways to contact us. The quickest is the chat option in the app, which is available all day. You can also call the number printed on the back of your card or on our website, or visit any branch during opening hours. Let me know if there is anything more I can do for you."
Urgent: please cancel the card ending 6563. Thanks.,CARD,cancel_card,"Thanks for reaching out, I can guide you through this. I can guide you through cancelling your card. First check that there are no pending transactions or unpaid dues. Then submit a cancellation request through the app or by phone banking. You will get a confirmation message once the card is closed. Let me know if there is anything more I can do for you."
I need help. What is the customer care number? I need this sorted today,CONTACT,customer_service,"Of course, happy to help. There are several ways to contact us. The quickest is the chat option in the app, which is available all day. You can also call the number printed on the back of your card or on our website, or visit any branch during opening hours. Feel free to ask if you have any other questions."
"Excuse me, the bank refused my mortgage even though I have a stable income. I need this sorted today.",RETAIL_EXCEPTION,loan_application_rejected_appeal,"I am sorry that your application was not approved. Decisions are based on factors such as income, existing debts, credit history and the value of the loan requested, and we can share the main reasons with you. You may ask for a review, especially if your circumstances have changed or if some information was missing. I will pass your request to a loans specialist who can explain the decision and suggest what may improve your chances next time. Please keep your reference number safe, and reply here if you need anything else."
"Hi, need to switch on my new card, what should I do? Thank you",CARD,activate_card,"You can activate your card in two easy ways. In the mobile app, go to Cards, pick your card, and tap Activate. If you prefer, call the phone banking number printed on the back of the card and follow the voice prompts. After verification your card will be active within a few minutes."
"Good morning, when is my card annual fee charged and can it be waived? Thanks.",CARD,check_card_annual_fee,"Annual fees vary by card, and many cards waive the fee after a certain level of yearly spending. Please check Fees and Charges for your card in the app to see your amount and the anniversary date. If you would like to ask about a waiver, customer service can review your eligibility."
"Hello there, how do I view what I spent this week?",ACCOUNT,check_recent_transactions,"Thanks for reaching out, I can guide you through this. To review your recent activity, log in and choose the account, then select Recent Transactions. Pending items are shown separately from completed ones. If something looks unfamiliar, tap it to see the details and report it directly from that screen. If you need any further help, just let me know."
"Hi, card stolen abroad, need emergency replacement. Any idea what to do",PAYMENT_EXCEPTION,lost_card_abroad_emergency,"That sounds very stressful. The first step is to block all lost cards so nobody can use them. Then our emergency support team can help with a replacement card delivered to your location or a cash advance, after confirming your identity. Please keep any police report reference, as it can help with disputed transactions. If you would like, I can connect you with a human agent right now."
"hi, sent 1,720 usd to a stranger by mistake three days ago. can you help me with this?",PAYMENT_EXCEPTION,transfer_wrong_account,"I am sorry this happened. Please raise a wrong transfer request in the app or with customer service right away with the payment reference. We will ask the receiving bank to hold and return the funds, but they need the account holder consent, so the timing can vary. A specialist will follow up with you. If anything changes in the meantime, please let us know straight away."
"Hi team, I cannot log in to net banking, I do not remember my password.",PASSWORD,get_password,"You can recover access in a few steps. Select Forgot Password on the login screen, verify your identity with the one-time code sent to your registered number, and set a new password. If you no longer have access to that number, please visit a branch with your identification to update it. If you need any further help, just let me know."
Why was I charged a fee of $685 this month? Can you help me with this?,FEES,check_fees,"Of course, happy to help. I can help you understand the charges. Common fees include monthly maintenance, foreign transaction fees, ATM use outside our network and penalties for low balance. Your latest statement shows every fee that has been applied, and customer service can review any fee you believe was charged in error."
"Quick question: I would like to stop my card, it has an annual fee I do not want to pay.",CARD,cancel_card,"Thanks for reaching out, I can guide you through this. I can guide you through cancelling your card. First check that there are no pending transactions or unpaid dues. Then submit a cancellation request through the app or by phone banking. You will get a confirmation message once the card is closed."
"hi team, what is the fastest way to send money to someone? please advise.",TRANSFER,make_transfer,"Thanks for reaching out, I can guide you through this. You can send money in a few steps. Open Transfers, choose Send Money and select an existing payee or add a new one. Type in the amount, check the details carefully because transfers to the wrong account can be hard to reverse, and approve with your security code. Instant methods arrive within minutes, while standard transfers can take up to one working day. Feel free to ask if you have any other questions."
"Hi, what do I need to do before closing my current account?",ACCOUNT,close_account,"To close the account, make sure there are no pending transactions, linked cards or loans. Request closure through the app under Account Services or visit a branch. We will transfer any remaining balance to the account you nominate and confirm once the account is closed. Feel free to ask if you have any other questions."
"Urgent: I want to apply for a personal loan of EUR 234,240. Please advise.",LOAN,apply_for_loan,"Of course, happy to help. To apply for a loan, go to Loans in the app and select the type of loan you need. Enter the amount and tenure, upload the required documents and submit. Your eligibility is based on income, existing commitments and credit score, and you will see a decision and an offer once the review is complete. Let me know if there is anything more I can do for you."
how can i close my credit card? i no longer use it. appreciate the help.,CARD,cancel_card,"Thanks for reaching out, I can guide you through this. I can guide you through cancelling your card. First check that there are no pending transactions or unpaid dues. Then submit a cancellation request through the app or by phone banking. You will get a confirmation message once the card is closed. Feel free to ask if you have any other questions."
"Excuse me, double debit on my card for Reliance Digital, please fix.",PAYMENT_EXCEPTION,duplicate_charge,"Thanks for letting us know. Please keep proof of your purchase and, if possible, the merchant receipt. We will open a dispute for the duplicate payment, and a specialist will review it with the merchant. Refunds usually take several working days once the duplicate is confirmed. Please keep your reference number safe, and reply here if you need anything else."
Please help: can I cancel a scheduled transfer for next week?,TRANSFER,cancel_transfer,"Please act quickly. For transfers that have not been processed yet, use Cancel next to the transfer in your pending list. For completed transfers, raise a recall request from the same screen or through customer service, and keep the transaction reference handy. We will update you as soon as we hear back from the other bank. If you need any further help, just let me know."
"Hi, ola keeps charging me EUR 1,560 every month and I never subscribed. Can you help me with this?",PAYMENT_EXCEPTION,recurring_payment_unauthorized,"I understand how annoying unwanted charges are. You can stop a recurring payment by going to Cards and Recurring Payments in the app and choosing Stop for Ola. If the merchant has already taken money you did not agree to, we can raise a dispute for the EUR 1,560 charges. It also helps to contact the merchant to cancel the subscription so they stop trying to bill you. If anything changes in the meantime, please let us know straight away."
"Hello there, I paid GBP 1,070 once but the money left my account twice three days ago. Thanks.",PAYMENT_EXCEPTION,duplicate_charge,"Thanks for letting us know. Please keep proof of your purchase and, if possible, the merchant receipt. We will open a dispute for the duplicate payment, and a specialist will review it with the merchant. Refunds usually take several working days once the duplicate is confirmed. If you would like, I can connect you with a human agent right now."
"I need help. Why is the currency conversion fee on my EUR 2,010 payment so high? Not sure what to do.",PAYMENT_EXCEPTION,currency_conversion_dispute,"Thanks for raising this. When you pay in a foreign currency, the amount is converted at the network exchange rate on the day the transaction is settled, and a foreign currency fee may also apply, so the final figure can differ from what you saw at the shop. Please check the transaction details in the app for the rate and fee that were used. If you believe the amount is wrong, we can raise a query and a specialist will review it. If anything changes in the meantime, please let us know straight away."
"Good morning, I am in Dubai and my prepaid card is lost, how can I get emergency help? I need this sorted today.",PAYMENT_EXCEPTION,lost_card_abroad_emergency,"I am sorry to hear that, and please make sure you are safe first. Block your cards immediately in the app, or call our 24 hour emergency line if you cannot log in. We can arrange an emergency replacement card or emergency cash in Dubai, and our agent will verify your identity and guide you on the fastest option. I suggest reporting the theft to the local police as well, since some claims need a report. You can ask for a human agent at any time and I will arrange it."
"i need help. account blocked after i updated my address, how do i get access? thank you",RETAIL_EXCEPTION,account_frozen_kyc,"I am sorry for the inconvenience. A restriction usually means we need to verify or update some information. You can complete the update in the app under Profile and KYC, or visit a branch. If you have already submitted documents, I will ask the team to prioritise the review and update you. If anything changes in the meantime, please let us know straight away."
"Good evening, there is an ATM transaction I do not recognise for INR 2,530, how do I raise a dispute? Not sure what to do.",ATM,dispute_ATM_withdrawal,"Sorry about the trouble with the ATM. Please keep the receipt if you have one and raise a dispute through the app or by calling customer service. We will check the ATM records for the withdrawal and update you by message. If the money is confirmed as not dispensed, it will be returned to your account."
"Hello, my brother died and im the nominee on his account, what should I do? Any idea what to do?",RETAIL_EXCEPTION,deceased_account_holder,"My condolences to you and your family. Accounts of a deceased customer are handled by a dedicated team with care. Please share the death certificate and your identification, and they will explain how the balance is released to the nominee or legal heir and how the account is closed. I will connect you with them, so you do not have to repeat yourself. If anything changes in the meantime, please let us know straight away."
"good evening, when is my card annual fee charged and can it be waived?",CARD,check_card_annual_fee,"Sure, here is how this works. Annual fees vary by card, and many cards waive the fee after a certain level of yearly spending. Please check Fees and Charges for your card in the app to see your amount and the anniversary date. If you would like to ask about a waiver, customer service can review your eligibility."
I need help. How do I freeze my card temporarily? I cannot find it. Not sure what to do.,CARD,block_card,"To protect your money, block the card first. Use the app under Cards and Block, or call the 24 hour phone banking line and ask for an immediate block. Once blocked, please review your recent transactions and tell us about any you do not recognise so we can look into them."
"I need to withdraw cash in Dublin, where can I find one of your ATMs?",FIND,find_ATM,"To locate an ATM, open the Locator in the app or on our website and search by city or landmark. Filters help you find machines that offer deposits, cheque drops or extended hours. Please remember that using an ATM outside our network may attract a fee."
I am going to Istanbul soon. Can you turn on international usage for my card? Thanks.,CARD,activate_card_international_usage,"To use your card overseas, open Card Controls in the app and enable International Usage. It is a good idea to set a travel period and a daily limit. If you cannot use the app, phone banking can turn it on for you after verifying your identity. Feel free to ask if you have any other questions."
"excuse me, how long will my transfer stay pending? it has been 5 days.",PAYMENT_EXCEPTION,transfer_pending_stuck,"I understand how worrying it is when a payment is delayed. Most transfers complete within one working day, but some can be held for security checks or because of details that need correcting. Please check the transaction status and reference number in the app. Since it has been 5 days, I will raise this as a payment investigation so a specialist can trace the payment with the receiving bank and update you. You can ask for a human agent at any time and I will arrange it."
"good morning, how do i see my card balance and available limit?",CARD,check_current_balance_on_card,"Thanks for reaching out, I can guide you through this. To check your balance, log in to net banking or the app and open Cards. The card summary shows your current balance, available credit and the last statement amount. Balances update in near real time, but very recent transactions can take a short while to appear. I am here if you need anything else."
I need to inform the bank about the death of my husband and settle his accounts. Any idea what to do,RETAIL_EXCEPTION,deceased_account_holder,"I am very sorry for your loss. Please take your time, and we will make this as simple as we can. To begin, please inform us of the death by contacting our bereavement team, who will guide you personally. You will usually need a copy of the death certificate, your own identification and proof of your relationship, and if you are the nominee, the nomination details. Because this involves legal steps, a specialist will handle your request and explain the timeline. If anything changes in the meantime, please let us know straight away."
Can I see how much interest I have paid on my home loan? Can you help me with this,LOAN,check_mortgage_payments,"In the app, open Loans and select your mortgage to see your monthly payment, the next due date, the remaining balance and the split between interest and principal. Statements and a yearly interest certificate can also be downloaded from the documents section."
I need help. How do I start a chargeback for a service that was not delivered? Any idea what to do?,PAYMENT_EXCEPTION,chargeback_request,"Thank you for the details. A card dispute can be raised for items not received or not as described. We will need your order confirmation and any communication with the seller. Our disputes team will assess the claim and let you know whether the amount can be recovered. If anything changes in the meantime, please let us know straight away."
"I want to apply for a business loan of $119,940. Thank you.",LOAN,apply_for_loan,"Sure, here is how this works. To apply for a loan, go to Loans in the app and select the type of loan you need. Enter the amount and tenure, upload the required documents and submit. Your eligibility is based on income, existing commitments and credit score, and you will see a decision and an offer once the review is complete. Feel free to ask if you have any other questions."
"Hi, my income has dropped, can you restructure my personal loan? Thanks.",RETAIL_EXCEPTION,loan_hardship_request,"Thank you for being open about this. We treat hardship requests seriously and with respect. A specialist will contact you to understand your circumstances and explore ways to reduce the pressure, for example a payment break or revised repayment plan. They may ask for proof of the change in your income. Nothing is decided in this chat, but I will raise it as a priority. If you would like, I can connect you with a human agent right now."
I need help. What are the eligibility criteria for a student loan? Pls advise,LOAN,apply_for_loan,"Certainly, I can help with that. You can apply for a student loan online or at a branch. Please keep your identity proof, address proof, recent salary slips or income proof, and bank statements ready. After you submit the application, we check your eligibility and credit history and share an offer with the interest rate and repayment plan. Once you accept, the money is usually credited within a few working days. I am here if you need anything else."
Please help: I am going to Amsterdam soon. Can you turn on international usage for my card? Any idea what to do?,CARD,activate_card_international_usage,"Thanks for reaching out, I can guide you through this. To use your card overseas, open Card Controls in the app and enable International Usage. It is a good idea to set a travel period and a daily limit. If you cannot use the app, phone banking can turn it on for you after verifying your identity. I am here if you need anything else."
"i sent gbp 45 to the wrong person, can i cancel the transfer? can you help me with this",TRANSFER,cancel_transfer,"If the transfer of GBP 45 is still pending or scheduled, you can cancel it in the app. Go to Transfers, open Pending or Scheduled, select the transfer and tap Cancel. If it has already been completed, it cannot be cancelled directly, but you can raise a request and we will contact the receiving bank to ask for the money back. Success depends on the receiving bank and the account holder agreeing to return it. Feel free to ask if you have any other questions."
"hello, i want to cancel my personal loan application. thanks.",LOAN,cancel_loan,"To cancel a loan application, tell us which application you mean and we will stop the process. Before disbursal there is normally no cost. After disbursal, the loan must be closed by repaying the outstanding amount, and we will give you the exact figure and any applicable charges. Let me know if there is anything more I can do for you."
"good morning, what is the outstanding balance on my personal loan? thank you.",LOAN,check_loan_payments,"You can see your repayment details in the app under Loans. Select your personal loan to view the instalment amount, the next due date, the number of payments remaining and the total outstanding balance. The full repayment schedule can also be downloaded as a document. Please reach out again if anything is unclear."
"Hello, ATM retained my card ending 7267, how do I recover it? Can you help me with this?",ATM,recover_swallowed_card,"I am sorry that the ATM kept your card. For your safety, I suggest blocking the card right away in the app. We will then arrange either collection from the ATM branch with identification or a replacement card sent to your address, usually within a few working days."
"Hello there, we are buying our first home and need a mortgage, where do we start?",LOAN,apply_for_mortgage,"Thanks for reaching out, I can guide you through this. For a mortgage, the first step is to check how much you can borrow using the mortgage calculator in the app. Then submit an application with your identity, income and property details, and we will arrange a valuation of the property. After approval you receive a formal offer, and the funds are released to the seller once the legal formalities are complete. A deposit is usually needed, and the amount depends on the property value and your profile."
"Excuse me, someone changed my phone number and email on my account and I am locked out.",RETAIL_EXCEPTION,identity_theft_account_takeover,"I am very sorry, and I will treat this as urgent. To protect you, we should restrict access to your account and cards immediately, and I am escalating this to our fraud and security team now. Please do not use the same password anywhere else, avoid clicking links in unexpected messages, and keep a note of any suspicious messages or calls. A specialist will contact you on a verified number to restore your access and review the activity. We will keep you updated by message until this is resolved."
"Excuse me, my income has dropped, can you restructure my business loan? Not sure what to do.",RETAIL_EXCEPTION,loan_hardship_request,"I am sorry you are facing this, and I am glad you reached out early. We have options for customers in financial difficulty, such as a temporary payment holiday, a longer tenure with lower instalments, or restructuring, depending on your situation. I will pass your request to our customer support team, who will review your income and expenses and discuss what is possible. Please try to keep making any payments you can, and avoid ignoring reminders, as talking to us early gives you more choices."
Could you tell me the yearly charges on the card ending 8539? Any idea what to do?,CARD,check_card_annual_fee,"Annual fees vary by card, and many cards waive the fee after a certain level of yearly spending. Please check Fees and Charges for your card in the app to see your amount and the anniversary date. If you would like to ask about a waiver, customer service can review your eligibility. I am here if you need anything else."
"Please help: my brother died and I am the nominee on his account, what should I do?",RETAIL_EXCEPTION,deceased_account_holder,"I am very sorry for your loss. Please take your time, and we will make this as simple as we can. To begin, please inform us of the death by contacting our bereavement team, who will guide you personally. You will usually need a copy of the death certificate, your own identification and proof of your relationship, and if you are the nominee, the nomination details. Because this involves legal steps, a specialist will handle your request and explain the timeline."
"Hello there, when is my next student loan instalment due? Can you help me with this?",LOAN,check_loan_payments,"Thanks for reaching out, I can guide you through this. To check your loan payments, log in and open Loans, then choose the loan. You will see what you have paid so far, what is left, and the next due date. If you would like to pay extra to reduce the balance, there is an option to make a part payment on the same screen. Let me know if there is anything more I can do for you."
"pls block my card ending 6450, i think it was stolen. any idea what to do?",CARD,block_card,"You can block the card immediately in the mobile app. Go to Cards, choose the card and tap Block Card, then pick Lost or Stolen as the reason. The card stops working straight away and any new transactions are declined. We will then help you order a replacement, which usually arrives in a few working days."
"Hi, how do I set up a password for net banking? Any idea what to do?",PASSWORD,set_up_password,"To set up or change your password, log in and go to Settings and then Security. Choose Change Password, enter your current password, and type the new one twice. A strong password uses at least eight characters with a mix of letters, numbers and symbols, and should not include your name or birth date. Feel free to ask if you have any other questions."
Is there an ATM near the old town square? I need this sorted today.,FIND,find_ATM,"To locate an ATM, open the Locator in the app or on our website and search by city or landmark. Filters help you find machines that offer deposits, cheque drops or extended hours. Please remember that using an ATM outside our network may attract a fee. If you need any further help, just let me know."
"Hi, could you tell me the yearly charges on the card ending 0888?",CARD,check_card_annual_fee,"Certainly, I can help with that. Annual fees vary by card, and many cards waive the fee after a certain level of yearly spending. Please check Fees and Charges for your card in the app to see your amount and the anniversary date. If you would like to ask about a waiver, customer service can review your eligibility. Please reach out again if anything is unclear."
"Hello, the bank refused my mortgage even though I have a stable income. Please advise",RETAIL_EXCEPTION,loan_application_rejected_appeal,"I am sorry that your application was not approved. Decisions are based on factors such as income, existing debts, credit history and the value of the loan requested, and we can share the main reasons with you. You may ask for a review, especially if your circumstances have changed or if some information was missing. I will pass your request to a loans specialist who can explain the decision and suggest what may improve your chances next time."
"I need help. ATM retained my card ending 2013, how do I recover it? Any idea what to do",ATM,recover_swallowed_card,"I am sorry that the ATM kept your card. For your safety, I suggest blocking the card right away in the app. We will then arrange either collection from the ATM branch with identification or a replacement card sent to your address, usually within a few working days."
Urgent: I want to cancel my car loan application.,LOAN,cancel_loan,"To cancel a loan application, tell us which application you mean and we will stop the process. Before disbursal there is normally no cost. After disbursal, the loan must be closed by repaying the outstanding amount, and we will give you the exact figure and any applicable charges. I am here if you need anything else."
is there any joining or annual fee on the travel card? please advise.,CARD,check_card_annual_fee,"Of course, happy to help. Annual fees vary by card, and many cards waive the fee after a certain level of yearly spending. Please check Fees and Charges for your card in the app to see your amount and the anniversary date. If you would like to ask about a waiver, customer service can review your eligibility. Let me know if there is anything more I can do for you."
"hey, what is the process to get a mortgage for a house worth $189,880? can you help me with this?",LOAN,apply_for_mortgage,"Applying for a home loan involves a few stages: an initial eligibility check, document submission, property valuation, formal approval and legal completion. A mortgage adviser can guide you at each stage. You can begin by booking a call from the Loans section of the app. If you need any further help, just let me know."
"Excuse me, how can I add a new payee and transfer funds? Can you help me with this?",TRANSFER,make_transfer,"Sure, here is how this works. You can send money in a few steps. Open Transfers, choose Send Money and select an existing payee or add a new one. Type in the amount, check the details carefully because transfers to the wrong account can be hard to reverse, and approve with your security code. Instant methods arrive within minutes, while standard transfers can take up to one working day."
"Hi team, the ATM did not give me the full cash but the money was deducted, I withdrew EUR 612",ATM,dispute_ATM_withdrawal,"Sorry about the trouble with the ATM. Please keep the receipt if you have one and raise a dispute through the app or by calling customer service. We will check the ATM records for the withdrawal and update you by message. If the money is confirmed as not dispensed, it will be returned to your account."
"Hey, the bank sent a notice about mortgage arrears, pls help. Pls help.",RETAIL_EXCEPTION,mortgage_arrears_support,"Thank you for reaching out. Falling behind on a mortgage is stressful, and there are steps we can explore together. A mortgage support specialist will review your account, your income and expenses, and discuss a plan that suits you. I am raising this as urgent so they contact you soon. If you would like, I can connect you with a human agent right now."
"Hi, I lost my platinum credit card and need to block it right now. I need this sorted today.",CARD,block_card,"I understand how stressful this must be, and I am here to help. To protect your money, block the card first. Use the app under Cards and Block, or call the 24 hour phone banking line and ask for an immediate block. Once blocked, please review your recent transactions and tell us about any you do not recognise so we can look into them. If you need any further help, just let me know."
"Urgent: account blocked after I updated my address, how do I get access? Thanks.",RETAIL_EXCEPTION,account_frozen_kyc,"I understand how stressful it is to have an account restricted. Accounts are sometimes frozen when identity documents are missing or expired, or when a compliance review is needed. I cannot lift a restriction from this chat, but I can raise a priority request with our account services team. Please keep your photo ID, proof of address and recent photograph ready, and a specialist will contact you with the exact documents required. You can ask for a human agent at any time and I will arrange it."
Is there a fee if my balance drops below the minimum?,FEES,check_fees,"Fees depend on the type of account or service. You can find the full list in the app under Help and then Fees and Charges, including maintenance, ATM, transfer and card fees. If you tell me the specific service you are asking about, I can explain how that fee is calculated and when it applies. I am here if you need anything else."
"Hi, how can I add a new payee and transfer funds",TRANSFER,make_transfer,"Of course, happy to help. You can send money in a few steps. Open Transfers, choose Send Money and select an existing payee or add a new one. Type in the amount, check the details carefully because transfers to the wrong account can be hard to reverse, and approve with your security code. Instant methods arrive within minutes, while standard transfers can take up to one working day. If you need any further help, just let me know."
"What is the process to get a mortgage for a house worth EUR 343,810? I need this sorted today",LOAN,apply_for_mortgage,"Absolutely, let me walk you through it. Applying for a home loan involves a few stages: an initial eligibility check, document submission, property valuation, formal approval and legal completion. A mortgage adviser can guide you at each stage. You can begin by booking a call from the Loans section of the app. Let me know if there is anything more I can do for you."
"Hello, when is my next mortgage payment due?",LOAN,check_mortgage_payments,"Your mortgage details are available under Loans. There you can view the payment amount, upcoming due dates, the balance still owed and a summary of interest paid. If your payment changes because of a rate change, we will notify you in advance."
"please help: i need to speak to support about my account, how do i reach you? thanks.",CONTACT,customer_service,"There are several ways to contact us. The quickest is the chat option in the app, which is available all day. You can also call the number printed on the back of your card or on our website, or visit any branch during opening hours. Feel free to ask if you have any other questions."
"good evening, need to switch on my new card, what should i do? please advise.",CARD,activate_card,"You can activate your card in two easy ways. In the mobile app, go to Cards, pick your card, and tap Activate. If you prefer, call the phone banking number printed on the back of the card and follow the voice prompts. After verification your card will be active within a few minutes."
"Good morning, why did Booking.com take $554 two times? Any idea what to do?",PAYMENT_EXCEPTION,duplicate_charge,"I am sorry about the double charge. Sometimes one of the two entries is only a temporary hold that drops off within a few working days, so please check whether both are marked as completed. If both are completed, raise a dispute from the transaction details in the app for the duplicate $554 at Booking.com. We will contact the merchant, and the extra amount will be returned if the duplicate is confirmed. Please keep your reference number safe, and reply here if you need anything else."
"Hello there, is there a live chat with the bank? Thank you.",CONTACT,customer_service,"Of course, happy to help. You can reach customer service by phone banking, through secure chat in the mobile app, or by email through the Contact Us section. Phone and chat support are available round the clock for urgent matters such as blocking a card, and other requests are handled during business hours. Please keep your customer ID handy so we can help you faster."
"I never received the goods I paid GBP 1,820 for on IKEA, I want a chargeback. Any idea what to do",PAYMENT_EXCEPTION,chargeback_request,Thank you for the details. A card dispute can be raised for items not received or not as described. We will need your order confirmation and any communication with the seller. Our disputes team will assess the claim and let you know whether the amount can be recovered.
"Hi team, please cancel my pending transfer of 1,550 USD. Appreciate the help.",TRANSFER,cancel_transfer,"Certainly, I can help with that. If the transfer of 1,550 USD is still pending or scheduled, you can cancel it in the app. Go to Transfers, open Pending or Scheduled, select the transfer and tap Cancel. If it has already been completed, it cannot be cancelled directly, but you can raise a request and we will contact the receiving bank to ask for the money back. Success depends on the receiving bank and the account holder agreeing to return it. If you need any further help, just let me know."
Please help: pls help me recover my login details. Any idea what to do?,PASSWORD,get_password,"You can recover access in a few steps. Select Forgot Password on the login screen, verify your identity with the one-time code sent to your registered number, and set a new password. If you no longer have access to that number, please visit a branch with your identification to update it."
My card was declined in Sydney and I am stuck without money.,PAYMENT_EXCEPTION,card_declined_while_travelling,"Sorry about the inconvenience, especially while you are travelling. Please check that international transactions are enabled and that you have not reached your daily limit. Because this is urgent, I recommend calling the emergency line on the back of the card, where an agent can verify you and remove any block. Emergency cash or a replacement card can be arranged if needed. If anything changes in the meantime, please let us know straight away."
"Hi, I found a recurring payment on my card that I dont recognise. Please advise",PAYMENT_EXCEPTION,recurring_payment_unauthorized,"Sorry about the trouble. We can block future payments to the merchant on your card, and I can start a dispute for charges you did not authorise. Please share the dates and the amounts of the payments and any cancellation emails you have. A specialist will review whether the money can be recovered. If anything changes in the meantime, please let us know straight away."
"Excuse me, I lost my travel card and need to block it right now. Thanks.",CARD,block_card,"You can block the card immediately in the mobile app. Go to Cards, choose the card and tap Block Card, then pick Lost or Stolen as the reason. The card stops working straight away and any new transactions are declined. We will then help you order a replacement, which usually arrives in a few working days. Please reach out again if anything is unclear."
"Good evening, I have a power of attorney document, how do I register it with the bank? I need this sorted today",RETAIL_EXCEPTION,power_of_attorney_request,"I am sorry to hear that. Managing another person's account requires a valid legal authority, such as a registered power of attorney, and we need to verify it before giving access. Please prepare the original or certified copy of the document, your identification and the account holder details. A specialist will check the paperwork and explain what your authority allows, and I will arrange for them to contact you. Please keep your reference number safe, and reply here if you need anything else."
"I need help. What happens if I cancel my platinum credit card, and how do I do it? Not sure what to do.",CARD,cancel_card,"To cancel a card, go to Cards in the mobile app, select your platinum credit card and choose Cancel Card, or contact customer service. Before we close it, please clear any outstanding balance and cancel recurring payments linked to the card. Once cancelled, the card cannot be used again, and you can request a new one later if you change your mind."
"Hello, the account holder cant sign anymore, what documents do I need to act for them?",RETAIL_EXCEPTION,power_of_attorney_request,"I am sorry to hear that. Managing another person's account requires a valid legal authority, such as a registered power of attorney, and we need to verify it before giving access. Please prepare the original or certified copy of the document, your identification and the account holder details. A specialist will check the paperwork and explain what your authority allows, and I will arrange for them to contact you."
"The ATM did not give me the full cash but the money was deducted, I withdrew INR 1,430. Please help.",ATM,dispute_ATM_withdrawal,"Sorry about the trouble with the ATM. Please keep the receipt if you have one and raise a dispute through the app or by calling customer service. We will check the ATM records for the withdrawal and update you by message. If the money is confirmed as not dispensed, it will be returned to your account. Please reach out again if anything is unclear."
I want a written response to my complaint about current account charges. Can you help me with this?,RETAIL_EXCEPTION,formal_complaint_escalation,"I am sorry that your issue has not been resolved, and you have every right to escalate. I can register a formal complaint now, which will be given a reference number and reviewed by our complaints team, who will respond in writing within the time required. If you are not satisfied with the final response, you can take the matter to the external financial ombudsman. It helps if you share the dates and details of your previous contacts."
"The other holder of my joint student account is not cooperating, what are my options? Appreciate the help.",RETAIL_EXCEPTION,joint_account_dispute,"I am sorry you are going through this. Joint accounts are governed by the mandate that was agreed when they were opened, and changes such as removing a holder or freezing the account usually need the consent of all holders, or a legal instruction. I can arrange for a specialist to explain your options and what proof would be required. Please keep in mind that we cannot take sides, and for serious disputes it can help to seek legal advice. We will keep you updated by message until this is resolved."
Quick question: show me my recent activity on the savings account. thx,ACCOUNT,check_recent_transactions,"You can see recent transactions in the app or net banking. Open your savings account and tap Transactions to view the latest activity, and use the filters to search by date or amount. Statements for earlier periods can be downloaded as a PDF from the Statements section. Please reach out again if anything is unclear."
"Hi team, I just received my prepaid card in the mail, how can I start using it? Please help.",CARD,activate_card,"You can activate your card in two easy ways. In the mobile app, go to Cards, pick your card, and tap Activate. If you prefer, call the phone banking number printed on the back of the card and follow the voice prompts. After verification your card will be active within a few minutes. Let me know if there is anything more I can do for you."
"Hello, how can I avoid repossession of my house? Thank you.",RETAIL_EXCEPTION,mortgage_arrears_support,"I understand how worrying this is, and I want you to know that help is available. Please do not ignore the notice, because early contact gives us more options such as revising the payment plan, extending the term or a temporary arrangement. I will connect you with our specialist mortgage support team, who can go through the details with you in confidence. It is also worth getting free independent money advice alongside speaking to us. If anything changes in the meantime, please let us know straight away."
"Hi, can you transfer me to a human agent? Appreciate the help.",CONTACT,human_agent,"Certainly, I can arrange for one of our advisors to help you. I am transferring you now, and I will share the details of our conversation so you do not need to repeat yourself. If the queue is long, you can choose to receive a call back instead. Feel free to ask if you have any other questions."
"excuse me, my card went missing last week, block it asap. i need this sorted today.",CARD,block_card,"To protect your money, block the card first. Use the app under Cards and Block, or call the 24 hour phone banking line and ask for an immediate block. Once blocked, please review your recent transactions and tell us about any you do not recognise so we can look into them. Please reach out again if anything is unclear."
"Hi team, the merchant refused a refund of 2,360 dollars, what are my options with the bank? Please help.",PAYMENT_EXCEPTION,chargeback_request,Thank you for the details. A card dispute can be raised for items not received or not as described. We will need your order confirmation and any communication with the seller. Our disputes team will assess the claim and let you know whether the amount can be recovered. You can ask for a human agent at any time and I will arrange it.
"Good evening, what is the available balance on my prepaid card? Please help.",CARD,check_current_balance_on_card,"Thanks for reaching out, I can guide you through this. You can see your card balance in the mobile app under Cards. Select your prepaid card to view the available limit, the outstanding amount and the payment due date. You can also get a quick balance by sending a text message from your registered number or by calling phone banking. Feel free to ask if you have any other questions."
"good morning, my salary came late and i was penalised, can you reverse the fee? i need this sorted today",RETAIL_EXCEPTION,overdraft_fee_dispute,"Thanks for explaining. To review the fee, we need to see the order in which the deposit and the payments were processed. I will raise a request for the fee to be reviewed, and you will hear back with the outcome. In some cases, especially after a delayed salary, the fee can be waived. Please keep your reference number safe, and reply here if you need anything else."
Could you tell me the yearly charges on the card ending 9809? Appreciate the help.,CARD,check_card_annual_fee,"Certainly, I can help with that. Annual fees vary by card, and many cards waive the fee after a certain level of yearly spending. Please check Fees and Charges for your card in the app to see your amount and the anniversary date. If you would like to ask about a waiver, customer service can review your eligibility. Let me know if there is anything more I can do for you."
"Hey, myntra keeps charging me 285 dollars every month and I never subscribed. Not sure what to do.",PAYMENT_EXCEPTION,recurring_payment_unauthorized,"Sorry about the trouble. We can block future payments to the merchant on your card, and I can start a dispute for charges you did not authorise. Please share the dates and the amounts of the payments and any cancellation emails you have. A specialist will review whether the money can be recovered."
Urgent: how can I change my password to something stronger?,PASSWORD,set_up_password,"Certainly, I can help with that. New customers can create a password using the First Time Login option. Enter your customer ID, verify with a one-time code, then choose a password that meets the rules shown on screen. Please do not share it with anyone, including bank staff. Feel free to ask if you have any other questions."
"Hello there, where is the nearest ATM?",FIND,find_ATM,"Absolutely, let me walk you through it. To locate an ATM, open the Locator in the app or on our website and search by city or landmark. Filters help you find machines that offer deposits, cheque drops or extended hours. Please remember that using an ATM outside our network may attract a fee. Feel free to ask if you have any other questions."
Please help: the ATM kept my debit card and I cannot get it back,ATM,recover_swallowed_card,"Please do not worry, this happens sometimes. First, block the card in the app as a precaution until you have it back. Then contact the branch that owns the ATM or call customer service, and we will check if the card was retained by the machine. If it can be recovered you may collect it with valid photo ID, otherwise we will issue a replacement card to you."
I lost my job and cannot pay my student loan instalments. Thanks.,RETAIL_EXCEPTION,loan_hardship_request,"Thank you for being open about this. We treat hardship requests seriously and with respect. A specialist will contact you to understand your circumstances and explore ways to reduce the pressure, for example a payment break or revised repayment plan. They may ask for proof of the change in your income. Nothing is decided in this chat, but I will raise it as a priority. We will keep you updated by message until this is resolved."
Please explain how to apply for a loan online. Any idea what to do?,LOAN,apply_for_loan,"Of course, happy to help. To apply for a loan, go to Loans in the app and select the type of loan you need. Enter the amount and tenure, upload the required documents and submit. Your eligibility is based on income, existing commitments and credit score, and you will see a decision and an offer once the review is complete. Let me know if there is anything more I can do for you."
"The merchant refused a refund of $739, what are my options with the bank? Any idea what to do?",PAYMENT_EXCEPTION,chargeback_request,Thank you for the details. A card dispute can be raised for items not received or not as described. We will need your order confirmation and any communication with the seller. Our disputes team will assess the claim and let you know whether the amount can be recovered.
"Excuse me, the ATM swallowed my card, what should I do? Any idea what to do?",ATM,recover_swallowed_card,"Please do not worry, this happens sometimes. First, block the card in the app as a precaution until you have it back. Then contact the branch that owns the ATM or call customer service, and we will check if the card was retained by the machine. If it can be recovered you may collect it with valid photo ID, otherwise we will issue a replacement card to you. Feel free to ask if you have any other questions."
What are the opening hours of the branch near the old town square? I need this sorted today.,FIND,find_branch,"Thanks for reaching out, I can guide you through this. To find a branch, enter your area or city in the Locator and choose Branches. Each listing shows the address, working hours and the services offered, such as loans or locker facilities. Most branches are open on weekdays and some are open on Saturday mornings. Please reach out again if anything is unclear."
"Excuse me, please help me make a transfer of 2,180 dollars today. Can u help me with this",TRANSFER,make_transfer,"You can send money in a few steps. Open Transfers, choose Send Money and select an existing payee or add a new one. Type in the amount, check the details carefully because transfers to the wrong account can be hard to reverse, and approve with your security code. Instant methods arrive within minutes, while standard transfers can take up to one working day. If you need any further help, just let me know."
"Hi team, someone may have my card details, how can I block the card immediately? Appreciate the help",CARD,block_card,"That sounds frustrating, and I will do my best to help you resolve it. You can block the card immediately in the mobile app. Go to Cards, choose the card and tap Block Card, then pick Lost or Stolen as the reason. The card stops working straight away and any new transactions are declined. We will then help you order a replacement, which usually arrives in a few working days. Let me know if there is anything more I can do for you."
"Urgent: I think my identity was stolen, there are accounts and loans in my name that I did not open.",RETAIL_EXCEPTION,identity_theft_account_takeover,"I am very sorry, and I will treat this as urgent. To protect you, we should restrict access to your account and cards immediately, and I am escalating this to our fraud and security team now. Please do not use the same password anywhere else, avoid clicking links in unexpected messages, and keep a note of any suspicious messages or calls. A specialist will contact you on a verified number to restore your access and review the activity. If anything changes in the meantime, please let us know straight away."
"Quick question: why is my account restricted, I need to pay bills today. Appreciate the help",RETAIL_EXCEPTION,account_frozen_kyc,"I am sorry for the inconvenience. A restriction usually means we need to verify or update some information. You can complete the update in the app under Profile and KYC, or visit a branch. If you have already submitted documents, I will ask the team to prioritise the review and update you. We will keep you updated by message until this is resolved."
"Hello, please cancel my pending transfer of 2,990 dollars. Please advise.",TRANSFER,cancel_transfer,"Certainly, I can help with that. If the transfer of 2,990 dollars is still pending or scheduled, you can cancel it in the app. Go to Transfers, open Pending or Scheduled, select the transfer and tap Cancel. If it has already been completed, it cannot be cancelled directly, but you can raise a request and we will contact the receiving bank to ask for the money back. Success depends on the receiving bank and the account holder agreeing to return it. Please reach out again if anything is unclear."
im a student and would like to start a savings account. Pls advise.,ACCOUNT,create_account,"Thanks for reaching out, I can guide you through this. To start, choose the type of account that suits you, then fill in the application form online. You will need identity and address documents, and you may complete a short video verification. Once approved, your account details arrive by message and email, and your debit card is sent to your address."
"excuse me, i was charged an overdraft fee of 2,580 dollars even though i had funds. any idea what to do?",RETAIL_EXCEPTION,overdraft_fee_dispute,"Thanks for explaining. To review the fee, we need to see the order in which the deposit and the payments were processed. I will raise a request for the fee to be reviewed, and you will hear back with the outcome. In some cases, especially after a delayed salary, the fee can be waived."
What are the opening hours of the branch near the city mall? Please help.,FIND,find_branch,"Of course, happy to help. You can find branches using the Locator in the app or on our website. Search by city or a landmark like the city mall, and you will see the address, opening hours and services available at each branch. Many branches allow you to book an appointment in advance, which reduces waiting time. I am here if you need anything else."
"Good morning, please tell me the reason my loan was denied. Thank you",RETAIL_EXCEPTION,loan_application_rejected_appeal,"I am sorry that your application was not approved. Decisions are based on factors such as income, existing debts, credit history and the value of the loan requested, and we can share the main reasons with you. You may ask for a review, especially if your circumstances have changed or if some information was missing. I will pass your request to a loans specialist who can explain the decision and suggest what may improve your chances next time. You can ask for a human agent at any time and I will arrange it."
"Hi team, please guide me through creating a new account. Can you help me with this?",ACCOUNT,create_account,"To start, choose the type of account that suits you, then fill in the application form online. You will need identity and address documents, and you may complete a short video verification. Once approved, your account details arrive by message and email, and your debit card is sent to your address. Feel free to ask if you have any other questions."
"Hi team, why was I charged a fee of $1,600 this month? Can you help me with this",FEES,check_fees,"Absolutely, let me walk you through it. I can help you understand the charges. Common fees include monthly maintenance, foreign transaction fees, ATM use outside our network and penalties for low balance. Your latest statement shows every fee that has been applied, and customer service can review any fee you believe was charged in error. Please reach out again if anything is unclear."
"Urgent: I need to withdraw cash in Delhi, where can I find one of your ATMs? Appreciate the help.",FIND,find_ATM,"To locate an ATM, open the Locator in the app or on our website and search by city or landmark. Filters help you find machines that offer deposits, cheque drops or extended hours. Please remember that using an ATM outside our network may attract a fee. Let me know if there is anything more I can do for you."
"Hi team, my wire transfer has been under review for 5 days, I need the money urgently. I need this sorted today.",PAYMENT_EXCEPTION,international_transfer_compliance_hold,"Thank you for your patience. Some cross border payments are checked before release, and I am not able to share the specific reason for a review. Please keep supporting documents ready. I am escalating your transfer to a specialist team, who will tell you what is required and the expected timing. If you would like, I can connect you with a human agent right now."
"Good morning, can I reapply after a rejection and what should I improve? Please help.",RETAIL_EXCEPTION,loan_application_rejected_appeal,"I am sorry that your application was not approved. Decisions are based on factors such as income, existing debts, credit history and the value of the loan requested, and we can share the main reasons with you. You may ask for a review, especially if your circumstances have changed or if some information was missing. I will pass your request to a loans specialist who can explain the decision and suggest what may improve your chances next time. You can ask for a human agent at any time and I will arrange it."
"hi, i ordered from ola last week, the item is not what was shown, can i dispute the charge? can you help me with this",PAYMENT_EXCEPTION,chargeback_request,"Thank you for the details. A card dispute can be raised for items not received or not as described. We will need your order confirmation and any communication with the seller. Our disputes team will assess the claim and let you know whether the amount can be recovered. Please keep your reference number safe, and reply here if you need anything else."
"Hi team, my card got stuck in the machine yesterday",ATM,recover_swallowed_card,"Please do not worry, this happens sometimes. First, block the card in the app as a precaution until you have it back. Then contact the branch that owns the ATM or call customer service, and we will check if the card was retained by the machine. If it can be recovered you may collect it with valid photo ID, otherwise we will issue a replacement card to you. I am here if you need anything else."
"What is the process to get a mortgage for a house worth $68,890?",LOAN,apply_for_mortgage,"For a mortgage, the first step is to check how much you can borrow using the mortgage calculator in the app. Then submit an application with your identity, income and property details, and we will arrange a valuation of the property. After approval you receive a formal offer, and the funds are released to the seller once the legal formalities are complete. A deposit is usually needed, and the amount depends on the property value and your profile. Let me know if there is anything more I can do for you."
"urgent, travelling and card blocked, i cannot pay my hotel.",PAYMENT_EXCEPTION,card_declined_while_travelling,"Sorry about the inconvenience, especially while you are travelling. Please check that international transactions are enabled and that you have not reached your daily limit. Because this is urgent, I recommend calling the emergency line on the back of the card, where an agent can verify you and remove any block. Emergency cash or a replacement card can be arranged if needed. If you would like, I can connect you with a human agent right now."
"Hey, what is the process to claim the balance in my late mother's account? I need this sorted today",RETAIL_EXCEPTION,deceased_account_holder,"My condolences to you and your family. Accounts of a deceased customer are handled by a dedicated team with care. Please share the death certificate and your identification, and they will explain how the balance is released to the nominee or legal heir and how the account is closed. I will connect you with them, so you do not have to repeat yourself. If you would like, I can connect you with a human agent right now."
"Good evening, please enable international transactions on my card ending 9961. I need this sorted today.",CARD,activate_card_international_usage,"To use your card overseas, open Card Controls in the app and enable International Usage. It is a good idea to set a travel period and a daily limit. If you cannot use the app, phone banking can turn it on for you after verifying your identity. I am here if you need anything else."
Payment stuck in processing for 7 days and my rent is due. Appreciate the help.,PAYMENT_EXCEPTION,transfer_pending_stuck,"Sorry for the delay. A transfer can stay pending if the receiving bank is slow, if the details do not match, or if the payment is under review. I have noted the delay and a specialist team will trace the payment. If it cannot be completed, the money is returned to your account."
Urgent: my card was declined in Berlin and I am stuck without money. Not sure what to do,PAYMENT_EXCEPTION,card_declined_while_travelling,"Sorry about the inconvenience, especially while you are travelling. Please check that international transactions are enabled and that you have not reached your daily limit. Because this is urgent, I recommend calling the emergency line on the back of the card, where an agent can verify you and remove any block. Emergency cash or a replacement card can be arranged if needed. We will keep you updated by message until this is resolved."
"Excuse me, we fell 4 weeks behind on the mortgage, what can we do?",RETAIL_EXCEPTION,mortgage_arrears_support,"I understand how worrying this is, and I want you to know that help is available. Please do not ignore the notice, because early contact gives us more options such as revising the payment plan, extending the term or a temporary arrangement. I will connect you with our specialist mortgage support team, who can go through the details with you in confidence. It is also worth getting free independent money advice alongside speaking to us. We will keep you updated by message until this is resolved."
pls help: how can i remove someone from a joint account? can you help me with this?,RETAIL_EXCEPTION,joint_account_dispute,"I am sorry you are going through this. Joint accounts are governed by the mandate that was agreed when they were opened, and changes such as removing a holder or freezing the account usually need the consent of all holders, or a legal instruction. I can arrange for a specialist to explain your options and what proof would be required. Please keep in mind that we cannot take sides, and for serious disputes it can help to seek legal advice. You can ask for a human agent at any time and I will arrange it."
"hi team, i want to reverse the payment i just made, is that possible? thanks.",TRANSFER,cancel_transfer,"Please act quickly. For transfers that have not been processed yet, use Cancel next to the transfer in your pending list. For completed transfers, raise a recall request from the same screen or through customer service, and keep the transaction reference handy. We will update you as soon as we hear back from the other bank. Please reach out again if anything is unclear."
"urgent: atm retained my card ending 9582, how do i recover it? i need this sorted today.",ATM,recover_swallowed_card,"Please do not worry, this happens sometimes. First, block the card in the app as a precaution until you have it back. Then contact the branch that owns the ATM or call customer service, and we will check if the card was retained by the machine. If it can be recovered you may collect it with valid photo ID, otherwise we will issue a replacement card to you. If you need any further help, just let me know."
"Hello there, I want a written response to my complaint about savings account charges.",RETAIL_EXCEPTION,formal_complaint_escalation,"I am sorry that your issue has not been resolved, and you have every right to escalate. I can register a formal complaint now, which will be given a reference number and reviewed by our complaints team, who will respond in writing within the time required. If you are not satisfied with the final response, you can take the matter to the external financial ombudsman. It helps if you share the dates and details of your previous contacts. We will keep you updated by message until this is resolved."
"I need help. The money I sent last night has not reached the receiver yet, the status still says processing. Can you help me with this",PAYMENT_EXCEPTION,transfer_pending_stuck,"Sorry for the delay. A transfer can stay pending if the receiving bank is slow, if the details do not match, or if the payment is under review. I have noted the delay and a specialist team will trace the payment. If it cannot be completed, the money is returned to your account. You can ask for a human agent at any time and I will arrange it."
"Hello there, how do I freeze my card temporarily? I cant find it. Pls advise.",CARD,block_card,"That sounds frustrating, and I will do my best to help you resolve it. To protect your money, block the card first. Use the app under Cards and Block, or call the 24 hour phone banking line and ask for an immediate block. Once blocked, please review your recent transactions and tell us about any you do not recognise so we can look into them. Feel free to ask if you have any other questions."
"hi, can i cancel a scheduled transfer for next week? thanks.",TRANSFER,cancel_transfer,"Please act quickly. For transfers that have not been processed yet, use Cancel next to the transfer in your pending list. For completed transfers, raise a recall request from the same screen or through customer service, and keep the transaction reference handy. We will update you as soon as we hear back from the other bank. Please reach out again if anything is unclear."
"Please cancel my pending transfer of 1,310 dollars. Thank you.",TRANSFER,cancel_transfer,"Please act quickly. For transfers that have not been processed yet, use Cancel next to the transfer in your pending list. For completed transfers, raise a recall request from the same screen or through customer service, and keep the transaction reference handy. We will update you as soon as we hear back from the other bank. Let me know if there is anything more I can do for you."
"hey, the merchant refused a refund of gbp 1,880, what are my options with the bank? appreciate the help",PAYMENT_EXCEPTION,chargeback_request,Thank you for the details. A card dispute can be raised for items not received or not as described. We will need your order confirmation and any communication with the seller. Our disputes team will assess the claim and let you know whether the amount can be recovered. You can ask for a human agent at any time and I will arrange it.
"Good evening, how can I reset my forgotten mobile banking password? Thanks.",PASSWORD,get_password,"You can recover access in a few steps. Select Forgot Password on the login screen, verify your identity with the one-time code sent to your registered number, and set a new password. If you no longer have access to that number, please visit a branch with your identification to update it."
"Good morning, how can I enable my prepaid card for use abroad? I am travelling to Toronto.",CARD,activate_card_international_usage,"International usage can be switched on from the mobile app. Go to Cards, select your prepaid card, open Card Controls and turn on International Transactions. You can also set the dates of your trip and a spending limit for extra safety. Changes usually take effect within a few minutes, so please do it before you leave."
"hi team, my income has dropped, can you restructure my home loan? thanks.",RETAIL_EXCEPTION,loan_hardship_request,"Thank you for being open about this. We treat hardship requests seriously and with respect. A specialist will contact you to understand your circumstances and explore ways to reduce the pressure, for example a payment break or revised repayment plan. They may ask for proof of the change in your income. Nothing is decided in this chat, but I will raise it as a priority. We will keep you updated by message until this is resolved."
"Good morning, is there any joining or annual fee on the credit card?",CARD,check_card_annual_fee,"The annual fee depends on the type of card you hold. You can see the exact amount for your credit card in the app under Cards and Card Details, and it is also listed in your welcome kit. The fee is normally charged once a year on the card anniversary date. Some cards offer a waiver if you reach a yearly spending target."
I need help. What is the remaining balance on my mortgage? Not sure what to do,LOAN,check_mortgage_payments,"Your mortgage details are available under Loans. There you can view the payment amount, upcoming due dates, the balance still owed and a summary of interest paid. If your payment changes because of a rate change, we will notify you in advance. Feel free to ask if you have any other questions."
"Please help: why is my account restricted, I need to pay bills today. Please help.",RETAIL_EXCEPTION,account_frozen_kyc,"I understand how stressful it is to have an account restricted. Accounts are sometimes frozen when identity documents are missing or expired, or when a compliance review is needed. I cannot lift a restriction from this chat, but I can raise a priority request with our account services team. Please keep your photo ID, proof of address and recent photograph ready, and a specialist will contact you with the exact documents required. You can ask for a human agent at any time and I will arrange it."
"hi team, please help me make a transfer of inr 1,730 today. any idea what to do?",TRANSFER,make_transfer,"Certainly, I can help with that. To make a transfer, log in to the app or net banking and go to Transfers. Add the payee by entering the name, account number and bank code, then confirm the payee with a one-time code. Enter the amount of INR 1,730, choose the payment method, review the details and confirm. You will get a confirmation message with a reference number. Let me know if there is anything more I can do for you."
"Hi team, I want to make a large purchase of EUR 15,550 but my card keeps getting declined.",PAYMENT_EXCEPTION,large_transaction_blocked,"I understand the urgency. Large payments can be blocked because they go over your daily limit or because our security systems flagged them for extra checks. I cannot release a held payment from this chat, but I can help you confirm it is genuine. Please approve any alert on your app, or I can connect you to a specialist who will verify you and, where possible, release the payment or raise your limit temporarily. We will keep you updated by message until this is resolved."
"I changed my name after marriage, how do I update it on my salary account? Thank you.",RETAIL_EXCEPTION,legal_name_change,"To change your name in our records, we need proof of the legal name change, such as a marriage certificate, a gazette notification or a deed poll, together with your identification. Please upload the documents in the app under Profile or visit a branch, and we will update your accounts and cards. Because this affects several products, the update may take a few working days, and we will notify you when it is complete. If anything changes in the meantime, please let us know straight away."
"Hello there, my wire transfer has been under review for 5 days, I need the money urgently",PAYMENT_EXCEPTION,international_transfer_compliance_hold,"Thank you for your patience. Some cross border payments are checked before release, and I am not able to share the specific reason for a review. Please keep supporting documents ready. I am escalating your transfer to a specialist team, who will tell you what is required and the expected timing. If anything changes in the meantime, please let us know straight away."
"hey, what fees do u charge on my account? please help.",FEES,check_fees,"I can help you understand the charges. Common fees include monthly maintenance, foreign transaction fees, ATM use outside our network and penalties for low balance. Your latest statement shows every fee that has been applied, and customer service can review any fee you believe was charged in error. Please reach out again if anything is unclear."
Please help: the ATM kept my credit card and I cant get it back. Appreciate the help.,ATM,recover_swallowed_card,"I am sorry that the ATM kept your card. For your safety, I suggest blocking the card right away in the app. We will then arrange either collection from the ATM branch with identification or a replacement card sent to your address, usually within a few working days. If you need any further help, just let me know."
"Please help: I forgot my password, how do I get it back? Thank you.",PASSWORD,get_password,"I am sorry you are locked out. On the login page, tap Forgot Password and enter your customer ID. We will send a one-time code to your registered mobile number, and after you enter it you can choose a new password. For security reasons we can never tell you your old password. I am here if you need anything else."
I need help. Tell me about the monthly maintenance fees on my savings account. Not sure what to do.,FEES,check_fees,"Certainly, I can help with that. Fees depend on the type of account or service. You can find the full list in the app under Help and then Fees and Charges, including maintenance, ATM, transfer and card fees. If you tell me the specific service you are asking about, I can explain how that fee is calculated and when it applies. If you need any further help, just let me know."
"Hello, where is the nearest ATM?",FIND,find_ATM,"To locate an ATM, open the Locator in the app or on our website and search by city or landmark. Filters help you find machines that offer deposits, cheque drops or extended hours. Please remember that using an ATM outside our network may attract a fee. Let me know if there is anything more I can do for you."
"Hey, how can I check how much credit I have left on my card? Can you help me with this",CARD,check_current_balance_on_card,"Absolutely, let me walk you through it. To check your balance, log in to net banking or the app and open Cards. The card summary shows your current balance, available credit and the last statement amount. Balances update in near real time, but very recent transactions can take a short while to appear. Please reach out again if anything is unclear."
"Good morning, please help me make a transfer of $2,770 today. Appreciate the help",TRANSFER,make_transfer,"You can send money in a few steps. Open Transfers, choose Send Money and select an existing payee or add a new one. Type in the amount, check the details carefully because transfers to the wrong account can be hard to reverse, and approve with your security code. Instant methods arrive within minutes, while standard transfers can take up to one working day. Please reach out again if anything is unclear."
"Hi, how do I stop a transfer I made two days ago? Thanks",TRANSFER,cancel_transfer,"Of course, happy to help. Please act quickly. For transfers that have not been processed yet, use Cancel next to the transfer in your pending list. For completed transfers, raise a recall request from the same screen or through customer service, and keep the transaction reference handy. We will update you as soon as we hear back from the other bank."
"My wire transfer has been under review for 6 days, I need the money urgently.",PAYMENT_EXCEPTION,international_transfer_compliance_hold,"Thank you for your patience. Some cross border payments are checked before release, and I am not able to share the specific reason for a review. Please keep supporting documents ready. I am escalating your transfer to a specialist team, who will tell you what is required and the expected timing. You can ask for a human agent at any time and I will arrange it."
I cannot afford my mortgage after the rate increase. Any idea what to do,RETAIL_EXCEPTION,mortgage_arrears_support,"Thank you for reaching out. Falling behind on a mortgage is stressful, and there are steps we can explore together. A mortgage support specialist will review your account, your income and expenses, and discuss a plan that suits you. I am raising this as urgent so they contact you soon. We will keep you updated by message until this is resolved."
Quick question: I lost my credit card and need to block it right now. I need this sorted today.,CARD,block_card,"That sounds frustrating, and I will do my best to help you resolve it. To protect your money, block the card first. Use the app under Cards and Block, or call the 24 hour phone banking line and ask for an immediate block. Once blocked, please review your recent transactions and tell us about any you do not recognise so we can look into them. Feel free to ask if you have any other questions."
"Quick question: pls help me close the account, im moving abroad. Can you help me with this?",ACCOUNT,close_account,"Of course, happy to help. To close the account, make sure there are no pending transactions, linked cards or loans. Request closure through the app under Account Services or visit a branch. We will transfer any remaining balance to the account you nominate and confirm once the account is closed. I am here if you need anything else."
"Hello, we are separating and I want to stop my partner from withdrawing from our joint account. Please help.",RETAIL_EXCEPTION,joint_account_dispute,"Thank you for explaining. Changing the operating instruction on a joint account depends on the mandate, and sometimes a court order is needed. Our specialist team can review the account terms with you and tell you what can be done, such as requiring both signatures for withdrawals. I will connect you with them. You can ask for a human agent at any time and I will arrange it."
How can I reset my forgotten mobile banking password? Not sure what to do.,PASSWORD,get_password,"I am sorry you are locked out. On the login page, tap Forgot Password and enter your customer ID. We will send a one-time code to your registered mobile number, and after you enter it you can choose a new password. For security reasons we can never tell you your old password."
"good evening, i was charged more than expected because of the exchange rate on my purchase in paris. i need this sorted today.",PAYMENT_EXCEPTION,currency_conversion_dispute,"I understand the surprise. The debited amount comes from the exchange rate at the time of settlement, plus any conversion charges, and the shop may also offer to charge in your home currency at their own rate. I can flag your transaction for review so a specialist can confirm whether the correct rate was applied. You can ask for a human agent at any time and I will arrange it."
"excuse me, what fees do you charge on my account? i need this sorted today.",FEES,check_fees,"Sure, here is how this works. I can help you understand the charges. Common fees include monthly maintenance, foreign transaction fees, ATM use outside our network and penalties for low balance. Your latest statement shows every fee that has been applied, and customer service can review any fee you believe was charged in error. Let me know if there is anything more I can do for you."
Urgent: cancel the automatic payment to Expedia right now. Thank you.,PAYMENT_EXCEPTION,recurring_payment_unauthorized,"Sorry about the trouble. We can block future payments to the merchant on your card, and I can start a dispute for charges you did not authorise. Please share the dates and the amounts of the payments and any cancellation emails you have. A specialist will review whether the money can be recovered."
Urgent: is there an ATM near the city mall? Appreciate the help.,FIND,find_ATM,"Of course, happy to help. You can find your nearest ATM using the ATM and Branch Locator in the app. Allow location access or type in an area such as the city mall, and the map will show the closest machines, including ones that accept cash deposits. You can also use ATMs from partner networks with lower or no charges."
"Excuse me, my card got stuck in the machine three days ago. I need this sorted today",ATM,recover_swallowed_card,"I am sorry that the ATM kept your card. For your safety, I suggest blocking the card right away in the app. We will then arrange either collection from the ATM branch with identification or a replacement card sent to your address, usually within a few working days. Feel free to ask if you have any other questions."
"Excuse me, the money I sent last week has not reached the receiver yet, the status still says processing. Can u help me with this?",PAYMENT_EXCEPTION,transfer_pending_stuck,"Sorry for the delay. A transfer can stay pending if the receiving bank is slow, if the details do not match, or if the payment is under review. I have noted the delay and a specialist team will trace the payment. If it cannot be completed, the money is returned to your account. You can ask for a human agent at any time and I will arrange it."
"Good evening, please help me make a transfer of 2,780 USD today.",TRANSFER,make_transfer,"To make a transfer, log in to the app or net banking and go to Transfers. Add the payee by entering the name, account number and bank code, then confirm the payee with a one-time code. Enter the amount of 2,780 USD, choose the payment method, review the details and confirm. You will get a confirmation message with a reference number. I am here if you need anything else."
quick question: how do i file a formal complaint against the bank? not sure what to do.,RETAIL_EXCEPTION,formal_complaint_escalation,"I am sorry that your issue has not been resolved, and you have every right to escalate. I can register a formal complaint now, which will be given a reference number and reviewed by our complaints team, who will respond in writing within the time required. If you are not satisfied with the final response, you can take the matter to the external financial ombudsman. It helps if you share the dates and details of your previous contacts. You can ask for a human agent at any time and I will arrange it."
please tell me the current balance on the card ending 6254. please advise,CARD,check_current_balance_on_card,"To check your balance, log in to net banking or the app and open Cards. The card summary shows your current balance, available credit and the last statement amount. Balances update in near real time, but very recent transactions can take a short while to appear. Let me know if there is anything more I can do for you."
"Good evening, what is the process to get a mortgage for a house worth 240,820 USD? Any idea what to do?",LOAN,apply_for_mortgage,"Of course, happy to help. Applying for a home loan involves a few stages: an initial eligibility check, document submission, property valuation, formal approval and legal completion. A mortgage adviser can guide you at each stage. You can begin by booking a call from the Loans section of the app. Feel free to ask if you have any other questions."
I need help. Is there a fee if my balance drops below the minimum? Appreciate the help,FEES,check_fees,"I can help you understand the charges. Common fees include monthly maintenance, foreign transaction fees, ATM use outside our network and penalties for low balance. Your latest statement shows every fee that has been applied, and customer service can review any fee you believe was charged in error."
"quick question: i need help because i am struggling to repay my loan of 382,240 usd. thanks",RETAIL_EXCEPTION,loan_hardship_request,"I am sorry you are facing this, and I am glad you reached out early. We have options for customers in financial difficulty, such as a temporary payment holiday, a longer tenure with lower instalments, or restructuring, depending on your situation. I will pass your request to our customer support team, who will review your income and expenses and discuss what is possible. Please try to keep making any payments you can, and avoid ignoring reminders, as talking to us early gives you more choices. We will keep you updated by message until this is resolved."
"Hey, what is the available balance on my platinum credit card? I need this sorted today.",CARD,check_current_balance_on_card,"You can see your card balance in the mobile app under Cards. Select your platinum credit card to view the available limit, the outstanding amount and the payment due date. You can also get a quick balance by sending a text message from your registered number or by calling phone banking. Feel free to ask if you have any other questions."
"Excuse me, please cancel the card ending 9390. Any idea what to do?",CARD,cancel_card,"Certainly, I can help with that. I can guide you through cancelling your card. First check that there are no pending transactions or unpaid dues. Then submit a cancellation request through the app or by phone banking. You will get a confirmation message once the card is closed."
"hello, transfer to tokyo flagged, what proof do i need to provide? not sure what to do.",PAYMENT_EXCEPTION,international_transfer_compliance_hold,"I understand this is frustrating. International payments can be held for a routine compliance review, which is a regulatory requirement, and we may ask for supporting documents such as an invoice, contract or proof of source of funds. I cannot see the full details of the review in this chat, so I will pass your case to our payments compliance team, who will contact you about what is needed. Providing the documents promptly usually speeds things up. Please keep your reference number safe, and reply here if you need anything else."
"hi, i need a person to help me with this, not an automated reply. can you help me with this?",CONTACT,human_agent,"Of course. I will connect you with a human agent now. Please stay in this chat, and it helps if you briefly describe your issue so the agent can pick up straight away. Waiting times can vary, and if it is not urgent you can also request a call back at a time that suits you."
"Hi team, pickpocketed in Berlin and all my cards are gone.",PAYMENT_EXCEPTION,lost_card_abroad_emergency,"I am sorry to hear that, and please make sure you are safe first. Block your cards immediately in the app, or call our 24 hour emergency line if you cannot log in. We can arrange an emergency replacement card or emergency cash in Berlin, and our agent will verify your identity and guide you on the fastest option. I suggest reporting the theft to the local police as well, since some claims need a report. If anything changes in the meantime, please let us know straight away."
"Good evening, I paid EUR 850 once but the money left my account twice last weekend. Please help",PAYMENT_EXCEPTION,duplicate_charge,"Thanks for letting us know. Please keep proof of your purchase and, if possible, the merchant receipt. We will open a dispute for the duplicate payment, and a specialist will review it with the merchant. Refunds usually take several working days once the duplicate is confirmed. We will keep you updated by message until this is resolved."
"Hello there, I need to visit a branch, can you help me find one?",FIND,find_branch,"Of course, happy to help. To find a branch, enter your area or city in the Locator and choose Branches. Each listing shows the address, working hours and the services offered, such as loans or locker facilities. Most branches are open on weekdays and some are open on Saturday mornings. Let me know if there is anything more I can do for you."
"Hey, please waive the overdraft charges, they are unfair. Appreciate the help.",RETAIL_EXCEPTION,overdraft_fee_dispute,"Thanks for explaining. To review the fee, we need to see the order in which the deposit and the payments were processed. I will raise a request for the fee to be reviewed, and you will hear back with the outcome. In some cases, especially after a delayed salary, the fee can be waived."
"Excuse me, I want to cancel my personal loan application. Thank you.",LOAN,cancel_loan,"Of course, happy to help. To cancel a loan application, tell us which application you mean and we will stop the process. Before disbursal there is normally no cost. After disbursal, the loan must be closed by repaying the outstanding amount, and we will give you the exact figure and any applicable charges. Please reach out again if anything is unclear."
"Good evening, I want to cancel my credit card permanently.",CARD,cancel_card,"Absolutely, let me walk you through it. To cancel a card, go to Cards in the mobile app, select your credit card and choose Cancel Card, or contact customer service. Before we close it, please clear any outstanding balance and cancel recurring payments linked to the card. Once cancelled, the card cannot be used again, and you can request a new one later if you change your mind. Please reach out again if anything is unclear."
I need help. How do I apply for a personal loan,LOAN,apply_for_loan,"To apply for a loan, go to Loans in the app and select the type of loan you need. Enter the amount and tenure, upload the required documents and submit. Your eligibility is based on income, existing commitments and credit score, and you will see a decision and an offer once the review is complete. Feel free to ask if you have any other questions."
"Excuse me, please block my card ending 3231, I think it was stolen. Thanks.",CARD,block_card,"To protect your money, block the card first. Use the app under Cards and Block, or call the 24 hour phone banking line and ask for an immediate block. Once blocked, please review your recent transactions and tell us about any you do not recognise so we can look into them."
"Hello there, how can I check how much credit I have left on my card? I need this sorted today.",CARD,check_current_balance_on_card,"Thanks for reaching out, I can guide you through this. To check your balance, log in to net banking or the app and open Cards. The card summary shows your current balance, available credit and the last statement amount. Balances update in near real time, but very recent transactions can take a short while to appear. If you need any further help, just let me know."
"Hello there, how can I add a new payee and transfer funds?",TRANSFER,make_transfer,"Thanks for reaching out, I can guide you through this. You can send money in a few steps. Open Transfers, choose Send Money and select an existing payee or add a new one. Type in the amount, check the details carefully because transfers to the wrong account can be hard to reverse, and approve with your security code. Instant methods arrive within minutes, while standard transfers can take up to one working day. Feel free to ask if you have any other questions."
I need help. Cancel the automatic payment to Uber right now. Can you help me with this?,PAYMENT_EXCEPTION,recurring_payment_unauthorized,"Sorry about the trouble. We can block future payments to the merchant on your card, and I can start a dispute for charges you did not authorise. Please share the dates and the amounts of the payments and any cancellation emails you have. A specialist will review whether the money can be recovered. If anything changes in the meantime, please let us know straight away."
"Excuse me, ATM retained my card ending 5686, how do I recover it?",ATM,recover_swallowed_card,"Please do not worry, this happens sometimes. First, block the card in the app as a precaution until you have it back. Then contact the branch that owns the ATM or call customer service, and we will check if the card was retained by the machine. If it can be recovered you may collect it with valid photo ID, otherwise we will issue a replacement card to you. I am here if you need anything else."
"Hello there, I am a student and would like to start a savings account. Pls help.",ACCOUNT,create_account,"To start, choose the type of account that suits you, then fill in the application form online. You will need identity and address documents, and you may complete a short video verification. Once approved, your account details arrive by message and email, and your debit card is sent to your address. Feel free to ask if you have any other questions."
Quick question: how do I view what I spent this week?,ACCOUNT,check_recent_transactions,"To review your recent activity, log in and choose the account, then select Recent Transactions. Pending items are shown separately from completed ones. If something looks unfamiliar, tap it to see the details and report it directly from that screen."
Quick question: how can I enable my prepaid card for use abroad? I am travelling to Toronto.,CARD,activate_card_international_usage,"Certainly, I can help with that. International usage can be switched on from the mobile app. Go to Cards, select your prepaid card, open Card Controls and turn on International Transactions. You can also set the dates of your trip and a spending limit for extra safety. Changes usually take effect within a few minutes, so please do it before you leave. Feel free to ask if you have any other questions."
Can you list all the charges for using the ATM abroad,FEES,check_fees,"Absolutely, let me walk you through it. Fees depend on the type of account or service. You can find the full list in the app under Help and then Fees and Charges, including maintenance, ATM, transfer and card fees. If you tell me the specific service you are asking about, I can explain how that fee is calculated and when it applies."
Please help: what do I need to do before closing my current account?,ACCOUNT,close_account,"To close the account, make sure there are no pending transactions, linked cards or loans. Request closure through the app under Account Services or visit a branch. We will transfer any remaining balance to the account you nominate and confirm once the account is closed. Please reach out again if anything is unclear."
"Hello there, why is my account restricted, I need to pay bills today.",RETAIL_EXCEPTION,account_frozen_kyc,"I understand how stressful it is to have an account restricted. Accounts are sometimes frozen when identity documents are missing or expired, or when a compliance review is needed. I cannot lift a restriction from this chat, but I can raise a priority request with our account services team. Please keep your photo ID, proof of address and recent photograph ready, and a specialist will contact you with the exact documents required. If anything changes in the meantime, please let us know straight away."
"Good morning, how do I see my card balance and available limit? Any idea what to do?",CARD,check_current_balance_on_card,"Sure, here is how this works. To check your balance, log in to net banking or the app and open Cards. The card summary shows your current balance, available credit and the last statement amount. Balances update in near real time, but very recent transactions can take a short while to appear. If you need any further help, just let me know."
"I need help. I need to withdraw cash in Hyderabad, where can I find one of your ATMs? I need this sorted today.",FIND,find_ATM,"Thanks for reaching out, I can guide you through this. To locate an ATM, open the Locator in the app or on our website and search by city or landmark. Filters help you find machines that offer deposits, cheque drops or extended hours. Please remember that using an ATM outside our network may attract a fee. Feel free to ask if you have any other questions."
Is there any joining or annual fee on the prepaid card? Not sure what to do,CARD,check_card_annual_fee,"Annual fees vary by card, and many cards waive the fee after a certain level of yearly spending. Please check Fees and Charges for your card in the app to see your amount and the anniversary date. If you would like to ask about a waiver, customer service can review your eligibility. Please reach out again if anything is unclear."
"I need a person to help me with this, not an automated reply. Not sure what to do.",CONTACT,human_agent,"Certainly, I can arrange for one of our advisors to help you. I am transferring you now, and I will share the details of our conversation so you do not need to repeat yourself. If the queue is long, you can choose to receive a call back instead."
Urgent: how can I change my password to something stronger? Pls advise,PASSWORD,set_up_password,"Of course, happy to help. New customers can create a password using the First Time Login option. Enter your customer ID, verify with a one-time code, then choose a password that meets the rules shown on screen. Please do not share it with anyone, including bank staff. If you need any further help, just let me know."
"Please help: need to switch on my new card, what should I do? I need this sorted today.",CARD,activate_card,"Thanks for reaching out, I can guide you through this. You can activate your card in two easy ways. In the mobile app, go to Cards, pick your card, and tap Activate. If you prefer, call the phone banking number printed on the back of the card and follow the voice prompts. After verification your card will be active within a few minutes. Feel free to ask if you have any other questions."
"Good morning, I want to dispute an ATM withdrawal of 67 USD from three days ago. Please advise.",ATM,dispute_ATM_withdrawal,"Sorry about the trouble with the ATM. Please keep the receipt if you have one and raise a dispute through the app or by calling customer service. We will check the ATM records for the withdrawal and update you by message. If the money is confirmed as not dispensed, it will be returned to your account. I am here if you need anything else."
"Hello, I forgot my password, how do I get it back? Appreciate the help.",PASSWORD,get_password,"I am sorry you are locked out. On the login page, tap Forgot Password and enter your customer ID. We will send a one-time code to your registered mobile number, and after you enter it you can choose a new password. For security reasons we can never tell you your old password."
"Hi team, how do I shut down my account permanently? Please help.",ACCOUNT,close_account,"Certainly, I can help with that. To close the account, make sure there are no pending transactions, linked cards or loans. Request closure through the app under Account Services or visit a branch. We will transfer any remaining balance to the account you nominate and confirm once the account is closed."
"Hi team, what is the annual fee for my credit card?",CARD,check_card_annual_fee,"The annual fee depends on the type of card you hold. You can see the exact amount for your credit card in the app under Cards and Card Details, and it is also listed in your welcome kit. The fee is normally charged once a year on the card anniversary date. Some cards offer a waiver if you reach a yearly spending target."
"Hey, can I open an account online without visiting the branch? Thanks",ACCOUNT,create_account,"To start, choose the type of account that suits you, then fill in the application form online. You will need identity and address documents, and you may complete a short video verification. Once approved, your account details arrive by message and email, and your debit card is sent to your address."
"hey, i got a message that my password was changed and i did not do it. any idea what to do?",RETAIL_EXCEPTION,identity_theft_account_takeover,"Thank you for flagging this quickly. Access to your online banking will be locked while we investigate. Our security team will verify your identity through a secure process, review recent changes and transactions, and help reset your details. Please tell us about any transaction you did not make, so it can be investigated."
"Excuse me, somebody used my travel card to buy things I do not recognise, this is fraud. I need this sorted today.",PAYMENT_EXCEPTION,card_fraud_unauthorized_transaction,"Thank you for reporting this quickly. Your card should be blocked immediately to prevent more misuse, and the disputed transactions will be flagged for our fraud team. They will review the details, and where a transaction is confirmed as fraudulent the amount is normally returned to your account after the investigation. A specialist will reach out to collect a few more details. If anything changes in the meantime, please let us know straight away."
urgent: my debit card ending 4134 arrived today. what are the steps to activate it? appreciate the help,CARD,activate_card,"Of course, happy to help. You can activate your card in two easy ways. In the mobile app, go to Cards, pick your card, and tap Activate. If you prefer, call the phone banking number printed on the back of the card and follow the voice prompts. After verification your card will be active within a few minutes. Let me know if there is anything more I can do for you."
"hello there, my card went missing yesterday, block it asap",CARD,block_card,"To protect your money, block the card first. Use the app under Cards and Block, or call the 24 hour phone banking line and ask for an immediate block. Once blocked, please review your recent transactions and tell us about any you do not recognise so we can look into them. Feel free to ask if you have any other questions."
"Hi team, my refund of EUR 1,620 is still missing, the shop says it was processed. Please help.",PAYMENT_EXCEPTION,refund_not_received,"Thank you for the details. A refund can take some time after the merchant approves it. If it has been more than ten working days, please send us the refund confirmation from the merchant. We will trace the credit and follow up with the merchant bank on your behalf."
"Hello, please put me through to a customer service representative. Can you help me with this",CONTACT,human_agent,"Of course. I will connect you with a human agent now. Please stay in this chat, and it helps if you briefly describe your issue so the agent can pick up straight away. Waiting times can vary, and if it is not urgent you can also request a call back at a time that suits you."
"Hey, card stolen abroad, need emergency replacement. Not sure what to do.",PAYMENT_EXCEPTION,lost_card_abroad_emergency,"That sounds very stressful. The first step is to block all lost cards so nobody can use them. Then our emergency support team can help with a replacement card delivered to your location or a cash advance, after confirming your identity. Please keep any police report reference, as it can help with disputed transactions."
"Hi team, the other holder of my joint current account is not cooperating, what are my options?",RETAIL_EXCEPTION,joint_account_dispute,"Thank you for explaining. Changing the operating instruction on a joint account depends on the mandate, and sometimes a court order is needed. Our specialist team can review the account terms with you and tell you what can be done, such as requiring both signatures for withdrawals. I will connect you with them. If anything changes in the meantime, please let us know straight away."
"Excuse me, when is my next home loan instalment due? Can you help me with this?",LOAN,check_loan_payments,"Sure, here is how this works. To check your loan payments, log in and open Loans, then choose the loan. You will see what you have paid so far, what is left, and the next due date. If you would like to pay extra to reduce the balance, there is an option to make a part payment on the same screen."
"Excuse me, please put me through to a customer service representative",CONTACT,human_agent,"Certainly, I can arrange for one of our advisors to help you. I am transferring you now, and I will share the details of our conversation so you do not need to repeat yourself. If the queue is long, you can choose to receive a call back instead. Please reach out again if anything is unclear."
How can I withdraw my home loan request,LOAN,cancel_mortgage,"Certainly, I can help with that. To cancel a mortgage application, send a withdrawal request with your application reference. Any costs already incurred for valuation or legal checks may not be refundable. We will confirm the cancellation in writing and close the file."
"excuse me, how can i enable my debit card for use abroad? i am travelling to delhi. i need this sorted today.",CARD,activate_card_international_usage,"International usage can be switched on from the mobile app. Go to Cards, select your debit card, open Card Controls and turn on International Transactions. You can also set the dates of your trip and a spending limit for extra safety. Changes usually take effect within a few minutes, so please do it before you leave. Let me know if there is anything more I can do for you."
"Hello there, can my son operate my account while I am in hospital? Please help.",RETAIL_EXCEPTION,power_of_attorney_request,"I am sorry to hear that. Managing another person's account requires a valid legal authority, such as a registered power of attorney, and we need to verify it before giving access. Please prepare the original or certified copy of the document, your identification and the account holder details. A specialist will check the paperwork and explain what your authority allows, and I will arrange for them to contact you. We will keep you updated by message until this is resolved."
"hello there, i want a written response to my complaint about salary account charges. any idea what to do",RETAIL_EXCEPTION,formal_complaint_escalation,"I am sorry that your issue has not been resolved, and you have every right to escalate. I can register a formal complaint now, which will be given a reference number and reviewed by our complaints team, who will respond in writing within the time required. If you are not satisfied with the final response, you can take the matter to the external financial ombudsman. It helps if you share the dates and details of your previous contacts. You can ask for a human agent at any time and I will arrange it."
"urgent: i am elderly and find the app very hard to use, can someone help me with my banking? appreciate the help.",RETAIL_EXCEPTION,vulnerable_customer_support,"Thank you for telling us, and please know that we are here to help in a way that works for you. We offer support such as large print or audio statements, assisted banking at branches, a dedicated helpline with priority handling and, in some areas, home visits. If you are worried about a suspicious call, please do not share any codes or personal details, and we will help you check it. I will connect you with our customer care specialists to set up the support you need. Please keep your reference number safe, and reply here if you need anything else."
"Excuse me, I want to make a large purchase of 19,780 dollars but my card keeps getting declined.",PAYMENT_EXCEPTION,large_transaction_blocked,"I understand the urgency. Large payments can be blocked because they go over your daily limit or because our security systems flagged them for extra checks. I cannot release a held payment from this chat, but I can help you confirm it is genuine. Please approve any alert on your app, or I can connect you to a specialist who will verify you and, where possible, release the payment or raise your limit temporarily. If you would like, I can connect you with a human agent right now."
"Excuse me, I want to cancel my home loan application.",LOAN,cancel_loan,"To cancel a loan application, tell us which application you mean and we will stop the process. Before disbursal there is normally no cost. After disbursal, the loan must be closed by repaying the outstanding amount, and we will give you the exact figure and any applicable charges. Let me know if there is anything more I can do for you."
"Excuse me, my international transfer of $1,380 to Pune is on hold and nobody tells me why. thx.",PAYMENT_EXCEPTION,international_transfer_compliance_hold,"I understand this is frustrating. International payments can be held for a routine compliance review, which is a regulatory requirement, and we may ask for supporting documents such as an invoice, contract or proof of source of funds. I cannot see the full details of the review in this chat, so I will pass your case to our payments compliance team, who will contact you about what is needed. Providing the documents promptly usually speeds things up. If anything changes in the meantime, please let us know straight away."
How do I stop a transfer I made this morning? Thank you.,TRANSFER,cancel_transfer,"Please act quickly. For transfers that have not been processed yet, use Cancel next to the transfer in your pending list. For completed transfers, raise a recall request from the same screen or through customer service, and keep the transaction reference handy. We will update you as soon as we hear back from the other bank."
"good evening, how do i send 969 usd to a friend's account? i need this sorted today.",TRANSFER,make_transfer,"To make a transfer, log in to the app or net banking and go to Transfers. Add the payee by entering the name, account number and bank code, then confirm the payee with a one-time code. Enter the amount of 969 USD, choose the payment method, review the details and confirm. You will get a confirmation message with a reference number."
"Hey, what is the process to allow foreign transactions on my card before my trip? thx.",CARD,activate_card_international_usage,"To use your card overseas, open Card Controls in the app and enable International Usage. It is a good idea to set a travel period and a daily limit. If you cannot use the app, phone banking can turn it on for you after verifying your identity. I am here if you need anything else."
I am not satisfied with the resolution and want to take this to the ombudsman. Not sure what to do,RETAIL_EXCEPTION,formal_complaint_escalation,"I am sorry that your issue has not been resolved, and you have every right to escalate. I can register a formal complaint now, which will be given a reference number and reviewed by our complaints team, who will respond in writing within the time required. If you are not satisfied with the final response, you can take the matter to the external financial ombudsman. It helps if you share the dates and details of your previous contacts."
"There is an ATM transaction I do not recognise for GBP 491, how do I raise a dispute? Any idea what to do?",ATM,dispute_ATM_withdrawal,"I will help you raise a dispute for the ATM withdrawal of GBP 491. Please go to Disputes in the app, select the transaction and choose ATM Cash Issue, then give the date, time and ATM location if you have them. We will investigate with the ATM operator and most cases are reviewed within a few working days. If the ATM did not dispense the cash, the amount is usually credited back to your account."
I want to dispute an ATM withdrawal of 307 dollars from earlier today. Can u help me with this?,ATM,dispute_ATM_withdrawal,"I will help you raise a dispute for the ATM withdrawal of 307 dollars. Please go to Disputes in the app, select the transaction and choose ATM Cash Issue, then give the date, time and ATM location if you have them. We will investigate with the ATM operator and most cases are reviewed within a few working days. If the ATM did not dispense the cash, the amount is usually credited back to your account."
"Hello, can you list all the charges for using the ATM abroad? Please advise.",FEES,check_fees,"Certainly, I can help with that. I can help you understand the charges. Common fees include monthly maintenance, foreign transaction fees, ATM use outside our network and penalties for low balance. Your latest statement shows every fee that has been applied, and customer service can review any fee you believe was charged in error."
can i open an account online without visiting the branch? thank you.,ACCOUNT,create_account,"To start, choose the type of account that suits you, then fill in the application form online. You will need identity and address documents, and you may complete a short video verification. Once approved, your account details arrive by message and email, and your debit card is sent to your address. Let me know if there is anything more I can do for you."
"Hey, I have a visual impairment and cannot read the statements, what support do you offer? Please help.",RETAIL_EXCEPTION,vulnerable_customer_support,"Thank you for telling us, and please know that we are here to help in a way that works for you. We offer support such as large print or audio statements, assisted banking at branches, a dedicated helpline with priority handling and, in some areas, home visits. If you are worried about a suspicious call, please do not share any codes or personal details, and we will help you check it. I will connect you with our customer care specialists to set up the support you need. If anything changes in the meantime, please let us know straight away."
i lost my card and passport in berlin and i have no cash,PAYMENT_EXCEPTION,lost_card_abroad_emergency,"I am sorry to hear that, and please make sure you are safe first. Block your cards immediately in the app, or call our 24 hour emergency line if you cannot log in. We can arrange an emergency replacement card or emergency cash in Berlin, and our agent will verify your identity and guide you on the fastest option. I suggest reporting the theft to the local police as well, since some claims need a report. If anything changes in the meantime, please let us know straight away."
"My wire transfer has been under review for 5 days, I need the money urgently.",PAYMENT_EXCEPTION,international_transfer_compliance_hold,"Thank you for your patience. Some cross border payments are checked before release, and I am not able to share the specific reason for a review. Please keep supporting documents ready. I am escalating your transfer to a specialist team, who will tell you what is required and the expected timing. If anything changes in the meantime, please let us know straight away."
"good morning, i want to reverse the payment i just made, is that possible? appreciate the help.",TRANSFER,cancel_transfer,"Sure, here is how this works. Please act quickly. For transfers that have not been processed yet, use Cancel next to the transfer in your pending list. For completed transfers, raise a recall request from the same screen or through customer service, and keep the transaction reference handy. We will update you as soon as we hear back from the other bank. If you need any further help, just let me know."
"Hi, ATM retained my card ending 4507, how do I recover it? Not sure what to do.",ATM,recover_swallowed_card,"Please do not worry, this happens sometimes. First, block the card in the app as a precaution until you have it back. Then contact the branch that owns the ATM or call customer service, and we will check if the card was retained by the machine. If it can be recovered you may collect it with valid photo ID, otherwise we will issue a replacement card to you."
"Good evening, please block my card ending 3643, I think it was stolen. Thank you.",CARD,block_card,"That sounds frustrating, and I will do my best to help you resolve it. To protect your money, block the card first. Use the app under Cards and Block, or call the 24 hour phone banking line and ask for an immediate block. Once blocked, please review your recent transactions and tell us about any you do not recognise so we can look into them."
"Hello there, why is my account restricted, I need to pay bills today. Can you help me with this?",RETAIL_EXCEPTION,account_frozen_kyc,"I understand how stressful it is to have an account restricted. Accounts are sometimes frozen when identity documents are missing or expired, or when a compliance review is needed. I cannot lift a restriction from this chat, but I can raise a priority request with our account services team. Please keep your photo ID, proof of address and recent photograph ready, and a specialist will contact you with the exact documents required. If you would like, I can connect you with a human agent right now."
"hey, i want to cancel my prepaid card permanently. thanks.",CARD,cancel_card,I can guide you through cancelling your card. First check that there are no pending transactions or unpaid dues. Then submit a cancellation request through the app or by phone banking. You will get a confirmation message once the card is closed.
"excuse me, i cannot afford my mortgage after the rate increase.",RETAIL_EXCEPTION,mortgage_arrears_support,"Thank you for reaching out. Falling behind on a mortgage is stressful, and there are steps we can explore together. A mortgage support specialist will review your account, your income and expenses, and discuss a plan that suits you. I am raising this as urgent so they contact you soon. You can ask for a human agent at any time and I will arrange it."
"Hey, please cancel the loan I applied for last week.",LOAN,cancel_loan,"Absolutely, let me walk you through it. To cancel a loan application, tell us which application you mean and we will stop the process. Before disbursal there is normally no cost. After disbursal, the loan must be closed by repaying the outstanding amount, and we will give you the exact figure and any applicable charges. I am here if you need anything else."
how can i enable my credit card for use abroad? i am travelling to istanbul. can you help me with this?,CARD,activate_card_international_usage,"Of course, happy to help. To use your card overseas, open Card Controls in the app and enable International Usage. It is a good idea to set a travel period and a daily limit. If you cannot use the app, phone banking can turn it on for you after verifying your identity. Let me know if there is anything more I can do for you."
"Excuse me, how can I enable my credit card for use abroad? I am travelling to Singapore. Please help.",CARD,activate_card_international_usage,"International usage can be switched on from the mobile app. Go to Cards, select your credit card, open Card Controls and turn on International Transactions. You can also set the dates of your trip and a spending limit for extra safety. Changes usually take effect within a few minutes, so please do it before you leave."
"Good evening, what is the available balance on my platinum credit card? Not sure what to do.",CARD,check_current_balance_on_card,"Certainly, I can help with that. You can see your card balance in the mobile app under Cards. Select your platinum credit card to view the available limit, the outstanding amount and the payment due date. You can also get a quick balance by sending a text message from your registered number or by calling phone banking."
Urgent: what are the eligibility criteria for a student loan? Please help.,LOAN,apply_for_loan,"Absolutely, let me walk you through it. To apply for a loan, go to Loans in the app and select the type of loan you need. Enter the amount and tenure, upload the required documents and submit. Your eligibility is based on income, existing commitments and credit score, and you will see a decision and an offer once the review is complete."
please help: how can i add a new payee and transfer funds? can you help me with this,TRANSFER,make_transfer,"Thanks for reaching out, I can guide you through this. You can send money in a few steps. Open Transfers, choose Send Money and select an existing payee or add a new one. Type in the amount, check the details carefully because transfers to the wrong account can be hard to reverse, and approve with your security code. Instant methods arrive within minutes, while standard transfers can take up to one working day. Please reach out again if anything is unclear."
"please help me make a transfer of gbp 1,770 today. please help.",TRANSFER,make_transfer,"You can send money in a few steps. Open Transfers, choose Send Money and select an existing payee or add a new one. Type in the amount, check the details carefully because transfers to the wrong account can be hard to reverse, and approve with your security code. Instant methods arrive within minutes, while standard transfers can take up to one working day. Feel free to ask if you have any other questions."
"Please waive the overdraft charges, they are unfair. Not sure what to do.",RETAIL_EXCEPTION,overdraft_fee_dispute,"Thanks for explaining. To review the fee, we need to see the order in which the deposit and the payments were processed. I will raise a request for the fee to be reviewed, and you will hear back with the outcome. In some cases, especially after a delayed salary, the fee can be waived. Please keep your reference number safe, and reply here if you need anything else."
"good morning, is there a fee if my balance drops below the minimum? appreciate the help.",FEES,check_fees,"Fees depend on the type of account or service. You can find the full list in the app under Help and then Fees and Charges, including maintenance, ATM, transfer and card fees. If you tell me the specific service you are asking about, I can explain how that fee is calculated and when it applies. Feel free to ask if you have any other questions."
"Hey, I think my identity was stolen, there are accounts and loans in my name that I did not open. Thank you",RETAIL_EXCEPTION,identity_theft_account_takeover,"I am very sorry, and I will treat this as urgent. To protect you, we should restrict access to your account and cards immediately, and I am escalating this to our fraud and security team now. Please do not use the same password anywhere else, avoid clicking links in unexpected messages, and keep a note of any suspicious messages or calls. A specialist will contact you on a verified number to restore your access and review the activity. If you would like, I can connect you with a human agent right now."
"hi, i need to transfer money to another bank, what are the steps? any idea what to do?",TRANSFER,make_transfer,"Of course, happy to help. You can send money in a few steps. Open Transfers, choose Send Money and select an existing payee or add a new one. Type in the amount, check the details carefully because transfers to the wrong account can be hard to reverse, and approve with your security code. Instant methods arrive within minutes, while standard transfers can take up to one working day."
"hello there, how do i authorise someone to handle my banking on my behalf? pls help.",RETAIL_EXCEPTION,power_of_attorney_request,"I am sorry to hear that. Managing another person's account requires a valid legal authority, such as a registered power of attorney, and we need to verify it before giving access. Please prepare the original or certified copy of the document, your identification and the account holder details. A specialist will check the paperwork and explain what your authority allows, and I will arrange for them to contact you. Please keep your reference number safe, and reply here if you need anything else."
Please enable international transactions on my card ending 2331. Thank you,CARD,activate_card_international_usage,"Certainly, I can help with that. To use your card overseas, open Card Controls in the app and enable International Usage. It is a good idea to set a travel period and a daily limit. If you cannot use the app, phone banking can turn it on for you after verifying your identity."
"Hi team, I disagree with the unarranged overdraft fee on my statement. Can you help me with this?",RETAIL_EXCEPTION,overdraft_fee_dispute,"Thanks for explaining. To review the fee, we need to see the order in which the deposit and the payments were processed. I will raise a request for the fee to be reviewed, and you will hear back with the outcome. In some cases, especially after a delayed salary, the fee can be waived."
"Good morning, please block my card ending 8007, I think it was stolen",CARD,block_card,"You can block the card immediately in the mobile app. Go to Cards, choose the card and tap Block Card, then pick Lost or Stolen as the reason. The card stops working straight away and any new transactions are declined. We will then help you order a replacement, which usually arrives in a few working days. If you need any further help, just let me know."
"Good morning, what are your support hours",CONTACT,customer_service,"Certainly, I can help with that. There are several ways to contact us. The quickest is the chat option in the app, which is available all day. You can also call the number printed on the back of your card or on our website, or visit any branch during opening hours. If you need any further help, just let me know."
"Good evening, how much do I still owe on my loan? Please advise.",LOAN,check_loan_payments,"To check your loan payments, log in and open Loans, then choose the loan. You will see what you have paid so far, what is left, and the next due date. If you would like to pay extra to reduce the balance, there is an option to make a part payment on the same screen."
"I need help. Card stolen abroad, need emergency replacement. Not sure what to do.",PAYMENT_EXCEPTION,lost_card_abroad_emergency,"That sounds very stressful. The first step is to block all lost cards so nobody can use them. Then our emergency support team can help with a replacement card delivered to your location or a cash advance, after confirming your identity. Please keep any police report reference, as it can help with disputed transactions. Please keep your reference number safe, and reply here if you need anything else."
"please help: need to switch on my new card, what should i do? please advise",CARD,activate_card,"Sure, here is how this works. You can activate your card in two easy ways. In the mobile app, go to Cards, pick your card, and tap Activate. If you prefer, call the phone banking number printed on the back of the card and follow the voice prompts. After verification your card will be active within a few minutes. If you need any further help, just let me know."
"Hey, please help me make a transfer of 1,790 dollars today. Please advise.",TRANSFER,make_transfer,"Certainly, I can help with that. To make a transfer, log in to the app or net banking and go to Transfers. Add the payee by entering the name, account number and bank code, then confirm the payee with a one-time code. Enter the amount of 1,790 dollars, choose the payment method, review the details and confirm. You will get a confirmation message with a reference number. Let me know if there is anything more I can do for you."
"Hi team, I want to cancel my mortgage application. Thank you.",LOAN,cancel_mortgage,"Of course, happy to help. I can help you withdraw the mortgage application. Please contact our mortgage team through the app or at a branch and confirm the application reference. If the valuation or legal work has already started, some third party fees might still apply. Once cancelled, you will receive written confirmation. I am here if you need anything else."
"Excuse me, please help me recover my login details.",PASSWORD,get_password,"I am sorry you are locked out. On the login page, tap Forgot Password and enter your customer ID. We will send a one-time code to your registered mobile number, and after you enter it you can choose a new password. For security reasons we can never tell you your old password. Please reach out again if anything is unclear."
"good morning, atm retained my card ending 4868, how do i recover it? not sure what to do.",ATM,recover_swallowed_card,"I am sorry that the ATM kept your card. For your safety, I suggest blocking the card right away in the app. We will then arrange either collection from the ATM branch with identification or a replacement card sent to your address, usually within a few working days."
Quick question: please tell me the current balance on the card ending 3061. Thank you.,CARD,check_current_balance_on_card,"To check your balance, log in to net banking or the app and open Cards. The card summary shows your current balance, available credit and the last statement amount. Balances update in near real time, but very recent transactions can take a short while to appear. If you need any further help, just let me know."
"excuse me, can u list all the charges for using the atm abroad? can u help me with this?",FEES,check_fees,"I can help you understand the charges. Common fees include monthly maintenance, foreign transaction fees, ATM use outside our network and penalties for low balance. Your latest statement shows every fee that has been applied, and customer service can review any fee you believe was charged in error. Feel free to ask if you have any other questions."
"good evening, payment declined overseas even though i have enough balance. please help.",PAYMENT_EXCEPTION,card_declined_while_travelling,"Sorry about the inconvenience, especially while you are travelling. Please check that international transactions are enabled and that you have not reached your daily limit. Because this is urgent, I recommend calling the emergency line on the back of the card, where an agent can verify you and remove any block. Emergency cash or a replacement card can be arranged if needed."
"I need to visit a branch, can u help me find one? Not sure what to do.",FIND,find_branch,"To find a branch, enter your area or city in the Locator and choose Branches. Each listing shows the address, working hours and the services offered, such as loans or locker facilities. Most branches are open on weekdays and some are open on Saturday mornings. I am here if you need anything else."
"Pls help: the ATM swallowed my card, what should I do",ATM,recover_swallowed_card,"I am sorry that the ATM kept your card. For your safety, I suggest blocking the card right away in the app. We will then arrange either collection from the ATM branch with identification or a replacement card sent to your address, usually within a few working days. I am here if you need anything else."
"Hello, where do I activate the platinum credit card I got last weekend?",CARD,activate_card,"Absolutely, let me walk you through it. First, open the mobile app or net banking and go to the Cards section. Then select your platinum credit card and choose Activate Card. You will receive a one-time code on your registered mobile number, so enter it to confirm. Once that is done, the card is active and ready to use straight away."
"hi, how do i shut down my account permanently? thank you.",ACCOUNT,close_account,"To close the account, make sure there are no pending transactions, linked cards or loans. Request closure through the app under Account Services or visit a branch. We will transfer any remaining balance to the account you nominate and confirm once the account is closed. I am here if you need anything else."
"Urgent: flipkart said they refunded EUR 1,960 10 days ago but I have not received it. Can you help me with this?",PAYMENT_EXCEPTION,refund_not_received,"I am sorry for the wait. Refunds from merchants usually take between five and ten working days to appear, depending on the merchant and the card network. Please ask Flipkart for the refund reference number or acquirer reference number, which lets us trace it. Once you share it, we can check whether the credit was received and, if not, raise an enquiry with the merchant bank. If anything changes in the meantime, please let us know straight away."
"Excuse me, payment declined overseas even though I have enough balance. Thank you.",PAYMENT_EXCEPTION,card_declined_while_travelling,"Sorry about the inconvenience, especially while you are travelling. Please check that international transactions are enabled and that you have not reached your daily limit. Because this is urgent, I recommend calling the emergency line on the back of the card, where an agent can verify you and remove any block. Emergency cash or a replacement card can be arranged if needed. You can ask for a human agent at any time and I will arrange it."
urgent: why was my overseas payment blocked for a compliance review?,PAYMENT_EXCEPTION,international_transfer_compliance_hold,"I understand this is frustrating. International payments can be held for a routine compliance review, which is a regulatory requirement, and we may ask for supporting documents such as an invoice, contract or proof of source of funds. I cannot see the full details of the review in this chat, so I will pass your case to our payments compliance team, who will contact you about what is needed. Providing the documents promptly usually speeds things up. If anything changes in the meantime, please let us know straight away."
"Excuse me, I paid in the local currency but was billed at a strange rate.",PAYMENT_EXCEPTION,currency_conversion_dispute,"I understand the surprise. The debited amount comes from the exchange rate at the time of settlement, plus any conversion charges, and the shop may also offer to charge in your home currency at their own rate. I can flag your transaction for review so a specialist can confirm whether the correct rate was applied. You can ask for a human agent at any time and I will arrange it."
"hello there, i have a visual impairment and cannot read the statements, what support do you offer",RETAIL_EXCEPTION,vulnerable_customer_support,"Thank you for telling us, and please know that we are here to help in a way that works for you. We offer support such as large print or audio statements, assisted banking at branches, a dedicated helpline with priority handling and, in some areas, home visits. If you are worried about a suspicious call, please do not share any codes or personal details, and we will help you check it. I will connect you with our customer care specialists to set up the support you need."
"good evening, can i see my loan repayment schedule? appreciate the help.",LOAN,check_loan_payments,"Of course, happy to help. To check your loan payments, log in and open Loans, then choose the loan. You will see what you have paid so far, what is left, and the next due date. If you would like to pay extra to reduce the balance, there is an option to make a part payment on the same screen. Feel free to ask if you have any other questions."
"Please help: I forgot my password, how do I get it back? Appreciate the help.",PASSWORD,get_password,"I am sorry you are locked out. On the login page, tap Forgot Password and enter your customer ID. We will send a one-time code to your registered mobile number, and after you enter it you can choose a new password. For security reasons we can never tell you your old password. Please reach out again if anything is unclear."
"Hello there, what is the available balance on my prepaid card? I need this sorted today.",CARD,check_current_balance_on_card,"Absolutely, let me walk you through it. You can see your card balance in the mobile app under Cards. Select your prepaid card to view the available limit, the outstanding amount and the payment due date. You can also get a quick balance by sending a text message from your registered number or by calling phone banking. Feel free to ask if you have any other questions."
Urgent: what is the fastest way to send money to someone? Appreciate the help,TRANSFER,make_transfer,"Absolutely, let me walk you through it. You can send money in a few steps. Open Transfers, choose Send Money and select an existing payee or add a new one. Type in the amount, check the details carefully because transfers to the wrong account can be hard to reverse, and approve with your security code. Instant methods arrive within minutes, while standard transfers can take up to one working day."
I lost my job and cannot pay my business loan instalments,RETAIL_EXCEPTION,loan_hardship_request,"Thank you for being open about this. We treat hardship requests seriously and with respect. A specialist will contact you to understand your circumstances and explore ways to reduce the pressure, for example a payment break or revised repayment plan. They may ask for proof of the change in your income. Nothing is decided in this chat, but I will raise it as a priority. You can ask for a human agent at any time and I will arrange it."
"Hello there, where do I activate the prepaid card I got earlier today?",CARD,activate_card,"You can activate your card in two easy ways. In the mobile app, go to Cards, pick your card, and tap Activate. If you prefer, call the phone banking number printed on the back of the card and follow the voice prompts. After verification your card will be active within a few minutes. If you need any further help, just let me know."
Quick question: please tell me the current balance on the card ending 6078. Appreciate the help.,CARD,check_current_balance_on_card,"To check your balance, log in to net banking or the app and open Cards. The card summary shows your current balance, available credit and the last statement amount. Balances update in near real time, but very recent transactions can take a short while to appear."
"Hello, how do I send $1,680 to a friend's account? Thank you",TRANSFER,make_transfer,"Of course, happy to help. You can send money in a few steps. Open Transfers, choose Send Money and select an existing payee or add a new one. Type in the amount, check the details carefully because transfers to the wrong account can be hard to reverse, and approve with your security code. Instant methods arrive within minutes, while standard transfers can take up to one working day."
I need help. Pickpocketed in Pune and all my cards are gone.,PAYMENT_EXCEPTION,lost_card_abroad_emergency,"That sounds very stressful. The first step is to block all lost cards so nobody can use them. Then our emergency support team can help with a replacement card delivered to your location or a cash advance, after confirming your identity. Please keep any police report reference, as it can help with disputed transactions. If you would like, I can connect you with a human agent right now."
"good morning, can i get a payment holiday on my loan for a few months? can you help me with this",RETAIL_EXCEPTION,loan_hardship_request,"I am sorry you are facing this, and I am glad you reached out early. We have options for customers in financial difficulty, such as a temporary payment holiday, a longer tenure with lower instalments, or restructuring, depending on your situation. I will pass your request to our customer support team, who will review your income and expenses and discuss what is possible. Please try to keep making any payments you can, and avoid ignoring reminders, as talking to us early gives you more choices. We will keep you updated by message until this is resolved."
"Good morning, I never received the goods I paid GBP 1,760 for on Airbnb, I want a chargeback.",PAYMENT_EXCEPTION,chargeback_request,Thank you for the details. A card dispute can be raised for items not received or not as described. We will need your order confirmation and any communication with the seller. Our disputes team will assess the claim and let you know whether the amount can be recovered. We will keep you updated by message until this is resolved.
"Hello, I cannot log in to net banking, I do not remember my password. I need this sorted today.",PASSWORD,get_password,"You can recover access in a few steps. Select Forgot Password on the login screen, verify your identity with the one-time code sent to your registered number, and set a new password. If you no longer have access to that number, please visit a branch with your identification to update it. I am here if you need anything else."
Please help: find me a cash machine close to me. Not sure what to do.,FIND,find_ATM,"Of course, happy to help. To locate an ATM, open the Locator in the app or on our website and search by city or landmark. Filters help you find machines that offer deposits, cheque drops or extended hours. Please remember that using an ATM outside our network may attract a fee."
"Good morning, I sent EUR 2,080 and it is not credited, but it was debited from my account. Any idea what to do?",PAYMENT_EXCEPTION,transfer_pending_stuck,"Sorry for the delay. A transfer can stay pending if the receiving bank is slow, if the details do not match, or if the payment is under review. I have noted the delay and a specialist team will trace the payment. If it cannot be completed, the money is returned to your account. If you would like, I can connect you with a human agent right now."
"Hi, tell me about the monthly maintenance fees on my salary account. Please help",FEES,check_fees,"Thanks for reaching out, I can guide you through this. Fees depend on the type of account or service. You can find the full list in the app under Help and then Fees and Charges, including maintenance, ATM, transfer and card fees. If you tell me the specific service you are asking about, I can explain how that fee is calculated and when it applies. If you need any further help, just let me know."
"Excuse me, I lost my debit card and need to block it right now. Can you help me with this",CARD,block_card,"I am sorry to hear about this and I want to help sort it out. To protect your money, block the card first. Use the app under Cards and Block, or call the 24 hour phone banking line and ask for an immediate block. Once blocked, please review your recent transactions and tell us about any you do not recognise so we can look into them. Feel free to ask if you have any other questions."
"Hi team, suspicious login on my account from another country, please secure it. Please help.",RETAIL_EXCEPTION,identity_theft_account_takeover,"I am very sorry, and I will treat this as urgent. To protect you, we should restrict access to your account and cards immediately, and I am escalating this to our fraud and security team now. Please do not use the same password anywhere else, avoid clicking links in unexpected messages, and keep a note of any suspicious messages or calls. A specialist will contact you on a verified number to restore your access and review the activity."
"good evening, i changed my name after marriage, how do i update it on my savings account?",RETAIL_EXCEPTION,legal_name_change,"To change your name in our records, we need proof of the legal name change, such as a marriage certificate, a gazette notification or a deed poll, together with your identification. Please upload the documents in the app under Profile or visit a branch, and we will update your accounts and cards. Because this affects several products, the update may take a few working days, and we will notify you when it is complete. If anything changes in the meantime, please let us know straight away."
"Good evening, payment declined overseas even though I have enough balance. Thank you.",PAYMENT_EXCEPTION,card_declined_while_travelling,"Sorry about the inconvenience, especially while you are travelling. Please check that international transactions are enabled and that you have not reached your daily limit. Because this is urgent, I recommend calling the emergency line on the back of the card, where an agent can verify you and remove any block. Emergency cash or a replacement card can be arranged if needed. You can ask for a human agent at any time and I will arrange it."
"Hey, I need extra help managing my money after my illness",RETAIL_EXCEPTION,vulnerable_customer_support,"Thank you for telling us, and please know that we are here to help in a way that works for you. We offer support such as large print or audio statements, assisted banking at branches, a dedicated helpline with priority handling and, in some areas, home visits. If you are worried about a suspicious call, please do not share any codes or personal details, and we will help you check it. I will connect you with our customer care specialists to set up the support you need. If anything changes in the meantime, please let us know straight away."
"Excuse me, my platinum credit card ending 0257 arrived today. What are the steps to activate it? Can you help me with this?",CARD,activate_card,"First, open the mobile app or net banking and go to the Cards section. Then select your platinum credit card and choose Activate Card. You will receive a one-time code on your registered mobile number, so enter it to confirm. Once that is done, the card is active and ready to use straight away. Feel free to ask if you have any other questions."
"I want to reverse the payment I just made, is that possible? I need this sorted today.",TRANSFER,cancel_transfer,"Absolutely, let me walk you through it. Please act quickly. For transfers that have not been processed yet, use Cancel next to the transfer in your pending list. For completed transfers, raise a recall request from the same screen or through customer service, and keep the transaction reference handy. We will update you as soon as we hear back from the other bank. Feel free to ask if you have any other questions."
"good evening, how much is the fee for an international transfer? any idea what to do",FEES,check_fees,"I can help you understand the charges. Common fees include monthly maintenance, foreign transaction fees, ATM use outside our network and penalties for low balance. Your latest statement shows every fee that has been applied, and customer service can review any fee you believe was charged in error. Feel free to ask if you have any other questions."
"Hi, I want to cancel my business loan application. Thank you",LOAN,cancel_loan,"Certainly, I can help with that. To cancel a loan application, tell us which application you mean and we will stop the process. Before disbursal there is normally no cost. After disbursal, the loan must be closed by repaying the outstanding amount, and we will give you the exact figure and any applicable charges. Feel free to ask if you have any other questions."
"Hi team, I need to visit a branch, can you help me find one",FIND,find_branch,"Thanks for reaching out, I can guide you through this. To find a branch, enter your area or city in the Locator and choose Branches. Each listing shows the address, working hours and the services offered, such as loans or locker facilities. Most branches are open on weekdays and some are open on Saturday mornings."
What is the available balance on my prepaid card? Please help.,CARD,check_current_balance_on_card,"Of course, happy to help. To check your balance, log in to net banking or the app and open Cards. The card summary shows your current balance, available credit and the last statement amount. Balances update in near real time, but very recent transactions can take a short while to appear. If you need any further help, just let me know."
Urgent: how can I remove someone from a joint account? Any idea what to do?,RETAIL_EXCEPTION,joint_account_dispute,"I am sorry you are going through this. Joint accounts are governed by the mandate that was agreed when they were opened, and changes such as removing a holder or freezing the account usually need the consent of all holders, or a legal instruction. I can arrange for a specialist to explain your options and what proof would be required. Please keep in mind that we cannot take sides, and for serious disputes it can help to seek legal advice. If anything changes in the meantime, please let us know straight away."
please help: when is my card annual fee charged and can it be waived? not sure what to do,CARD,check_card_annual_fee,"Annual fees vary by card, and many cards waive the fee after a certain level of yearly spending. Please check Fees and Charges for your card in the app to see your amount and the anniversary date. If you would like to ask about a waiver, customer service can review your eligibility."
"Hey, I forgot my password, how do I get it back? Appreciate the help.",PASSWORD,get_password,"You can recover access in a few steps. Select Forgot Password on the login screen, verify your identity with the one-time code sent to your registered number, and set a new password. If you no longer have access to that number, please visit a branch with your identification to update it. Please reach out again if anything is unclear."
"Hey, please cancel the card ending 7032. Please help.",CARD,cancel_card,I can guide you through cancelling your card. First check that there are no pending transactions or unpaid dues. Then submit a cancellation request through the app or by phone banking. You will get a confirmation message once the card is closed.
"Excuse me, please cancel my pending transfer of EUR 859. Thank you",TRANSFER,cancel_transfer,"Certainly, I can help with that. Please act quickly. For transfers that have not been processed yet, use Cancel next to the transfer in your pending list. For completed transfers, raise a recall request from the same screen or through customer service, and keep the transaction reference handy. We will update you as soon as we hear back from the other bank. If you need any further help, just let me know."
I need help. Where do I activate the debit card I got this morning? I need this sorted today.,CARD,activate_card,"Certainly, I can help with that. First, open the mobile app or net banking and go to the Cards section. Then select your debit card and choose Activate Card. You will receive a one-time code on your registered mobile number, so enter it to confirm. Once that is done, the card is active and ready to use straight away. Please reach out again if anything is unclear."
"Hey, I want to cancel my mortgage application. thx",LOAN,cancel_mortgage,"Absolutely, let me walk you through it. To cancel a mortgage application, send a withdrawal request with your application reference. Any costs already incurred for valuation or legal checks may not be refundable. We will confirm the cancellation in writing and close the file."
"Good morning, the account holder cannot sign anymore, what documents do I need to act for them? Can you help me with this?",RETAIL_EXCEPTION,power_of_attorney_request,"I am sorry to hear that. Managing another person's account requires a valid legal authority, such as a registered power of attorney, and we need to verify it before giving access. Please prepare the original or certified copy of the document, your identification and the account holder details. A specialist will check the paperwork and explain what your authority allows, and I will arrange for them to contact you. If anything changes in the meantime, please let us know straight away."
Where is the closest branch? Can you help me with this?,FIND,find_branch,"To find a branch, enter your area or city in the Locator and choose Branches. Each listing shows the address, working hours and the services offered, such as loans or locker facilities. Most branches are open on weekdays and some are open on Saturday mornings."
"I want to dispute an ATM withdrawal of GBP 1,980 from this morning.",ATM,dispute_ATM_withdrawal,"I will help you raise a dispute for the ATM withdrawal of GBP 1,980. Please go to Disputes in the app, select the transaction and choose ATM Cash Issue, then give the date, time and ATM location if you have them. We will investigate with the ATM operator and most cases are reviewed within a few working days. If the ATM did not dispense the cash, the amount is usually credited back to your account."
"good evening, when is my next mortgage payment due? can you help me with this",LOAN,check_mortgage_payments,"Sure, here is how this works. Your mortgage details are available under Loans. There you can view the payment amount, upcoming due dates, the balance still owed and a summary of interest paid. If your payment changes because of a rate change, we will notify you in advance. If you need any further help, just let me know."
"Hello there, what is the fastest way to send money to someone? Thank you",TRANSFER,make_transfer,"You can send money in a few steps. Open Transfers, choose Send Money and select an existing payee or add a new one. Type in the amount, check the details carefully because transfers to the wrong account can be hard to reverse, and approve with your security code. Instant methods arrive within minutes, while standard transfers can take up to one working day."
"Hello there, name mismatch is blocking my loan, how do I correct it in your records? Any idea what to do?",RETAIL_EXCEPTION,legal_name_change,"To change your name in our records, we need proof of the legal name change, such as a marriage certificate, a gazette notification or a deed poll, together with your identification. Please upload the documents in the app under Profile or visit a branch, and we will update your accounts and cards. Because this affects several products, the update may take a few working days, and we will notify you when it is complete."
"Quick question: I need to withdraw cash in Dublin, where can I find one of your ATMs?",FIND,find_ATM,"To locate an ATM, open the Locator in the app or on our website and search by city or landmark. Filters help you find machines that offer deposits, cheque drops or extended hours. Please remember that using an ATM outside our network may attract a fee."
I want to freeze the joint account until we settle things. Please help,RETAIL_EXCEPTION,joint_account_dispute,"Thank you for explaining. Changing the operating instruction on a joint account depends on the mandate, and sometimes a court order is needed. Our specialist team can review the account terms with you and tell you what can be done, such as requiring both signatures for withdrawals. I will connect you with them. If anything changes in the meantime, please let us know straight away."
"I need help. The ATM swallowed my card, what should I do? Not sure what to do",ATM,recover_swallowed_card,"Please do not worry, this happens sometimes. First, block the card in the app as a precaution until you have it back. Then contact the branch that owns the ATM or call customer service, and we will check if the card was retained by the machine. If it can be recovered you may collect it with valid photo ID, otherwise we will issue a replacement card to you."
Please help me make a transfer of 962 dollars today. Any idea what to do,TRANSFER,make_transfer,"To make a transfer, log in to the app or net banking and go to Transfers. Add the payee by entering the name, account number and bank code, then confirm the payee with a one-time code. Enter the amount of 962 dollars, choose the payment method, review the details and confirm. You will get a confirmation message with a reference number. I am here if you need anything else."
"Excuse me, the merchant refused a refund of 315 dollars, what are my options with the bank? Any idea what to do?",PAYMENT_EXCEPTION,chargeback_request,Thank you for the details. A card dispute can be raised for items not received or not as described. We will need your order confirmation and any communication with the seller. Our disputes team will assess the claim and let you know whether the amount can be recovered. We will keep you updated by message until this is resolved.
"Please help: I dont want a bot, please connect me to an advisor. I need this sorted today",CONTACT,human_agent,"Certainly, I can arrange for one of our advisors to help you. I am transferring you now, and I will share the details of our conversation so you do not need to repeat yourself. If the queue is long, you can choose to receive a call back instead. Please reach out again if anything is unclear."
Please help: how do I open a savings account? Any idea what to do?,ACCOUNT,create_account,"Of course, happy to help. To start, choose the type of account that suits you, then fill in the application form online. You will need identity and address documents, and you may complete a short video verification. Once approved, your account details arrive by message and email, and your debit card is sent to your address. I am here if you need anything else."
"Hello there, please unfreeze my account, I already submitted my documents this morning.",RETAIL_EXCEPTION,account_frozen_kyc,"I understand how stressful it is to have an account restricted. Accounts are sometimes frozen when identity documents are missing or expired, or when a compliance review is needed. I cannot lift a restriction from this chat, but I can raise a priority request with our account services team. Please keep your photo ID, proof of address and recent photograph ready, and a specialist will contact you with the exact documents required. We will keep you updated by message until this is resolved."
"Hey, pls help me recover my login details. Appreciate the help",PASSWORD,get_password,"I am sorry you are locked out. On the login page, tap Forgot Password and enter your customer ID. We will send a one-time code to your registered mobile number, and after you enter it you can choose a new password. For security reasons we can never tell you your old password. If you need any further help, just let me know."
"Please help me make a transfer of 1,620 dollars today. I need this sorted today",TRANSFER,make_transfer,"Certainly, I can help with that. You can send money in a few steps. Open Transfers, choose Send Money and select an existing payee or add a new one. Type in the amount, check the details carefully because transfers to the wrong account can be hard to reverse, and approve with your security code. Instant methods arrive within minutes, while standard transfers can take up to one working day."
"Hey, I missed 6 instalments and im afraid of penalties",RETAIL_EXCEPTION,loan_hardship_request,"I am sorry you are facing this, and I am glad you reached out early. We have options for customers in financial difficulty, such as a temporary payment holiday, a longer tenure with lower instalments, or restructuring, depending on your situation. I will pass your request to our customer support team, who will review your income and expenses and discuss what is possible. Please try to keep making any payments you can, and avoid ignoring reminders, as talking to us early gives you more choices. If you would like, I can connect you with a human agent right now."
Please cancel the card ending 4541. Thanks.,CARD,cancel_card,"Of course, happy to help. I can guide you through cancelling your card. First check that there are no pending transactions or unpaid dues. Then submit a cancellation request through the app or by phone banking. You will get a confirmation message once the card is closed. Feel free to ask if you have any other questions."
Quick question: the ATM gave me less money than what was debited from my account. Not sure what to do.,ATM,dispute_ATM_withdrawal,"Sorry about the trouble with the ATM. Please keep the receipt if you have one and raise a dispute through the app or by calling customer service. We will check the ATM records for the withdrawal and update you by message. If the money is confirmed as not dispensed, it will be returned to your account."
I need help. I lost my prepaid card and need to block it right now. Please advise.,CARD,block_card,"I apologise for the trouble this has caused, let me help. You can block the card immediately in the mobile app. Go to Cards, choose the card and tap Block Card, then pick Lost or Stolen as the reason. The card stops working straight away and any new transactions are declined. We will then help you order a replacement, which usually arrives in a few working days. Let me know if there is anything more I can do for you."
we are separating and i want to stop my partner from withdrawing from our joint account. i need this sorted today.,RETAIL_EXCEPTION,joint_account_dispute,"I am sorry you are going through this. Joint accounts are governed by the mandate that was agreed when they were opened, and changes such as removing a holder or freezing the account usually need the consent of all holders, or a legal instruction. I can arrange for a specialist to explain your options and what proof would be required. Please keep in mind that we cannot take sides, and for serious disputes it can help to seek legal advice. Please keep your reference number safe, and reply here if you need anything else."
"Good evening, where can I download my statement for the last 5 days? Please advise.",ACCOUNT,check_recent_transactions,"To review your recent activity, log in and choose the account, then select Recent Transactions. Pending items are shown separately from completed ones. If something looks unfamiliar, tap it to see the details and report it directly from that screen."
"Hi team, the money I sent earlier today has not reached the receiver yet, the status still says processing. Appreciate the help.",PAYMENT_EXCEPTION,transfer_pending_stuck,"Sorry for the delay. A transfer can stay pending if the receiving bank is slow, if the details do not match, or if the payment is under review. I have noted the delay and a specialist team will trace the payment. If it cannot be completed, the money is returned to your account. If anything changes in the meantime, please let us know straight away."
"Good evening, is there a branch in Delhi? Any idea what to do?",FIND,find_branch,"To find a branch, enter your area or city in the Locator and choose Branches. Each listing shows the address, working hours and the services offered, such as loans or locker facilities. Most branches are open on weekdays and some are open on Saturday mornings. I am here if you need anything else."
"Hi team, I just received my travel card in the mail, how can I start using it?",CARD,activate_card,"First, open the mobile app or net banking and go to the Cards section. Then select your travel card and choose Activate Card. You will receive a one-time code on your registered mobile number, so enter it to confirm. Once that is done, the card is active and ready to use straight away. Feel free to ask if you have any other questions."
"Good evening, how do I activate my new platinum credit card? Please help",CARD,activate_card,"Certainly, I can help with that. First, open the mobile app or net banking and go to the Cards section. Then select your platinum credit card and choose Activate Card. You will receive a one-time code on your registered mobile number, so enter it to confirm. Once that is done, the card is active and ready to use straight away. If you need any further help, just let me know."
"hello there, i need extra help managing my money after my illness. thank you",RETAIL_EXCEPTION,vulnerable_customer_support,"Thank you for telling us, and please know that we are here to help in a way that works for you. We offer support such as large print or audio statements, assisted banking at branches, a dedicated helpline with priority handling and, in some areas, home visits. If you are worried about a suspicious call, please do not share any codes or personal details, and we will help you check it. I will connect you with our customer care specialists to set up the support you need."
"Good morning, why is my current account overdrawn? I never spent that much.",RETAIL_EXCEPTION,overdraft_fee_dispute,"Thanks for explaining. To review the fee, we need to see the order in which the deposit and the payments were processed. I will raise a request for the fee to be reviewed, and you will hear back with the outcome. In some cases, especially after a delayed salary, the fee can be waived. We will keep you updated by message until this is resolved."
"Hi team, please escalate my complaint to a senior manager. Thank you",RETAIL_EXCEPTION,formal_complaint_escalation,"I am sorry that your issue has not been resolved, and you have every right to escalate. I can register a formal complaint now, which will be given a reference number and reviewed by our complaints team, who will respond in writing within the time required. If you are not satisfied with the final response, you can take the matter to the external financial ombudsman. It helps if you share the dates and details of your previous contacts. We will keep you updated by message until this is resolved."
"Quick question: please unfreeze my account, I already submitted my documents two days ago.",RETAIL_EXCEPTION,account_frozen_kyc,"I am sorry for the inconvenience. A restriction usually means we need to verify or update some information. You can complete the update in the app under Profile and KYC, or visit a branch. If you have already submitted documents, I will ask the team to prioritise the review and update you. Please keep your reference number safe, and reply here if you need anything else."
Please cancel the card ending 2881. Appreciate the help.,CARD,cancel_card,I can guide you through cancelling your card. First check that there are no pending transactions or unpaid dues. Then submit a cancellation request through the app or by phone banking. You will get a confirmation message once the card is closed.
Urgent: the bank asked for documents for a payment abroad and it is delayed,PAYMENT_EXCEPTION,international_transfer_compliance_hold,"Thank you for your patience. Some cross border payments are checked before release, and I am not able to share the specific reason for a review. Please keep supporting documents ready. I am escalating your transfer to a specialist team, who will tell you what is required and the expected timing."
I need help. How can I enable my credit card for use abroad? I am travelling to Chennai. Any idea what to do?,CARD,activate_card_international_usage,"To use your card overseas, open Card Controls in the app and enable International Usage. It is a good idea to set a travel period and a daily limit. If you cannot use the app, phone banking can turn it on for you after verifying your identity. If you need any further help, just let me know."
"I need help. The bank sent a notice about mortgage arrears, please help. Appreciate the help",RETAIL_EXCEPTION,mortgage_arrears_support,"Thank you for reaching out. Falling behind on a mortgage is stressful, and there are steps we can explore together. A mortgage support specialist will review your account, your income and expenses, and discuss a plan that suits you. I am raising this as urgent so they contact you soon. We will keep you updated by message until this is resolved."
"Hi, how do I close the account of a deceased family member? Can you help me with this",RETAIL_EXCEPTION,deceased_account_holder,"My condolences to you and your family. Accounts of a deceased customer are handled by a dedicated team with care. Please share the death certificate and your identification, and they will explain how the balance is released to the nominee or legal heir and how the account is closed. I will connect you with them, so you do not have to repeat yourself. We will keep you updated by message until this is resolved."
What is the annual fee for my debit card? I need this sorted today.,CARD,check_card_annual_fee,"Absolutely, let me walk you through it. Annual fees vary by card, and many cards waive the fee after a certain level of yearly spending. Please check Fees and Charges for your card in the app to see your amount and the anniversary date. If you would like to ask about a waiver, customer service can review your eligibility. I am here if you need anything else."
I need help. How can I enable my travel card for use abroad? I am travelling to Rome. Any idea what to do,CARD,activate_card_international_usage,"International usage can be switched on from the mobile app. Go to Cards, select your travel card, open Card Controls and turn on International Transactions. You can also set the dates of your trip and a spending limit for extra safety. Changes usually take effect within a few minutes, so please do it before you leave. I am here if you need anything else."
"Excuse me, where do I activate the travel card I got last month?",CARD,activate_card,"Of course, happy to help. You can activate your card in two easy ways. In the mobile app, go to Cards, pick your card, and tap Activate. If you prefer, call the phone banking number printed on the back of the card and follow the voice prompts. After verification your card will be active within a few minutes. Feel free to ask if you have any other questions."
Quick question: I want to cancel my credit card permanently. I need this sorted today.,CARD,cancel_card,"To cancel a card, go to Cards in the mobile app, select your credit card and choose Cancel Card, or contact customer service. Before we close it, please clear any outstanding balance and cancel recurring payments linked to the card. Once cancelled, the card cannot be used again, and you can request a new one later if you change your mind. Let me know if there is anything more I can do for you."
"Excuse me, what are your support hours? Not sure what to do.",CONTACT,customer_service,"Sure, here is how this works. You can reach customer service by phone banking, through secure chat in the mobile app, or by email through the Contact Us section. Phone and chat support are available round the clock for urgent matters such as blocking a card, and other requests are handled during business hours. Please keep your customer ID handy so we can help you faster. Let me know if there is anything more I can do for you."
Quick question: how do I send 315 dollars to a friend's account? I need this sorted today.,TRANSFER,make_transfer,"You can send money in a few steps. Open Transfers, choose Send Money and select an existing payee or add a new one. Type in the amount, check the details carefully because transfers to the wrong account can be hard to reverse, and approve with your security code. Instant methods arrive within minutes, while standard transfers can take up to one working day. I am here if you need anything else."
"Hi, a free trial with Google Play turned into a monthly charge of INR 1,260, help. Thanks.",PAYMENT_EXCEPTION,recurring_payment_unauthorized,"Sorry about the trouble. We can block future payments to the merchant on your card, and I can start a dispute for charges you did not authorise. Please share the dates and the amounts of the payments and any cancellation emails you have. A specialist will review whether the money can be recovered."
"Good evening, when is my next student loan instalment due? Thanks.",LOAN,check_loan_payments,"Certainly, I can help with that. To check your loan payments, log in and open Loans, then choose the loan. You will see what you have paid so far, what is left, and the next due date. If you would like to pay extra to reduce the balance, there is an option to make a part payment on the same screen. I am here if you need anything else."
"Hey, the ATM kept my travel card and I cant get it back. Appreciate the help.",ATM,recover_swallowed_card,"I am sorry that the ATM kept your card. For your safety, I suggest blocking the card right away in the app. We will then arrange either collection from the ATM branch with identification or a replacement card sent to your address, usually within a few working days. Feel free to ask if you have any other questions."
"Hello, my salary came late and I was penalised, can you reverse the fee? Please help.",RETAIL_EXCEPTION,overdraft_fee_dispute,"Thanks for explaining. To review the fee, we need to see the order in which the deposit and the payments were processed. I will raise a request for the fee to be reviewed, and you will hear back with the outcome. In some cases, especially after a delayed salary, the fee can be waived. If you would like, I can connect you with a human agent right now."
i need help. cancel my savings account and send me the balance. appreciate the help.,ACCOUNT,close_account,"Absolutely, let me walk you through it. To close the account, make sure there are no pending transactions, linked cards or loans. Request closure through the app under Account Services or visit a branch. We will transfer any remaining balance to the account you nominate and confirm once the account is closed. Feel free to ask if you have any other questions."
"hi team, can you help me activate my card? it has not been used yet.",CARD,activate_card,"You can activate your card in two easy ways. In the mobile app, go to Cards, pick your card, and tap Activate. If you prefer, call the phone banking number printed on the back of the card and follow the voice prompts. After verification your card will be active within a few minutes."
Quick question: please put me through to a customer service representative.,CONTACT,human_agent,"Of course. I will connect you with a human agent now. Please stay in this chat, and it helps if you briefly describe your issue so the agent can pick up straight away. Waiting times can vary, and if it is not urgent you can also request a call back at a time that suits you. Please reach out again if anything is unclear."
"Hi, I am going to Toronto soon. Can you turn on international usage for my card",CARD,activate_card_international_usage,"Certainly, I can help with that. To use your card overseas, open Card Controls in the app and enable International Usage. It is a good idea to set a travel period and a daily limit. If you cannot use the app, phone banking can turn it on for you after verifying your identity. If you need any further help, just let me know."
"Account blocked after I updated my address, how do I get access? Please advise",RETAIL_EXCEPTION,account_frozen_kyc,"I understand how stressful it is to have an account restricted. Accounts are sometimes frozen when identity documents are missing or expired, or when a compliance review is needed. I cannot lift a restriction from this chat, but I can raise a priority request with our account services team. Please keep your photo ID, proof of address and recent photograph ready, and a specialist will contact you with the exact documents required. Please keep your reference number safe, and reply here if you need anything else."
I need help. How do I shut down my account permanently? Can you help me with this,ACCOUNT,close_account,"Of course, happy to help. To close the account, make sure there are no pending transactions, linked cards or loans. Request closure through the app under Account Services or visit a branch. We will transfer any remaining balance to the account you nominate and confirm once the account is closed. Let me know if there is anything more I can do for you."
"good morning, i sent eur 1,090 to the wrong person, can i cancel the transfer? any idea what to do?",TRANSFER,cancel_transfer,"If the transfer of EUR 1,090 is still pending or scheduled, you can cancel it in the app. Go to Transfers, open Pending or Scheduled, select the transfer and tap Cancel. If it has already been completed, it cannot be cancelled directly, but you can raise a request and we will contact the receiving bank to ask for the money back. Success depends on the receiving bank and the account holder agreeing to return it. Feel free to ask if you have any other questions."
Urgent: how can I appeal a declined personal loan? Thank you.,RETAIL_EXCEPTION,loan_application_rejected_appeal,"I am sorry that your application was not approved. Decisions are based on factors such as income, existing debts, credit history and the value of the loan requested, and we can share the main reasons with you. You may ask for a review, especially if your circumstances have changed or if some information was missing. I will pass your request to a loans specialist who can explain the decision and suggest what may improve your chances next time. We will keep you updated by message until this is resolved."
Can I get a payment holiday on my loan for a few months? Thank you.,RETAIL_EXCEPTION,loan_hardship_request,"Thank you for being open about this. We treat hardship requests seriously and with respect. A specialist will contact you to understand your circumstances and explore ways to reduce the pressure, for example a payment break or revised repayment plan. They may ask for proof of the change in your income. Nothing is decided in this chat, but I will raise it as a priority. You can ask for a human agent at any time and I will arrange it."
Please help: where do I activate the debit card I got last night? Not sure what to do.,CARD,activate_card,"You can activate your card in two easy ways. In the mobile app, go to Cards, pick your card, and tap Activate. If you prefer, call the phone banking number printed on the back of the card and follow the voice prompts. After verification your card will be active within a few minutes. Please reach out again if anything is unclear."
Quick question: google Play keeps charging me $996 every month and I never subscribed. Thanks,PAYMENT_EXCEPTION,recurring_payment_unauthorized,"I understand how annoying unwanted charges are. You can stop a recurring payment by going to Cards and Recurring Payments in the app and choosing Stop for Google Play. If the merchant has already taken money you did not agree to, we can raise a dispute for the $996 charges. It also helps to contact the merchant to cancel the subscription so they stop trying to bill you. If anything changes in the meantime, please let us know straight away."
"hello, what is the process to allow foreign transactions on my card before my trip?",CARD,activate_card_international_usage,"Thanks for reaching out, I can guide you through this. To use your card overseas, open Card Controls in the app and enable International Usage. It is a good idea to set a travel period and a daily limit. If you cannot use the app, phone banking can turn it on for you after verifying your identity. If you need any further help, just let me know."
"Good morning, I would like to stop my card, it has an annual fee I do not want to pay. Please advise",CARD,cancel_card,"I can guide you through cancelling your card. First check that there are no pending transactions or unpaid dues. Then submit a cancellation request through the app or by phone banking. You will get a confirmation message once the card is closed. If you need any further help, just let me know."
"excuse me, where can i download my statement for the last 7 days? thank you.",ACCOUNT,check_recent_transactions,"To review your recent activity, log in and choose the account, then select Recent Transactions. Pending items are shown separately from completed ones. If something looks unfamiliar, tap it to see the details and report it directly from that screen. I am here if you need anything else."
"Hi team, I am confused and worried about a scam call asking for my details. Please advise",RETAIL_EXCEPTION,vulnerable_customer_support,"Thank you for telling us, and please know that we are here to help in a way that works for you. We offer support such as large print or audio statements, assisted banking at branches, a dedicated helpline with priority handling and, in some areas, home visits. If you are worried about a suspicious call, please do not share any codes or personal details, and we will help you check it. I will connect you with our customer care specialists to set up the support you need. If anything changes in the meantime, please let us know straight away."
"the merchant refused a refund of inr 404, what are my options with the bank? thanks.",PAYMENT_EXCEPTION,chargeback_request,Thank you for the details. A card dispute can be raised for items not received or not as described. We will need your order confirmation and any communication with the seller. Our disputes team will assess the claim and let you know whether the amount can be recovered. We will keep you updated by message until this is resolved.
"Good morning, pickpocketed in Pune and all my cards are gone. Thanks.",PAYMENT_EXCEPTION,lost_card_abroad_emergency,"That sounds very stressful. The first step is to block all lost cards so nobody can use them. Then our emergency support team can help with a replacement card delivered to your location or a cash advance, after confirming your identity. Please keep any police report reference, as it can help with disputed transactions. We will keep you updated by message until this is resolved."
"Excuse me, we are separating and I want to stop my partner from withdrawing from our joint account. Please help.",RETAIL_EXCEPTION,joint_account_dispute,"I am sorry you are going through this. Joint accounts are governed by the mandate that was agreed when they were opened, and changes such as removing a holder or freezing the account usually need the consent of all holders, or a legal instruction. I can arrange for a specialist to explain your options and what proof would be required. Please keep in mind that we cannot take sides, and for serious disputes it can help to seek legal advice. If you would like, I can connect you with a human agent right now."
"Good evening, I have a visual impairment and cant read the statements, what support do you offer? I need this sorted today",RETAIL_EXCEPTION,vulnerable_customer_support,"Thank you for telling us, and please know that we are here to help in a way that works for you. We offer support such as large print or audio statements, assisted banking at branches, a dedicated helpline with priority handling and, in some areas, home visits. If you are worried about a suspicious call, please do not share any codes or personal details, and we will help you check it. I will connect you with our customer care specialists to set up the support you need. Please keep your reference number safe, and reply here if you need anything else."
Urgent: I want to cancel my mortgage application,LOAN,cancel_mortgage,"Thanks for reaching out, I can guide you through this. To cancel a mortgage application, send a withdrawal request with your application reference. Any costs already incurred for valuation or legal checks may not be refundable. We will confirm the cancellation in writing and close the file. If you need any further help, just let me know."
"Hi, do u have ATMs that accept cash deposits nearby?",FIND,find_ATM,"Certainly, I can help with that. To locate an ATM, open the Locator in the app or on our website and search by city or landmark. Filters help you find machines that offer deposits, cheque drops or extended hours. Please remember that using an ATM outside our network may attract a fee. Please reach out again if anything is unclear."
"I need help. I need to transfer money to another bank, what are the steps?",TRANSFER,make_transfer,"Of course, happy to help. You can send money in a few steps. Open Transfers, choose Send Money and select an existing payee or add a new one. Type in the amount, check the details carefully because transfers to the wrong account can be hard to reverse, and approve with your security code. Instant methods arrive within minutes, while standard transfers can take up to one working day."
Urgent: how do I activate my new credit card? Please help.,CARD,activate_card,"You can activate your card in two easy ways. In the mobile app, go to Cards, pick your card, and tap Activate. If you prefer, call the phone banking number printed on the back of the card and follow the voice prompts. After verification your card will be active within a few minutes. Let me know if there is anything more I can do for you."
"Hi team, how do I close the account of a deceased family member? Not sure what to do.",RETAIL_EXCEPTION,deceased_account_holder,"My condolences to you and your family. Accounts of a deceased customer are handled by a dedicated team with care. Please share the death certificate and your identification, and they will explain how the balance is released to the nominee or legal heir and how the account is closed. I will connect you with them, so you do not have to repeat yourself."
"My mother is unwell and I need to manage her account, how does power of attorney work",RETAIL_EXCEPTION,power_of_attorney_request,"I am sorry to hear that. Managing another person's account requires a valid legal authority, such as a registered power of attorney, and we need to verify it before giving access. Please prepare the original or certified copy of the document, your identification and the account holder details. A specialist will check the paperwork and explain what your authority allows, and I will arrange for them to contact you. Please keep your reference number safe, and reply here if you need anything else."
Urgent: I got a message that my password was changed and I did not do it. Thanks.,RETAIL_EXCEPTION,identity_theft_account_takeover,"Thank you for flagging this quickly. Access to your online banking will be locked while we investigate. Our security team will verify your identity through a secure process, review recent changes and transactions, and help reset your details. Please tell us about any transaction you did not make, so it can be investigated. Please keep your reference number safe, and reply here if you need anything else."
"Good morning, how do I send $806 to a friend's account? Not sure what to do.",TRANSFER,make_transfer,"Absolutely, let me walk you through it. To make a transfer, log in to the app or net banking and go to Transfers. Add the payee by entering the name, account number and bank code, then confirm the payee with a one-time code. Enter the amount of $806, choose the payment method, review the details and confirm. You will get a confirmation message with a reference number. Feel free to ask if you have any other questions."
Urgent: my spouse emptied our joint account without telling me.,RETAIL_EXCEPTION,joint_account_dispute,"Thank you for explaining. Changing the operating instruction on a joint account depends on the mandate, and sometimes a court order is needed. Our specialist team can review the account terms with you and tell you what can be done, such as requiring both signatures for withdrawals. I will connect you with them. If anything changes in the meantime, please let us know straight away."
"Urgent: starbucks keeps charging me INR 2,290 every month and I never subscribed. Please advise.",PAYMENT_EXCEPTION,recurring_payment_unauthorized,"Sorry about the trouble. We can block future payments to the merchant on your card, and I can start a dispute for charges you did not authorise. Please share the dates and the amounts of the payments and any cancellation emails you have. A specialist will review whether the money can be recovered. If you would like, I can connect you with a human agent right now."
"Good morning, what are the rules for choosing a password? Pls help.",PASSWORD,set_up_password,"To set up or change your password, log in and go to Settings and then Security. Choose Change Password, enter your current password, and type the new one twice. A strong password uses at least eight characters with a mix of letters, numbers and symbols, and should not include your name or birth date. Feel free to ask if you have any other questions."
"Hello there, why was I charged a fee of $2,780 this month? Thanks",FEES,check_fees,"Of course, happy to help. Fees depend on the type of account or service. You can find the full list in the app under Help and then Fees and Charges, including maintenance, ATM, transfer and card fees. If you tell me the specific service you are asking about, I can explain how that fee is calculated and when it applies. I am here if you need anything else."
"hello, is there an atm near the bus terminal? thank you",FIND,find_ATM,"Of course, happy to help. You can find your nearest ATM using the ATM and Branch Locator in the app. Allow location access or type in an area such as the bus terminal, and the map will show the closest machines, including ones that accept cash deposits. You can also use ATMs from partner networks with lower or no charges. Let me know if there is anything more I can do for you."
"Hey, can I see my loan repayment schedule? Please advise.",LOAN,check_loan_payments,"Absolutely, let me walk you through it. To check your loan payments, log in and open Loans, then choose the loan. You will see what you have paid so far, what is left, and the next due date. If you would like to pay extra to reduce the balance, there is an option to make a part payment on the same screen."
"My card ending 1855 has unknown purchases that appeared this morning, please help urgently. Any idea what to do?",PAYMENT_EXCEPTION,card_fraud_unauthorized_transaction,"Thank you for reporting this quickly. Your card should be blocked immediately to prevent more misuse, and the disputed transactions will be flagged for our fraud team. They will review the details, and where a transaction is confirmed as fraudulent the amount is normally returned to your account after the investigation. A specialist will reach out to collect a few more details. We will keep you updated by message until this is resolved."
"Urgent: I ordered from PayPal last month, the item is not what was shown, can I dispute the charge? I need this sorted today.",PAYMENT_EXCEPTION,chargeback_request,Thank you for the details. A card dispute can be raised for items not received or not as described. We will need your order confirmation and any communication with the seller. Our disputes team will assess the claim and let you know whether the amount can be recovered.
"i changed my name after marriage, how do i update it on my student account",RETAIL_EXCEPTION,legal_name_change,"To change your name in our records, we need proof of the legal name change, such as a marriage certificate, a gazette notification or a deed poll, together with your identification. Please upload the documents in the app under Profile or visit a branch, and we will update your accounts and cards. Because this affects several products, the update may take a few working days, and we will notify you when it is complete. We will keep you updated by message until this is resolved."
"Good morning, my card got stuck in the machine last Friday. Please advise.",ATM,recover_swallowed_card,"Please do not worry, this happens sometimes. First, block the card in the app as a precaution until you have it back. Then contact the branch that owns the ATM or call customer service, and we will check if the card was retained by the machine. If it can be recovered you may collect it with valid photo ID, otherwise we will issue a replacement card to you. Feel free to ask if you have any other questions."
"Urgent: the merchant refused a refund of INR 1,820, what are my options with the bank? Pls advise.",PAYMENT_EXCEPTION,chargeback_request,Thank you for the details. A card dispute can be raised for items not received or not as described. We will need your order confirmation and any communication with the seller. Our disputes team will assess the claim and let you know whether the amount can be recovered. We will keep you updated by message until this is resolved.
Pls help: my transfer of $388 has been pending for 2 days. Thank you.,PAYMENT_EXCEPTION,transfer_pending_stuck,"Sorry for the delay. A transfer can stay pending if the receiving bank is slow, if the details do not match, or if the payment is under review. I have noted the delay and a specialist team will trace the payment. If it cannot be completed, the money is returned to your account."
"Hi team, I have a power of attorney document, how do I register it with the bank? Thanks.",RETAIL_EXCEPTION,power_of_attorney_request,"I am sorry to hear that. Managing another person's account requires a valid legal authority, such as a registered power of attorney, and we need to verify it before giving access. Please prepare the original or certified copy of the document, your identification and the account holder details. A specialist will check the paperwork and explain what your authority allows, and I will arrange for them to contact you. You can ask for a human agent at any time and I will arrange it."
"Good morning, please put me through to a customer service representative. Can you help me with this",CONTACT,human_agent,"Of course. I will connect you with a human agent now. Please stay in this chat, and it helps if you briefly describe your issue so the agent can pick up straight away. Waiting times can vary, and if it is not urgent you can also request a call back at a time that suits you. Let me know if there is anything more I can do for you."
Urgent: I am going to Bangkok soon. Can you turn on international usage for my card? I need this sorted today.,CARD,activate_card_international_usage,"Certainly, I can help with that. To use your card overseas, open Card Controls in the app and enable International Usage. It is a good idea to set a travel period and a daily limit. If you cannot use the app, phone banking can turn it on for you after verifying your identity. Please reach out again if anything is unclear."
"hi team, i just received my travel card in the mail, how can i start using it? thank you.",CARD,activate_card,"Of course, happy to help. First, open the mobile app or net banking and go to the Cards section. Then select your travel card and choose Activate Card. You will receive a one-time code on your registered mobile number, so enter it to confirm. Once that is done, the card is active and ready to use straight away. Let me know if there is anything more I can do for you."
I need help. What are your support hours? Pls help,CONTACT,customer_service,"You can reach customer service by phone banking, through secure chat in the mobile app, or by email through the Contact Us section. Phone and chat support are available round the clock for urgent matters such as blocking a card, and other requests are handled during business hours. Please keep your customer ID handy so we can help you faster. I am here if you need anything else."
"Good evening, how do I set up a password for net banking? Thank you.",PASSWORD,set_up_password,"Absolutely, let me walk you through it. To set up or change your password, log in and go to Settings and then Security. Choose Change Password, enter your current password, and type the new one twice. A strong password uses at least eight characters with a mix of letters, numbers and symbols, and should not include your name or birth date. Let me know if there is anything more I can do for you."
"hey, how do i apply for a personal loan? thanks.",LOAN,apply_for_loan,"Sure, here is how this works. To apply for a loan, go to Loans in the app and select the type of loan you need. Enter the amount and tenure, upload the required documents and submit. Your eligibility is based on income, existing commitments and credit score, and you will see a decision and an offer once the review is complete. Please reach out again if anything is unclear."
"Excuse me, how can I enable my platinum credit card for use abroad? I am travelling to New York.",CARD,activate_card_international_usage,"International usage can be switched on from the mobile app. Go to Cards, select your platinum credit card, open Card Controls and turn on International Transactions. You can also set the dates of your trip and a spending limit for extra safety. Changes usually take effect within a few minutes, so please do it before you leave. Please reach out again if anything is unclear."
I cant afford my mortgage after the rate increase. thx.,RETAIL_EXCEPTION,mortgage_arrears_support,"Thank you for reaching out. Falling behind on a mortgage is stressful, and there are steps we can explore together. A mortgage support specialist will review your account, your income and expenses, and discuss a plan that suits you. I am raising this as urgent so they contact you soon. If anything changes in the meantime, please let us know straight away."
"Hey, is there a fee if my balance drops below the minimum? Appreciate the help.",FEES,check_fees,"Absolutely, let me walk you through it. Fees depend on the type of account or service. You can find the full list in the app under Help and then Fees and Charges, including maintenance, ATM, transfer and card fees. If you tell me the specific service you are asking about, I can explain how that fee is calculated and when it applies. I am here if you need anything else."
What fees do you charge on my account? Can you help me with this?,FEES,check_fees,"Sure, here is how this works. Fees depend on the type of account or service. You can find the full list in the app under Help and then Fees and Charges, including maintenance, ATM, transfer and card fees. If you tell me the specific service you are asking about, I can explain how that fee is calculated and when it applies. I am here if you need anything else."
"The bank sent a notice about mortgage arrears, please help. Thank you.",RETAIL_EXCEPTION,mortgage_arrears_support,"Thank you for reaching out. Falling behind on a mortgage is stressful, and there are steps we can explore together. A mortgage support specialist will review your account, your income and expenses, and discuss a plan that suits you. I am raising this as urgent so they contact you soon."
"Excuse me, the ATM kept my debit card and I cannot get it back",ATM,recover_swallowed_card,"Please do not worry, this happens sometimes. First, block the card in the app as a precaution until you have it back. Then contact the branch that owns the ATM or call customer service, and we will check if the card was retained by the machine. If it can be recovered you may collect it with valid photo ID, otherwise we will issue a replacement card to you."
Find me a cash machine close to me. Thank you.,FIND,find_ATM,"Thanks for reaching out, I can guide you through this. To locate an ATM, open the Locator in the app or on our website and search by city or landmark. Filters help you find machines that offer deposits, cheque drops or extended hours. Please remember that using an ATM outside our network may attract a fee."
"Hi, what is the remaining balance on my mortgage? Any idea what to do?",LOAN,check_mortgage_payments,"Certainly, I can help with that. Your mortgage details are available under Loans. There you can view the payment amount, upcoming due dates, the balance still owed and a summary of interest paid. If your payment changes because of a rate change, we will notify you in advance. Feel free to ask if you have any other questions."
Urgent: the bank refused my mortgage even though I have a stable income.,RETAIL_EXCEPTION,loan_application_rejected_appeal,"I am sorry that your application was not approved. Decisions are based on factors such as income, existing debts, credit history and the value of the loan requested, and we can share the main reasons with you. You may ask for a review, especially if your circumstances have changed or if some information was missing. I will pass your request to a loans specialist who can explain the decision and suggest what may improve your chances next time. If you would like, I can connect you with a human agent right now."
"Good morning, cash was not dispensed at the ATM yet my account was debited. Can you help me with this?",ATM,dispute_ATM_withdrawal,"Sorry about the trouble with the ATM. Please keep the receipt if you have one and raise a dispute through the app or by calling customer service. We will check the ATM records for the withdrawal and update you by message. If the money is confirmed as not dispensed, it will be returned to your account."
Quick question: why was I charged a fee of 530 USD this month?,FEES,check_fees,"Of course, happy to help. Fees depend on the type of account or service. You can find the full list in the app under Help and then Fees and Charges, including maintenance, ATM, transfer and card fees. If you tell me the specific service you are asking about, I can explain how that fee is calculated and when it applies. If you need any further help, just let me know."
Pls cancel the loan I applied for last Friday. Can u help me with this?,LOAN,cancel_loan,"Certainly, I can help with that. To cancel a loan application, tell us which application you mean and we will stop the process. Before disbursal there is normally no cost. After disbursal, the loan must be closed by repaying the outstanding amount, and we will give you the exact figure and any applicable charges. Let me know if there is anything more I can do for you."
Urgent: what fees do you charge on my account? Please advise.,FEES,check_fees,"Thanks for reaching out, I can guide you through this. I can help you understand the charges. Common fees include monthly maintenance, foreign transaction fees, ATM use outside our network and penalties for low balance. Your latest statement shows every fee that has been applied, and customer service can review any fee you believe was charged in error."
Quick question: I want to check if the payment I made last night has gone through.,ACCOUNT,check_recent_transactions,"To review your recent activity, log in and choose the account, then select Recent Transactions. Pending items are shown separately from completed ones. If something looks unfamiliar, tap it to see the details and report it directly from that screen. I am here if you need anything else."
"Hello, how do I close the account of a deceased family member? Please advise.",RETAIL_EXCEPTION,deceased_account_holder,"My condolences to you and your family. Accounts of a deceased customer are handled by a dedicated team with care. Please share the death certificate and your identification, and they will explain how the balance is released to the nominee or legal heir and how the account is closed. I will connect you with them, so you do not have to repeat yourself. If you would like, I can connect you with a human agent right now."
"Hello there, when is my next personal loan instalment due? Please help.",LOAN,check_loan_payments,"Thanks for reaching out, I can guide you through this. You can see your repayment details in the app under Loans. Select your personal loan to view the instalment amount, the next due date, the number of payments remaining and the total outstanding balance. The full repayment schedule can also be downloaded as a document. I am here if you need anything else."
"Please help: my refund of GBP 2,920 is still missing, the shop says it was processed. Thank you",PAYMENT_EXCEPTION,refund_not_received,"Thank you for the details. A refund can take some time after the merchant approves it. If it has been more than ten working days, please send us the refund confirmation from the merchant. We will trace the credit and follow up with the merchant bank on your behalf. We will keep you updated by message until this is resolved."
Can I see my last transactions? I need this sorted today.,ACCOUNT,check_recent_transactions,"To review your recent activity, log in and choose the account, then select Recent Transactions. Pending items are shown separately from completed ones. If something looks unfamiliar, tap it to see the details and report it directly from that screen. Feel free to ask if you have any other questions."
"I need help. My transfer of GBP 2,380 has been pending for 4 days.",PAYMENT_EXCEPTION,transfer_pending_stuck,"I understand how worrying it is when a payment is delayed. Most transfers complete within one working day, but some can be held for security checks or because of details that need correcting. Please check the transaction status and reference number in the app. Since it has been 4 days, I will raise this as a payment investigation so a specialist can trace the payment with the receiving bank and update you. Please keep your reference number safe, and reply here if you need anything else."
"Hi team, please unfreeze my account, I already submitted my documents last weekend. Thank you.",RETAIL_EXCEPTION,account_frozen_kyc,"I am sorry for the inconvenience. A restriction usually means we need to verify or update some information. You can complete the update in the app under Profile and KYC, or visit a branch. If you have already submitted documents, I will ask the team to prioritise the review and update you. We will keep you updated by message until this is resolved."
Quick question: when is my next mortgage payment due? I need this sorted today.,LOAN,check_mortgage_payments,"In the app, open Loans and select your mortgage to see your monthly payment, the next due date, the remaining balance and the split between interest and principal. Statements and a yearly interest certificate can also be downloaded from the documents section. Let me know if there is anything more I can do for you."
"Hey, I need a person to help me with this, not an automated reply.",CONTACT,human_agent,"Certainly, I can arrange for one of our advisors to help you. I am transferring you now, and I will share the details of our conversation so you do not need to repeat yourself. If the queue is long, you can choose to receive a call back instead."
I was charged more than expected because of the exchange rate on my purchase in Bangkok. Can you help me with this?,PAYMENT_EXCEPTION,currency_conversion_dispute,"Thanks for raising this. When you pay in a foreign currency, the amount is converted at the network exchange rate on the day the transaction is settled, and a foreign currency fee may also apply, so the final figure can differ from what you saw at the shop. Please check the transaction details in the app for the rate and fee that were used. If you believe the amount is wrong, we can raise a query and a specialist will review it."
Quick question: please explain how to apply for a loan online. Can you help me with this?,LOAN,apply_for_loan,"Of course, happy to help. To apply for a loan, go to Loans in the app and select the type of loan you need. Enter the amount and tenure, upload the required documents and submit. Your eligibility is based on income, existing commitments and credit score, and you will see a decision and an offer once the review is complete."
"Good morning, I cannot make any transactions, the bank says KYC is pending. Thank you.",RETAIL_EXCEPTION,account_frozen_kyc,"I am sorry for the inconvenience. A restriction usually means we need to verify or update some information. You can complete the update in the app under Profile and KYC, or visit a branch. If you have already submitted documents, I will ask the team to prioritise the review and update you. If you would like, I can connect you with a human agent right now."
"Quick question: I have complained three times and nobody has solved my problem, I want to escalate. Please advise.",RETAIL_EXCEPTION,formal_complaint_escalation,"I am sorry that your issue has not been resolved, and you have every right to escalate. I can register a formal complaint now, which will be given a reference number and reviewed by our complaints team, who will respond in writing within the time required. If you are not satisfied with the final response, you can take the matter to the external financial ombudsman. It helps if you share the dates and details of your previous contacts. If you would like, I can connect you with a human agent right now."
"I need help. I would like to stop my card, it has an annual fee I do not want to pay. Appreciate the help",CARD,cancel_card,I can guide you through cancelling your card. First check that there are no pending transactions or unpaid dues. Then submit a cancellation request through the app or by phone banking. You will get a confirmation message once the card is closed. I am here if you need anything else.
Can I open an account online without visiting the branch? Thank you.,ACCOUNT,create_account,"To start, choose the type of account that suits you, then fill in the application form online. You will need identity and address documents, and you may complete a short video verification. Once approved, your account details arrive by message and email, and your debit card is sent to your address."
Urgent: what are the rules for choosing a password? I need this sorted today,PASSWORD,set_up_password,"New customers can create a password using the First Time Login option. Enter your customer ID, verify with a one-time code, then choose a password that meets the rules shown on screen. Please do not share it with anyone, including bank staff."
Can I get a payment holiday on my loan for a few months? Can you help me with this?,RETAIL_EXCEPTION,loan_hardship_request,"I am sorry you are facing this, and I am glad you reached out early. We have options for customers in financial difficulty, such as a temporary payment holiday, a longer tenure with lower instalments, or restructuring, depending on your situation. I will pass your request to our customer support team, who will review your income and expenses and discuss what is possible. Please try to keep making any payments you can, and avoid ignoring reminders, as talking to us early gives you more choices. Please keep your reference number safe, and reply here if you need anything else."
"Quick question: my platinum credit card does not work outside the country, how do I switch on overseas payments?",CARD,activate_card_international_usage,"Thanks for reaching out, I can guide you through this. To use your card overseas, open Card Controls in the app and enable International Usage. It is a good idea to set a travel period and a daily limit. If you cannot use the app, phone banking can turn it on for you after verifying your identity. I am here if you need anything else."
"Hi team, I have a visual impairment and cant read the statements, what support do you offer?",RETAIL_EXCEPTION,vulnerable_customer_support,"Thank you for telling us, and please know that we are here to help in a way that works for you. We offer support such as large print or audio statements, assisted banking at branches, a dedicated helpline with priority handling and, in some areas, home visits. If you are worried about a suspicious call, please do not share any codes or personal details, and we will help you check it. I will connect you with our customer care specialists to set up the support you need."
"Hey, I need to visit a branch, can u help me find one?",FIND,find_branch,"Thanks for reaching out, I can guide you through this. To find a branch, enter your area or city in the Locator and choose Branches. Each listing shows the address, working hours and the services offered, such as loans or locker facilities. Most branches are open on weekdays and some are open on Saturday mornings. If you need any further help, just let me know."
"hello there, can i see my last transactions? thanks.",ACCOUNT,check_recent_transactions,"Certainly, I can help with that. To review your recent activity, log in and choose the account, then select Recent Transactions. Pending items are shown separately from completed ones. If something looks unfamiliar, tap it to see the details and report it directly from that screen. Feel free to ask if you have any other questions."
"I want to apply for a business loan of EUR 370,040. I need this sorted today.",LOAN,apply_for_loan,"You can apply for a business loan online or at a branch. Please keep your identity proof, address proof, recent salary slips or income proof, and bank statements ready. After you submit the application, we check your eligibility and credit history and share an offer with the interest rate and repayment plan. Once you accept, the money is usually credited within a few working days. If you need any further help, just let me know."
"Good evening, I cannot make any transactions, the bank says KYC is pending. Not sure what to do",RETAIL_EXCEPTION,account_frozen_kyc,"I understand how stressful it is to have an account restricted. Accounts are sometimes frozen when identity documents are missing or expired, or when a compliance review is needed. I cannot lift a restriction from this chat, but I can raise a priority request with our account services team. Please keep your photo ID, proof of address and recent photograph ready, and a specialist will contact you with the exact documents required. If you would like, I can connect you with a human agent right now."
"Hi, we decided not to buy the house, how do I cancel the mortgage? Not sure what to do",LOAN,cancel_mortgage,"Certainly, I can help with that. I can help you withdraw the mortgage application. Please contact our mortgage team through the app or at a branch and confirm the application reference. If the valuation or legal work has already started, some third party fees might still apply. Once cancelled, you will receive written confirmation. If you need any further help, just let me know."
Urgent: can I see my loan repayment schedule?,LOAN,check_loan_payments,"To check your loan payments, log in and open Loans, then choose the loan. You will see what you have paid so far, what is left, and the next due date. If you would like to pay extra to reduce the balance, there is an option to make a part payment on the same screen. I am here if you need anything else."
"Hi team, how much do I pay every year to keep my card? Any idea what to do?",CARD,check_card_annual_fee,"Annual fees vary by card, and many cards waive the fee after a certain level of yearly spending. Please check Fees and Charges for your card in the app to see your amount and the anniversary date. If you would like to ask about a waiver, customer service can review your eligibility. Please reach out again if anything is unclear."
"Please help: I want to apply for a business loan of GBP 429,560. Please help.",LOAN,apply_for_loan,"Absolutely, let me walk you through it. You can apply for a business loan online or at a branch. Please keep your identity proof, address proof, recent salary slips or income proof, and bank statements ready. After you submit the application, we check your eligibility and credit history and share an offer with the interest rate and repayment plan. Once you accept, the money is usually credited within a few working days. Feel free to ask if you have any other questions."
"Excuse me, how do I shut down my account permanently? Thank you",ACCOUNT,close_account,"Absolutely, let me walk you through it. To close the account, make sure there are no pending transactions, linked cards or loans. Request closure through the app under Account Services or visit a branch. We will transfer any remaining balance to the account you nominate and confirm once the account is closed. If you need any further help, just let me know."
Someone changed my phone number and email on my account and I am locked out. Thank you.,RETAIL_EXCEPTION,identity_theft_account_takeover,"I am very sorry, and I will treat this as urgent. To protect you, we should restrict access to your account and cards immediately, and I am escalating this to our fraud and security team now. Please do not use the same password anywhere else, avoid clicking links in unexpected messages, and keep a note of any suspicious messages or calls. A specialist will contact you on a verified number to restore your access and review the activity. If anything changes in the meantime, please let us know straight away."
"Urgent: we are buying our first home and need a mortgage, where do we start? Appreciate the help",LOAN,apply_for_mortgage,"For a mortgage, the first step is to check how much you can borrow using the mortgage calculator in the app. Then submit an application with your identity, income and property details, and we will arrange a valuation of the property. After approval you receive a formal offer, and the funds are released to the seller once the legal formalities are complete. A deposit is usually needed, and the amount depends on the property value and your profile. Feel free to ask if you have any other questions."
"hello, please cancel the loan i applied for last friday. please help.",LOAN,cancel_loan,"Thanks for reaching out, I can guide you through this. To cancel a loan application, tell us which application you mean and we will stop the process. Before disbursal there is normally no cost. After disbursal, the loan must be closed by repaying the outstanding amount, and we will give you the exact figure and any applicable charges. Feel free to ask if you have any other questions."
"Hi, I want to cancel my student loan application. Any idea what to do",LOAN,cancel_loan,"To cancel a loan application, tell us which application you mean and we will stop the process. Before disbursal there is normally no cost. After disbursal, the loan must be closed by repaying the outstanding amount, and we will give you the exact figure and any applicable charges."
"Excuse me, card stolen abroad, need emergency replacement. Please help.",PAYMENT_EXCEPTION,lost_card_abroad_emergency,"That sounds very stressful. The first step is to block all lost cards so nobody can use them. Then our emergency support team can help with a replacement card delivered to your location or a cash advance, after confirming your identity. Please keep any police report reference, as it can help with disputed transactions. You can ask for a human agent at any time and I will arrange it."
"Hello there, tell me about the monthly maintenance fees on my business account. I need this sorted today.",FEES,check_fees,"I can help you understand the charges. Common fees include monthly maintenance, foreign transaction fees, ATM use outside our network and penalties for low balance. Your latest statement shows every fee that has been applied, and customer service can review any fee you believe was charged in error."
"Hello, how do I withdraw my loan request? Thank you.",LOAN,cancel_loan,"Absolutely, let me walk you through it. To cancel a loan application, tell us which application you mean and we will stop the process. Before disbursal there is normally no cost. After disbursal, the loan must be closed by repaying the outstanding amount, and we will give you the exact figure and any applicable charges. Let me know if there is anything more I can do for you."
"Hi, how much do I pay every year to keep my card? I need this sorted today.",CARD,check_card_annual_fee,"Sure, here is how this works. Annual fees vary by card, and many cards waive the fee after a certain level of yearly spending. Please check Fees and Charges for your card in the app to see your amount and the anniversary date. If you would like to ask about a waiver, customer service can review your eligibility. Please reach out again if anything is unclear."
"Excuse me, my card ending 6815 has unknown purchases that appeared last night, please help urgently",PAYMENT_EXCEPTION,card_fraud_unauthorized_transaction,"Thank you for reporting this quickly. Your card should be blocked immediately to prevent more misuse, and the disputed transactions will be flagged for our fraud team. They will review the details, and where a transaction is confirmed as fraudulent the amount is normally returned to your account after the investigation. A specialist will reach out to collect a few more details. You can ask for a human agent at any time and I will arrange it."
Urgent: what documents do I need to update my name with the bank? Can u help me with this?,RETAIL_EXCEPTION,legal_name_change,"To change your name in our records, we need proof of the legal name change, such as a marriage certificate, a gazette notification or a deed poll, together with your identification. Please upload the documents in the app under Profile or visit a branch, and we will update your accounts and cards. Because this affects several products, the update may take a few working days, and we will notify you when it is complete. If you would like, I can connect you with a human agent right now."
"Excuse me, is there an ATM near the main market? Any idea what to do?",FIND,find_ATM,"Absolutely, let me walk you through it. To locate an ATM, open the Locator in the app or on our website and search by city or landmark. Filters help you find machines that offer deposits, cheque drops or extended hours. Please remember that using an ATM outside our network may attract a fee. If you need any further help, just let me know."
"Good evening, my debit card ending 0293 arrived today. What are the steps to activate it? Can you help me with this",CARD,activate_card,"Sure, here is how this works. You can activate your card in two easy ways. In the mobile app, go to Cards, pick your card, and tap Activate. If you prefer, call the phone banking number printed on the back of the card and follow the voice prompts. After verification your card will be active within a few minutes."
"Hi team, my card went missing yesterday, block it asap. Thanks.",CARD,block_card,"That sounds frustrating, and I will do my best to help you resolve it. To protect your money, block the card first. Use the app under Cards and Block, or call the 24 hour phone banking line and ask for an immediate block. Once blocked, please review your recent transactions and tell us about any you do not recognise so we can look into them. Let me know if there is anything more I can do for you."
"Good evening, I would like to apply for a home loan. Thank you",LOAN,apply_for_mortgage,"Absolutely, let me walk you through it. Applying for a home loan involves a few stages: an initial eligibility check, document submission, property valuation, formal approval and legal completion. A mortgage adviser can guide you at each stage. You can begin by booking a call from the Loans section of the app."
"Good morning, name mismatch is blocking my loan, how do I correct it in your records? Please help.",RETAIL_EXCEPTION,legal_name_change,"To change your name in our records, we need proof of the legal name change, such as a marriage certificate, a gazette notification or a deed poll, together with your identification. Please upload the documents in the app under Profile or visit a branch, and we will update your accounts and cards. Because this affects several products, the update may take a few working days, and we will notify you when it is complete. If you would like, I can connect you with a human agent right now."
"Hello there, I changed my name after marriage, how do I update it on my student account? Please help.",RETAIL_EXCEPTION,legal_name_change,"To change your name in our records, we need proof of the legal name change, such as a marriage certificate, a gazette notification or a deed poll, together with your identification. Please upload the documents in the app under Profile or visit a branch, and we will update your accounts and cards. Because this affects several products, the update may take a few working days, and we will notify you when it is complete. Please keep your reference number safe, and reply here if you need anything else."
Quick question: I want to close my student account. Any idea what to do?,ACCOUNT,close_account,"I can explain how to close your student account. Please first clear any dues, cancel standing instructions and move the remaining balance to another account. Then submit a closure request through customer service or at a branch with valid identification. Once processed, you will receive written confirmation and the final statement."
I missed 6 instalments and I am afraid of penalties. Not sure what to do.,RETAIL_EXCEPTION,loan_hardship_request,"I am sorry you are facing this, and I am glad you reached out early. We have options for customers in financial difficulty, such as a temporary payment holiday, a longer tenure with lower instalments, or restructuring, depending on your situation. I will pass your request to our customer support team, who will review your income and expenses and discuss what is possible. Please try to keep making any payments you can, and avoid ignoring reminders, as talking to us early gives you more choices. You can ask for a human agent at any time and I will arrange it."
"Excuse me, my card went missing last week, block it asap. Please help.",CARD,block_card,"That sounds frustrating, and I will do my best to help you resolve it. To protect your money, block the card first. Use the app under Cards and Block, or call the 24 hour phone banking line and ask for an immediate block. Once blocked, please review your recent transactions and tell us about any you do not recognise so we can look into them."
"hi team, please escalate my complaint to a senior manager.",RETAIL_EXCEPTION,formal_complaint_escalation,"I am sorry that your issue has not been resolved, and you have every right to escalate. I can register a formal complaint now, which will be given a reference number and reviewed by our complaints team, who will respond in writing within the time required. If you are not satisfied with the final response, you can take the matter to the external financial ombudsman. It helps if you share the dates and details of your previous contacts. If anything changes in the meantime, please let us know straight away."
i need help. why is my savings account overdrawn? i never spent that much. i need this sorted today,RETAIL_EXCEPTION,overdraft_fee_dispute,"Thanks for explaining. To review the fee, we need to see the order in which the deposit and the payments were processed. I will raise a request for the fee to be reviewed, and you will hear back with the outcome. In some cases, especially after a delayed salary, the fee can be waived. Please keep your reference number safe, and reply here if you need anything else."
"Excuse me, need to switch on my new card, what should I do? I need this sorted today",CARD,activate_card,"You can activate your card in two easy ways. In the mobile app, go to Cards, pick your card, and tap Activate. If you prefer, call the phone banking number printed on the back of the card and follow the voice prompts. After verification your card will be active within a few minutes. If you need any further help, just let me know."
"hello, i forgot my password, how do i get it back?",PASSWORD,get_password,"I am sorry you are locked out. On the login page, tap Forgot Password and enter your customer ID. We will send a one-time code to your registered mobile number, and after you enter it you can choose a new password. For security reasons we can never tell you your old password."
"pls help: atm retained my card ending 8115, how do i recover it? i need this sorted today.",ATM,recover_swallowed_card,"I am sorry that the ATM kept your card. For your safety, I suggest blocking the card right away in the app. We will then arrange either collection from the ATM branch with identification or a replacement card sent to your address, usually within a few working days. Please reach out again if anything is unclear."
"Hello there, I would like to stop my card, it has an annual fee I do not want to pay. Thanks.",CARD,cancel_card,I can guide you through cancelling your card. First check that there are no pending transactions or unpaid dues. Then submit a cancellation request through the app or by phone banking. You will get a confirmation message once the card is closed.
"Urgent: name mismatch is blocking my loan, how do I correct it in your records? Thank you.",RETAIL_EXCEPTION,legal_name_change,"To change your name in our records, we need proof of the legal name change, such as a marriage certificate, a gazette notification or a deed poll, together with your identification. Please upload the documents in the app under Profile or visit a branch, and we will update your accounts and cards. Because this affects several products, the update may take a few working days, and we will notify you when it is complete. If anything changes in the meantime, please let us know straight away."
"Good evening, what do I need to do before closing my business account? Thank you.",ACCOUNT,close_account,"To close the account, make sure there are no pending transactions, linked cards or loans. Request closure through the app under Account Services or visit a branch. We will transfer any remaining balance to the account you nominate and confirm once the account is closed. If you need any further help, just let me know."
"Good morning, what is the customer care number?",CONTACT,customer_service,"You can reach customer service by phone banking, through secure chat in the mobile app, or by email through the Contact Us section. Phone and chat support are available round the clock for urgent matters such as blocking a card, and other requests are handled during business hours. Please keep your customer ID handy so we can help you faster. If you need any further help, just let me know."
Urgent: my card got stuck in the machine last week.,ATM,recover_swallowed_card,"I am sorry that the ATM kept your card. For your safety, I suggest blocking the card right away in the app. We will then arrange either collection from the ATM branch with identification or a replacement card sent to your address, usually within a few working days."
