instruction,category,intent,response
How do I stop a transfer I made last weekend? I need this sorted today.,TRANSFER,cancel_transfer,"Sure, here is how this works. Please act quickly. For transfers that have not been processed yet, use Cancel next to the transfer in your pending list. For completed transfers, raise a recall request from the same screen or through customer service, and keep the transaction reference handy. We will update you as soon as we hear back from the other bank. Feel free to ask if you have any other questions."
"Sent 1,400 USD to a stranger by mistake last week. Any idea what to do?",PAYMENT_EXCEPTION,transfer_wrong_account,"Please stay calm, and thank you for telling us quickly, because speed matters. Payments to a wrong account cannot always be reversed, but we can send a recall request to the receiving bank for the 1,400 USD. Please share the transaction reference, the date and the account number you used. We will contact the other bank and, if the account holder agrees or the funds are still available, the money can be returned."
I need help. How much is the fee for an international transfer? Appreciate the help.,FEES,check_fees,"Absolutely, let me walk you through it. I can help you understand the charges. Common fees include monthly maintenance, foreign transaction fees, ATM use outside our network and penalties for low balance. Your latest statement shows every fee that has been applied, and customer service can review any fee you believe was charged in error."
"There is an ATM transaction I do not recognise for GBP 1,980, how do I raise a dispute? Please help.",ATM,dispute_ATM_withdrawal,"I will help you raise a dispute for the ATM withdrawal of GBP 1,980. Please go to Disputes in the app, select the transaction and choose ATM Cash Issue, then give the date, time and ATM location if you have them. We will investigate with the ATM operator and most cases are reviewed within a few working days. If the ATM did not dispense the cash, the amount is usually credited back to your account. If you need any further help, just let me know."
"Hi team, please waive the overdraft charges, they are unfair",RETAIL_EXCEPTION,overdraft_fee_dispute,"Thanks for explaining. To review the fee, we need to see the order in which the deposit and the payments were processed. I will raise a request for the fee to be reviewed, and you will hear back with the outcome. In some cases, especially after a delayed salary, the fee can be waived. If anything changes in the meantime, please let us know straight away."
"Hello there, how do I view what I spent this week? Not sure what to do.",ACCOUNT,check_recent_transactions,"To review your recent activity, log in and choose the account, then select Recent Transactions. Pending items are shown separately from completed ones. If something looks unfamiliar, tap it to see the details and report it directly from that screen. I am here if you need anything else."
"ATM retained my card ending 5302, how do I recover it?",ATM,recover_swallowed_card,"Please do not worry, this happens sometimes. First, block the card in the app as a precaution until you have it back. Then contact the branch that owns the ATM or call customer service, and we will check if the card was retained by the machine. If it can be recovered you may collect it with valid photo ID, otherwise we will issue a replacement card to you."
"Hello, sent GBP 1,540 to a stranger by mistake last night. Any idea what to do?",PAYMENT_EXCEPTION,transfer_wrong_account,"I am sorry this happened. Please raise a wrong transfer request in the app or with customer service right away with the payment reference. We will ask the receiving bank to hold and return the funds, but they need the account holder consent, so the timing can vary. A specialist will follow up with you. You can ask for a human agent at any time and I will arrange it."
"Hi, please help me recover my login details",PASSWORD,get_password,"You can recover access in a few steps. Select Forgot Password on the login screen, verify your identity with the one-time code sent to your registered number, and set a new password. If you no longer have access to that number, please visit a branch with your identification to update it."
"I need help. Account blocked after I updated my address, how do I get access?",RETAIL_EXCEPTION,account_frozen_kyc,"I am sorry for the inconvenience. A restriction usually means we need to verify or update some information. You can complete the update in the app under Profile and KYC, or visit a branch. If you have already submitted documents, I will ask the team to prioritise the review and update you. We will keep you updated by message until this is resolved."
"hi team, i need help because i am struggling to repay my loan of inr 125,940. i need this sorted today",RETAIL_EXCEPTION,loan_hardship_request,"Thank you for being open about this. We treat hardship requests seriously and with respect. A specialist will contact you to understand your circumstances and explore ways to reduce the pressure, for example a payment break or revised repayment plan. They may ask for proof of the change in your income. Nothing is decided in this chat, but I will raise it as a priority. We will keep you updated by message until this is resolved."
"Excuse me, how much is the fee for an international transfer? Appreciate the help.",FEES,check_fees,"Of course, happy to help. I can help you understand the charges. Common fees include monthly maintenance, foreign transaction fees, ATM use outside our network and penalties for low balance. Your latest statement shows every fee that has been applied, and customer service can review any fee you believe was charged in error. Let me know if there is anything more I can do for you."
"Hey, what do I need to do before closing my current account?",ACCOUNT,close_account,"I can explain how to close your current account. Please first clear any dues, cancel standing instructions and move the remaining balance to another account. Then submit a closure request through customer service or at a branch with valid identification. Once processed, you will receive written confirmation and the final statement. If you need any further help, just let me know."
pls tell me the current balance on the card ending 5113.,CARD,check_current_balance_on_card,"Sure, here is how this works. To check your balance, log in to net banking or the app and open Cards. The card summary shows your current balance, available credit and the last statement amount. Balances update in near real time, but very recent transactions can take a short while to appear."
What are the eligibility criteria for a business loan? Please advise.,LOAN,apply_for_loan,"Of course, happy to help. You can apply for a business loan online or at a branch. Please keep your identity proof, address proof, recent salary slips or income proof, and bank statements ready. After you submit the application, we check your eligibility and credit history and share an offer with the interest rate and repayment plan. Once you accept, the money is usually credited within a few working days. If you need any further help, just let me know."
"Good morning, I want to make a large purchase of 13,360 dollars but my card keeps getting declined. Can you help me with this?",PAYMENT_EXCEPTION,large_transaction_blocked,"Thank you for explaining. A large payment may exceed your set limit, or it may be waiting for extra verification. You can raise your limit in Card Controls after authentication, and the security team can release a held transaction after checking with you. Since it is time sensitive, shall I connect you to an agent now? Please keep your reference number safe, and reply here if you need anything else."
"Hey, the amount debited does not match the price I saw abroad.",PAYMENT_EXCEPTION,currency_conversion_dispute,"Thanks for raising this. When you pay in a foreign currency, the amount is converted at the network exchange rate on the day the transaction is settled, and a foreign currency fee may also apply, so the final figure can differ from what you saw at the shop. Please check the transaction details in the app for the rate and fee that were used. If you believe the amount is wrong, we can raise a query and a specialist will review it."
"Hey, cash was not dispensed at the ATM yet my account was debited.",ATM,dispute_ATM_withdrawal,"Sorry about the trouble with the ATM. Please keep the receipt if you have one and raise a dispute through the app or by calling customer service. We will check the ATM records for the withdrawal and update you by message. If the money is confirmed as not dispensed, it will be returned to your account."
"Hello, where do I activate the prepaid card I got two days ago? Please advise.",CARD,activate_card,"Thanks for reaching out, I can guide you through this. First, open the mobile app or net banking and go to the Cards section. Then select your prepaid card and choose Activate Card. You will receive a one-time code on your registered mobile number, so enter it to confirm. Once that is done, the card is active and ready to use straight away."
"Excuse me, I want to know my outstanding amount on the credit card. Thanks.",CARD,check_current_balance_on_card,"Thanks for reaching out, I can guide you through this. To check your balance, log in to net banking or the app and open Cards. The card summary shows your current balance, available credit and the last statement amount. Balances update in near real time, but very recent transactions can take a short while to appear. I am here if you need anything else."
"Good morning, when is my card annual fee charged and can it be waived? Any idea what to do?",CARD,check_card_annual_fee,"Annual fees vary by card, and many cards waive the fee after a certain level of yearly spending. Please check Fees and Charges for your card in the app to see your amount and the anniversary date. If you would like to ask about a waiver, customer service can review your eligibility."
I need help. When is my next business loan instalment due? Can u help me with this?,LOAN,check_loan_payments,"You can see your repayment details in the app under Loans. Select your business loan to view the instalment amount, the next due date, the number of payments remaining and the total outstanding balance. The full repayment schedule can also be downloaded as a document. Let me know if there is anything more I can do for you."
"Account blocked after I updated my address, how do I get access?",RETAIL_EXCEPTION,account_frozen_kyc,"I am sorry for the inconvenience. A restriction usually means we need to verify or update some information. You can complete the update in the app under Profile and KYC, or visit a branch. If you have already submitted documents, I will ask the team to prioritise the review and update you. If you would like, I can connect you with a human agent right now."
"Hello, I changed my name after marriage, how do I update it on my business account",RETAIL_EXCEPTION,legal_name_change,"To change your name in our records, we need proof of the legal name change, such as a marriage certificate, a gazette notification or a deed poll, together with your identification. Please upload the documents in the app under Profile or visit a branch, and we will update your accounts and cards. Because this affects several products, the update may take a few working days, and we will notify you when it is complete. If you would like, I can connect you with a human agent right now."
How do I view what I spent this week? Thanks,ACCOUNT,check_recent_transactions,"Sure, here is how this works. To review your recent activity, log in and choose the account, then select Recent Transactions. Pending items are shown separately from completed ones. If something looks unfamiliar, tap it to see the details and report it directly from that screen. Please reach out again if anything is unclear."
"Good evening, someone changed my phone number and email on my account and I am locked out",RETAIL_EXCEPTION,identity_theft_account_takeover,"Thank you for flagging this quickly. Access to your online banking will be locked while we investigate. Our security team will verify your identity through a secure process, review recent changes and transactions, and help reset your details. Please tell us about any transaction you did not make, so it can be investigated."
"Good evening, how can I add a new payee and transfer funds? Pls advise.",TRANSFER,make_transfer,"Of course, happy to help. You can send money in a few steps. Open Transfers, choose Send Money and select an existing payee or add a new one. Type in the amount, check the details carefully because transfers to the wrong account can be hard to reverse, and approve with your security code. Instant methods arrive within minutes, while standard transfers can take up to one working day. I am here if you need anything else."
"i need help because i am struggling to repay my loan of gbp 471,590. appreciate the help.",RETAIL_EXCEPTION,loan_hardship_request,"Thank you for being open about this. We treat hardship requests seriously and with respect. A specialist will contact you to understand your circumstances and explore ways to reduce the pressure, for example a payment break or revised repayment plan. They may ask for proof of the change in your income. Nothing is decided in this chat, but I will raise it as a priority."
"Good evening, what is the outstanding balance on my home loan? Any idea what to do?",LOAN,check_loan_payments,"To check your loan payments, log in and open Loans, then choose the loan. You will see what you have paid so far, what is left, and the next due date. If you would like to pay extra to reduce the balance, there is an option to make a part payment on the same screen. I am here if you need anything else."
i need help. could you tell me the yearly charges on the card ending 5614? i need this sorted today.,CARD,check_card_annual_fee,"Annual fees vary by card, and many cards waive the fee after a certain level of yearly spending. Please check Fees and Charges for your card in the app to see your amount and the anniversary date. If you would like to ask about a waiver, customer service can review your eligibility. I am here if you need anything else."
"Hi team, the bank sent a notice about mortgage arrears, please help. Can you help me with this",RETAIL_EXCEPTION,mortgage_arrears_support,"I understand how worrying this is, and I want you to know that help is available. Please do not ignore the notice, because early contact gives us more options such as revising the payment plan, extending the term or a temporary arrangement. I will connect you with our specialist mortgage support team, who can go through the details with you in confidence. It is also worth getting free independent money advice alongside speaking to us."
"Good morning, could you tell me the yearly charges on the card ending 6808? Please advise.",CARD,check_card_annual_fee,"Annual fees vary by card, and many cards waive the fee after a certain level of yearly spending. Please check Fees and Charges for your card in the app to see your amount and the anniversary date. If you would like to ask about a waiver, customer service can review your eligibility. If you need any further help, just let me know."
"My international transfer of 2,800 dollars to Delhi is on hold and nobody tells me why. Not sure what to do",PAYMENT_EXCEPTION,international_transfer_compliance_hold,"I understand this is frustrating. International payments can be held for a routine compliance review, which is a regulatory requirement, and we may ask for supporting documents such as an invoice, contract or proof of source of funds. I cannot see the full details of the review in this chat, so I will pass your case to our payments compliance team, who will contact you about what is needed. Providing the documents promptly usually speeds things up. We will keep you updated by message until this is resolved."
"hello, i want to close my business account. thanks.",ACCOUNT,close_account,"Thanks for reaching out, I can guide you through this. To close the account, make sure there are no pending transactions, linked cards or loans. Request closure through the app under Account Services or visit a branch. We will transfer any remaining balance to the account you nominate and confirm once the account is closed. Please reach out again if anything is unclear."
Quick question: I would like to apply for a home loan. Thanks.,LOAN,apply_for_mortgage,"Applying for a home loan involves a few stages: an initial eligibility check, document submission, property valuation, formal approval and legal completion. A mortgage adviser can guide you at each stage. You can begin by booking a call from the Loans section of the app. Please reach out again if anything is unclear."
"Hi, how do I activate my new debit card?",CARD,activate_card,"First, open the mobile app or net banking and go to the Cards section. Then select your debit card and choose Activate Card. You will receive a one-time code on your registered mobile number, so enter it to confirm. Once that is done, the card is active and ready to use straight away. I am here if you need anything else."
please help me recover my login details. can you help me with this?,PASSWORD,get_password,"You can recover access in a few steps. Select Forgot Password on the login screen, verify your identity with the one-time code sent to your registered number, and set a new password. If you no longer have access to that number, please visit a branch with your identification to update it."
Please cancel the card ending 8995. Please help.,CARD,cancel_card,I can guide you through cancelling your card. First check that there are no pending transactions or unpaid dues. Then submit a cancellation request through the app or by phone banking. You will get a confirmation message once the card is closed. Let me know if there is anything more I can do for you.
"Hello, the bank sent a notice about mortgage arrears, please help. Please advise",RETAIL_EXCEPTION,mortgage_arrears_support,"Thank you for reaching out. Falling behind on a mortgage is stressful, and there are steps we can explore together. A mortgage support specialist will review your account, your income and expenses, and discuss a plan that suits you. I am raising this as urgent so they contact you soon. You can ask for a human agent at any time and I will arrange it."
"Please help: my card went missing last weekend, block it asap.",CARD,block_card,"To protect your money, block the card first. Use the app under Cards and Block, or call the 24 hour phone banking line and ask for an immediate block. Once blocked, please review your recent transactions and tell us about any you do not recognise so we can look into them."
"I need help. What is the process to get a mortgage for a house worth GBP 315,340? Thanks.",LOAN,apply_for_mortgage,"Certainly, I can help with that. For a mortgage, the first step is to check how much you can borrow using the mortgage calculator in the app. Then submit an application with your identity, income and property details, and we will arrange a valuation of the property. After approval you receive a formal offer, and the funds are released to the seller once the legal formalities are complete. A deposit is usually needed, and the amount depends on the property value and your profile. Feel free to ask if you have any other questions."
I need help. What is the outstanding balance on my car loan?,LOAN,check_loan_payments,"You can see your repayment details in the app under Loans. Select your car loan to view the instalment amount, the next due date, the number of payments remaining and the total outstanding balance. The full repayment schedule can also be downloaded as a document. Feel free to ask if you have any other questions."
I need help. I lost my job and cannot pay my car loan instalments.,RETAIL_EXCEPTION,loan_hardship_request,"Thank you for being open about this. We treat hardship requests seriously and with respect. A specialist will contact you to understand your circumstances and explore ways to reduce the pressure, for example a payment break or revised repayment plan. They may ask for proof of the change in your income. Nothing is decided in this chat, but I will raise it as a priority. If you would like, I can connect you with a human agent right now."
"pls help: what happens if i cancel my prepaid card, and how do i do it? pls help",CARD,cancel_card,I can guide you through cancelling your card. First check that there are no pending transactions or unpaid dues. Then submit a cancellation request through the app or by phone banking. You will get a confirmation message once the card is closed.
"Good evening, please tell me the current balance on the card ending 3991.",CARD,check_current_balance_on_card,"Thanks for reaching out, I can guide you through this. To check your balance, log in to net banking or the app and open Cards. The card summary shows your current balance, available credit and the last statement amount. Balances update in near real time, but very recent transactions can take a short while to appear. Please reach out again if anything is unclear."
Quick question: how do I freeze my card temporarily? I cannot find it. Thanks,CARD,block_card,"I understand how stressful this must be, and I am here to help. To protect your money, block the card first. Use the app under Cards and Block, or call the 24 hour phone banking line and ask for an immediate block. Once blocked, please review your recent transactions and tell us about any you do not recognise so we can look into them."
"Good evening, what is the process to allow foreign transactions on my card before my trip? Any idea what to do?",CARD,activate_card_international_usage,"Thanks for reaching out, I can guide you through this. To use your card overseas, open Card Controls in the app and enable International Usage. It is a good idea to set a travel period and a daily limit. If you cannot use the app, phone banking can turn it on for you after verifying your identity."
"Please help me close the account, I am moving abroad. Appreciate the help.",ACCOUNT,close_account,"To close the account, make sure there are no pending transactions, linked cards or loans. Request closure through the app under Account Services or visit a branch. We will transfer any remaining balance to the account you nominate and confirm once the account is closed."
"excuse me, can u list all the charges for using the atm abroad",FEES,check_fees,"Absolutely, let me walk you through it. I can help you understand the charges. Common fees include monthly maintenance, foreign transaction fees, ATM use outside our network and penalties for low balance. Your latest statement shows every fee that has been applied, and customer service can review any fee you believe was charged in error."
"Why was I charged a fee of 1,380 USD this month? Can you help me with this",FEES,check_fees,"Certainly, I can help with that. I can help you understand the charges. Common fees include monthly maintenance, foreign transaction fees, ATM use outside our network and penalties for low balance. Your latest statement shows every fee that has been applied, and customer service can review any fee you believe was charged in error. Please reach out again if anything is unclear."
"Good morning, how do I see my card balance and available limit? I need this sorted today",CARD,check_current_balance_on_card,"Of course, happy to help. To check your balance, log in to net banking or the app and open Cards. The card summary shows your current balance, available credit and the last statement amount. Balances update in near real time, but very recent transactions can take a short while to appear. I am here if you need anything else."
"Good morning, I want a written response to my complaint about student account charges. Thank you.",RETAIL_EXCEPTION,formal_complaint_escalation,"I am sorry that your issue has not been resolved, and you have every right to escalate. I can register a formal complaint now, which will be given a reference number and reviewed by our complaints team, who will respond in writing within the time required. If you are not satisfied with the final response, you can take the matter to the external financial ombudsman. It helps if you share the dates and details of your previous contacts. You can ask for a human agent at any time and I will arrange it."
"My credit card does not work outside the country, how do I switch on overseas payments",CARD,activate_card_international_usage,"International usage can be switched on from the mobile app. Go to Cards, select your credit card, open Card Controls and turn on International Transactions. You can also set the dates of your trip and a spending limit for extra safety. Changes usually take effect within a few minutes, so please do it before you leave. Let me know if there is anything more I can do for you."
"hi team, what documents do i need to update my name with the bank? appreciate the help",RETAIL_EXCEPTION,legal_name_change,"To change your name in our records, we need proof of the legal name change, such as a marriage certificate, a gazette notification or a deed poll, together with your identification. Please upload the documents in the app under Profile or visit a branch, and we will update your accounts and cards. Because this affects several products, the update may take a few working days, and we will notify you when it is complete. You can ask for a human agent at any time and I will arrange it."
"Hey, I want a written response to my complaint about business account charges.",RETAIL_EXCEPTION,formal_complaint_escalation,"I am sorry that your issue has not been resolved, and you have every right to escalate. I can register a formal complaint now, which will be given a reference number and reviewed by our complaints team, who will respond in writing within the time required. If you are not satisfied with the final response, you can take the matter to the external financial ombudsman. It helps if you share the dates and details of your previous contacts."
how do i withdraw my loan request?,LOAN,cancel_loan,"Absolutely, let me walk you through it. To cancel a loan application, tell us which application you mean and we will stop the process. Before disbursal there is normally no cost. After disbursal, the loan must be closed by repaying the outstanding amount, and we will give you the exact figure and any applicable charges."
"Hi, how can I check how much credit I have left on my card? Appreciate the help.",CARD,check_current_balance_on_card,"Certainly, I can help with that. To check your balance, log in to net banking or the app and open Cards. The card summary shows your current balance, available credit and the last statement amount. Balances update in near real time, but very recent transactions can take a short while to appear. I am here if you need anything else."
"Hi, please change my surname on all my accounts. Please advise.",RETAIL_EXCEPTION,legal_name_change,"To change your name in our records, we need proof of the legal name change, such as a marriage certificate, a gazette notification or a deed poll, together with your identification. Please upload the documents in the app under Profile or visit a branch, and we will update your accounts and cards. Because this affects several products, the update may take a few working days, and we will notify you when it is complete. If anything changes in the meantime, please let us know straight away."
"hi, i am confused and worried about a scam call asking for my details. please help",RETAIL_EXCEPTION,vulnerable_customer_support,"Thank you for telling us, and please know that we are here to help in a way that works for you. We offer support such as large print or audio statements, assisted banking at branches, a dedicated helpline with priority handling and, in some areas, home visits. If you are worried about a suspicious call, please do not share any codes or personal details, and we will help you check it. I will connect you with our customer care specialists to set up the support you need. If anything changes in the meantime, please let us know straight away."
"The bank stopped my big payment for GBP 39,960, why?",PAYMENT_EXCEPTION,large_transaction_blocked,"I understand the urgency. Large payments can be blocked because they go over your daily limit or because our security systems flagged them for extra checks. I cannot release a held payment from this chat, but I can help you confirm it is genuine. Please approve any alert on your app, or I can connect you to a specialist who will verify you and, where possible, release the payment or raise your limit temporarily. Please keep your reference number safe, and reply here if you need anything else."
"Hi team, how can I withdraw my home loan request? Please help.",LOAN,cancel_mortgage,"I can help you withdraw the mortgage application. Please contact our mortgage team through the app or at a branch and confirm the application reference. If the valuation or legal work has already started, some third party fees might still apply. Once cancelled, you will receive written confirmation. If you need any further help, just let me know."
"Quick question: I would like to stop my card, it has an annual fee I do not want to pay. Not sure what to do.",CARD,cancel_card,I can guide you through cancelling your card. First check that there are no pending transactions or unpaid dues. Then submit a cancellation request through the app or by phone banking. You will get a confirmation message once the card is closed.
"Hello, how do I authorise someone to handle my banking on my behalf? Thank you.",RETAIL_EXCEPTION,power_of_attorney_request,"I am sorry to hear that. Managing another person's account requires a valid legal authority, such as a registered power of attorney, and we need to verify it before giving access. Please prepare the original or certified copy of the document, your identification and the account holder details. A specialist will check the paperwork and explain what your authority allows, and I will arrange for them to contact you."
"Excuse me, how long will my transfer stay pending? It has been 6 days. Not sure what to do.",PAYMENT_EXCEPTION,transfer_pending_stuck,"Sorry for the delay. A transfer can stay pending if the receiving bank is slow, if the details do not match, or if the payment is under review. I have noted the delay and a specialist team will trace the payment. If it cannot be completed, the money is returned to your account. We will keep you updated by message until this is resolved."
"Good morning, my legal name has changed and my cards still show the old one. Please advise.",RETAIL_EXCEPTION,legal_name_change,"To change your name in our records, we need proof of the legal name change, such as a marriage certificate, a gazette notification or a deed poll, together with your identification. Please upload the documents in the app under Profile or visit a branch, and we will update your accounts and cards. Because this affects several products, the update may take a few working days, and we will notify you when it is complete. If you would like, I can connect you with a human agent right now."
"Hello, can you list all the charges for using the ATM abroad? Any idea what to do?",FEES,check_fees,"Sure, here is how this works. I can help you understand the charges. Common fees include monthly maintenance, foreign transaction fees, ATM use outside our network and penalties for low balance. Your latest statement shows every fee that has been applied, and customer service can review any fee you believe was charged in error. Feel free to ask if you have any other questions."
We are separating and I want to stop my partner from withdrawing from our joint account. I need this sorted today.,RETAIL_EXCEPTION,joint_account_dispute,"Thank you for explaining. Changing the operating instruction on a joint account depends on the mandate, and sometimes a court order is needed. Our specialist team can review the account terms with you and tell you what can be done, such as requiring both signatures for withdrawals. I will connect you with them."
Quick question: I want to dispute an ATM withdrawal of EUR 504 from earlier today,ATM,dispute_ATM_withdrawal,"Sorry about the trouble with the ATM. Please keep the receipt if you have one and raise a dispute through the app or by calling customer service. We will check the ATM records for the withdrawal and update you by message. If the money is confirmed as not dispensed, it will be returned to your account."
"Good evening, how can I avoid repossession of my house?",RETAIL_EXCEPTION,mortgage_arrears_support,"Thank you for reaching out. Falling behind on a mortgage is stressful, and there are steps we can explore together. A mortgage support specialist will review your account, your income and expenses, and discuss a plan that suits you. I am raising this as urgent so they contact you soon."
"hi, i want to cancel my personal loan application. please help",LOAN,cancel_loan,"To cancel a loan application, tell us which application you mean and we will stop the process. Before disbursal there is normally no cost. After disbursal, the loan must be closed by repaying the outstanding amount, and we will give you the exact figure and any applicable charges. Feel free to ask if you have any other questions."
"Hi, what are your support hours? Can you help me with this?",CONTACT,customer_service,"Of course, happy to help. You can reach customer service by phone banking, through secure chat in the mobile app, or by email through the Contact Us section. Phone and chat support are available round the clock for urgent matters such as blocking a card, and other requests are handled during business hours. Please keep your customer ID handy so we can help you faster. Please reach out again if anything is unclear."
"Urgent: how do I send INR 1,120 to a friend's account?",TRANSFER,make_transfer,"Absolutely, let me walk you through it. To make a transfer, log in to the app or net banking and go to Transfers. Add the payee by entering the name, account number and bank code, then confirm the payee with a one-time code. Enter the amount of INR 1,120, choose the payment method, review the details and confirm. You will get a confirmation message with a reference number. If you need any further help, just let me know."
"Hey, can I see how much interest I have paid on my home loan? Please help.",LOAN,check_mortgage_payments,"Your mortgage details are available under Loans. There you can view the payment amount, upcoming due dates, the balance still owed and a summary of interest paid. If your payment changes because of a rate change, we will notify you in advance."
Payment declined overseas even though I have enough balance,PAYMENT_EXCEPTION,card_declined_while_travelling,"Sorry about the inconvenience, especially while you are travelling. Please check that international transactions are enabled and that you have not reached your daily limit. Because this is urgent, I recommend calling the emergency line on the back of the card, where an agent can verify you and remove any block. Emergency cash or a replacement card can be arranged if needed."
"Good morning, help, the cash machine did not return my card. Thanks.",ATM,recover_swallowed_card,"Please do not worry, this happens sometimes. First, block the card in the app as a precaution until you have it back. Then contact the branch that owns the ATM or call customer service, and we will check if the card was retained by the machine. If it can be recovered you may collect it with valid photo ID, otherwise we will issue a replacement card to you."
"hey, the atm kept my prepaid card and i cannot get it back. thank you",ATM,recover_swallowed_card,"Please do not worry, this happens sometimes. First, block the card in the app as a precaution until you have it back. Then contact the branch that owns the ATM or call customer service, and we will check if the card was retained by the machine. If it can be recovered you may collect it with valid photo ID, otherwise we will issue a replacement card to you."
"My prepaid card does not work outside the country, how do I switch on overseas payments? Thank you.",CARD,activate_card_international_usage,"Certainly, I can help with that. International usage can be switched on from the mobile app. Go to Cards, select your prepaid card, open Card Controls and turn on International Transactions. You can also set the dates of your trip and a spending limit for extra safety. Changes usually take effect within a few minutes, so please do it before you leave. Feel free to ask if you have any other questions."
"Hello there, urgent, travelling and card blocked, I cannot pay my hotel.",PAYMENT_EXCEPTION,card_declined_while_travelling,"Sorry about the inconvenience, especially while you are travelling. Please check that international transactions are enabled and that you have not reached your daily limit. Because this is urgent, I recommend calling the emergency line on the back of the card, where an agent can verify you and remove any block. Emergency cash or a replacement card can be arranged if needed. We will keep you updated by message until this is resolved."
how can i withdraw my home loan request? can you help me with this?,LOAN,cancel_mortgage,"Thanks for reaching out, I can guide you through this. To cancel a mortgage application, send a withdrawal request with your application reference. Any costs already incurred for valuation or legal checks may not be refundable. We will confirm the cancellation in writing and close the file."
"good morning, i want to know my outstanding amount on the credit card. can you help me with this?",CARD,check_current_balance_on_card,"To check your balance, log in to net banking or the app and open Cards. The card summary shows your current balance, available credit and the last statement amount. Balances update in near real time, but very recent transactions can take a short while to appear. Please reach out again if anything is unclear."
"Hey, I do not want a bot, please connect me to an advisor.",CONTACT,human_agent,"Certainly, I can arrange for one of our advisors to help you. I am transferring you now, and I will share the details of our conversation so you do not need to repeat yourself. If the queue is long, you can choose to receive a call back instead."
"Hello, someone may have my card details, how can I block the card immediately? Can you help me with this",CARD,block_card,"I apologise for the trouble this has caused, let me help. To protect your money, block the card first. Use the app under Cards and Block, or call the 24 hour phone banking line and ask for an immediate block. Once blocked, please review your recent transactions and tell us about any you do not recognise so we can look into them."
"Good evening, please waive the overdraft charges, they are unfair.",RETAIL_EXCEPTION,overdraft_fee_dispute,"Thanks for explaining. To review the fee, we need to see the order in which the deposit and the payments were processed. I will raise a request for the fee to be reviewed, and you will hear back with the outcome. In some cases, especially after a delayed salary, the fee can be waived. If you would like, I can connect you with a human agent right now."
Quick question: please tell me the current balance on the card ending 1549,CARD,check_current_balance_on_card,"To check your balance, log in to net banking or the app and open Cards. The card summary shows your current balance, available credit and the last statement amount. Balances update in near real time, but very recent transactions can take a short while to appear."
"Hi, how do I send 1,360 dollars to a friend's account",TRANSFER,make_transfer,"You can send money in a few steps. Open Transfers, choose Send Money and select an existing payee or add a new one. Type in the amount, check the details carefully because transfers to the wrong account can be hard to reverse, and approve with your security code. Instant methods arrive within minutes, while standard transfers can take up to one working day. I am here if you need anything else."
"excuse me, atm retained my card ending 0340, how do i recover it? i need this sorted today.",ATM,recover_swallowed_card,"Please do not worry, this happens sometimes. First, block the card in the app as a precaution until you have it back. Then contact the branch that owns the ATM or call customer service, and we will check if the card was retained by the machine. If it can be recovered you may collect it with valid photo ID, otherwise we will issue a replacement card to you."
"I have a visual impairment and cannot read the statements, what support do you offer? Please help.",RETAIL_EXCEPTION,vulnerable_customer_support,"Thank you for telling us, and please know that we are here to help in a way that works for you. We offer support such as large print or audio statements, assisted banking at branches, a dedicated helpline with priority handling and, in some areas, home visits. If you are worried about a suspicious call, please do not share any codes or personal details, and we will help you check it. I will connect you with our customer care specialists to set up the support you need. If you would like, I can connect you with a human agent right now."
Quick question: how do I activate my new travel card? Any idea what to do,CARD,activate_card,"Certainly, I can help with that. First, open the mobile app or net banking and go to the Cards section. Then select your travel card and choose Activate Card. You will receive a one-time code on your registered mobile number, so enter it to confirm. Once that is done, the card is active and ready to use straight away. If you need any further help, just let me know."
"Hi team, how do I see my card balance and available limit?",CARD,check_current_balance_on_card,"To check your balance, log in to net banking or the app and open Cards. The card summary shows your current balance, available credit and the last statement amount. Balances update in near real time, but very recent transactions can take a short while to appear. Feel free to ask if you have any other questions."
"Hello there, how can I reset my forgotten mobile banking password? Can u help me with this?",PASSWORD,get_password,"I am sorry you are locked out. On the login page, tap Forgot Password and enter your customer ID. We will send a one-time code to your registered mobile number, and after you enter it you can choose a new password. For security reasons we can never tell you your old password. Feel free to ask if you have any other questions."
"I need help. The account holder cannot sign anymore, what documents do I need to act for them? Thank you.",RETAIL_EXCEPTION,power_of_attorney_request,"I am sorry to hear that. Managing another person's account requires a valid legal authority, such as a registered power of attorney, and we need to verify it before giving access. Please prepare the original or certified copy of the document, your identification and the account holder details. A specialist will check the paperwork and explain what your authority allows, and I will arrange for them to contact you. You can ask for a human agent at any time and I will arrange it."
Urgent: what is the process to claim the balance in my late mother's account? I need this sorted today.,RETAIL_EXCEPTION,deceased_account_holder,"My condolences to you and your family. Accounts of a deceased customer are handled by a dedicated team with care. Please share the death certificate and your identification, and they will explain how the balance is released to the nominee or legal heir and how the account is closed. I will connect you with them, so you do not have to repeat yourself. We will keep you updated by message until this is resolved."
Please help: what are your support hours? Can you help me with this,CONTACT,customer_service,"You can reach customer service by phone banking, through secure chat in the mobile app, or by email through the Contact Us section. Phone and chat support are available round the clock for urgent matters such as blocking a card, and other requests are handled during business hours. Please keep your customer ID handy so we can help you faster. I am here if you need anything else."
Quick question: how do I stop a transfer I made last week? Can you help me with this,TRANSFER,cancel_transfer,"Of course, happy to help. Please act quickly. For transfers that have not been processed yet, use Cancel next to the transfer in your pending list. For completed transfers, raise a recall request from the same screen or through customer service, and keep the transaction reference handy. We will update you as soon as we hear back from the other bank. Let me know if there is anything more I can do for you."
"Urgent: need to switch on my new card, what should I do? Can you help me with this",CARD,activate_card,"You can activate your card in two easy ways. In the mobile app, go to Cards, pick your card, and tap Activate. If you prefer, call the phone banking number printed on the back of the card and follow the voice prompts. After verification your card will be active within a few minutes. Let me know if there is anything more I can do for you."
"Good morning, can I see how much interest I have paid on my home loan? Appreciate the help",LOAN,check_mortgage_payments,"Your mortgage details are available under Loans. There you can view the payment amount, upcoming due dates, the balance still owed and a summary of interest paid. If your payment changes because of a rate change, we will notify you in advance. Please reach out again if anything is unclear."
"Hello, I sent 411 USD to the wrong person, can I cancel the transfer? Any idea what to do?",TRANSFER,cancel_transfer,"If the transfer of 411 USD is still pending or scheduled, you can cancel it in the app. Go to Transfers, open Pending or Scheduled, select the transfer and tap Cancel. If it has already been completed, it cannot be cancelled directly, but you can raise a request and we will contact the receiving bank to ask for the money back. Success depends on the receiving bank and the account holder agreeing to return it. Feel free to ask if you have any other questions."
"Hello there, spotify keeps charging me GBP 913 every month and I never subscribed. Thank you.",PAYMENT_EXCEPTION,recurring_payment_unauthorized,"I understand how annoying unwanted charges are. You can stop a recurring payment by going to Cards and Recurring Payments in the app and choosing Stop for Spotify. If the merchant has already taken money you did not agree to, we can raise a dispute for the GBP 913 charges. It also helps to contact the merchant to cancel the subscription so they stop trying to bill you. If anything changes in the meantime, please let us know straight away."
"Hello, tell me about the monthly maintenance fees on my joint account.",FEES,check_fees,"Thanks for reaching out, I can guide you through this. Fees depend on the type of account or service. You can find the full list in the app under Help and then Fees and Charges, including maintenance, ATM, transfer and card fees. If you tell me the specific service you are asking about, I can explain how that fee is calculated and when it applies. Please reach out again if anything is unclear."
"Good evening, I lost my travel card and need to block it right now. Any idea what to do?",CARD,block_card,"That sounds frustrating, and I will do my best to help you resolve it. You can block the card immediately in the mobile app. Go to Cards, choose the card and tap Block Card, then pick Lost or Stolen as the reason. The card stops working straight away and any new transactions are declined. We will then help you order a replacement, which usually arrives in a few working days. If you need any further help, just let me know."
"good morning, double debit on my card for google play, please fix. can you help me with this?",PAYMENT_EXCEPTION,duplicate_charge,"Thanks for letting us know. Please keep proof of your purchase and, if possible, the merchant receipt. We will open a dispute for the duplicate payment, and a specialist will review it with the merchant. Refunds usually take several working days once the duplicate is confirmed. If you would like, I can connect you with a human agent right now."
Urgent: I want to know my outstanding amount on the credit card. Appreciate the help,CARD,check_current_balance_on_card,"Certainly, I can help with that. To check your balance, log in to net banking or the app and open Cards. The card summary shows your current balance, available credit and the last statement amount. Balances update in near real time, but very recent transactions can take a short while to appear. If you need any further help, just let me know."
"Hello, what is the customer care number? Not sure what to do.",CONTACT,customer_service,"Sure, here is how this works. There are several ways to contact us. The quickest is the chat option in the app, which is available all day. You can also call the number printed on the back of your card or on our website, or visit any branch during opening hours. Please reach out again if anything is unclear."
"Pls help: the ATM did not give me the full cash but the money was deducted, I withdrew INR 1,450. Any idea what to do?",ATM,dispute_ATM_withdrawal,"I will help you raise a dispute for the ATM withdrawal of INR 1,450. Please go to Disputes in the app, select the transaction and choose ATM Cash Issue, then give the date, time and ATM location if you have them. We will investigate with the ATM operator and most cases are reviewed within a few working days. If the ATM did not dispense the cash, the amount is usually credited back to your account."
I am a new customer and want to create my login. Any idea what to do?,PASSWORD,set_up_password,"To set up or change your password, log in and go to Settings and then Security. Choose Change Password, enter your current password, and type the new one twice. A strong password uses at least eight characters with a mix of letters, numbers and symbols, and should not include your name or birth date. Feel free to ask if you have any other questions."
"Hey, could you tell me the yearly charges on the card ending 9551? Not sure what to do.",CARD,check_card_annual_fee,"Thanks for reaching out, I can guide you through this. Annual fees vary by card, and many cards waive the fee after a certain level of yearly spending. Please check Fees and Charges for your card in the app to see your amount and the anniversary date. If you would like to ask about a waiver, customer service can review your eligibility. I am here if you need anything else."
"Hello, double debit on my card for Expedia, please fix.",PAYMENT_EXCEPTION,duplicate_charge,"Thanks for letting us know. Please keep proof of your purchase and, if possible, the merchant receipt. We will open a dispute for the duplicate payment, and a specialist will review it with the merchant. Refunds usually take several working days once the duplicate is confirmed. If anything changes in the meantime, please let us know straight away."
Could you tell me the yearly charges on the card ending 8977? Appreciate the help.,CARD,check_card_annual_fee,"Absolutely, let me walk you through it. Annual fees vary by card, and many cards waive the fee after a certain level of yearly spending. Please check Fees and Charges for your card in the app to see your amount and the anniversary date. If you would like to ask about a waiver, customer service can review your eligibility. If you need any further help, just let me know."
Do u have ATMs that accept cash deposits nearby,FIND,find_ATM,"Absolutely, let me walk you through it. To locate an ATM, open the Locator in the app or on our website and search by city or landmark. Filters help you find machines that offer deposits, cheque drops or extended hours. Please remember that using an ATM outside our network may attract a fee. Please reach out again if anything is unclear."
How much do I still owe on my loan? Can you help me with this?,LOAN,check_loan_payments,"Absolutely, let me walk you through it. To check your loan payments, log in and open Loans, then choose the loan. You will see what you have paid so far, what is left, and the next due date. If you would like to pay extra to reduce the balance, there is an option to make a part payment on the same screen. Please reach out again if anything is unclear."
What are the opening hours of the branch near the bus terminal?,FIND,find_branch,"Thanks for reaching out, I can guide you through this. To find a branch, enter your area or city in the Locator and choose Branches. Each listing shows the address, working hours and the services offered, such as loans or locker facilities. Most branches are open on weekdays and some are open on Saturday mornings. Please reach out again if anything is unclear."
"Hello, the ATM gave me less money than what was debited from my account. Please advise.",ATM,dispute_ATM_withdrawal,"Sorry about the trouble with the ATM. Please keep the receipt if you have one and raise a dispute through the app or by calling customer service. We will check the ATM records for the withdrawal and update you by message. If the money is confirmed as not dispensed, it will be returned to your account."
"Hello there, where is the closest branch? I need this sorted today",FIND,find_branch,"To find a branch, enter your area or city in the Locator and choose Branches. Each listing shows the address, working hours and the services offered, such as loans or locker facilities. Most branches are open on weekdays and some are open on Saturday mornings."
My travel card ending 1076 arrived today. What are the steps to activate it?,CARD,activate_card,"You can activate your card in two easy ways. In the mobile app, go to Cards, pick your card, and tap Activate. If you prefer, call the phone banking number printed on the back of the card and follow the voice prompts. After verification your card will be active within a few minutes. If you need any further help, just let me know."
"Hi, how can I withdraw my home loan request?",LOAN,cancel_mortgage,"Absolutely, let me walk you through it. I can help you withdraw the mortgage application. Please contact our mortgage team through the app or at a branch and confirm the application reference. If the valuation or legal work has already started, some third party fees might still apply. Once cancelled, you will receive written confirmation. Please reach out again if anything is unclear."
I need help. My salary account has been frozen and I do not know why. Any idea what to do?,RETAIL_EXCEPTION,account_frozen_kyc,"I am sorry for the inconvenience. A restriction usually means we need to verify or update some information. You can complete the update in the app under Profile and KYC, or visit a branch. If you have already submitted documents, I will ask the team to prioritise the review and update you. Please keep your reference number safe, and reply here if you need anything else."
How do I freeze my card temporarily? I cannot find it. Thank you,CARD,block_card,"To protect your money, block the card first. Use the app under Cards and Block, or call the 24 hour phone banking line and ask for an immediate block. Once blocked, please review your recent transactions and tell us about any you do not recognise so we can look into them. If you need any further help, just let me know."
"Hello there, find me a cash machine close to me. Appreciate the help.",FIND,find_ATM,"To locate an ATM, open the Locator in the app or on our website and search by city or landmark. Filters help you find machines that offer deposits, cheque drops or extended hours. Please remember that using an ATM outside our network may attract a fee."
"Hello, I am confused and worried about a scam call asking for my details. Can you help me with this?",RETAIL_EXCEPTION,vulnerable_customer_support,"Thank you for telling us, and please know that we are here to help in a way that works for you. We offer support such as large print or audio statements, assisted banking at branches, a dedicated helpline with priority handling and, in some areas, home visits. If you are worried about a suspicious call, please do not share any codes or personal details, and we will help you check it. I will connect you with our customer care specialists to set up the support you need. If you would like, I can connect you with a human agent right now."
"Good evening, how much do I still owe on my loan?",LOAN,check_loan_payments,"Of course, happy to help. To check your loan payments, log in and open Loans, then choose the loan. You will see what you have paid so far, what is left, and the next due date. If you would like to pay extra to reduce the balance, there is an option to make a part payment on the same screen. If you need any further help, just let me know."
"Excuse me, how much is my monthly mortgage payment? Pls help.",LOAN,check_mortgage_payments,"Thanks for reaching out, I can guide you through this. In the app, open Loans and select your mortgage to see your monthly payment, the next due date, the remaining balance and the split between interest and principal. Statements and a yearly interest certificate can also be downloaded from the documents section. I am here if you need anything else."
"I forgot my password, how do I get it back? Thanks.",PASSWORD,get_password,"You can recover access in a few steps. Select Forgot Password on the login screen, verify your identity with the one-time code sent to your registered number, and set a new password. If you no longer have access to that number, please visit a branch with your identification to update it. I am here if you need anything else."
"Excuse me, I want to apply for a home loan of $399,240. Any idea what to do?",LOAN,apply_for_loan,"You can apply for a home loan online or at a branch. Please keep your identity proof, address proof, recent salary slips or income proof, and bank statements ready. After you submit the application, we check your eligibility and credit history and share an offer with the interest rate and repayment plan. Once you accept, the money is usually credited within a few working days. I am here if you need anything else."
Quick question: what are the eligibility criteria for a business loan?,LOAN,apply_for_loan,"Of course, happy to help. To apply for a loan, go to Loans in the app and select the type of loan you need. Enter the amount and tenure, upload the required documents and submit. Your eligibility is based on income, existing commitments and credit score, and you will see a decision and an offer once the review is complete. Please reach out again if anything is unclear."
"Hello, pls put me through to a customer service representative. Appreciate the help",CONTACT,human_agent,"Of course. I will connect you with a human agent now. Please stay in this chat, and it helps if you briefly describe your issue so the agent can pick up straight away. Waiting times can vary, and if it is not urgent you can also request a call back at a time that suits you."
I lost my debit card and need to block it right now.,CARD,block_card,"I apologise for the trouble this has caused, let me help. You can block the card immediately in the mobile app. Go to Cards, choose the card and tap Block Card, then pick Lost or Stolen as the reason. The card stops working straight away and any new transactions are declined. We will then help you order a replacement, which usually arrives in a few working days. Feel free to ask if you have any other questions."
how can i check how much credit i have left on my card?,CARD,check_current_balance_on_card,"Sure, here is how this works. To check your balance, log in to net banking or the app and open Cards. The card summary shows your current balance, available credit and the last statement amount. Balances update in near real time, but very recent transactions can take a short while to appear."
Quick question: can I get someone to visit me at home for banking services? Any idea what to do,RETAIL_EXCEPTION,vulnerable_customer_support,"Thank you for telling us, and please know that we are here to help in a way that works for you. We offer support such as large print or audio statements, assisted banking at branches, a dedicated helpline with priority handling and, in some areas, home visits. If you are worried about a suspicious call, please do not share any codes or personal details, and we will help you check it. I will connect you with our customer care specialists to set up the support you need. You can ask for a human agent at any time and I will arrange it."
"Hello there, please block my card ending 0984, I think it was stolen. Appreciate the help.",CARD,block_card,"To protect your money, block the card first. Use the app under Cards and Block, or call the 24 hour phone banking line and ask for an immediate block. Once blocked, please review your recent transactions and tell us about any you do not recognise so we can look into them."
"My refund of INR 1,990 is still missing, the shop says it was processed. Thanks",PAYMENT_EXCEPTION,refund_not_received,"Thank you for the details. A refund can take some time after the merchant approves it. If it has been more than ten working days, please send us the refund confirmation from the merchant. We will trace the credit and follow up with the merchant bank on your behalf."
what is the outstanding balance on my home loan? not sure what to do.,LOAN,check_loan_payments,"Absolutely, let me walk you through it. To check your loan payments, log in and open Loans, then choose the loan. You will see what you have paid so far, what is left, and the next due date. If you would like to pay extra to reduce the balance, there is an option to make a part payment on the same screen."
"excuse me, i need to withdraw cash in mumbai, where can i find one of your atms?",FIND,find_ATM,"Sure, here is how this works. To locate an ATM, open the Locator in the app or on our website and search by city or landmark. Filters help you find machines that offer deposits, cheque drops or extended hours. Please remember that using an ATM outside our network may attract a fee. Please reach out again if anything is unclear."
quick question: cancel my savings account and send me the balance. appreciate the help.,ACCOUNT,close_account,"Thanks for reaching out, I can guide you through this. To close the account, make sure there are no pending transactions, linked cards or loans. Request closure through the app under Account Services or visit a branch. We will transfer any remaining balance to the account you nominate and confirm once the account is closed."
"Good evening, help, the cash machine did not return my card. Thank you.",ATM,recover_swallowed_card,"I am sorry that the ATM kept your card. For your safety, I suggest blocking the card right away in the app. We will then arrange either collection from the ATM branch with identification or a replacement card sent to your address, usually within a few working days. Please reach out again if anything is unclear."
"good evening, how do i activate my new credit card? any idea what to do?",CARD,activate_card,"First, open the mobile app or net banking and go to the Cards section. Then select your credit card and choose Activate Card. You will receive a one-time code on your registered mobile number, so enter it to confirm. Once that is done, the card is active and ready to use straight away. If you need any further help, just let me know."
"Hello, what is the remaining balance on my mortgage? Please advise.",LOAN,check_mortgage_payments,"In the app, open Loans and select your mortgage to see your monthly payment, the next due date, the remaining balance and the split between interest and principal. Statements and a yearly interest certificate can also be downloaded from the documents section. Feel free to ask if you have any other questions."
Where can I download my statement for the last 10 days,ACCOUNT,check_recent_transactions,"To review your recent activity, log in and choose the account, then select Recent Transactions. Pending items are shown separately from completed ones. If something looks unfamiliar, tap it to see the details and report it directly from that screen. I am here if you need anything else."
"hello there, where is the closest branch? please advise.",FIND,find_branch,"Absolutely, let me walk you through it. To find a branch, enter your area or city in the Locator and choose Branches. Each listing shows the address, working hours and the services offered, such as loans or locker facilities. Most branches are open on weekdays and some are open on Saturday mornings."
I want to close my salary account,ACCOUNT,close_account,"Certainly, I can help with that. I can explain how to close your salary account. Please first clear any dues, cancel standing instructions and move the remaining balance to another account. Then submit a closure request through customer service or at a branch with valid identification. Once processed, you will receive written confirmation and the final statement. Please reach out again if anything is unclear."
"Hey, what are your support hours? Thanks",CONTACT,customer_service,"Sure, here is how this works. You can reach customer service by phone banking, through secure chat in the mobile app, or by email through the Contact Us section. Phone and chat support are available round the clock for urgent matters such as blocking a card, and other requests are handled during business hours. Please keep your customer ID handy so we can help you faster."
"Hello there, how do I stop a transfer I made last Friday? Please advise",TRANSFER,cancel_transfer,"Please act quickly. For transfers that have not been processed yet, use Cancel next to the transfer in your pending list. For completed transfers, raise a recall request from the same screen or through customer service, and keep the transaction reference handy. We will update you as soon as we hear back from the other bank. If you need any further help, just let me know."
"good morning, my legal name has changed and my cards still show the old one. please help.",RETAIL_EXCEPTION,legal_name_change,"To change your name in our records, we need proof of the legal name change, such as a marriage certificate, a gazette notification or a deed poll, together with your identification. Please upload the documents in the app under Profile or visit a branch, and we will update your accounts and cards. Because this affects several products, the update may take a few working days, and we will notify you when it is complete. If you would like, I can connect you with a human agent right now."
"I just received my travel card in the mail, how can I start using it? Can u help me with this?",CARD,activate_card,"First, open the mobile app or net banking and go to the Cards section. Then select your travel card and choose Activate Card. You will receive a one-time code on your registered mobile number, so enter it to confirm. Once that is done, the card is active and ready to use straight away. Let me know if there is anything more I can do for you."
I need help. Pls put me through to a customer service representative. Pls help,CONTACT,human_agent,"Certainly, I can arrange for one of our advisors to help you. I am transferring you now, and I will share the details of our conversation so you do not need to repeat yourself. If the queue is long, you can choose to receive a call back instead. Please reach out again if anything is unclear."
Please help: cash was not dispensed at the ATM yet my account was debited. Please help,ATM,dispute_ATM_withdrawal,"Sorry about the trouble with the ATM. Please keep the receipt if you have one and raise a dispute through the app or by calling customer service. We will check the ATM records for the withdrawal and update you by message. If the money is confirmed as not dispensed, it will be returned to your account. Please reach out again if anything is unclear."
"Hello, I want to close my savings account.",ACCOUNT,close_account,"To close the account, make sure there are no pending transactions, linked cards or loans. Request closure through the app under Account Services or visit a branch. We will transfer any remaining balance to the account you nominate and confirm once the account is closed. If you need any further help, just let me know."
"hi, there are transactions of 1,820 usd on my card that i never made, i think my card was hacked.",PAYMENT_EXCEPTION,card_fraud_unauthorized_transaction,"Thank you for reporting this quickly. Your card should be blocked immediately to prevent more misuse, and the disputed transactions will be flagged for our fraud team. They will review the details, and where a transaction is confirmed as fraudulent the amount is normally returned to your account after the investigation. A specialist will reach out to collect a few more details. We will keep you updated by message until this is resolved."
"Urgent: ATM retained my card ending 5784, how do I recover it? Please advise.",ATM,recover_swallowed_card,"Please do not worry, this happens sometimes. First, block the card in the app as a precaution until you have it back. Then contact the branch that owns the ATM or call customer service, and we will check if the card was retained by the machine. If it can be recovered you may collect it with valid photo ID, otherwise we will issue a replacement card to you."
Urgent: I want to cancel my travel card permanently.,CARD,cancel_card,I can guide you through cancelling your card. First check that there are no pending transactions or unpaid dues. Then submit a cancellation request through the app or by phone banking. You will get a confirmation message once the card is closed.
"hello there, name mismatch is blocking my loan, how do i correct it in your records? thank you.",RETAIL_EXCEPTION,legal_name_change,"To change your name in our records, we need proof of the legal name change, such as a marriage certificate, a gazette notification or a deed poll, together with your identification. Please upload the documents in the app under Profile or visit a branch, and we will update your accounts and cards. Because this affects several products, the update may take a few working days, and we will notify you when it is complete. Please keep your reference number safe, and reply here if you need anything else."
"Good morning, how do I shut down my account permanently? Pls advise.",ACCOUNT,close_account,"To close the account, make sure there are no pending transactions, linked cards or loans. Request closure through the app under Account Services or visit a branch. We will transfer any remaining balance to the account you nominate and confirm once the account is closed."
"Good evening, tell me about the monthly maintenance fees on my salary account. I need this sorted today.",FEES,check_fees,"Fees depend on the type of account or service. You can find the full list in the app under Help and then Fees and Charges, including maintenance, ATM, transfer and card fees. If you tell me the specific service you are asking about, I can explain how that fee is calculated and when it applies. Please reach out again if anything is unclear."
"Hello, please put me through to a customer service representative. Appreciate the help.",CONTACT,human_agent,"Of course. I will connect you with a human agent now. Please stay in this chat, and it helps if you briefly describe your issue so the agent can pick up straight away. Waiting times can vary, and if it is not urgent you can also request a call back at a time that suits you."
Urgent: my legal name has changed and my cards still show the old one. Not sure what to do,RETAIL_EXCEPTION,legal_name_change,"To change your name in our records, we need proof of the legal name change, such as a marriage certificate, a gazette notification or a deed poll, together with your identification. Please upload the documents in the app under Profile or visit a branch, and we will update your accounts and cards. Because this affects several products, the update may take a few working days, and we will notify you when it is complete. Please keep your reference number safe, and reply here if you need anything else."
How do I shut down my account permanently,ACCOUNT,close_account,"Sure, here is how this works. To close the account, make sure there are no pending transactions, linked cards or loans. Request closure through the app under Account Services or visit a branch. We will transfer any remaining balance to the account you nominate and confirm once the account is closed. Feel free to ask if you have any other questions."
"Hello there, how can I enable my travel card for use abroad? I am travelling to Berlin. Any idea what to do?",CARD,activate_card_international_usage,"International usage can be switched on from the mobile app. Go to Cards, select your travel card, open Card Controls and turn on International Transactions. You can also set the dates of your trip and a spending limit for extra safety. Changes usually take effect within a few minutes, so please do it before you leave."
"Hello there, what are your support hours? Appreciate the help",CONTACT,customer_service,"Thanks for reaching out, I can guide you through this. You can reach customer service by phone banking, through secure chat in the mobile app, or by email through the Contact Us section. Phone and chat support are available round the clock for urgent matters such as blocking a card, and other requests are handled during business hours. Please keep your customer ID handy so we can help you faster. If you need any further help, just let me know."
"Where is my refund, it has been 3 days? Thanks.",PAYMENT_EXCEPTION,refund_not_received,"Thank you for the details. A refund can take some time after the merchant approves it. If it has been more than ten working days, please send us the refund confirmation from the merchant. We will trace the credit and follow up with the merchant bank on your behalf. We will keep you updated by message until this is resolved."
Urgent: cash was not dispensed at the ATM yet my account was debited. I need this sorted today.,ATM,dispute_ATM_withdrawal,"Sorry about the trouble with the ATM. Please keep the receipt if you have one and raise a dispute through the app or by calling customer service. We will check the ATM records for the withdrawal and update you by message. If the money is confirmed as not dispensed, it will be returned to your account. Please reach out again if anything is unclear."
"Quick question: I need to speak to support about my account, how do I reach you? Can you help me with this?",CONTACT,customer_service,"Thanks for reaching out, I can guide you through this. There are several ways to contact us. The quickest is the chat option in the app, which is available all day. You can also call the number printed on the back of your card or on our website, or visit any branch during opening hours. I am here if you need anything else."
urgent: can i see my last transactions? please advise,ACCOUNT,check_recent_transactions,"Thanks for reaching out, I can guide you through this. To review your recent activity, log in and choose the account, then select Recent Transactions. Pending items are shown separately from completed ones. If something looks unfamiliar, tap it to see the details and report it directly from that screen. Let me know if there is anything more I can do for you."
cancel the automatic payment to zomato right now. not sure what to do.,PAYMENT_EXCEPTION,recurring_payment_unauthorized,"Sorry about the trouble. We can block future payments to the merchant on your card, and I can start a dispute for charges you did not authorise. Please share the dates and the amounts of the payments and any cancellation emails you have. A specialist will review whether the money can be recovered."
"Hello there, we decided not to buy the house, how do I cancel the mortgage?",LOAN,cancel_mortgage,"Sure, here is how this works. I can help you withdraw the mortgage application. Please contact our mortgage team through the app or at a branch and confirm the application reference. If the valuation or legal work has already started, some third party fees might still apply. Once cancelled, you will receive written confirmation. I am here if you need anything else."
"excuse me, how do i close the account of a deceased family member? please help.",RETAIL_EXCEPTION,deceased_account_holder,"I am very sorry for your loss. Please take your time, and we will make this as simple as we can. To begin, please inform us of the death by contacting our bereavement team, who will guide you personally. You will usually need a copy of the death certificate, your own identification and proof of your relationship, and if you are the nominee, the nomination details. Because this involves legal steps, a specialist will handle your request and explain the timeline. We will keep you updated by message until this is resolved."
"Hello there, please escalate my complaint to a senior manager. Not sure what to do",RETAIL_EXCEPTION,formal_complaint_escalation,"I am sorry that your issue has not been resolved, and you have every right to escalate. I can register a formal complaint now, which will be given a reference number and reviewed by our complaints team, who will respond in writing within the time required. If you are not satisfied with the final response, you can take the matter to the external financial ombudsman. It helps if you share the dates and details of your previous contacts. We will keep you updated by message until this is resolved."
"Hi team, dispute foreign exchange markup on my card transaction. Pls help.",PAYMENT_EXCEPTION,currency_conversion_dispute,"I understand the surprise. The debited amount comes from the exchange rate at the time of settlement, plus any conversion charges, and the shop may also offer to charge in your home currency at their own rate. I can flag your transaction for review so a specialist can confirm whether the correct rate was applied."
"Good morning, what is the process to get a mortgage for a house worth $200,800? I need this sorted today",LOAN,apply_for_mortgage,"Thanks for reaching out, I can guide you through this. Applying for a home loan involves a few stages: an initial eligibility check, document submission, property valuation, formal approval and legal completion. A mortgage adviser can guide you at each stage. You can begin by booking a call from the Loans section of the app."
"Good morning, I want to know how many payments are left on my loan. Thanks",LOAN,check_loan_payments,"To check your loan payments, log in and open Loans, then choose the loan. You will see what you have paid so far, what is left, and the next due date. If you would like to pay extra to reduce the balance, there is an option to make a part payment on the same screen. If you need any further help, just let me know."
"Hey, how much do I pay every year to keep my card?",CARD,check_card_annual_fee,"Certainly, I can help with that. Annual fees vary by card, and many cards waive the fee after a certain level of yearly spending. Please check Fees and Charges for your card in the app to see your amount and the anniversary date. If you would like to ask about a waiver, customer service can review your eligibility. Feel free to ask if you have any other questions."
"Hey, why was I charged a fee of GBP 1,080 this month? Not sure what to do.",FEES,check_fees,"Thanks for reaching out, I can guide you through this. Fees depend on the type of account or service. You can find the full list in the app under Help and then Fees and Charges, including maintenance, ATM, transfer and card fees. If you tell me the specific service you are asking about, I can explain how that fee is calculated and when it applies."
"Good morning, what are the opening hours of the branch near the university campus? Thank you.",FIND,find_branch,"You can find branches using the Locator in the app or on our website. Search by city or a landmark like the university campus, and you will see the address, opening hours and services available at each branch. Many branches allow you to book an appointment in advance, which reduces waiting time. If you need any further help, just let me know."
"Hello, cancel my savings account and send me the balance. Any idea what to do",ACCOUNT,close_account,"To close the account, make sure there are no pending transactions, linked cards or loans. Request closure through the app under Account Services or visit a branch. We will transfer any remaining balance to the account you nominate and confirm once the account is closed. If you need any further help, just let me know."
"Hello, how do I view what I spent this week? Appreciate the help.",ACCOUNT,check_recent_transactions,"To review your recent activity, log in and choose the account, then select Recent Transactions. Pending items are shown separately from completed ones. If something looks unfamiliar, tap it to see the details and report it directly from that screen. Please reach out again if anything is unclear."
"Hi, I cannot afford my mortgage after the rate increase.",RETAIL_EXCEPTION,mortgage_arrears_support,"I understand how worrying this is, and I want you to know that help is available. Please do not ignore the notice, because early contact gives us more options such as revising the payment plan, extending the term or a temporary arrangement. I will connect you with our specialist mortgage support team, who can go through the details with you in confidence. It is also worth getting free independent money advice alongside speaking to us."
"Hello there, my brother died and I am the nominee on his account, what should I do? Please help",RETAIL_EXCEPTION,deceased_account_holder,"My condolences to you and your family. Accounts of a deceased customer are handled by a dedicated team with care. Please share the death certificate and your identification, and they will explain how the balance is released to the nominee or legal heir and how the account is closed. I will connect you with them, so you do not have to repeat yourself. We will keep you updated by message until this is resolved."
I want to cancel my platinum credit card permanently. Please advise.,CARD,cancel_card,"Sure, here is how this works. To cancel a card, go to Cards in the mobile app, select your platinum credit card and choose Cancel Card, or contact customer service. Before we close it, please clear any outstanding balance and cancel recurring payments linked to the card. Once cancelled, the card cannot be used again, and you can request a new one later if you change your mind. If you need any further help, just let me know."
"good evening, what is the process to allow foreign transactions on my card before my trip? not sure what to do.",CARD,activate_card_international_usage,"Thanks for reaching out, I can guide you through this. To use your card overseas, open Card Controls in the app and enable International Usage. It is a good idea to set a travel period and a daily limit. If you cannot use the app, phone banking can turn it on for you after verifying your identity. If you need any further help, just let me know."
"Hi team, help, the cash machine did not return my card. Thanks",ATM,recover_swallowed_card,"I am sorry that the ATM kept your card. For your safety, I suggest blocking the card right away in the app. We will then arrange either collection from the ATM branch with identification or a replacement card sent to your address, usually within a few working days."
"Hello there, how do I withdraw my loan request? Thanks.",LOAN,cancel_loan,"Thanks for reaching out, I can guide you through this. To cancel a loan application, tell us which application you mean and we will stop the process. Before disbursal there is normally no cost. After disbursal, the loan must be closed by repaying the outstanding amount, and we will give you the exact figure and any applicable charges. Let me know if there is anything more I can do for you."
Quick question: is there a branch in Dubai?,FIND,find_branch,"To find a branch, enter your area or city in the Locator and choose Branches. Each listing shows the address, working hours and the services offered, such as loans or locker facilities. Most branches are open on weekdays and some are open on Saturday mornings. If you need any further help, just let me know."
Urgent: I want to cancel my mortgage application.,LOAN,cancel_mortgage,"Certainly, I can help with that. To cancel a mortgage application, send a withdrawal request with your application reference. Any costs already incurred for valuation or legal checks may not be refundable. We will confirm the cancellation in writing and close the file."
Urgent: sent GBP 379 to a stranger by mistake this morning. Thank you.,PAYMENT_EXCEPTION,transfer_wrong_account,"I am sorry this happened. Please raise a wrong transfer request in the app or with customer service right away with the payment reference. We will ask the receiving bank to hold and return the funds, but they need the account holder consent, so the timing can vary. A specialist will follow up with you. You can ask for a human agent at any time and I will arrange it."
quick question: please enable international transactions on my card ending 7069. please advise.,CARD,activate_card_international_usage,"To use your card overseas, open Card Controls in the app and enable International Usage. It is a good idea to set a travel period and a daily limit. If you cannot use the app, phone banking can turn it on for you after verifying your identity. If you need any further help, just let me know."
"Good evening, how do I apply for a personal loan? Appreciate the help.",LOAN,apply_for_loan,"Sure, here is how this works. To apply for a loan, go to Loans in the app and select the type of loan you need. Enter the amount and tenure, upload the required documents and submit. Your eligibility is based on income, existing commitments and credit score, and you will see a decision and an offer once the review is complete. Let me know if there is anything more I can do for you."
"Hi team, tell me about the monthly maintenance fees on my student account",FEES,check_fees,"Absolutely, let me walk you through it. I can help you understand the charges. Common fees include monthly maintenance, foreign transaction fees, ATM use outside our network and penalties for low balance. Your latest statement shows every fee that has been applied, and customer service can review any fee you believe was charged in error. Please reach out again if anything is unclear."
"Good morning, please help me recover my login details. Thanks.",PASSWORD,get_password,"I am sorry you are locked out. On the login page, tap Forgot Password and enter your customer ID. We will send a one-time code to your registered mobile number, and after you enter it you can choose a new password. For security reasons we can never tell you your old password. Let me know if there is anything more I can do for you."
"Hey, I am a student and would like to start a savings account. thx.",ACCOUNT,create_account,"Thanks for reaching out, I can guide you through this. To start, choose the type of account that suits you, then fill in the application form online. You will need identity and address documents, and you may complete a short video verification. Once approved, your account details arrive by message and email, and your debit card is sent to your address. I am here if you need anything else."
"Good morning, urgent, travelling and card blocked, I cannot pay my hotel. Appreciate the help.",PAYMENT_EXCEPTION,card_declined_while_travelling,"Sorry about the inconvenience, especially while you are travelling. Please check that international transactions are enabled and that you have not reached your daily limit. Because this is urgent, I recommend calling the emergency line on the back of the card, where an agent can verify you and remove any block. Emergency cash or a replacement card can be arranged if needed. You can ask for a human agent at any time and I will arrange it."
"hello there, i need to inform the bank about the death of my husband and settle his accounts. can u help me with this?",RETAIL_EXCEPTION,deceased_account_holder,"I am very sorry for your loss. Please take your time, and we will make this as simple as we can. To begin, please inform us of the death by contacting our bereavement team, who will guide you personally. You will usually need a copy of the death certificate, your own identification and proof of your relationship, and if you are the nominee, the nomination details. Because this involves legal steps, a specialist will handle your request and explain the timeline. If anything changes in the meantime, please let us know straight away."
"Hello there, find me a cash machine close to me. Please help.",FIND,find_ATM,"To locate an ATM, open the Locator in the app or on our website and search by city or landmark. Filters help you find machines that offer deposits, cheque drops or extended hours. Please remember that using an ATM outside our network may attract a fee. Feel free to ask if you have any other questions."
"Hello, the ATM did not give me the full cash but the money was deducted, I withdrew 1,140 USD. Appreciate the help.",ATM,dispute_ATM_withdrawal,"I will help you raise a dispute for the ATM withdrawal of 1,140 USD. Please go to Disputes in the app, select the transaction and choose ATM Cash Issue, then give the date, time and ATM location if you have them. We will investigate with the ATM operator and most cases are reviewed within a few working days. If the ATM did not dispense the cash, the amount is usually credited back to your account. Feel free to ask if you have any other questions."
"Hi, please block my card ending 6227, I think it was stolen",CARD,block_card,"To protect your money, block the card first. Use the app under Cards and Block, or call the 24 hour phone banking line and ask for an immediate block. Once blocked, please review your recent transactions and tell us about any you do not recognise so we can look into them. I am here if you need anything else."
"Good morning, I would like to stop my card, it has an annual fee I dont want to pay. Please help.",CARD,cancel_card,I can guide you through cancelling your card. First check that there are no pending transactions or unpaid dues. Then submit a cancellation request through the app or by phone banking. You will get a confirmation message once the card is closed. Please reach out again if anything is unclear.
Please help: I am going to Toronto soon. Can you turn on international usage for my card,CARD,activate_card_international_usage,"Absolutely, let me walk you through it. To use your card overseas, open Card Controls in the app and enable International Usage. It is a good idea to set a travel period and a daily limit. If you cannot use the app, phone banking can turn it on for you after verifying your identity. I am here if you need anything else."
"Hello there, how do I stop a subscription that I cancelled but still gets billed GBP 2,200? Please help.",PAYMENT_EXCEPTION,recurring_payment_unauthorized,"Sorry about the trouble. We can block future payments to the merchant on your card, and I can start a dispute for charges you did not authorise. Please share the dates and the amounts of the payments and any cancellation emails you have. A specialist will review whether the money can be recovered. If you would like, I can connect you with a human agent right now."
I need help. Please put me through to a customer service representative. Not sure what to do.,CONTACT,human_agent,"Of course. I will connect you with a human agent now. Please stay in this chat, and it helps if you briefly describe your issue so the agent can pick up straight away. Waiting times can vary, and if it is not urgent you can also request a call back at a time that suits you. Please reach out again if anything is unclear."
"Hello there, please block my card ending 7730, I think it was stolen.",CARD,block_card,"That sounds frustrating, and I will do my best to help you resolve it. You can block the card immediately in the mobile app. Go to Cards, choose the card and tap Block Card, then pick Lost or Stolen as the reason. The card stops working straight away and any new transactions are declined. We will then help you order a replacement, which usually arrives in a few working days. If you need any further help, just let me know."
"Hi, when is my next mortgage payment due? Please advise.",LOAN,check_mortgage_payments,"Your mortgage details are available under Loans. There you can view the payment amount, upcoming due dates, the balance still owed and a summary of interest paid. If your payment changes because of a rate change, we will notify you in advance."
"Hello there, what is the available balance on my prepaid card? Thanks.",CARD,check_current_balance_on_card,"To check your balance, log in to net banking or the app and open Cards. The card summary shows your current balance, available credit and the last statement amount. Balances update in near real time, but very recent transactions can take a short while to appear. I am here if you need anything else."
"I need to transfer money to another bank, what are the steps? Can you help me with this",TRANSFER,make_transfer,"Sure, here is how this works. You can send money in a few steps. Open Transfers, choose Send Money and select an existing payee or add a new one. Type in the amount, check the details carefully because transfers to the wrong account can be hard to reverse, and approve with your security code. Instant methods arrive within minutes, while standard transfers can take up to one working day. Feel free to ask if you have any other questions."
"Excuse me, what happens if I cancel my prepaid card, and how do I do it?",CARD,cancel_card,I can guide you through cancelling your card. First check that there are no pending transactions or unpaid dues. Then submit a cancellation request through the app or by phone banking. You will get a confirmation message once the card is closed.
"Hi team, how do I see my card balance and available limit",CARD,check_current_balance_on_card,"To check your balance, log in to net banking or the app and open Cards. The card summary shows your current balance, available credit and the last statement amount. Balances update in near real time, but very recent transactions can take a short while to appear. Let me know if there is anything more I can do for you."
"Hello, I want to talk to a real person",CONTACT,human_agent,"Of course. I will connect you with a human agent now. Please stay in this chat, and it helps if you briefly describe your issue so the agent can pick up straight away. Waiting times can vary, and if it is not urgent you can also request a call back at a time that suits you."
"Quick question: my payment of 40,450 dollars was blocked and I need it to go through today. Any idea what to do?",PAYMENT_EXCEPTION,large_transaction_blocked,"Thank you for explaining. A large payment may exceed your set limit, or it may be waiting for extra verification. You can raise your limit in Card Controls after authentication, and the security team can release a held transaction after checking with you. Since it is time sensitive, shall I connect you to an agent now? If anything changes in the meantime, please let us know straight away."
"Excuse me, can I get someone to visit me at home for banking services? Appreciate the help.",RETAIL_EXCEPTION,vulnerable_customer_support,"Thank you for telling us, and please know that we are here to help in a way that works for you. We offer support such as large print or audio statements, assisted banking at branches, a dedicated helpline with priority handling and, in some areas, home visits. If you are worried about a suspicious call, please do not share any codes or personal details, and we will help you check it. I will connect you with our customer care specialists to set up the support you need. If you would like, I can connect you with a human agent right now."
"Good evening, can I cancel my loan after it was approved but before receiving the money? Thanks.",LOAN,cancel_loan,"To cancel a loan application, tell us which application you mean and we will stop the process. Before disbursal there is normally no cost. After disbursal, the loan must be closed by repaying the outstanding amount, and we will give you the exact figure and any applicable charges. If you need any further help, just let me know."
"Hello, how can I add a new payee and transfer funds? I need this sorted today",TRANSFER,make_transfer,"Sure, here is how this works. You can send money in a few steps. Open Transfers, choose Send Money and select an existing payee or add a new one. Type in the amount, check the details carefully because transfers to the wrong account can be hard to reverse, and approve with your security code. Instant methods arrive within minutes, while standard transfers can take up to one working day. If you need any further help, just let me know."
Urgent: how do I set up a password for net banking? Thank you.,PASSWORD,set_up_password,"New customers can create a password using the First Time Login option. Enter your customer ID, verify with a one-time code, then choose a password that meets the rules shown on screen. Please do not share it with anyone, including bank staff. Let me know if there is anything more I can do for you."
How do I authorise someone to handle my banking on my behalf? Not sure what to do.,RETAIL_EXCEPTION,power_of_attorney_request,"I am sorry to hear that. Managing another person's account requires a valid legal authority, such as a registered power of attorney, and we need to verify it before giving access. Please prepare the original or certified copy of the document, your identification and the account holder details. A specialist will check the paperwork and explain what your authority allows, and I will arrange for them to contact you. We will keep you updated by message until this is resolved."
"Hey, how can I contact customer service? Can you help me with this?",CONTACT,customer_service,"You can reach customer service by phone banking, through secure chat in the mobile app, or by email through the Contact Us section. Phone and chat support are available round the clock for urgent matters such as blocking a card, and other requests are handled during business hours. Please keep your customer ID handy so we can help you faster. Feel free to ask if you have any other questions."
"Hi, how can I change my password to something stronger? I need this sorted today.",PASSWORD,set_up_password,"New customers can create a password using the First Time Login option. Enter your customer ID, verify with a one-time code, then choose a password that meets the rules shown on screen. Please do not share it with anyone, including bank staff."
"Good evening, how do I see my card balance and available limit? Thanks.",CARD,check_current_balance_on_card,"Certainly, I can help with that. To check your balance, log in to net banking or the app and open Cards. The card summary shows your current balance, available credit and the last statement amount. Balances update in near real time, but very recent transactions can take a short while to appear. Let me know if there is anything more I can do for you."
"Hello there, why is my savings account overdrawn? I never spent that much.",RETAIL_EXCEPTION,overdraft_fee_dispute,"Thanks for explaining. To review the fee, we need to see the order in which the deposit and the payments were processed. I will raise a request for the fee to be reviewed, and you will hear back with the outcome. In some cases, especially after a delayed salary, the fee can be waived. You can ask for a human agent at any time and I will arrange it."
"Please help me make a transfer of GBP 1,850 today. Please help.",TRANSFER,make_transfer,"Thanks for reaching out, I can guide you through this. To make a transfer, log in to the app or net banking and go to Transfers. Add the payee by entering the name, account number and bank code, then confirm the payee with a one-time code. Enter the amount of GBP 1,850, choose the payment method, review the details and confirm. You will get a confirmation message with a reference number. Please reach out again if anything is unclear."
"hi team, please enable international transactions on my card ending 9809",CARD,activate_card_international_usage,"Thanks for reaching out, I can guide you through this. To use your card overseas, open Card Controls in the app and enable International Usage. It is a good idea to set a travel period and a daily limit. If you cannot use the app, phone banking can turn it on for you after verifying your identity."
"I cant log in to net banking, I dont remember my password. Can you help me with this?",PASSWORD,get_password,"You can recover access in a few steps. Select Forgot Password on the login screen, verify your identity with the one-time code sent to your registered number, and set a new password. If you no longer have access to that number, please visit a branch with your identification to update it."
"excuse me, please block my card ending 5644, i think it was stolen. can u help me with this",CARD,block_card,"You can block the card immediately in the mobile app. Go to Cards, choose the card and tap Block Card, then pick Lost or Stolen as the reason. The card stops working straight away and any new transactions are declined. We will then help you order a replacement, which usually arrives in a few working days."
"i just received my travel card in the mail, how can i start using it? thanks.",CARD,activate_card,"You can activate your card in two easy ways. In the mobile app, go to Cards, pick your card, and tap Activate. If you prefer, call the phone banking number printed on the back of the card and follow the voice prompts. After verification your card will be active within a few minutes. Feel free to ask if you have any other questions."
"Hello there, flipkart said they refunded $1,300 5 days ago but I have not received it. Can you help me with this?",PAYMENT_EXCEPTION,refund_not_received,"Thank you for the details. A refund can take some time after the merchant approves it. If it has been more than ten working days, please send us the refund confirmation from the merchant. We will trace the credit and follow up with the merchant bank on your behalf. We will keep you updated by message until this is resolved."
"Hey, the ATM did not give me the full cash but the money was deducted, I withdrew GBP 1,070.",ATM,dispute_ATM_withdrawal,"I will help you raise a dispute for the ATM withdrawal of GBP 1,070. Please go to Disputes in the app, select the transaction and choose ATM Cash Issue, then give the date, time and ATM location if you have them. We will investigate with the ATM operator and most cases are reviewed within a few working days. If the ATM did not dispense the cash, the amount is usually credited back to your account. If you need any further help, just let me know."
"Hi, tell me about the monthly maintenance fees on my salary account.",FEES,check_fees,"Certainly, I can help with that. Fees depend on the type of account or service. You can find the full list in the app under Help and then Fees and Charges, including maintenance, ATM, transfer and card fees. If you tell me the specific service you are asking about, I can explain how that fee is calculated and when it applies."
"I need help. Please waive the overdraft charges, they are unfair",RETAIL_EXCEPTION,overdraft_fee_dispute,"Thanks for explaining. To review the fee, we need to see the order in which the deposit and the payments were processed. I will raise a request for the fee to be reviewed, and you will hear back with the outcome. In some cases, especially after a delayed salary, the fee can be waived."
"Hi, what fees do you charge on my account? Thank you.",FEES,check_fees,"Of course, happy to help. Fees depend on the type of account or service. You can find the full list in the app under Help and then Fees and Charges, including maintenance, ATM, transfer and card fees. If you tell me the specific service you are asking about, I can explain how that fee is calculated and when it applies."
Urgent: I missed 3 instalments and I am afraid of penalties. Any idea what to do?,RETAIL_EXCEPTION,loan_hardship_request,"I am sorry you are facing this, and I am glad you reached out early. We have options for customers in financial difficulty, such as a temporary payment holiday, a longer tenure with lower instalments, or restructuring, depending on your situation. I will pass your request to our customer support team, who will review your income and expenses and discuss what is possible. Please try to keep making any payments you can, and avoid ignoring reminders, as talking to us early gives you more choices. If anything changes in the meantime, please let us know straight away."
"Hello there, please help me make a transfer of 1,560 dollars today. Appreciate the help",TRANSFER,make_transfer,"Certainly, I can help with that. To make a transfer, log in to the app or net banking and go to Transfers. Add the payee by entering the name, account number and bank code, then confirm the payee with a one-time code. Enter the amount of 1,560 dollars, choose the payment method, review the details and confirm. You will get a confirmation message with a reference number. I am here if you need anything else."
"Hello there, I need extra help managing my money after my illness. Thank you.",RETAIL_EXCEPTION,vulnerable_customer_support,"Thank you for telling us, and please know that we are here to help in a way that works for you. We offer support such as large print or audio statements, assisted banking at branches, a dedicated helpline with priority handling and, in some areas, home visits. If you are worried about a suspicious call, please do not share any codes or personal details, and we will help you check it. I will connect you with our customer care specialists to set up the support you need. We will keep you updated by message until this is resolved."
"Hi team, I want to apply for a home loan of EUR 499,280.",LOAN,apply_for_loan,"You can apply for a home loan online or at a branch. Please keep your identity proof, address proof, recent salary slips or income proof, and bank statements ready. After you submit the application, we check your eligibility and credit history and share an offer with the interest rate and repayment plan. Once you accept, the money is usually credited within a few working days."
Please help: I am a new customer and want to create my login. Thank you.,PASSWORD,set_up_password,"Thanks for reaching out, I can guide you through this. To set up or change your password, log in and go to Settings and then Security. Choose Change Password, enter your current password, and type the new one twice. A strong password uses at least eight characters with a mix of letters, numbers and symbols, and should not include your name or birth date. Please reach out again if anything is unclear."
"Good evening, I need to visit a branch, can you help me find one? Thank you.",FIND,find_branch,"Of course, happy to help. To find a branch, enter your area or city in the Locator and choose Branches. Each listing shows the address, working hours and the services offered, such as loans or locker facilities. Most branches are open on weekdays and some are open on Saturday mornings. Please reach out again if anything is unclear."
Is there a branch in London? Appreciate the help.,FIND,find_branch,"Of course, happy to help. To find a branch, enter your area or city in the Locator and choose Branches. Each listing shows the address, working hours and the services offered, such as loans or locker facilities. Most branches are open on weekdays and some are open on Saturday mornings."
"Hi team, find me a cash machine close to me. I need this sorted today",FIND,find_ATM,"Sure, here is how this works. To locate an ATM, open the Locator in the app or on our website and search by city or landmark. Filters help you find machines that offer deposits, cheque drops or extended hours. Please remember that using an ATM outside our network may attract a fee."
I want to know my outstanding amount on the credit card.,CARD,check_current_balance_on_card,"Certainly, I can help with that. To check your balance, log in to net banking or the app and open Cards. The card summary shows your current balance, available credit and the last statement amount. Balances update in near real time, but very recent transactions can take a short while to appear. Let me know if there is anything more I can do for you."
"Hello, how can I enable my debit card for use abroad? im travelling to Amsterdam. Can u help me with this?",CARD,activate_card_international_usage,"International usage can be switched on from the mobile app. Go to Cards, select your debit card, open Card Controls and turn on International Transactions. You can also set the dates of your trip and a spending limit for extra safety. Changes usually take effect within a few minutes, so please do it before you leave."
"quick question: the atm swallowed my card, what should i do? pls help",ATM,recover_swallowed_card,"Please do not worry, this happens sometimes. First, block the card in the app as a precaution until you have it back. Then contact the branch that owns the ATM or call customer service, and we will check if the card was retained by the machine. If it can be recovered you may collect it with valid photo ID, otherwise we will issue a replacement card to you. I am here if you need anything else."
"Hello there, I disagree with the unarranged overdraft fee on my statement. Please help.",RETAIL_EXCEPTION,overdraft_fee_dispute,"Thanks for explaining. To review the fee, we need to see the order in which the deposit and the payments were processed. I will raise a request for the fee to be reviewed, and you will hear back with the outcome. In some cases, especially after a delayed salary, the fee can be waived. If you would like, I can connect you with a human agent right now."
"hello there, i forgot my password, how do i get it back? appreciate the help",PASSWORD,get_password,"I am sorry you are locked out. On the login page, tap Forgot Password and enter your customer ID. We will send a one-time code to your registered mobile number, and after you enter it you can choose a new password. For security reasons we can never tell you your old password."
"hi team, how can i appeal a declined home loan? not sure what to do.",RETAIL_EXCEPTION,loan_application_rejected_appeal,"I am sorry that your application was not approved. Decisions are based on factors such as income, existing debts, credit history and the value of the loan requested, and we can share the main reasons with you. You may ask for a review, especially if your circumstances have changed or if some information was missing. I will pass your request to a loans specialist who can explain the decision and suggest what may improve your chances next time. Please keep your reference number safe, and reply here if you need anything else."
"Hello, please escalate my complaint to a senior manager",RETAIL_EXCEPTION,formal_complaint_escalation,"I am sorry that your issue has not been resolved, and you have every right to escalate. I can register a formal complaint now, which will be given a reference number and reviewed by our complaints team, who will respond in writing within the time required. If you are not satisfied with the final response, you can take the matter to the external financial ombudsman. It helps if you share the dates and details of your previous contacts. Please keep your reference number safe, and reply here if you need anything else."
Pls help: how can I appeal a declined car loan? Thank you.,RETAIL_EXCEPTION,loan_application_rejected_appeal,"I am sorry that your application was not approved. Decisions are based on factors such as income, existing debts, credit history and the value of the loan requested, and we can share the main reasons with you. You may ask for a review, especially if your circumstances have changed or if some information was missing. I will pass your request to a loans specialist who can explain the decision and suggest what may improve your chances next time. Please keep your reference number safe, and reply here if you need anything else."
I want to know how many payments are left on my loan. Can you help me with this,LOAN,check_loan_payments,"To check your loan payments, log in and open Loans, then choose the loan. You will see what you have paid so far, what is left, and the next due date. If you would like to pay extra to reduce the balance, there is an option to make a part payment on the same screen. Please reach out again if anything is unclear."
"Hello, my card went missing last week, block it asap.",CARD,block_card,"I understand how stressful this must be, and I am here to help. To protect your money, block the card first. Use the app under Cards and Block, or call the 24 hour phone banking line and ask for an immediate block. Once blocked, please review your recent transactions and tell us about any you do not recognise so we can look into them. Feel free to ask if you have any other questions."
"I want to apply for a home loan of INR 459,100. Thanks.",LOAN,apply_for_loan,"To apply for a loan, go to Loans in the app and select the type of loan you need. Enter the amount and tenure, upload the required documents and submit. Your eligibility is based on income, existing commitments and credit score, and you will see a decision and an offer once the review is complete. Please reach out again if anything is unclear."
"Hello there, what happens if I cancel my prepaid card, and how do I do it? I need this sorted today",CARD,cancel_card,"Absolutely, let me walk you through it. To cancel a card, go to Cards in the mobile app, select your prepaid card and choose Cancel Card, or contact customer service. Before we close it, please clear any outstanding balance and cancel recurring payments linked to the card. Once cancelled, the card cannot be used again, and you can request a new one later if you change your mind. Feel free to ask if you have any other questions."
"Hello there, what fees do you charge on my account? Any idea what to do",FEES,check_fees,"Absolutely, let me walk you through it. I can help you understand the charges. Common fees include monthly maintenance, foreign transaction fees, ATM use outside our network and penalties for low balance. Your latest statement shows every fee that has been applied, and customer service can review any fee you believe was charged in error. Let me know if there is anything more I can do for you."
"Hi team, I want to open a new account, what documents are required? Please advise.",ACCOUNT,create_account,"To start, choose the type of account that suits you, then fill in the application form online. You will need identity and address documents, and you may complete a short video verification. Once approved, your account details arrive by message and email, and your debit card is sent to your address. Feel free to ask if you have any other questions."
"Need to switch on my new card, what should I do? Thanks",CARD,activate_card,"You can activate your card in two easy ways. In the mobile app, go to Cards, pick your card, and tap Activate. If you prefer, call the phone banking number printed on the back of the card and follow the voice prompts. After verification your card will be active within a few minutes. Please reach out again if anything is unclear."
"Hi team, how do I view what I spent this week? Thanks",ACCOUNT,check_recent_transactions,"Absolutely, let me walk you through it. To review your recent activity, log in and choose the account, then select Recent Transactions. Pending items are shown separately from completed ones. If something looks unfamiliar, tap it to see the details and report it directly from that screen. Please reach out again if anything is unclear."
"Hi, please guide me through creating a new account.",ACCOUNT,create_account,"Of course, happy to help. To start, choose the type of account that suits you, then fill in the application form online. You will need identity and address documents, and you may complete a short video verification. Once approved, your account details arrive by message and email, and your debit card is sent to your address. Feel free to ask if you have any other questions."
Urgent: can I see my loan repayment schedule? Thank you.,LOAN,check_loan_payments,"To check your loan payments, log in and open Loans, then choose the loan. You will see what you have paid so far, what is left, and the next due date. If you would like to pay extra to reduce the balance, there is an option to make a part payment on the same screen. Please reach out again if anything is unclear."
"Hi, the ATM did not give me the full cash but the money was deducted, I withdrew GBP 2,840. Pls help.",ATM,dispute_ATM_withdrawal,"I will help you raise a dispute for the ATM withdrawal of GBP 2,840. Please go to Disputes in the app, select the transaction and choose ATM Cash Issue, then give the date, time and ATM location if you have them. We will investigate with the ATM operator and most cases are reviewed within a few working days. If the ATM did not dispense the cash, the amount is usually credited back to your account. Feel free to ask if you have any other questions."
I need help. Could you tell me the yearly charges on the card ending 6057? I need this sorted today.,CARD,check_card_annual_fee,"Absolutely, let me walk you through it. Annual fees vary by card, and many cards waive the fee after a certain level of yearly spending. Please check Fees and Charges for your card in the app to see your amount and the anniversary date. If you would like to ask about a waiver, customer service can review your eligibility. Let me know if there is anything more I can do for you."
What is the fastest way to send money to someone? Appreciate the help.,TRANSFER,make_transfer,"You can send money in a few steps. Open Transfers, choose Send Money and select an existing payee or add a new one. Type in the amount, check the details carefully because transfers to the wrong account can be hard to reverse, and approve with your security code. Instant methods arrive within minutes, while standard transfers can take up to one working day. I am here if you need anything else."
"Hi, please cancel the card ending 3066.",CARD,cancel_card,"Of course, happy to help. I can guide you through cancelling your card. First check that there are no pending transactions or unpaid dues. Then submit a cancellation request through the app or by phone banking. You will get a confirmation message once the card is closed. If you need any further help, just let me know."
"excuse me, please help me make a transfer of 2,380 usd today. any idea what to do?",TRANSFER,make_transfer,"You can send money in a few steps. Open Transfers, choose Send Money and select an existing payee or add a new one. Type in the amount, check the details carefully because transfers to the wrong account can be hard to reverse, and approve with your security code. Instant methods arrive within minutes, while standard transfers can take up to one working day. I am here if you need anything else."
Quick question: where is the closest branch,FIND,find_branch,"To find a branch, enter your area or city in the Locator and choose Branches. Each listing shows the address, working hours and the services offered, such as loans or locker facilities. Most branches are open on weekdays and some are open on Saturday mornings."
"Hello there, where can I download my statement for the last 10 days? Pls help",ACCOUNT,check_recent_transactions,"Certainly, I can help with that. To review your recent activity, log in and choose the account, then select Recent Transactions. Pending items are shown separately from completed ones. If something looks unfamiliar, tap it to see the details and report it directly from that screen. Please reach out again if anything is unclear."
"i need help. starbucks keeps charging me $2,210 every month and i never subscribed.",PAYMENT_EXCEPTION,recurring_payment_unauthorized,"I understand how annoying unwanted charges are. You can stop a recurring payment by going to Cards and Recurring Payments in the app and choosing Stop for Starbucks. If the merchant has already taken money you did not agree to, we can raise a dispute for the $2,210 charges. It also helps to contact the merchant to cancel the subscription so they stop trying to bill you. Please keep your reference number safe, and reply here if you need anything else."
I need help. Please cancel the card ending 1523.,CARD,cancel_card,"Of course, happy to help. I can guide you through cancelling your card. First check that there are no pending transactions or unpaid dues. Then submit a cancellation request through the app or by phone banking. You will get a confirmation message once the card is closed."
"Hello, I cant make any transactions, the bank says KYC is pending.",RETAIL_EXCEPTION,account_frozen_kyc,"I understand how stressful it is to have an account restricted. Accounts are sometimes frozen when identity documents are missing or expired, or when a compliance review is needed. I cannot lift a restriction from this chat, but I can raise a priority request with our account services team. Please keep your photo ID, proof of address and recent photograph ready, and a specialist will contact you with the exact documents required. You can ask for a human agent at any time and I will arrange it."
"Good morning, what do I need to do before closing my salary account? I need this sorted today",ACCOUNT,close_account,"Certainly, I can help with that. I can explain how to close your salary account. Please first clear any dues, cancel standing instructions and move the remaining balance to another account. Then submit a closure request through customer service or at a branch with valid identification. Once processed, you will receive written confirmation and the final statement. Please reach out again if anything is unclear."
"Hello there, transaction limit exceeded, can you increase my limit for today? Can you help me with this?",PAYMENT_EXCEPTION,large_transaction_blocked,"Thank you for explaining. A large payment may exceed your set limit, or it may be waiting for extra verification. You can raise your limit in Card Controls after authentication, and the security team can release a held transaction after checking with you. Since it is time sensitive, shall I connect you to an agent now? If you would like, I can connect you with a human agent right now."
please help: can i see how much interest i have paid on my home loan? i need this sorted today.,LOAN,check_mortgage_payments,"Your mortgage details are available under Loans. There you can view the payment amount, upcoming due dates, the balance still owed and a summary of interest paid. If your payment changes because of a rate change, we will notify you in advance. Let me know if there is anything more I can do for you."
"I need help. How do I send $1,290 to a friend's account? Not sure what to do.",TRANSFER,make_transfer,"To make a transfer, log in to the app or net banking and go to Transfers. Add the payee by entering the name, account number and bank code, then confirm the payee with a one-time code. Enter the amount of $1,290, choose the payment method, review the details and confirm. You will get a confirmation message with a reference number."
Quick question: please help me recover my login details.,PASSWORD,get_password,"You can recover access in a few steps. Select Forgot Password on the login screen, verify your identity with the one-time code sent to your registered number, and set a new password. If you no longer have access to that number, please visit a branch with your identification to update it. Please reach out again if anything is unclear."
"quick question: the account number i typed was one digit off, and the payment went through. i need this sorted today.",PAYMENT_EXCEPTION,transfer_wrong_account,"I am sorry this happened. Please raise a wrong transfer request in the app or with customer service right away with the payment reference. We will ask the receiving bank to hold and return the funds, but they need the account holder consent, so the timing can vary. A specialist will follow up with you. If anything changes in the meantime, please let us know straight away."
"Double debit on my card for Google Play, please fix",PAYMENT_EXCEPTION,duplicate_charge,"Thanks for letting us know. Please keep proof of your purchase and, if possible, the merchant receipt. We will open a dispute for the duplicate payment, and a specialist will review it with the merchant. Refunds usually take several working days once the duplicate is confirmed. If you would like, I can connect you with a human agent right now."
"hello there, what is the fastest way to send money to someone? can u help me with this?",TRANSFER,make_transfer,"Of course, happy to help. You can send money in a few steps. Open Transfers, choose Send Money and select an existing payee or add a new one. Type in the amount, check the details carefully because transfers to the wrong account can be hard to reverse, and approve with your security code. Instant methods arrive within minutes, while standard transfers can take up to one working day. Let me know if there is anything more I can do for you."
"hi team, what is the process to allow foreign transactions on my card before my trip? thanks.",CARD,activate_card_international_usage,"To use your card overseas, open Card Controls in the app and enable International Usage. It is a good idea to set a travel period and a daily limit. If you cannot use the app, phone banking can turn it on for you after verifying your identity. I am here if you need anything else."
"Hi team, my card ending 1670 has unknown purchases that appeared last Friday, please help urgently. Can you help me with this?",PAYMENT_EXCEPTION,card_fraud_unauthorized_transaction,"Thank you for reporting this quickly. Your card should be blocked immediately to prevent more misuse, and the disputed transactions will be flagged for our fraud team. They will review the details, and where a transaction is confirmed as fraudulent the amount is normally returned to your account after the investigation. A specialist will reach out to collect a few more details. You can ask for a human agent at any time and I will arrange it."
"excuse me, account blocked after i updated my address, how do i get access? thanks",RETAIL_EXCEPTION,account_frozen_kyc,"I am sorry for the inconvenience. A restriction usually means we need to verify or update some information. You can complete the update in the app under Profile and KYC, or visit a branch. If you have already submitted documents, I will ask the team to prioritise the review and update you. If anything changes in the meantime, please let us know straight away."
"The ATM swallowed my card, what should I do? Please help.",ATM,recover_swallowed_card,"I am sorry that the ATM kept your card. For your safety, I suggest blocking the card right away in the app. We will then arrange either collection from the ATM branch with identification or a replacement card sent to your address, usually within a few working days. If you need any further help, just let me know."
"Hi, how do I see my card balance and available limit? Any idea what to do",CARD,check_current_balance_on_card,"To check your balance, log in to net banking or the app and open Cards. The card summary shows your current balance, available credit and the last statement amount. Balances update in near real time, but very recent transactions can take a short while to appear. I am here if you need anything else."
"Excuse me, is there a fee if my balance drops below the minimum? Please advise.",FEES,check_fees,"Sure, here is how this works. Fees depend on the type of account or service. You can find the full list in the app under Help and then Fees and Charges, including maintenance, ATM, transfer and card fees. If you tell me the specific service you are asking about, I can explain how that fee is calculated and when it applies. Let me know if there is anything more I can do for you."
"Hey, my international transfer of EUR 877 to Bangkok is on hold and nobody tells me why. Any idea what to do?",PAYMENT_EXCEPTION,international_transfer_compliance_hold,"I understand this is frustrating. International payments can be held for a routine compliance review, which is a regulatory requirement, and we may ask for supporting documents such as an invoice, contract or proof of source of funds. I cannot see the full details of the review in this chat, so I will pass your case to our payments compliance team, who will contact you about what is needed. Providing the documents promptly usually speeds things up. Please keep your reference number safe, and reply here if you need anything else."
"Hello there, please enable international transactions on my card ending 7167. Please help.",CARD,activate_card_international_usage,"To use your card overseas, open Card Controls in the app and enable International Usage. It is a good idea to set a travel period and a daily limit. If you cannot use the app, phone banking can turn it on for you after verifying your identity. If you need any further help, just let me know."
"Excuse me, my card went missing last night, block it asap. Any idea what to do?",CARD,block_card,"To protect your money, block the card first. Use the app under Cards and Block, or call the 24 hour phone banking line and ask for an immediate block. Once blocked, please review your recent transactions and tell us about any you do not recognise so we can look into them. Feel free to ask if you have any other questions."
"Please help: I need to visit a branch, can you help me find one? Thank you.",FIND,find_branch,"Sure, here is how this works. To find a branch, enter your area or city in the Locator and choose Branches. Each listing shows the address, working hours and the services offered, such as loans or locker facilities. Most branches are open on weekdays and some are open on Saturday mornings."
"Hello, where is my refund, it has been 10 days? Thank you.",PAYMENT_EXCEPTION,refund_not_received,"Thank you for the details. A refund can take some time after the merchant approves it. If it has been more than ten working days, please send us the refund confirmation from the merchant. We will trace the credit and follow up with the merchant bank on your behalf. If anything changes in the meantime, please let us know straight away."
"Good morning, my spouse emptied our joint account without telling me. Appreciate the help.",RETAIL_EXCEPTION,joint_account_dispute,"I am sorry you are going through this. Joint accounts are governed by the mandate that was agreed when they were opened, and changes such as removing a holder or freezing the account usually need the consent of all holders, or a legal instruction. I can arrange for a specialist to explain your options and what proof would be required. Please keep in mind that we cannot take sides, and for serious disputes it can help to seek legal advice."
"how do i send inr 2,470 to a friend's account? thank you.",TRANSFER,make_transfer,"To make a transfer, log in to the app or net banking and go to Transfers. Add the payee by entering the name, account number and bank code, then confirm the payee with a one-time code. Enter the amount of INR 2,470, choose the payment method, review the details and confirm. You will get a confirmation message with a reference number. If you need any further help, just let me know."
"Please help: how do I send 1,360 dollars to a friend's account? Any idea what to do?",TRANSFER,make_transfer,"Absolutely, let me walk you through it. You can send money in a few steps. Open Transfers, choose Send Money and select an existing payee or add a new one. Type in the amount, check the details carefully because transfers to the wrong account can be hard to reverse, and approve with your security code. Instant methods arrive within minutes, while standard transfers can take up to one working day. Let me know if there is anything more I can do for you."
"The ATM swallowed my card, what should I do? Please advise",ATM,recover_swallowed_card,"Please do not worry, this happens sometimes. First, block the card in the app as a precaution until you have it back. Then contact the branch that owns the ATM or call customer service, and we will check if the card was retained by the machine. If it can be recovered you may collect it with valid photo ID, otherwise we will issue a replacement card to you."
"Help, the cash machine did not return my card. Appreciate the help",ATM,recover_swallowed_card,"Please do not worry, this happens sometimes. First, block the card in the app as a precaution until you have it back. Then contact the branch that owns the ATM or call customer service, and we will check if the card was retained by the machine. If it can be recovered you may collect it with valid photo ID, otherwise we will issue a replacement card to you."
Quick question: I am a new customer and want to create my login.,PASSWORD,set_up_password,"New customers can create a password using the First Time Login option. Enter your customer ID, verify with a one-time code, then choose a password that meets the rules shown on screen. Please do not share it with anyone, including bank staff."
"Good evening, what is the customer care number? Can you help me with this",CONTACT,customer_service,"There are several ways to contact us. The quickest is the chat option in the app, which is available all day. You can also call the number printed on the back of your card or on our website, or visit any branch during opening hours. If you need any further help, just let me know."
"Hey, how can I enable my travel card for use abroad? I am travelling to Bangalore.",CARD,activate_card_international_usage,"Sure, here is how this works. International usage can be switched on from the mobile app. Go to Cards, select your travel card, open Card Controls and turn on International Transactions. You can also set the dates of your trip and a spending limit for extra safety. Changes usually take effect within a few minutes, so please do it before you leave. Feel free to ask if you have any other questions."
"Hi, where do I activate the platinum credit card I got last week? Not sure what to do.",CARD,activate_card,"First, open the mobile app or net banking and go to the Cards section. Then select your platinum credit card and choose Activate Card. You will receive a one-time code on your registered mobile number, so enter it to confirm. Once that is done, the card is active and ready to use straight away. Feel free to ask if you have any other questions."
"Hi team, the other holder of my joint current account is not cooperating, what are my options? Thanks",RETAIL_EXCEPTION,joint_account_dispute,"Thank you for explaining. Changing the operating instruction on a joint account depends on the mandate, and sometimes a court order is needed. Our specialist team can review the account terms with you and tell you what can be done, such as requiring both signatures for withdrawals. I will connect you with them. If you would like, I can connect you with a human agent right now."
"Hello there, how much do I still owe on my loan? Thank you.",LOAN,check_loan_payments,"Absolutely, let me walk you through it. To check your loan payments, log in and open Loans, then choose the loan. You will see what you have paid so far, what is left, and the next due date. If you would like to pay extra to reduce the balance, there is an option to make a part payment on the same screen. Feel free to ask if you have any other questions."
"Good morning, I am confused and worried about a scam call asking for my details. Thank you",RETAIL_EXCEPTION,vulnerable_customer_support,"Thank you for telling us, and please know that we are here to help in a way that works for you. We offer support such as large print or audio statements, assisted banking at branches, a dedicated helpline with priority handling and, in some areas, home visits. If you are worried about a suspicious call, please do not share any codes or personal details, and we will help you check it. I will connect you with our customer care specialists to set up the support you need. If anything changes in the meantime, please let us know straight away."
"Good morning, I sent INR 1,740 to the wrong person, can I cancel the transfer? Can you help me with this?",TRANSFER,cancel_transfer,"If the transfer of INR 1,740 is still pending or scheduled, you can cancel it in the app. Go to Transfers, open Pending or Scheduled, select the transfer and tap Cancel. If it has already been completed, it cannot be cancelled directly, but you can raise a request and we will contact the receiving bank to ask for the money back. Success depends on the receiving bank and the account holder agreeing to return it."
"Good morning, transfer to Bangalore flagged, what proof do I need to provide? Can you help me with this?",PAYMENT_EXCEPTION,international_transfer_compliance_hold,"I understand this is frustrating. International payments can be held for a routine compliance review, which is a regulatory requirement, and we may ask for supporting documents such as an invoice, contract or proof of source of funds. I cannot see the full details of the review in this chat, so I will pass your case to our payments compliance team, who will contact you about what is needed. Providing the documents promptly usually speeds things up. You can ask for a human agent at any time and I will arrange it."
"My card went missing yesterday, block it asap. Any idea what to do",CARD,block_card,"To protect your money, block the card first. Use the app under Cards and Block, or call the 24 hour phone banking line and ask for an immediate block. Once blocked, please review your recent transactions and tell us about any you do not recognise so we can look into them. If you need any further help, just let me know."
"Excuse me, how do I freeze my card temporarily? I cannot find it. Any idea what to do?",CARD,block_card,"You can block the card immediately in the mobile app. Go to Cards, choose the card and tap Block Card, then pick Lost or Stolen as the reason. The card stops working straight away and any new transactions are declined. We will then help you order a replacement, which usually arrives in a few working days. I am here if you need anything else."
"Good evening, I would like to apply for a home loan. Not sure what to do.",LOAN,apply_for_mortgage,"Applying for a home loan involves a few stages: an initial eligibility check, document submission, property valuation, formal approval and legal completion. A mortgage adviser can guide you at each stage. You can begin by booking a call from the Loans section of the app. I am here if you need anything else."
Quick question: how can I check how much credit I have left on my card? Thanks.,CARD,check_current_balance_on_card,"To check your balance, log in to net banking or the app and open Cards. The card summary shows your current balance, available credit and the last statement amount. Balances update in near real time, but very recent transactions can take a short while to appear."
Urgent: what happens to my mortgage application if I cancel it now? I need this sorted today,LOAN,cancel_mortgage,"Thanks for reaching out, I can guide you through this. To cancel a mortgage application, send a withdrawal request with your application reference. Any costs already incurred for valuation or legal checks may not be refundable. We will confirm the cancellation in writing and close the file. Please reach out again if anything is unclear."
I need help. Which branch can I go to for a loan discussion?,FIND,find_branch,"To find a branch, enter your area or city in the Locator and choose Branches. Each listing shows the address, working hours and the services offered, such as loans or locker facilities. Most branches are open on weekdays and some are open on Saturday mornings. I am here if you need anything else."
"The ATM did not give me the full cash but the money was deducted, I withdrew GBP 1,950. I need this sorted today.",ATM,dispute_ATM_withdrawal,"Sorry about the trouble with the ATM. Please keep the receipt if you have one and raise a dispute through the app or by calling customer service. We will check the ATM records for the withdrawal and update you by message. If the money is confirmed as not dispensed, it will be returned to your account."
"Excuse me, please enable international transactions on my card ending 2911. Not sure what to do.",CARD,activate_card_international_usage,"To use your card overseas, open Card Controls in the app and enable International Usage. It is a good idea to set a travel period and a daily limit. If you cannot use the app, phone banking can turn it on for you after verifying your identity. Let me know if there is anything more I can do for you."
Can I cancel my loan after it was approved but before receiving the money? Thank you,LOAN,cancel_loan,"Thanks for reaching out, I can guide you through this. To cancel a loan application, tell us which application you mean and we will stop the process. Before disbursal there is normally no cost. After disbursal, the loan must be closed by repaying the outstanding amount, and we will give you the exact figure and any applicable charges. Feel free to ask if you have any other questions."
"the same payment of eur 2,050 shows up two times on my statement. please help.",PAYMENT_EXCEPTION,duplicate_charge,"Thanks for letting us know. Please keep proof of your purchase and, if possible, the merchant receipt. We will open a dispute for the duplicate payment, and a specialist will review it with the merchant. Refunds usually take several working days once the duplicate is confirmed. If you would like, I can connect you with a human agent right now."
"Hi, I want to cancel my personal loan application. Any idea what to do?",LOAN,cancel_loan,"If your personal loan has not been disbursed yet, you can cancel the request through customer service or from Loans in the app by selecting your application and choosing Withdraw. If the money has already been credited, you will need to repay it, and we can share the foreclosure amount with you. Please note that some fees may apply after disbursal."
"hey, the money i sent last weekend has not reached the receiver yet, the status still says processing. not sure what to do.",PAYMENT_EXCEPTION,transfer_pending_stuck,"Sorry for the delay. A transfer can stay pending if the receiving bank is slow, if the details do not match, or if the payment is under review. I have noted the delay and a specialist team will trace the payment. If it cannot be completed, the money is returned to your account."
"Please help: I am in Tokyo and my prepaid card is lost, how can I get emergency help?",PAYMENT_EXCEPTION,lost_card_abroad_emergency,"That sounds very stressful. The first step is to block all lost cards so nobody can use them. Then our emergency support team can help with a replacement card delivered to your location or a cash advance, after confirming your identity. Please keep any police report reference, as it can help with disputed transactions."
"good morning, is there any joining or annual fee on the credit card? appreciate the help.",CARD,check_card_annual_fee,"Annual fees vary by card, and many cards waive the fee after a certain level of yearly spending. Please check Fees and Charges for your card in the app to see your amount and the anniversary date. If you would like to ask about a waiver, customer service can review your eligibility. I am here if you need anything else."
Urgent: please tell me the current balance on the card ending 6525. Please advise.,CARD,check_current_balance_on_card,"To check your balance, log in to net banking or the app and open Cards. The card summary shows your current balance, available credit and the last statement amount. Balances update in near real time, but very recent transactions can take a short while to appear."
"Excuse me, I see a charge from Decathlon for $2,880 and I did not authorise it.",PAYMENT_EXCEPTION,card_fraud_unauthorized_transaction,"I am very sorry this has happened, and I will treat it as urgent. First, block your card in the app so no further charges can be made. Then please tell us which transactions you do not recognise, including the $2,880 at Decathlon, so we can raise a fraud claim. Our fraud team will investigate, may issue a replacement card, and will contact you with updates. Please do not share any codes or card details with anyone claiming to be from the bank. If you would like, I can connect you with a human agent right now."
"hello there, i want to talk to a real person.",CONTACT,human_agent,"Certainly, I can arrange for one of our advisors to help you. I am transferring you now, and I will share the details of our conversation so you do not need to repeat yourself. If the queue is long, you can choose to receive a call back instead."
Quick question: what is the available balance on my travel card? Appreciate the help,CARD,check_current_balance_on_card,"Certainly, I can help with that. You can see your card balance in the mobile app under Cards. Select your travel card to view the available limit, the outstanding amount and the payment due date. You can also get a quick balance by sending a text message from your registered number or by calling phone banking."
"Hi team, there is an ATM transaction I do not recognise for EUR 542, how do I raise a dispute? Thank you.",ATM,dispute_ATM_withdrawal,"Sorry about the trouble with the ATM. Please keep the receipt if you have one and raise a dispute through the app or by calling customer service. We will check the ATM records for the withdrawal and update you by message. If the money is confirmed as not dispensed, it will be returned to your account."
"Excuse me, what is the process to get a mortgage for a house worth INR 273,280?",LOAN,apply_for_mortgage,"Applying for a home loan involves a few stages: an initial eligibility check, document submission, property valuation, formal approval and legal completion. A mortgage adviser can guide you at each stage. You can begin by booking a call from the Loans section of the app."
"I need help. The other holder of my joint current account is not cooperating, what are my options? Please advise.",RETAIL_EXCEPTION,joint_account_dispute,"Thank you for explaining. Changing the operating instruction on a joint account depends on the mandate, and sometimes a court order is needed. Our specialist team can review the account terms with you and tell you what can be done, such as requiring both signatures for withdrawals. I will connect you with them."
"hey, i cannot make any transactions, the bank says kyc is pending. thanks.",RETAIL_EXCEPTION,account_frozen_kyc,"I am sorry for the inconvenience. A restriction usually means we need to verify or update some information. You can complete the update in the app under Profile and KYC, or visit a branch. If you have already submitted documents, I will ask the team to prioritise the review and update you. Please keep your reference number safe, and reply here if you need anything else."
Where is the closest branch? Thanks.,FIND,find_branch,"To find a branch, enter your area or city in the Locator and choose Branches. Each listing shows the address, working hours and the services offered, such as loans or locker facilities. Most branches are open on weekdays and some are open on Saturday mornings."
"hey, i am in dubai and my prepaid card is lost, how can i get emergency help?",PAYMENT_EXCEPTION,lost_card_abroad_emergency,"That sounds very stressful. The first step is to block all lost cards so nobody can use them. Then our emergency support team can help with a replacement card delivered to your location or a cash advance, after confirming your identity. Please keep any police report reference, as it can help with disputed transactions. If anything changes in the meantime, please let us know straight away."
"Urgent: I need to transfer money to another bank, what are the steps",TRANSFER,make_transfer,"You can send money in a few steps. Open Transfers, choose Send Money and select an existing payee or add a new one. Type in the amount, check the details carefully because transfers to the wrong account can be hard to reverse, and approve with your security code. Instant methods arrive within minutes, while standard transfers can take up to one working day. Please reach out again if anything is unclear."
"What is the process to get a mortgage for a house worth EUR 258,400? Thank you",LOAN,apply_for_mortgage,"Applying for a home loan involves a few stages: an initial eligibility check, document submission, property valuation, formal approval and legal completion. A mortgage adviser can guide you at each stage. You can begin by booking a call from the Loans section of the app."
"hey, can you list all the charges for using the atm abroad? thank you.",FEES,check_fees,"Certainly, I can help with that. I can help you understand the charges. Common fees include monthly maintenance, foreign transaction fees, ATM use outside our network and penalties for low balance. Your latest statement shows every fee that has been applied, and customer service can review any fee you believe was charged in error."
"i want to dispute an atm withdrawal of inr 1,990 from last friday. thanks.",ATM,dispute_ATM_withdrawal,"Sorry about the trouble with the ATM. Please keep the receipt if you have one and raise a dispute through the app or by calling customer service. We will check the ATM records for the withdrawal and update you by message. If the money is confirmed as not dispensed, it will be returned to your account."
"Please help: how do I stop a subscription that I cancelled but still gets billed $1,900? Thanks.",PAYMENT_EXCEPTION,recurring_payment_unauthorized,"Sorry about the trouble. We can block future payments to the merchant on your card, and I can start a dispute for charges you did not authorise. Please share the dates and the amounts of the payments and any cancellation emails you have. A specialist will review whether the money can be recovered. We will keep you updated by message until this is resolved."
"Hello, please help me recover my login details.",PASSWORD,get_password,"I am sorry you are locked out. On the login page, tap Forgot Password and enter your customer ID. We will send a one-time code to your registered mobile number, and after you enter it you can choose a new password. For security reasons we can never tell you your old password."
"hi team, i lost my prepaid card and need to block it right now. thank you.",CARD,block_card,"I apologise for the trouble this has caused, let me help. To protect your money, block the card first. Use the app under Cards and Block, or call the 24 hour phone banking line and ask for an immediate block. Once blocked, please review your recent transactions and tell us about any you do not recognise so we can look into them."
"I need help. Help, the cash machine did not return my card. Not sure what to do",ATM,recover_swallowed_card,"I am sorry that the ATM kept your card. For your safety, I suggest blocking the card right away in the app. We will then arrange either collection from the ATM branch with identification or a replacement card sent to your address, usually within a few working days. Please reach out again if anything is unclear."
"Hello, pickpocketed in Toronto and all my cards are gone. Thanks.",PAYMENT_EXCEPTION,lost_card_abroad_emergency,"I am sorry to hear that, and please make sure you are safe first. Block your cards immediately in the app, or call our 24 hour emergency line if you cannot log in. We can arrange an emergency replacement card or emergency cash in Toronto, and our agent will verify your identity and guide you on the fastest option. I suggest reporting the theft to the local police as well, since some claims need a report."
"hello there, is there a branch in new york? any idea what to do?",FIND,find_branch,"To find a branch, enter your area or city in the Locator and choose Branches. Each listing shows the address, working hours and the services offered, such as loans or locker facilities. Most branches are open on weekdays and some are open on Saturday mornings."
Quick question: what do I need to do before closing my business account? Please help.,ACCOUNT,close_account,"Absolutely, let me walk you through it. To close the account, make sure there are no pending transactions, linked cards or loans. Request closure through the app under Account Services or visit a branch. We will transfer any remaining balance to the account you nominate and confirm once the account is closed. If you need any further help, just let me know."
I need help. The ATM kept my credit card and I cant get it back,ATM,recover_swallowed_card,"I am sorry that the ATM kept your card. For your safety, I suggest blocking the card right away in the app. We will then arrange either collection from the ATM branch with identification or a replacement card sent to your address, usually within a few working days."
"Hi, what fees do you charge on my account? I need this sorted today.",FEES,check_fees,"Absolutely, let me walk you through it. I can help you understand the charges. Common fees include monthly maintenance, foreign transaction fees, ATM use outside our network and penalties for low balance. Your latest statement shows every fee that has been applied, and customer service can review any fee you believe was charged in error."
"Hi, how do I withdraw my loan request? I need this sorted today.",LOAN,cancel_loan,"Certainly, I can help with that. To cancel a loan application, tell us which application you mean and we will stop the process. Before disbursal there is normally no cost. After disbursal, the loan must be closed by repaying the outstanding amount, and we will give you the exact figure and any applicable charges. Let me know if there is anything more I can do for you."
"Hi, when is my card annual fee charged and can it be waived? Can you help me with this?",CARD,check_card_annual_fee,"Absolutely, let me walk you through it. Annual fees vary by card, and many cards waive the fee after a certain level of yearly spending. Please check Fees and Charges for your card in the app to see your amount and the anniversary date. If you would like to ask about a waiver, customer service can review your eligibility."
Urgent: how do I set up a password for net banking? Please advise.,PASSWORD,set_up_password,"Of course, happy to help. New customers can create a password using the First Time Login option. Enter your customer ID, verify with a one-time code, then choose a password that meets the rules shown on screen. Please do not share it with anyone, including bank staff. If you need any further help, just let me know."
"urgent: please block my card ending 6377, i think it was stolen. not sure what to do",CARD,block_card,"That sounds frustrating, and I will do my best to help you resolve it. You can block the card immediately in the mobile app. Go to Cards, choose the card and tap Block Card, then pick Lost or Stolen as the reason. The card stops working straight away and any new transactions are declined. We will then help you order a replacement, which usually arrives in a few working days. Please reach out again if anything is unclear."
"hi team, what are the eligibility criteria for a personal loan?",LOAN,apply_for_loan,"Thanks for reaching out, I can guide you through this. To apply for a loan, go to Loans in the app and select the type of loan you need. Enter the amount and tenure, upload the required documents and submit. Your eligibility is based on income, existing commitments and credit score, and you will see a decision and an offer once the review is complete. Feel free to ask if you have any other questions."
"Hello, what is the outstanding balance on my car loan? Can you help me with this",LOAN,check_loan_payments,"To check your loan payments, log in and open Loans, then choose the loan. You will see what you have paid so far, what is left, and the next due date. If you would like to pay extra to reduce the balance, there is an option to make a part payment on the same screen."
"Hi team, I lost my prepaid card and need to block it right now. Thanks.",CARD,block_card,"I understand how stressful this must be, and I am here to help. You can block the card immediately in the mobile app. Go to Cards, choose the card and tap Block Card, then pick Lost or Stolen as the reason. The card stops working straight away and any new transactions are declined. We will then help you order a replacement, which usually arrives in a few working days. Please reach out again if anything is unclear."
"I need help. Swiggy said they refunded 1,550 USD 5 days ago but I have not received it. Thank you",PAYMENT_EXCEPTION,refund_not_received,"Thank you for the details. A refund can take some time after the merchant approves it. If it has been more than ten working days, please send us the refund confirmation from the merchant. We will trace the credit and follow up with the merchant bank on your behalf. We will keep you updated by message until this is resolved."
"Hello there, can u list all the charges for using the ATM abroad? Can u help me with this?",FEES,check_fees,"Absolutely, let me walk you through it. I can help you understand the charges. Common fees include monthly maintenance, foreign transaction fees, ATM use outside our network and penalties for low balance. Your latest statement shows every fee that has been applied, and customer service can review any fee you believe was charged in error. If you need any further help, just let me know."
"Hi, I would like to stop my card, it has an annual fee I dont want to pay. Please help.",CARD,cancel_card,"Absolutely, let me walk you through it. I can guide you through cancelling your card. First check that there are no pending transactions or unpaid dues. Then submit a cancellation request through the app or by phone banking. You will get a confirmation message once the card is closed. If you need any further help, just let me know."
"Good evening, how can I check how much credit I have left on my card",CARD,check_current_balance_on_card,"Certainly, I can help with that. To check your balance, log in to net banking or the app and open Cards. The card summary shows your current balance, available credit and the last statement amount. Balances update in near real time, but very recent transactions can take a short while to appear."
I want to close my savings account. Appreciate the help.,ACCOUNT,close_account,"To close the account, make sure there are no pending transactions, linked cards or loans. Request closure through the app under Account Services or visit a branch. We will transfer any remaining balance to the account you nominate and confirm once the account is closed. I am here if you need anything else."
"Hello, can u transfer me to a human agent? thx.",CONTACT,human_agent,"Certainly, I can arrange for one of our advisors to help you. I am transferring you now, and I will share the details of our conversation so you do not need to repeat yourself. If the queue is long, you can choose to receive a call back instead."
Please help: how can I avoid repossession of my house? Please advise,RETAIL_EXCEPTION,mortgage_arrears_support,"I understand how worrying this is, and I want you to know that help is available. Please do not ignore the notice, because early contact gives us more options such as revising the payment plan, extending the term or a temporary arrangement. I will connect you with our specialist mortgage support team, who can go through the details with you in confidence. It is also worth getting free independent money advice alongside speaking to us. You can ask for a human agent at any time and I will arrange it."
"Good evening, please waive the overdraft charges, they are unfair. Thank you.",RETAIL_EXCEPTION,overdraft_fee_dispute,"Thanks for explaining. To review the fee, we need to see the order in which the deposit and the payments were processed. I will raise a request for the fee to be reviewed, and you will hear back with the outcome. In some cases, especially after a delayed salary, the fee can be waived. If you would like, I can connect you with a human agent right now."
"The bank stopped my big payment for EUR 14,590, why? Thanks",PAYMENT_EXCEPTION,large_transaction_blocked,"Thank you for explaining. A large payment may exceed your set limit, or it may be waiting for extra verification. You can raise your limit in Card Controls after authentication, and the security team can release a held transaction after checking with you. Since it is time sensitive, shall I connect you to an agent now? Please keep your reference number safe, and reply here if you need anything else."
"Please help: I cant log in to net banking, I do not remember my password. Can you help me with this?",PASSWORD,get_password,"I am sorry you are locked out. On the login page, tap Forgot Password and enter your customer ID. We will send a one-time code to your registered mobile number, and after you enter it you can choose a new password. For security reasons we can never tell you your old password."
The ATM gave me less money than what was debited from my account. Thank you.,ATM,dispute_ATM_withdrawal,"Sorry about the trouble with the ATM. Please keep the receipt if you have one and raise a dispute through the app or by calling customer service. We will check the ATM records for the withdrawal and update you by message. If the money is confirmed as not dispensed, it will be returned to your account. Feel free to ask if you have any other questions."
"good evening, i need to transfer money to another bank, what are the steps",TRANSFER,make_transfer,"You can send money in a few steps. Open Transfers, choose Send Money and select an existing payee or add a new one. Type in the amount, check the details carefully because transfers to the wrong account can be hard to reverse, and approve with your security code. Instant methods arrive within minutes, while standard transfers can take up to one working day. Please reach out again if anything is unclear."
Quick question: how can I withdraw my home loan request? Any idea what to do,LOAN,cancel_mortgage,"I can help you withdraw the mortgage application. Please contact our mortgage team through the app or at a branch and confirm the application reference. If the valuation or legal work has already started, some third party fees might still apply. Once cancelled, you will receive written confirmation. If you need any further help, just let me know."
"Hi team, ATM retained my card ending 3317, how do I recover it?",ATM,recover_swallowed_card,"I am sorry that the ATM kept your card. For your safety, I suggest blocking the card right away in the app. We will then arrange either collection from the ATM branch with identification or a replacement card sent to your address, usually within a few working days."
I need help. How do I activate my new debit card? Can you help me with this?,CARD,activate_card,"You can activate your card in two easy ways. In the mobile app, go to Cards, pick your card, and tap Activate. If you prefer, call the phone banking number printed on the back of the card and follow the voice prompts. After verification your card will be active within a few minutes. Let me know if there is anything more I can do for you."
"Hello, the merchant refused a refund of GBP 30, what are my options with the bank? I need this sorted today.",PAYMENT_EXCEPTION,chargeback_request,"Thank you for the details. A card dispute can be raised for items not received or not as described. We will need your order confirmation and any communication with the seller. Our disputes team will assess the claim and let you know whether the amount can be recovered. Please keep your reference number safe, and reply here if you need anything else."
"Hi team, please guide me through creating a new account. Thank you.",ACCOUNT,create_account,"To start, choose the type of account that suits you, then fill in the application form online. You will need identity and address documents, and you may complete a short video verification. Once approved, your account details arrive by message and email, and your debit card is sent to your address."
"hello, i need to speak to support about my account, how do i reach you? thank you.",CONTACT,customer_service,"There are several ways to contact us. The quickest is the chat option in the app, which is available all day. You can also call the number printed on the back of your card or on our website, or visit any branch during opening hours. If you need any further help, just let me know."
I need help. Show me my recent activity on the savings account,ACCOUNT,check_recent_transactions,"To review your recent activity, log in and choose the account, then select Recent Transactions. Pending items are shown separately from completed ones. If something looks unfamiliar, tap it to see the details and report it directly from that screen. Feel free to ask if you have any other questions."
"Hi, what is the outstanding balance on my business loan? Appreciate the help.",LOAN,check_loan_payments,"To check your loan payments, log in and open Loans, then choose the loan. You will see what you have paid so far, what is left, and the next due date. If you would like to pay extra to reduce the balance, there is an option to make a part payment on the same screen. If you need any further help, just let me know."
"hello, can i see my last transactions? any idea what to do",ACCOUNT,check_recent_transactions,"To review your recent activity, log in and choose the account, then select Recent Transactions. Pending items are shown separately from completed ones. If something looks unfamiliar, tap it to see the details and report it directly from that screen."
"Hey, I need help because I am struggling to repay my loan of $452,560. Any idea what to do",RETAIL_EXCEPTION,loan_hardship_request,"I am sorry you are facing this, and I am glad you reached out early. We have options for customers in financial difficulty, such as a temporary payment holiday, a longer tenure with lower instalments, or restructuring, depending on your situation. I will pass your request to our customer support team, who will review your income and expenses and discuss what is possible. Please try to keep making any payments you can, and avoid ignoring reminders, as talking to us early gives you more choices. Please keep your reference number safe, and reply here if you need anything else."
"I need a person to help me with this, not an automated reply. Thank you.",CONTACT,human_agent,"Certainly, I can arrange for one of our advisors to help you. I am transferring you now, and I will share the details of our conversation so you do not need to repeat yourself. If the queue is long, you can choose to receive a call back instead. I am here if you need anything else."
"Hey, is there a branch in Mumbai?",FIND,find_branch,"Sure, here is how this works. To find a branch, enter your area or city in the Locator and choose Branches. Each listing shows the address, working hours and the services offered, such as loans or locker facilities. Most branches are open on weekdays and some are open on Saturday mornings."
"Good evening, cancel my savings account and send me the balance.",ACCOUNT,close_account,"To close the account, make sure there are no pending transactions, linked cards or loans. Request closure through the app under Account Services or visit a branch. We will transfer any remaining balance to the account you nominate and confirm once the account is closed. I am here if you need anything else."
"Good evening, what happens if I cancel my debit card, and how do I do it",CARD,cancel_card,"Absolutely, let me walk you through it. I can guide you through cancelling your card. First check that there are no pending transactions or unpaid dues. Then submit a cancellation request through the app or by phone banking. You will get a confirmation message once the card is closed. If you need any further help, just let me know."
"hey, i want to cancel my personal loan application. appreciate the help.",LOAN,cancel_loan,"Of course, happy to help. If your personal loan has not been disbursed yet, you can cancel the request through customer service or from Loans in the app by selecting your application and choosing Withdraw. If the money has already been credited, you will need to repay it, and we can share the foreclosure amount with you. Please note that some fees may apply after disbursal."
"Hey, what is the available balance on my debit card",CARD,check_current_balance_on_card,"You can see your card balance in the mobile app under Cards. Select your debit card to view the available limit, the outstanding amount and the payment due date. You can also get a quick balance by sending a text message from your registered number or by calling phone banking. If you need any further help, just let me know."
"Good morning, please enable international transactions on my card ending 3684",CARD,activate_card_international_usage,"To use your card overseas, open Card Controls in the app and enable International Usage. It is a good idea to set a travel period and a daily limit. If you cannot use the app, phone banking can turn it on for you after verifying your identity. Let me know if there is anything more I can do for you."
Please help: how much do I still owe on my loan? Can u help me with this?,LOAN,check_loan_payments,"To check your loan payments, log in and open Loans, then choose the loan. You will see what you have paid so far, what is left, and the next due date. If you would like to pay extra to reduce the balance, there is an option to make a part payment on the same screen. I am here if you need anything else."
"I need a person to help me with this, not an automated reply. Please help.",CONTACT,human_agent,"Of course. I will connect you with a human agent now. Please stay in this chat, and it helps if you briefly describe your issue so the agent can pick up straight away. Waiting times can vary, and if it is not urgent you can also request a call back at a time that suits you."
"Hello there, please guide me through creating a new account. Not sure what to do.",ACCOUNT,create_account,"To start, choose the type of account that suits you, then fill in the application form online. You will need identity and address documents, and you may complete a short video verification. Once approved, your account details arrive by message and email, and your debit card is sent to your address. Please reach out again if anything is unclear."
what do i need to do before closing my current account? please help.,ACCOUNT,close_account,"To close the account, make sure there are no pending transactions, linked cards or loans. Request closure through the app under Account Services or visit a branch. We will transfer any remaining balance to the account you nominate and confirm once the account is closed."
"I just received my platinum credit card in the mail, how can I start using it? Can you help me with this?",CARD,activate_card,"First, open the mobile app or net banking and go to the Cards section. Then select your platinum credit card and choose Activate Card. You will receive a one-time code on your registered mobile number, so enter it to confirm. Once that is done, the card is active and ready to use straight away."
"Good morning, what is the annual fee for my credit card? Thank you.",CARD,check_card_annual_fee,"The annual fee depends on the type of card you hold. You can see the exact amount for your credit card in the app under Cards and Card Details, and it is also listed in your welcome kit. The fee is normally charged once a year on the card anniversary date. Some cards offer a waiver if you reach a yearly spending target. Feel free to ask if you have any other questions."
I need help. Which branch can I go to for a loan discussion? Not sure what to do.,FIND,find_branch,"To find a branch, enter your area or city in the Locator and choose Branches. Each listing shows the address, working hours and the services offered, such as loans or locker facilities. Most branches are open on weekdays and some are open on Saturday mornings. Let me know if there is anything more I can do for you."
I want to know how many payments are left on my loan. Please advise,LOAN,check_loan_payments,"To check your loan payments, log in and open Loans, then choose the loan. You will see what you have paid so far, what is left, and the next due date. If you would like to pay extra to reduce the balance, there is an option to make a part payment on the same screen. Feel free to ask if you have any other questions."
Quick question: how much is the fee for an international transfer? Pls help.,FEES,check_fees,"I can help you understand the charges. Common fees include monthly maintenance, foreign transaction fees, ATM use outside our network and penalties for low balance. Your latest statement shows every fee that has been applied, and customer service can review any fee you believe was charged in error. Feel free to ask if you have any other questions."
"please help: my debit card does not work outside the country, how do i switch on overseas payments? appreciate the help.",CARD,activate_card_international_usage,"Of course, happy to help. To use your card overseas, open Card Controls in the app and enable International Usage. It is a good idea to set a travel period and a daily limit. If you cannot use the app, phone banking can turn it on for you after verifying your identity."
pls escalate my complaint to a senior manager.,RETAIL_EXCEPTION,formal_complaint_escalation,"I am sorry that your issue has not been resolved, and you have every right to escalate. I can register a formal complaint now, which will be given a reference number and reviewed by our complaints team, who will respond in writing within the time required. If you are not satisfied with the final response, you can take the matter to the external financial ombudsman. It helps if you share the dates and details of your previous contacts. We will keep you updated by message until this is resolved."
please help: what are the rules for choosing a password? i need this sorted today.,PASSWORD,set_up_password,"Sure, here is how this works. New customers can create a password using the First Time Login option. Enter your customer ID, verify with a one-time code, then choose a password that meets the rules shown on screen. Please do not share it with anyone, including bank staff. Let me know if there is anything more I can do for you."
"Excuse me, I want to apply for a business loan of 395,360 dollars. Not sure what to do.",LOAN,apply_for_loan,"Certainly, I can help with that. To apply for a loan, go to Loans in the app and select the type of loan you need. Enter the amount and tenure, upload the required documents and submit. Your eligibility is based on income, existing commitments and credit score, and you will see a decision and an offer once the review is complete. If you need any further help, just let me know."
"Please help: please unfreeze my account, I already submitted my documents this morning",RETAIL_EXCEPTION,account_frozen_kyc,"I am sorry for the inconvenience. A restriction usually means we need to verify or update some information. You can complete the update in the app under Profile and KYC, or visit a branch. If you have already submitted documents, I will ask the team to prioritise the review and update you."
I want to know how many payments are left on my loan. Thanks.,LOAN,check_loan_payments,"Certainly, I can help with that. To check your loan payments, log in and open Loans, then choose the loan. You will see what you have paid so far, what is left, and the next due date. If you would like to pay extra to reduce the balance, there is an option to make a part payment on the same screen."
"We fell 6 weeks behind on the mortgage, what can we do? Can you help me with this?",RETAIL_EXCEPTION,mortgage_arrears_support,"I understand how worrying this is, and I want you to know that help is available. Please do not ignore the notice, because early contact gives us more options such as revising the payment plan, extending the term or a temporary arrangement. I will connect you with our specialist mortgage support team, who can go through the details with you in confidence. It is also worth getting free independent money advice alongside speaking to us. We will keep you updated by message until this is resolved."
"I need to withdraw cash in Chennai, where can I find one of your ATMs? Any idea what to do?",FIND,find_ATM,"Certainly, I can help with that. To locate an ATM, open the Locator in the app or on our website and search by city or landmark. Filters help you find machines that offer deposits, cheque drops or extended hours. Please remember that using an ATM outside our network may attract a fee."
Urgent: find me a cash machine close to me. Please help.,FIND,find_ATM,"Sure, here is how this works. To locate an ATM, open the Locator in the app or on our website and search by city or landmark. Filters help you find machines that offer deposits, cheque drops or extended hours. Please remember that using an ATM outside our network may attract a fee. Feel free to ask if you have any other questions."
"quick question: i want to dispute an atm withdrawal of $2,980 from yesterday. appreciate the help.",ATM,dispute_ATM_withdrawal,"Sorry about the trouble with the ATM. Please keep the receipt if you have one and raise a dispute through the app or by calling customer service. We will check the ATM records for the withdrawal and update you by message. If the money is confirmed as not dispensed, it will be returned to your account."
Urgent: is there a fee if my balance drops below the minimum? Please help.,FEES,check_fees,"Of course, happy to help. I can help you understand the charges. Common fees include monthly maintenance, foreign transaction fees, ATM use outside our network and penalties for low balance. Your latest statement shows every fee that has been applied, and customer service can review any fee you believe was charged in error. Feel free to ask if you have any other questions."
"good evening, please tell me the reason my loan was denied.",RETAIL_EXCEPTION,loan_application_rejected_appeal,"I am sorry that your application was not approved. Decisions are based on factors such as income, existing debts, credit history and the value of the loan requested, and we can share the main reasons with you. You may ask for a review, especially if your circumstances have changed or if some information was missing. I will pass your request to a loans specialist who can explain the decision and suggest what may improve your chances next time. You can ask for a human agent at any time and I will arrange it."
"Good evening, how much is my monthly mortgage payment? Appreciate the help.",LOAN,check_mortgage_payments,"Thanks for reaching out, I can guide you through this. In the app, open Loans and select your mortgage to see your monthly payment, the next due date, the remaining balance and the split between interest and principal. Statements and a yearly interest certificate can also be downloaded from the documents section. If you need any further help, just let me know."
"i need help. we decided not to buy the house, how do i cancel the mortgage? any idea what to do?",LOAN,cancel_mortgage,"I can help you withdraw the mortgage application. Please contact our mortgage team through the app or at a branch and confirm the application reference. If the valuation or legal work has already started, some third party fees might still apply. Once cancelled, you will receive written confirmation. Feel free to ask if you have any other questions."
"Hello there, I want to know my outstanding amount on the credit card. Thanks.",CARD,check_current_balance_on_card,"To check your balance, log in to net banking or the app and open Cards. The card summary shows your current balance, available credit and the last statement amount. Balances update in near real time, but very recent transactions can take a short while to appear. I am here if you need anything else."
Please help: I want to cancel my travel card permanently.,CARD,cancel_card,"Absolutely, let me walk you through it. I can guide you through cancelling your card. First check that there are no pending transactions or unpaid dues. Then submit a cancellation request through the app or by phone banking. You will get a confirmation message once the card is closed. Let me know if there is anything more I can do for you."
Urgent: I want to cancel my credit card permanently.,CARD,cancel_card,"Certainly, I can help with that. I can guide you through cancelling your card. First check that there are no pending transactions or unpaid dues. Then submit a cancellation request through the app or by phone banking. You will get a confirmation message once the card is closed. If you need any further help, just let me know."
"Hi team, I want to cancel my debit card permanently. Appreciate the help",CARD,cancel_card,"To cancel a card, go to Cards in the mobile app, select your debit card and choose Cancel Card, or contact customer service. Before we close it, please clear any outstanding balance and cancel recurring payments linked to the card. Once cancelled, the card cannot be used again, and you can request a new one later if you change your mind. If you need any further help, just let me know."
"Good evening, can I see my last transactions? Please help",ACCOUNT,check_recent_transactions,"Absolutely, let me walk you through it. To review your recent activity, log in and choose the account, then select Recent Transactions. Pending items are shown separately from completed ones. If something looks unfamiliar, tap it to see the details and report it directly from that screen. Please reach out again if anything is unclear."
"Hi team, how can I avoid repossession of my house?",RETAIL_EXCEPTION,mortgage_arrears_support,"Thank you for reaching out. Falling behind on a mortgage is stressful, and there are steps we can explore together. A mortgage support specialist will review your account, your income and expenses, and discuss a plan that suits you. I am raising this as urgent so they contact you soon. You can ask for a human agent at any time and I will arrange it."
"Hello there, there is an ATM transaction I do not recognise for EUR 2,010, how do I raise a dispute? Please advise",ATM,dispute_ATM_withdrawal,"I will help you raise a dispute for the ATM withdrawal of EUR 2,010. Please go to Disputes in the app, select the transaction and choose ATM Cash Issue, then give the date, time and ATM location if you have them. We will investigate with the ATM operator and most cases are reviewed within a few working days. If the ATM did not dispense the cash, the amount is usually credited back to your account. Let me know if there is anything more I can do for you."
"quick question: my platinum credit card does not work outside the country, how do i switch on overseas payments? not sure what to do.",CARD,activate_card_international_usage,"International usage can be switched on from the mobile app. Go to Cards, select your platinum credit card, open Card Controls and turn on International Transactions. You can also set the dates of your trip and a spending limit for extra safety. Changes usually take effect within a few minutes, so please do it before you leave. If you need any further help, just let me know."
"I need help. Pls help me close the account, im moving abroad. Not sure what to do.",ACCOUNT,close_account,"Certainly, I can help with that. To close the account, make sure there are no pending transactions, linked cards or loans. Request closure through the app under Account Services or visit a branch. We will transfer any remaining balance to the account you nominate and confirm once the account is closed. Feel free to ask if you have any other questions."
"Hey, I want to talk to a real person.",CONTACT,human_agent,"Certainly, I can arrange for one of our advisors to help you. I am transferring you now, and I will share the details of our conversation so you do not need to repeat yourself. If the queue is long, you can choose to receive a call back instead. Please reach out again if anything is unclear."
"Excuse me, is there any joining or annual fee on the credit card? Any idea what to do?",CARD,check_card_annual_fee,"Annual fees vary by card, and many cards waive the fee after a certain level of yearly spending. Please check Fees and Charges for your card in the app to see your amount and the anniversary date. If you would like to ask about a waiver, customer service can review your eligibility."
"urgent: double debit on my card for google play, please fix.",PAYMENT_EXCEPTION,duplicate_charge,"Thanks for letting us know. Please keep proof of your purchase and, if possible, the merchant receipt. We will open a dispute for the duplicate payment, and a specialist will review it with the merchant. Refunds usually take several working days once the duplicate is confirmed. If you would like, I can connect you with a human agent right now."
"Good morning, please tell me the reason my loan was denied. Not sure what to do",RETAIL_EXCEPTION,loan_application_rejected_appeal,"I am sorry that your application was not approved. Decisions are based on factors such as income, existing debts, credit history and the value of the loan requested, and we can share the main reasons with you. You may ask for a review, especially if your circumstances have changed or if some information was missing. I will pass your request to a loans specialist who can explain the decision and suggest what may improve your chances next time. We will keep you updated by message until this is resolved."
"Good morning, how do I withdraw my loan request? Thank you.",LOAN,cancel_loan,"Thanks for reaching out, I can guide you through this. To cancel a loan application, tell us which application you mean and we will stop the process. Before disbursal there is normally no cost. After disbursal, the loan must be closed by repaying the outstanding amount, and we will give you the exact figure and any applicable charges."
Quick question: can you transfer me to a human agent? Thanks.,CONTACT,human_agent,"Certainly, I can arrange for one of our advisors to help you. I am transferring you now, and I will share the details of our conversation so you do not need to repeat yourself. If the queue is long, you can choose to receive a call back instead. I am here if you need anything else."
Urgent: how do I freeze my card temporarily? I cant find it. Thanks.,CARD,block_card,"I understand how stressful this must be, and I am here to help. To protect your money, block the card first. Use the app under Cards and Block, or call the 24 hour phone banking line and ask for an immediate block. Once blocked, please review your recent transactions and tell us about any you do not recognise so we can look into them. Please reach out again if anything is unclear."
"Good evening, the seller is not responding and I want my INR 279 back through my card. Thank you",PAYMENT_EXCEPTION,chargeback_request,"Thank you for the details. A card dispute can be raised for items not received or not as described. We will need your order confirmation and any communication with the seller. Our disputes team will assess the claim and let you know whether the amount can be recovered. Please keep your reference number safe, and reply here if you need anything else."
"hello, i changed my name after marriage, how do i update it on my salary account? please help.",RETAIL_EXCEPTION,legal_name_change,"To change your name in our records, we need proof of the legal name change, such as a marriage certificate, a gazette notification or a deed poll, together with your identification. Please upload the documents in the app under Profile or visit a branch, and we will update your accounts and cards. Because this affects several products, the update may take a few working days, and we will notify you when it is complete."
Quick question: what is the remaining balance on my mortgage? Thanks.,LOAN,check_mortgage_payments,"Certainly, I can help with that. Your mortgage details are available under Loans. There you can view the payment amount, upcoming due dates, the balance still owed and a summary of interest paid. If your payment changes because of a rate change, we will notify you in advance. Feel free to ask if you have any other questions."
Quick question: I want to dispute an ATM withdrawal of GBP 792 from yesterday,ATM,dispute_ATM_withdrawal,"Sorry about the trouble with the ATM. Please keep the receipt if you have one and raise a dispute through the app or by calling customer service. We will check the ATM records for the withdrawal and update you by message. If the money is confirmed as not dispensed, it will be returned to your account. Please reach out again if anything is unclear."
"Excuse me, I lost my card and passport in Chennai and I have no cash. Can you help me with this?",PAYMENT_EXCEPTION,lost_card_abroad_emergency,"I am sorry to hear that, and please make sure you are safe first. Block your cards immediately in the app, or call our 24 hour emergency line if you cannot log in. We can arrange an emergency replacement card or emergency cash in Chennai, and our agent will verify your identity and guide you on the fastest option. I suggest reporting the theft to the local police as well, since some claims need a report. If you would like, I can connect you with a human agent right now."
"Excuse me, how do I view what I spent this week? Thanks.",ACCOUNT,check_recent_transactions,"To review your recent activity, log in and choose the account, then select Recent Transactions. Pending items are shown separately from completed ones. If something looks unfamiliar, tap it to see the details and report it directly from that screen. If you need any further help, just let me know."
"Hey, can I see my last transactions? I need this sorted today",ACCOUNT,check_recent_transactions,"To review your recent activity, log in and choose the account, then select Recent Transactions. Pending items are shown separately from completed ones. If something looks unfamiliar, tap it to see the details and report it directly from that screen. If you need any further help, just let me know."
I need help. Please cancel the loan I applied for this morning,LOAN,cancel_loan,"To cancel a loan application, tell us which application you mean and we will stop the process. Before disbursal there is normally no cost. After disbursal, the loan must be closed by repaying the outstanding amount, and we will give you the exact figure and any applicable charges. Let me know if there is anything more I can do for you."
"Excuse me, my payment of EUR 42,870 was blocked and I need it to go through today.",PAYMENT_EXCEPTION,large_transaction_blocked,"Thank you for explaining. A large payment may exceed your set limit, or it may be waiting for extra verification. You can raise your limit in Card Controls after authentication, and the security team can release a held transaction after checking with you. Since it is time sensitive, shall I connect you to an agent now? If anything changes in the meantime, please let us know straight away."
urgent: when is my next mortgage payment due? thank you.,LOAN,check_mortgage_payments,"Your mortgage details are available under Loans. There you can view the payment amount, upcoming due dates, the balance still owed and a summary of interest paid. If your payment changes because of a rate change, we will notify you in advance."
"Excuse me, I am behind on my mortgage payments and worried about losing my home. Any idea what to do",RETAIL_EXCEPTION,mortgage_arrears_support,"I understand how worrying this is, and I want you to know that help is available. Please do not ignore the notice, because early contact gives us more options such as revising the payment plan, extending the term or a temporary arrangement. I will connect you with our specialist mortgage support team, who can go through the details with you in confidence. It is also worth getting free independent money advice alongside speaking to us. If anything changes in the meantime, please let us know straight away."
"Hello there, how do I set up a password for net banking? Any idea what to do",PASSWORD,set_up_password,"To set up or change your password, log in and go to Settings and then Security. Choose Change Password, enter your current password, and type the new one twice. A strong password uses at least eight characters with a mix of letters, numbers and symbols, and should not include your name or birth date. Please reach out again if anything is unclear."
"Urgent: need to switch on my new card, what should I do? Please help",CARD,activate_card,"Absolutely, let me walk you through it. You can activate your card in two easy ways. In the mobile app, go to Cards, pick your card, and tap Activate. If you prefer, call the phone banking number printed on the back of the card and follow the voice prompts. After verification your card will be active within a few minutes."
I need help. I would like to apply for a home loan.,LOAN,apply_for_mortgage,"Applying for a home loan involves a few stages: an initial eligibility check, document submission, property valuation, formal approval and legal completion. A mortgage adviser can guide you at each stage. You can begin by booking a call from the Loans section of the app."
Pls tell me the reason my loan was denied. I need this sorted today.,RETAIL_EXCEPTION,loan_application_rejected_appeal,"I am sorry that your application was not approved. Decisions are based on factors such as income, existing debts, credit history and the value of the loan requested, and we can share the main reasons with you. You may ask for a review, especially if your circumstances have changed or if some information was missing. I will pass your request to a loans specialist who can explain the decision and suggest what may improve your chances next time. If you would like, I can connect you with a human agent right now."
"Good evening, how can I check how much credit I have left on my card? Appreciate the help.",CARD,check_current_balance_on_card,"Of course, happy to help. To check your balance, log in to net banking or the app and open Cards. The card summary shows your current balance, available credit and the last statement amount. Balances update in near real time, but very recent transactions can take a short while to appear. Let me know if there is anything more I can do for you."
"Hi team, I am going to Pune soon. Can you turn on international usage for my card? Not sure what to do.",CARD,activate_card_international_usage,"To use your card overseas, open Card Controls in the app and enable International Usage. It is a good idea to set a travel period and a daily limit. If you cannot use the app, phone banking can turn it on for you after verifying your identity."
"hi team, how much do i pay every year to keep my card? please advise.",CARD,check_card_annual_fee,"Annual fees vary by card, and many cards waive the fee after a certain level of yearly spending. Please check Fees and Charges for your card in the app to see your amount and the anniversary date. If you would like to ask about a waiver, customer service can review your eligibility. If you need any further help, just let me know."
"Good evening, how can I check how much credit I have left on my card?",CARD,check_current_balance_on_card,"Certainly, I can help with that. To check your balance, log in to net banking or the app and open Cards. The card summary shows your current balance, available credit and the last statement amount. Balances update in near real time, but very recent transactions can take a short while to appear."
the atm gave me less money than what was debited from my account. appreciate the help.,ATM,dispute_ATM_withdrawal,"Sorry about the trouble with the ATM. Please keep the receipt if you have one and raise a dispute through the app or by calling customer service. We will check the ATM records for the withdrawal and update you by message. If the money is confirmed as not dispensed, it will be returned to your account. I am here if you need anything else."
Quick question: I lost my platinum credit card and need to block it right now. Thanks.,CARD,block_card,"I understand how stressful this must be, and I am here to help. To protect your money, block the card first. Use the app under Cards and Block, or call the 24 hour phone banking line and ask for an immediate block. Once blocked, please review your recent transactions and tell us about any you do not recognise so we can look into them. Feel free to ask if you have any other questions."
"Hello there, my mother is unwell and I need to manage her account, how does power of attorney work",RETAIL_EXCEPTION,power_of_attorney_request,"I am sorry to hear that. Managing another person's account requires a valid legal authority, such as a registered power of attorney, and we need to verify it before giving access. Please prepare the original or certified copy of the document, your identification and the account holder details. A specialist will check the paperwork and explain what your authority allows, and I will arrange for them to contact you."
urgent: someone changed my phone number and email on my account and i am locked out. appreciate the help.,RETAIL_EXCEPTION,identity_theft_account_takeover,"Thank you for flagging this quickly. Access to your online banking will be locked while we investigate. Our security team will verify your identity through a secure process, review recent changes and transactions, and help reset your details. Please tell us about any transaction you did not make, so it can be investigated. If you would like, I can connect you with a human agent right now."
"Hi team, I forgot my password, how do I get it back? Appreciate the help.",PASSWORD,get_password,"You can recover access in a few steps. Select Forgot Password on the login screen, verify your identity with the one-time code sent to your registered number, and set a new password. If you no longer have access to that number, please visit a branch with your identification to update it. If you need any further help, just let me know."
"Hi, the bank sent a notice about mortgage arrears, please help. Appreciate the help",RETAIL_EXCEPTION,mortgage_arrears_support,"I understand how worrying this is, and I want you to know that help is available. Please do not ignore the notice, because early contact gives us more options such as revising the payment plan, extending the term or a temporary arrangement. I will connect you with our specialist mortgage support team, who can go through the details with you in confidence. It is also worth getting free independent money advice alongside speaking to us. You can ask for a human agent at any time and I will arrange it."
"Hi team, how do I close the account of a deceased family member? Can you help me with this?",RETAIL_EXCEPTION,deceased_account_holder,"My condolences to you and your family. Accounts of a deceased customer are handled by a dedicated team with care. Please share the death certificate and your identification, and they will explain how the balance is released to the nominee or legal heir and how the account is closed. I will connect you with them, so you do not have to repeat yourself. If you would like, I can connect you with a human agent right now."
"Excuse me, made a transfer to the wrong beneficiary, how do I recover the money? I need this sorted today.",PAYMENT_EXCEPTION,transfer_wrong_account,"I am sorry this happened. Please raise a wrong transfer request in the app or with customer service right away with the payment reference. We will ask the receiving bank to hold and return the funds, but they need the account holder consent, so the timing can vary. A specialist will follow up with you. We will keep you updated by message until this is resolved."
"Hi, do you have ATMs that accept cash deposits nearby? Thanks.",FIND,find_ATM,"To locate an ATM, open the Locator in the app or on our website and search by city or landmark. Filters help you find machines that offer deposits, cheque drops or extended hours. Please remember that using an ATM outside our network may attract a fee. Feel free to ask if you have any other questions."
"Hi, please enable international transactions on my card ending 2803.",CARD,activate_card_international_usage,"Sure, here is how this works. To use your card overseas, open Card Controls in the app and enable International Usage. It is a good idea to set a travel period and a daily limit. If you cannot use the app, phone banking can turn it on for you after verifying your identity. If you need any further help, just let me know."
"Excuse me, how much deposit do I need for a mortgage? I need this sorted today.",LOAN,apply_for_mortgage,"Applying for a home loan involves a few stages: an initial eligibility check, document submission, property valuation, formal approval and legal completion. A mortgage adviser can guide you at each stage. You can begin by booking a call from the Loans section of the app."
i need help. returned the item to decathlon and still no money back. thank you,PAYMENT_EXCEPTION,refund_not_received,"I am sorry for the wait. Refunds from merchants usually take between five and ten working days to appear, depending on the merchant and the card network. Please ask Decathlon for the refund reference number or acquirer reference number, which lets us trace it. Once you share it, we can check whether the credit was received and, if not, raise an enquiry with the merchant bank. You can ask for a human agent at any time and I will arrange it."
"Excuse me, how much do I still owe on my loan? I need this sorted today.",LOAN,check_loan_payments,"Of course, happy to help. To check your loan payments, log in and open Loans, then choose the loan. You will see what you have paid so far, what is left, and the next due date. If you would like to pay extra to reduce the balance, there is an option to make a part payment on the same screen. Please reach out again if anything is unclear."
"Good morning, made a transfer to the wrong beneficiary, how do I recover the money",PAYMENT_EXCEPTION,transfer_wrong_account,"I am sorry this happened. Please raise a wrong transfer request in the app or with customer service right away with the payment reference. We will ask the receiving bank to hold and return the funds, but they need the account holder consent, so the timing can vary. A specialist will follow up with you. Please keep your reference number safe, and reply here if you need anything else."
"Hello, I paid in the local currency but was billed at a strange rate. I need this sorted today",PAYMENT_EXCEPTION,currency_conversion_dispute,"Thanks for raising this. When you pay in a foreign currency, the amount is converted at the network exchange rate on the day the transaction is settled, and a foreign currency fee may also apply, so the final figure can differ from what you saw at the shop. Please check the transaction details in the app for the rate and fee that were used. If you believe the amount is wrong, we can raise a query and a specialist will review it."
"My credit card does not work outside the country, how do I switch on overseas payments? Please help.",CARD,activate_card_international_usage,"Of course, happy to help. To use your card overseas, open Card Controls in the app and enable International Usage. It is a good idea to set a travel period and a daily limit. If you cannot use the app, phone banking can turn it on for you after verifying your identity. Let me know if there is anything more I can do for you."
"Hey, is there a branch in Bangkok? Please help.",FIND,find_branch,"To find a branch, enter your area or city in the Locator and choose Branches. Each listing shows the address, working hours and the services offered, such as loans or locker facilities. Most branches are open on weekdays and some are open on Saturday mornings. I am here if you need anything else."
"Urgent: I am abroad and my travel card stopped working at the shop, please help now. Can you help me with this?",PAYMENT_EXCEPTION,card_declined_while_travelling,"Sorry about the inconvenience, especially while you are travelling. Please check that international transactions are enabled and that you have not reached your daily limit. Because this is urgent, I recommend calling the emergency line on the back of the card, where an agent can verify you and remove any block. Emergency cash or a replacement card can be arranged if needed. If you would like, I can connect you with a human agent right now."
please help: please help me recover my login details.,PASSWORD,get_password,"You can recover access in a few steps. Select Forgot Password on the login screen, verify your identity with the one-time code sent to your registered number, and set a new password. If you no longer have access to that number, please visit a branch with your identification to update it."
"Good morning, what are the opening hours of the branch near the old town square",FIND,find_branch,"You can find branches using the Locator in the app or on our website. Search by city or a landmark like the old town square, and you will see the address, opening hours and services available at each branch. Many branches allow you to book an appointment in advance, which reduces waiting time. I am here if you need anything else."
Please help: what is the annual fee for my platinum credit card,CARD,check_card_annual_fee,"Annual fees vary by card, and many cards waive the fee after a certain level of yearly spending. Please check Fees and Charges for your card in the app to see your amount and the anniversary date. If you would like to ask about a waiver, customer service can review your eligibility. I am here if you need anything else."
"I need help. I cannot make any transactions, the bank says KYC is pending. Please advise.",RETAIL_EXCEPTION,account_frozen_kyc,"I understand how stressful it is to have an account restricted. Accounts are sometimes frozen when identity documents are missing or expired, or when a compliance review is needed. I cannot lift a restriction from this chat, but I can raise a priority request with our account services team. Please keep your photo ID, proof of address and recent photograph ready, and a specialist will contact you with the exact documents required. If anything changes in the meantime, please let us know straight away."
Can I see my last transactions,ACCOUNT,check_recent_transactions,"To review your recent activity, log in and choose the account, then select Recent Transactions. Pending items are shown separately from completed ones. If something looks unfamiliar, tap it to see the details and report it directly from that screen. Please reach out again if anything is unclear."
"Hi team, I sent $458 to the wrong person, can I cancel the transfer? Please help",TRANSFER,cancel_transfer,"Thanks for reaching out, I can guide you through this. Please act quickly. For transfers that have not been processed yet, use Cancel next to the transfer in your pending list. For completed transfers, raise a recall request from the same screen or through customer service, and keep the transaction reference handy. We will update you as soon as we hear back from the other bank."
Please help: how can I withdraw my home loan request? Appreciate the help.,LOAN,cancel_mortgage,"I can help you withdraw the mortgage application. Please contact our mortgage team through the app or at a branch and confirm the application reference. If the valuation or legal work has already started, some third party fees might still apply. Once cancelled, you will receive written confirmation. Let me know if there is anything more I can do for you."
"Hi team, how can I enable my platinum credit card for use abroad? I am travelling to Mumbai. Any idea what to do",CARD,activate_card_international_usage,"To use your card overseas, open Card Controls in the app and enable International Usage. It is a good idea to set a travel period and a daily limit. If you cannot use the app, phone banking can turn it on for you after verifying your identity. Feel free to ask if you have any other questions."
"Hey, what fees do you charge on my account? Thanks",FEES,check_fees,"Fees depend on the type of account or service. You can find the full list in the app under Help and then Fees and Charges, including maintenance, ATM, transfer and card fees. If you tell me the specific service you are asking about, I can explain how that fee is calculated and when it applies. Please reach out again if anything is unclear."
"I need help. Urgent, travelling and card blocked, I cant pay my hotel. Any idea what to do?",PAYMENT_EXCEPTION,card_declined_while_travelling,"Sorry about the inconvenience, especially while you are travelling. Please check that international transactions are enabled and that you have not reached your daily limit. Because this is urgent, I recommend calling the emergency line on the back of the card, where an agent can verify you and remove any block. Emergency cash or a replacement card can be arranged if needed. You can ask for a human agent at any time and I will arrange it."
Urgent: how can I withdraw my home loan request? I need this sorted today.,LOAN,cancel_mortgage,"I can help you withdraw the mortgage application. Please contact our mortgage team through the app or at a branch and confirm the application reference. If the valuation or legal work has already started, some third party fees might still apply. Once cancelled, you will receive written confirmation."
"Hi team, my platinum credit card does not work outside the country, how do I switch on overseas payments? Pls advise",CARD,activate_card_international_usage,"To use your card overseas, open Card Controls in the app and enable International Usage. It is a good idea to set a travel period and a daily limit. If you cannot use the app, phone banking can turn it on for you after verifying your identity. If you need any further help, just let me know."
"Excuse me, how much do I pay every year to keep my card? Appreciate the help",CARD,check_card_annual_fee,"Annual fees vary by card, and many cards waive the fee after a certain level of yearly spending. Please check Fees and Charges for your card in the app to see your amount and the anniversary date. If you would like to ask about a waiver, customer service can review your eligibility. I am here if you need anything else."
"Good morning, can I cancel my loan after it was approved but before receiving the money? Please help",LOAN,cancel_loan,"Sure, here is how this works. To cancel a loan application, tell us which application you mean and we will stop the process. Before disbursal there is normally no cost. After disbursal, the loan must be closed by repaying the outstanding amount, and we will give you the exact figure and any applicable charges. Let me know if there is anything more I can do for you."
"Hey, how do I send INR 707 to a friend's account? I need this sorted today",TRANSFER,make_transfer,"Absolutely, let me walk you through it. To make a transfer, log in to the app or net banking and go to Transfers. Add the payee by entering the name, account number and bank code, then confirm the payee with a one-time code. Enter the amount of INR 707, choose the payment method, review the details and confirm. You will get a confirmation message with a reference number. Feel free to ask if you have any other questions."
"Hi team, where can I download my statement for the last 5 days?",ACCOUNT,check_recent_transactions,"Sure, here is how this works. To review your recent activity, log in and choose the account, then select Recent Transactions. Pending items are shown separately from completed ones. If something looks unfamiliar, tap it to see the details and report it directly from that screen. Feel free to ask if you have any other questions."
"Good evening, ATM retained my card ending 3728, how do I recover it? Please advise.",ATM,recover_swallowed_card,"I am sorry that the ATM kept your card. For your safety, I suggest blocking the card right away in the app. We will then arrange either collection from the ATM branch with identification or a replacement card sent to your address, usually within a few working days."
"Hi team, I am abroad and my travel card stopped working at the shop, please help now",PAYMENT_EXCEPTION,card_declined_while_travelling,"Sorry about the inconvenience, especially while you are travelling. Please check that international transactions are enabled and that you have not reached your daily limit. Because this is urgent, I recommend calling the emergency line on the back of the card, where an agent can verify you and remove any block. Emergency cash or a replacement card can be arranged if needed. If you would like, I can connect you with a human agent right now."
Quick question: what is the outstanding balance on my student loan? Appreciate the help,LOAN,check_loan_payments,"Certainly, I can help with that. To check your loan payments, log in and open Loans, then choose the loan. You will see what you have paid so far, what is left, and the next due date. If you would like to pay extra to reduce the balance, there is an option to make a part payment on the same screen. Let me know if there is anything more I can do for you."
I need help. What is the outstanding balance on my home loan? Please advise.,LOAN,check_loan_payments,"To check your loan payments, log in and open Loans, then choose the loan. You will see what you have paid so far, what is left, and the next due date. If you would like to pay extra to reduce the balance, there is an option to make a part payment on the same screen. I am here if you need anything else."
"Excuse me, I need to speak to support about my account, how do I reach you",CONTACT,customer_service,"Thanks for reaching out, I can guide you through this. There are several ways to contact us. The quickest is the chat option in the app, which is available all day. You can also call the number printed on the back of your card or on our website, or visit any branch during opening hours."
"excuse me, what are the eligibility criteria for a home loan? please advise",LOAN,apply_for_loan,"Absolutely, let me walk you through it. You can apply for a home loan online or at a branch. Please keep your identity proof, address proof, recent salary slips or income proof, and bank statements ready. After you submit the application, we check your eligibility and credit history and share an offer with the interest rate and repayment plan. Once you accept, the money is usually credited within a few working days. Let me know if there is anything more I can do for you."
"Excuse me, is there a live chat with the bank? Any idea what to do?",CONTACT,customer_service,"There are several ways to contact us. The quickest is the chat option in the app, which is available all day. You can also call the number printed on the back of your card or on our website, or visit any branch during opening hours."
"i need help. i entered the wrong account number and sent inr 1,870, please help me get it back. thank you.",PAYMENT_EXCEPTION,transfer_wrong_account,"Please stay calm, and thank you for telling us quickly, because speed matters. Payments to a wrong account cannot always be reversed, but we can send a recall request to the receiving bank for the INR 1,870. Please share the transaction reference, the date and the account number you used. We will contact the other bank and, if the account holder agrees or the funds are still available, the money can be returned. If anything changes in the meantime, please let us know straight away."
"Good evening, can I get a loan for EUR 452,410 over 84 months? Thank you",LOAN,apply_for_loan,"Absolutely, let me walk you through it. To apply for a loan, go to Loans in the app and select the type of loan you need. Enter the amount and tenure, upload the required documents and submit. Your eligibility is based on income, existing commitments and credit score, and you will see a decision and an offer once the review is complete. If you need any further help, just let me know."
how can i contact customer service? i need this sorted today.,CONTACT,customer_service,"Thanks for reaching out, I can guide you through this. There are several ways to contact us. The quickest is the chat option in the app, which is available all day. You can also call the number printed on the back of your card or on our website, or visit any branch during opening hours. Please reach out again if anything is unclear."
"Hey, my card went missing last week, block it asap. Please advise.",CARD,block_card,"You can block the card immediately in the mobile app. Go to Cards, choose the card and tap Block Card, then pick Lost or Stolen as the reason. The card stops working straight away and any new transactions are declined. We will then help you order a replacement, which usually arrives in a few working days."
"I need help. My income has dropped, can you restructure my business loan? I need this sorted today.",RETAIL_EXCEPTION,loan_hardship_request,"I am sorry you are facing this, and I am glad you reached out early. We have options for customers in financial difficulty, such as a temporary payment holiday, a longer tenure with lower instalments, or restructuring, depending on your situation. I will pass your request to our customer support team, who will review your income and expenses and discuss what is possible. Please try to keep making any payments you can, and avoid ignoring reminders, as talking to us early gives you more choices."
"Hey, please help me close the account, I am moving abroad. Thank you.",ACCOUNT,close_account,"Sure, here is how this works. To close the account, make sure there are no pending transactions, linked cards or loans. Request closure through the app under Account Services or visit a branch. We will transfer any remaining balance to the account you nominate and confirm once the account is closed."
"Hey, I want to dispute an ATM withdrawal of INR 728 from yesterday.",ATM,dispute_ATM_withdrawal,"Sorry about the trouble with the ATM. Please keep the receipt if you have one and raise a dispute through the app or by calling customer service. We will check the ATM records for the withdrawal and update you by message. If the money is confirmed as not dispensed, it will be returned to your account. Please reach out again if anything is unclear."
Urgent: how do I activate my new prepaid card? Thank you.,CARD,activate_card,"Certainly, I can help with that. First, open the mobile app or net banking and go to the Cards section. Then select your prepaid card and choose Activate Card. You will receive a one-time code on your registered mobile number, so enter it to confirm. Once that is done, the card is active and ready to use straight away. Feel free to ask if you have any other questions."
"good morning, find me a cash machine close to me. appreciate the help.",FIND,find_ATM,"Of course, happy to help. To locate an ATM, open the Locator in the app or on our website and search by city or landmark. Filters help you find machines that offer deposits, cheque drops or extended hours. Please remember that using an ATM outside our network may attract a fee. Let me know if there is anything more I can do for you."
"hi, the same payment of 2,750 usd shows up two times on my statement. any idea what to do",PAYMENT_EXCEPTION,duplicate_charge,"Thanks for letting us know. Please keep proof of your purchase and, if possible, the merchant receipt. We will open a dispute for the duplicate payment, and a specialist will review it with the merchant. Refunds usually take several working days once the duplicate is confirmed. You can ask for a human agent at any time and I will arrange it."
"hello, i want to check if the payment i made last friday has gone through",ACCOUNT,check_recent_transactions,"To review your recent activity, log in and choose the account, then select Recent Transactions. Pending items are shown separately from completed ones. If something looks unfamiliar, tap it to see the details and report it directly from that screen. If you need any further help, just let me know."
"Good evening, why was I charged a fee of EUR 2,000 this month",FEES,check_fees,"Thanks for reaching out, I can guide you through this. Fees depend on the type of account or service. You can find the full list in the app under Help and then Fees and Charges, including maintenance, ATM, transfer and card fees. If you tell me the specific service you are asking about, I can explain how that fee is calculated and when it applies. Feel free to ask if you have any other questions."
"Hi team, the same payment of 290 USD shows up two times on my statement.",PAYMENT_EXCEPTION,duplicate_charge,"Thanks for letting us know. Please keep proof of your purchase and, if possible, the merchant receipt. We will open a dispute for the duplicate payment, and a specialist will review it with the merchant. Refunds usually take several working days once the duplicate is confirmed. If you would like, I can connect you with a human agent right now."
"Hello, please help me recover my login details. Thank you",PASSWORD,get_password,"I am sorry you are locked out. On the login page, tap Forgot Password and enter your customer ID. We will send a one-time code to your registered mobile number, and after you enter it you can choose a new password. For security reasons we can never tell you your old password. If you need any further help, just let me know."
"Hi team, my father passed away recently, how do I access his savings account? Not sure what to do.",RETAIL_EXCEPTION,deceased_account_holder,"I am very sorry for your loss. Please take your time, and we will make this as simple as we can. To begin, please inform us of the death by contacting our bereavement team, who will guide you personally. You will usually need a copy of the death certificate, your own identification and proof of your relationship, and if you are the nominee, the nomination details. Because this involves legal steps, a specialist will handle your request and explain the timeline. If anything changes in the meantime, please let us know straight away."
"Hi team, the bank sent a notice about mortgage arrears, please help",RETAIL_EXCEPTION,mortgage_arrears_support,"Thank you for reaching out. Falling behind on a mortgage is stressful, and there are steps we can explore together. A mortgage support specialist will review your account, your income and expenses, and discuss a plan that suits you. I am raising this as urgent so they contact you soon. You can ask for a human agent at any time and I will arrange it."
"Good evening, the ATM gave me less money than what was debited from my account. Please advise.",ATM,dispute_ATM_withdrawal,"Sorry about the trouble with the ATM. Please keep the receipt if you have one and raise a dispute through the app or by calling customer service. We will check the ATM records for the withdrawal and update you by message. If the money is confirmed as not dispensed, it will be returned to your account. I am here if you need anything else."
"Hey, pls help me close the account, im moving abroad. Not sure what to do.",ACCOUNT,close_account,"To close the account, make sure there are no pending transactions, linked cards or loans. Request closure through the app under Account Services or visit a branch. We will transfer any remaining balance to the account you nominate and confirm once the account is closed. I am here if you need anything else."
Urgent: what are the eligibility criteria for a business loan?,LOAN,apply_for_loan,"Certainly, I can help with that. You can apply for a business loan online or at a branch. Please keep your identity proof, address proof, recent salary slips or income proof, and bank statements ready. After you submit the application, we check your eligibility and credit history and share an offer with the interest rate and repayment plan. Once you accept, the money is usually credited within a few working days."
"Hello there, how can I remove someone from a joint account? Thank you.",RETAIL_EXCEPTION,joint_account_dispute,"I am sorry you are going through this. Joint accounts are governed by the mandate that was agreed when they were opened, and changes such as removing a holder or freezing the account usually need the consent of all holders, or a legal instruction. I can arrange for a specialist to explain your options and what proof would be required. Please keep in mind that we cannot take sides, and for serious disputes it can help to seek legal advice. You can ask for a human agent at any time and I will arrange it."
Quick question: please help me make a transfer of $664 today. Not sure what to do.,TRANSFER,make_transfer,"Sure, here is how this works. You can send money in a few steps. Open Transfers, choose Send Money and select an existing payee or add a new one. Type in the amount, check the details carefully because transfers to the wrong account can be hard to reverse, and approve with your security code. Instant methods arrive within minutes, while standard transfers can take up to one working day. If you need any further help, just let me know."
"Urgent: there is an ATM transaction I do not recognise for 2,640 USD, how do I raise a dispute",ATM,dispute_ATM_withdrawal,"I will help you raise a dispute for the ATM withdrawal of 2,640 USD. Please go to Disputes in the app, select the transaction and choose ATM Cash Issue, then give the date, time and ATM location if you have them. We will investigate with the ATM operator and most cases are reviewed within a few working days. If the ATM did not dispense the cash, the amount is usually credited back to your account."
"Hi, need to switch on my new card, what should I do? Please help.",CARD,activate_card,"Sure, here is how this works. You can activate your card in two easy ways. In the mobile app, go to Cards, pick your card, and tap Activate. If you prefer, call the phone banking number printed on the back of the card and follow the voice prompts. After verification your card will be active within a few minutes."
"Good morning, what is the process to allow foreign transactions on my card before my trip?",CARD,activate_card_international_usage,"Thanks for reaching out, I can guide you through this. To use your card overseas, open Card Controls in the app and enable International Usage. It is a good idea to set a travel period and a daily limit. If you cannot use the app, phone banking can turn it on for you after verifying your identity."
"Hey, the other holder of my joint savings account is not cooperating, what are my options? Appreciate the help.",RETAIL_EXCEPTION,joint_account_dispute,"I am sorry you are going through this. Joint accounts are governed by the mandate that was agreed when they were opened, and changes such as removing a holder or freezing the account usually need the consent of all holders, or a legal instruction. I can arrange for a specialist to explain your options and what proof would be required. Please keep in mind that we cannot take sides, and for serious disputes it can help to seek legal advice. If anything changes in the meantime, please let us know straight away."
"Hi team, I need a person to help me with this, not an automated reply. Not sure what to do.",CONTACT,human_agent,"Of course. I will connect you with a human agent now. Please stay in this chat, and it helps if you briefly describe your issue so the agent can pick up straight away. Waiting times can vary, and if it is not urgent you can also request a call back at a time that suits you. Please reach out again if anything is unclear."
I need help. Is there any joining or annual fee on the travel card? Not sure what to do.,CARD,check_card_annual_fee,"The annual fee depends on the type of card you hold. You can see the exact amount for your travel card in the app under Cards and Card Details, and it is also listed in your welcome kit. The fee is normally charged once a year on the card anniversary date. Some cards offer a waiver if you reach a yearly spending target. Please reach out again if anything is unclear."
Quick question: I am not satisfied with the resolution and want to take this to the ombudsman. Appreciate the help.,RETAIL_EXCEPTION,formal_complaint_escalation,"I am sorry that your issue has not been resolved, and you have every right to escalate. I can register a formal complaint now, which will be given a reference number and reviewed by our complaints team, who will respond in writing within the time required. If you are not satisfied with the final response, you can take the matter to the external financial ombudsman. It helps if you share the dates and details of your previous contacts. Please keep your reference number safe, and reply here if you need anything else."
pls help: show me my recent activity on the student account. pls help,ACCOUNT,check_recent_transactions,"You can see recent transactions in the app or net banking. Open your student account and tap Transactions to view the latest activity, and use the filters to search by date or amount. Statements for earlier periods can be downloaded as a PDF from the Statements section. Feel free to ask if you have any other questions."
"Hello, how can I appeal a declined personal loan? I need this sorted today.",RETAIL_EXCEPTION,loan_application_rejected_appeal,"I am sorry that your application was not approved. Decisions are based on factors such as income, existing debts, credit history and the value of the loan requested, and we can share the main reasons with you. You may ask for a review, especially if your circumstances have changed or if some information was missing. I will pass your request to a loans specialist who can explain the decision and suggest what may improve your chances next time. We will keep you updated by message until this is resolved."
"Good evening, how do I stop a transfer I made this morning? Can you help me with this?",TRANSFER,cancel_transfer,"Sure, here is how this works. Please act quickly. For transfers that have not been processed yet, use Cancel next to the transfer in your pending list. For completed transfers, raise a recall request from the same screen or through customer service, and keep the transaction reference handy. We will update you as soon as we hear back from the other bank."
"hi, please tell me the current balance on the card ending 1131. please advise",CARD,check_current_balance_on_card,"Of course, happy to help. To check your balance, log in to net banking or the app and open Cards. The card summary shows your current balance, available credit and the last statement amount. Balances update in near real time, but very recent transactions can take a short while to appear. Feel free to ask if you have any other questions."
"Excuse me, how much deposit do I need for a mortgage? Thanks.",LOAN,apply_for_mortgage,"Thanks for reaching out, I can guide you through this. Applying for a home loan involves a few stages: an initial eligibility check, document submission, property valuation, formal approval and legal completion. A mortgage adviser can guide you at each stage. You can begin by booking a call from the Loans section of the app. Please reach out again if anything is unclear."
"Good evening, how much is the fee for an international transfer? Please help.",FEES,check_fees,"Fees depend on the type of account or service. You can find the full list in the app under Help and then Fees and Charges, including maintenance, ATM, transfer and card fees. If you tell me the specific service you are asking about, I can explain how that fee is calculated and when it applies. If you need any further help, just let me know."
"quick question: i need a person to help me with this, not an automated reply. please advise.",CONTACT,human_agent,"Certainly, I can arrange for one of our advisors to help you. I am transferring you now, and I will share the details of our conversation so you do not need to repeat yourself. If the queue is long, you can choose to receive a call back instead. Let me know if there is anything more I can do for you."
"good morning, my international transfer of gbp 1,740 to bangalore is on hold and nobody tells me why. please advise.",PAYMENT_EXCEPTION,international_transfer_compliance_hold,"I understand this is frustrating. International payments can be held for a routine compliance review, which is a regulatory requirement, and we may ask for supporting documents such as an invoice, contract or proof of source of funds. I cannot see the full details of the review in this chat, so I will pass your case to our payments compliance team, who will contact you about what is needed. Providing the documents promptly usually speeds things up. If anything changes in the meantime, please let us know straight away."
"Hello, can I open an account online without visiting the branch? Any idea what to do?",ACCOUNT,create_account,"Of course, happy to help. To start, choose the type of account that suits you, then fill in the application form online. You will need identity and address documents, and you may complete a short video verification. Once approved, your account details arrive by message and email, and your debit card is sent to your address."
"hello there, where is the closest branch? appreciate the help.",FIND,find_branch,"To find a branch, enter your area or city in the Locator and choose Branches. Each listing shows the address, working hours and the services offered, such as loans or locker facilities. Most branches are open on weekdays and some are open on Saturday mornings. Let me know if there is anything more I can do for you."
"Hi, how do I activate my new credit card? thx.",CARD,activate_card,"Sure, here is how this works. First, open the mobile app or net banking and go to the Cards section. Then select your credit card and choose Activate Card. You will receive a one-time code on your registered mobile number, so enter it to confirm. Once that is done, the card is active and ready to use straight away. Let me know if there is anything more I can do for you."
Please help: what is the outstanding balance on my personal loan?,LOAN,check_loan_payments,"You can see your repayment details in the app under Loans. Select your personal loan to view the instalment amount, the next due date, the number of payments remaining and the total outstanding balance. The full repayment schedule can also be downloaded as a document. Please reach out again if anything is unclear."
How can I enable my platinum credit card for use abroad? I am travelling to Bangalore. Please help.,CARD,activate_card_international_usage,"To use your card overseas, open Card Controls in the app and enable International Usage. It is a good idea to set a travel period and a daily limit. If you cannot use the app, phone banking can turn it on for you after verifying your identity."
i need help. how do i start a chargeback for a service that was not delivered? any idea what to do?,PAYMENT_EXCEPTION,chargeback_request,Thank you for the details. A card dispute can be raised for items not received or not as described. We will need your order confirmation and any communication with the seller. Our disputes team will assess the claim and let you know whether the amount can be recovered. You can ask for a human agent at any time and I will arrange it.
Returned the item to Steam and still no money back. Appreciate the help,PAYMENT_EXCEPTION,refund_not_received,"I am sorry for the wait. Refunds from merchants usually take between five and ten working days to appear, depending on the merchant and the card network. Please ask Steam for the refund reference number or acquirer reference number, which lets us trace it. Once you share it, we can check whether the credit was received and, if not, raise an enquiry with the merchant bank. You can ask for a human agent at any time and I will arrange it."
"Excuse me, what is the customer care number? Can you help me with this?",CONTACT,customer_service,"Certainly, I can help with that. You can reach customer service by phone banking, through secure chat in the mobile app, or by email through the Contact Us section. Phone and chat support are available round the clock for urgent matters such as blocking a card, and other requests are handled during business hours. Please keep your customer ID handy so we can help you faster. If you need any further help, just let me know."
"Please cancel my pending transfer of INR 2,440. Appreciate the help",TRANSFER,cancel_transfer,"Certainly, I can help with that. If the transfer of INR 2,440 is still pending or scheduled, you can cancel it in the app. Go to Transfers, open Pending or Scheduled, select the transfer and tap Cancel. If it has already been completed, it cannot be cancelled directly, but you can raise a request and we will contact the receiving bank to ask for the money back. Success depends on the receiving bank and the account holder agreeing to return it. I am here if you need anything else."
"urgent: there are transactions of 1,960 usd on my card that i never made, i think my card was hacked.",PAYMENT_EXCEPTION,card_fraud_unauthorized_transaction,"Thank you for reporting this quickly. Your card should be blocked immediately to prevent more misuse, and the disputed transactions will be flagged for our fraud team. They will review the details, and where a transaction is confirmed as fraudulent the amount is normally returned to your account after the investigation. A specialist will reach out to collect a few more details. If you would like, I can connect you with a human agent right now."
"Hi, how much do I pay every year to keep my card? Can you help me with this",CARD,check_card_annual_fee,"Annual fees vary by card, and many cards waive the fee after a certain level of yearly spending. Please check Fees and Charges for your card in the app to see your amount and the anniversary date. If you would like to ask about a waiver, customer service can review your eligibility. Feel free to ask if you have any other questions."
"urgent: why is the currency conversion fee on my $2,850 payment so high? can you help me with this?",PAYMENT_EXCEPTION,currency_conversion_dispute,"I understand the surprise. The debited amount comes from the exchange rate at the time of settlement, plus any conversion charges, and the shop may also offer to charge in your home currency at their own rate. I can flag your transaction for review so a specialist can confirm whether the correct rate was applied. We will keep you updated by message until this is resolved."
"excuse me, atm retained my card ending 3035, how do i recover it? thank you",ATM,recover_swallowed_card,"Please do not worry, this happens sometimes. First, block the card in the app as a precaution until you have it back. Then contact the branch that owns the ATM or call customer service, and we will check if the card was retained by the machine. If it can be recovered you may collect it with valid photo ID, otherwise we will issue a replacement card to you. Please reach out again if anything is unclear."
"Hello there, I do not want a bot, pls connect me to an advisor. Pls help.",CONTACT,human_agent,"Certainly, I can arrange for one of our advisors to help you. I am transferring you now, and I will share the details of our conversation so you do not need to repeat yourself. If the queue is long, you can choose to receive a call back instead."
"Please help: I have complained three times and nobody has solved my problem, I want to escalate. Please help.",RETAIL_EXCEPTION,formal_complaint_escalation,"I am sorry that your issue has not been resolved, and you have every right to escalate. I can register a formal complaint now, which will be given a reference number and reviewed by our complaints team, who will respond in writing within the time required. If you are not satisfied with the final response, you can take the matter to the external financial ombudsman. It helps if you share the dates and details of your previous contacts. You can ask for a human agent at any time and I will arrange it."
"Good morning, how can I close my credit card? I no longer use it. Not sure what to do.",CARD,cancel_card,"Absolutely, let me walk you through it. I can guide you through cancelling your card. First check that there are no pending transactions or unpaid dues. Then submit a cancellation request through the app or by phone banking. You will get a confirmation message once the card is closed. If you need any further help, just let me know."
"Hi, I cannot log in to net banking, I do not remember my password.",PASSWORD,get_password,"I am sorry you are locked out. On the login page, tap Forgot Password and enter your customer ID. We will send a one-time code to your registered mobile number, and after you enter it you can choose a new password. For security reasons we can never tell you your old password."
"good morning, pls escalate my complaint to a senior manager. pls help.",RETAIL_EXCEPTION,formal_complaint_escalation,"I am sorry that your issue has not been resolved, and you have every right to escalate. I can register a formal complaint now, which will be given a reference number and reviewed by our complaints team, who will respond in writing within the time required. If you are not satisfied with the final response, you can take the matter to the external financial ombudsman. It helps if you share the dates and details of your previous contacts."
how do i withdraw my loan request? please help.,LOAN,cancel_loan,"Absolutely, let me walk you through it. To cancel a loan application, tell us which application you mean and we will stop the process. Before disbursal there is normally no cost. After disbursal, the loan must be closed by repaying the outstanding amount, and we will give you the exact figure and any applicable charges. Feel free to ask if you have any other questions."
"hi team, what is the process to get a mortgage for a house worth $216,820?",LOAN,apply_for_mortgage,"Applying for a home loan involves a few stages: an initial eligibility check, document submission, property valuation, formal approval and legal completion. A mortgage adviser can guide you at each stage. You can begin by booking a call from the Loans section of the app. Please reach out again if anything is unclear."
"Hello there, please help me close the account, I am moving abroad. Not sure what to do.",ACCOUNT,close_account,"To close the account, make sure there are no pending transactions, linked cards or loans. Request closure through the app under Account Services or visit a branch. We will transfer any remaining balance to the account you nominate and confirm once the account is closed. Please reach out again if anything is unclear."
"Good morning, the bank sent a notice about mortgage arrears, please help. Thanks.",RETAIL_EXCEPTION,mortgage_arrears_support,"Thank you for reaching out. Falling behind on a mortgage is stressful, and there are steps we can explore together. A mortgage support specialist will review your account, your income and expenses, and discuss a plan that suits you. I am raising this as urgent so they contact you soon. We will keep you updated by message until this is resolved."
"hello, please cancel the card ending 8374. any idea what to do?",CARD,cancel_card,"Certainly, I can help with that. I can guide you through cancelling your card. First check that there are no pending transactions or unpaid dues. Then submit a cancellation request through the app or by phone banking. You will get a confirmation message once the card is closed. Please reach out again if anything is unclear."
"Somebody used my debit card to buy things I do not recognise, this is fraud. Any idea what to do?",PAYMENT_EXCEPTION,card_fraud_unauthorized_transaction,"Thank you for reporting this quickly. Your card should be blocked immediately to prevent more misuse, and the disputed transactions will be flagged for our fraud team. They will review the details, and where a transaction is confirmed as fraudulent the amount is normally returned to your account after the investigation. A specialist will reach out to collect a few more details. Please keep your reference number safe, and reply here if you need anything else."
"Hey, please help me recover my login details. I need this sorted today",PASSWORD,get_password,"I am sorry you are locked out. On the login page, tap Forgot Password and enter your customer ID. We will send a one-time code to your registered mobile number, and after you enter it you can choose a new password. For security reasons we can never tell you your old password."
"Good morning, I want to know how many payments are left on my loan. Thanks.",LOAN,check_loan_payments,"To check your loan payments, log in and open Loans, then choose the loan. You will see what you have paid so far, what is left, and the next due date. If you would like to pay extra to reduce the balance, there is an option to make a part payment on the same screen. If you need any further help, just let me know."
"hey, how much deposit do i need for a mortgage? thank you.",LOAN,apply_for_mortgage,"Applying for a home loan involves a few stages: an initial eligibility check, document submission, property valuation, formal approval and legal completion. A mortgage adviser can guide you at each stage. You can begin by booking a call from the Loans section of the app. I am here if you need anything else."
"I need help. Please help me make a transfer of 1,080 dollars today. Any idea what to do",TRANSFER,make_transfer,"You can send money in a few steps. Open Transfers, choose Send Money and select an existing payee or add a new one. Type in the amount, check the details carefully because transfers to the wrong account can be hard to reverse, and approve with your security code. Instant methods arrive within minutes, while standard transfers can take up to one working day. I am here if you need anything else."
"Hi team, I am confused and worried about a scam call asking for my details. Please help",RETAIL_EXCEPTION,vulnerable_customer_support,"Thank you for telling us, and please know that we are here to help in a way that works for you. We offer support such as large print or audio statements, assisted banking at branches, a dedicated helpline with priority handling and, in some areas, home visits. If you are worried about a suspicious call, please do not share any codes or personal details, and we will help you check it. I will connect you with our customer care specialists to set up the support you need. You can ask for a human agent at any time and I will arrange it."
"Good evening, somebody used my credit card to buy things I do not recognise, this is fraud. Please advise.",PAYMENT_EXCEPTION,card_fraud_unauthorized_transaction,"Thank you for reporting this quickly. Your card should be blocked immediately to prevent more misuse, and the disputed transactions will be flagged for our fraud team. They will review the details, and where a transaction is confirmed as fraudulent the amount is normally returned to your account after the investigation. A specialist will reach out to collect a few more details. If anything changes in the meantime, please let us know straight away."
"hello, what is the remaining balance on my mortgage? i need this sorted today.",LOAN,check_mortgage_payments,"Certainly, I can help with that. Your mortgage details are available under Loans. There you can view the payment amount, upcoming due dates, the balance still owed and a summary of interest paid. If your payment changes because of a rate change, we will notify you in advance. Please reach out again if anything is unclear."
"Good evening, how can I remove someone from a joint account? Any idea what to do?",RETAIL_EXCEPTION,joint_account_dispute,"Thank you for explaining. Changing the operating instruction on a joint account depends on the mandate, and sometimes a court order is needed. Our specialist team can review the account terms with you and tell you what can be done, such as requiring both signatures for withdrawals. I will connect you with them. If anything changes in the meantime, please let us know straight away."
"Help, the cash machine did not return my card. Thank you.",ATM,recover_swallowed_card,"Please do not worry, this happens sometimes. First, block the card in the app as a precaution until you have it back. Then contact the branch that owns the ATM or call customer service, and we will check if the card was retained by the machine. If it can be recovered you may collect it with valid photo ID, otherwise we will issue a replacement card to you."
Can I see how much interest I have paid on my home loan,LOAN,check_mortgage_payments,"Absolutely, let me walk you through it. Your mortgage details are available under Loans. There you can view the payment amount, upcoming due dates, the balance still owed and a summary of interest paid. If your payment changes because of a rate change, we will notify you in advance. Let me know if there is anything more I can do for you."
Please help: the ATM gave me less money than what was debited from my account. Not sure what to do,ATM,dispute_ATM_withdrawal,"Sorry about the trouble with the ATM. Please keep the receipt if you have one and raise a dispute through the app or by calling customer service. We will check the ATM records for the withdrawal and update you by message. If the money is confirmed as not dispensed, it will be returned to your account. Let me know if there is anything more I can do for you."
"Hello there, can you transfer me to a human agent? I need this sorted today.",CONTACT,human_agent,"Of course. I will connect you with a human agent now. Please stay in this chat, and it helps if you briefly describe your issue so the agent can pick up straight away. Waiting times can vary, and if it is not urgent you can also request a call back at a time that suits you. Feel free to ask if you have any other questions."
"Excuse me, I sent EUR 893 to the wrong person, can I cancel the transfer? Please advise.",TRANSFER,cancel_transfer,"Please act quickly. For transfers that have not been processed yet, use Cancel next to the transfer in your pending list. For completed transfers, raise a recall request from the same screen or through customer service, and keep the transaction reference handy. We will update you as soon as we hear back from the other bank. Feel free to ask if you have any other questions."
Can you help me activate my card? It has not been used yet. Can you help me with this?,CARD,activate_card,"You can activate your card in two easy ways. In the mobile app, go to Cards, pick your card, and tap Activate. If you prefer, call the phone banking number printed on the back of the card and follow the voice prompts. After verification your card will be active within a few minutes. If you need any further help, just let me know."
"Hi, show me my recent activity on the business account. I need this sorted today.",ACCOUNT,check_recent_transactions,"You can see recent transactions in the app or net banking. Open your business account and tap Transactions to view the latest activity, and use the filters to search by date or amount. Statements for earlier periods can be downloaded as a PDF from the Statements section. Feel free to ask if you have any other questions."
"Hi team, I need a person to help me with this, not an automated reply.",CONTACT,human_agent,"Of course. I will connect you with a human agent now. Please stay in this chat, and it helps if you briefly describe your issue so the agent can pick up straight away. Waiting times can vary, and if it is not urgent you can also request a call back at a time that suits you."
"Hello there, what is the annual fee for my platinum credit card? Please advise.",CARD,check_card_annual_fee,"Annual fees vary by card, and many cards waive the fee after a certain level of yearly spending. Please check Fees and Charges for your card in the app to see your amount and the anniversary date. If you would like to ask about a waiver, customer service can review your eligibility. Feel free to ask if you have any other questions."
"Excuse me, how do I set up a password for net banking? Please advise.",PASSWORD,set_up_password,"Certainly, I can help with that. To set up or change your password, log in and go to Settings and then Security. Choose Change Password, enter your current password, and type the new one twice. A strong password uses at least eight characters with a mix of letters, numbers and symbols, and should not include your name or birth date. Feel free to ask if you have any other questions."
Quick question: can I see my last transactions? Appreciate the help.,ACCOUNT,check_recent_transactions,"To review your recent activity, log in and choose the account, then select Recent Transactions. Pending items are shown separately from completed ones. If something looks unfamiliar, tap it to see the details and report it directly from that screen. If you need any further help, just let me know."
"excuse me, could you tell me the yearly charges on the card ending 0048? appreciate the help.",CARD,check_card_annual_fee,"Thanks for reaching out, I can guide you through this. Annual fees vary by card, and many cards waive the fee after a certain level of yearly spending. Please check Fees and Charges for your card in the app to see your amount and the anniversary date. If you would like to ask about a waiver, customer service can review your eligibility. If you need any further help, just let me know."
"Hello, how much do I pay every year to keep my card? Thanks",CARD,check_card_annual_fee,"Absolutely, let me walk you through it. Annual fees vary by card, and many cards waive the fee after a certain level of yearly spending. Please check Fees and Charges for your card in the app to see your amount and the anniversary date. If you would like to ask about a waiver, customer service can review your eligibility. I am here if you need anything else."
Quick question: I want to talk to a real person. Can you help me with this,CONTACT,human_agent,"Certainly, I can arrange for one of our advisors to help you. I am transferring you now, and I will share the details of our conversation so you do not need to repeat yourself. If the queue is long, you can choose to receive a call back instead."
"Urgent: my travel card does not work outside the country, how do I switch on overseas payments? Appreciate the help",CARD,activate_card_international_usage,"Certainly, I can help with that. International usage can be switched on from the mobile app. Go to Cards, select your travel card, open Card Controls and turn on International Transactions. You can also set the dates of your trip and a spending limit for extra safety. Changes usually take effect within a few minutes, so please do it before you leave."
"Good morning, suspicious login on my account from another country, please secure it. Can you help me with this",RETAIL_EXCEPTION,identity_theft_account_takeover,"I am very sorry, and I will treat this as urgent. To protect you, we should restrict access to your account and cards immediately, and I am escalating this to our fraud and security team now. Please do not use the same password anywhere else, avoid clicking links in unexpected messages, and keep a note of any suspicious messages or calls. A specialist will contact you on a verified number to restore your access and review the activity. If anything changes in the meantime, please let us know straight away."
"Hello there, could you tell me the yearly charges on the card ending 4297? Appreciate the help",CARD,check_card_annual_fee,"Sure, here is how this works. Annual fees vary by card, and many cards waive the fee after a certain level of yearly spending. Please check Fees and Charges for your card in the app to see your amount and the anniversary date. If you would like to ask about a waiver, customer service can review your eligibility. If you need any further help, just let me know."
"Hey, how long will my transfer stay pending? It has been 10 days.",PAYMENT_EXCEPTION,transfer_pending_stuck,"I understand how worrying it is when a payment is delayed. Most transfers complete within one working day, but some can be held for security checks or because of details that need correcting. Please check the transaction status and reference number in the app. Since it has been 10 days, I will raise this as a payment investigation so a specialist can trace the payment with the receiving bank and update you. If you would like, I can connect you with a human agent right now."
"Hello there, my brother died and I am the nominee on his account, what should I do? Thanks.",RETAIL_EXCEPTION,deceased_account_holder,"My condolences to you and your family. Accounts of a deceased customer are handled by a dedicated team with care. Please share the death certificate and your identification, and they will explain how the balance is released to the nominee or legal heir and how the account is closed. I will connect you with them, so you do not have to repeat yourself. We will keep you updated by message until this is resolved."
please help: i want to cancel my prepaid card permanently. appreciate the help.,CARD,cancel_card,"To cancel a card, go to Cards in the mobile app, select your prepaid card and choose Cancel Card, or contact customer service. Before we close it, please clear any outstanding balance and cancel recurring payments linked to the card. Once cancelled, the card cannot be used again, and you can request a new one later if you change your mind. Feel free to ask if you have any other questions."
Urgent: I want to cancel my car loan application. Appreciate the help.,LOAN,cancel_loan,"To cancel a loan application, tell us which application you mean and we will stop the process. Before disbursal there is normally no cost. After disbursal, the loan must be closed by repaying the outstanding amount, and we will give you the exact figure and any applicable charges."
"Good evening, please help me recover my login details. Thank you.",PASSWORD,get_password,"I am sorry you are locked out. On the login page, tap Forgot Password and enter your customer ID. We will send a one-time code to your registered mobile number, and after you enter it you can choose a new password. For security reasons we can never tell you your old password."
"Hi, please help me make a transfer of GBP 2,200 today. Not sure what to do.",TRANSFER,make_transfer,"You can send money in a few steps. Open Transfers, choose Send Money and select an existing payee or add a new one. Type in the amount, check the details carefully because transfers to the wrong account can be hard to reverse, and approve with your security code. Instant methods arrive within minutes, while standard transfers can take up to one working day."
Can I see my loan repayment schedule? Thanks.,LOAN,check_loan_payments,"To check your loan payments, log in and open Loans, then choose the loan. You will see what you have paid so far, what is left, and the next due date. If you would like to pay extra to reduce the balance, there is an option to make a part payment on the same screen. I am here if you need anything else."
"Quick question: how do I send $2,920 to a friend's account?",TRANSFER,make_transfer,"You can send money in a few steps. Open Transfers, choose Send Money and select an existing payee or add a new one. Type in the amount, check the details carefully because transfers to the wrong account can be hard to reverse, and approve with your security code. Instant methods arrive within minutes, while standard transfers can take up to one working day."
"Hey, how much is my monthly mortgage payment?",LOAN,check_mortgage_payments,"Your mortgage details are available under Loans. There you can view the payment amount, upcoming due dates, the balance still owed and a summary of interest paid. If your payment changes because of a rate change, we will notify you in advance. Let me know if there is anything more I can do for you."
"good evening, my travel card ending 5427 arrived today. what are the steps to activate it? appreciate the help.",CARD,activate_card,"Thanks for reaching out, I can guide you through this. You can activate your card in two easy ways. In the mobile app, go to Cards, pick your card, and tap Activate. If you prefer, call the phone banking number printed on the back of the card and follow the voice prompts. After verification your card will be active within a few minutes. If you need any further help, just let me know."
Please help: is there a branch in Delhi? Please advise.,FIND,find_branch,"To find a branch, enter your area or city in the Locator and choose Branches. Each listing shows the address, working hours and the services offered, such as loans or locker facilities. Most branches are open on weekdays and some are open on Saturday mornings."
"good evening, can i see how much interest i have paid on my home loan? thanks.",LOAN,check_mortgage_payments,"Absolutely, let me walk you through it. In the app, open Loans and select your mortgage to see your monthly payment, the next due date, the remaining balance and the split between interest and principal. Statements and a yearly interest certificate can also be downloaded from the documents section. If you need any further help, just let me know."
"Hey, the ATM kept my prepaid card and I cannot get it back.",ATM,recover_swallowed_card,"I am sorry that the ATM kept your card. For your safety, I suggest blocking the card right away in the app. We will then arrange either collection from the ATM branch with identification or a replacement card sent to your address, usually within a few working days."
"Urgent: we decided not to buy the house, how do I cancel the mortgage? Thanks.",LOAN,cancel_mortgage,"Certainly, I can help with that. I can help you withdraw the mortgage application. Please contact our mortgage team through the app or at a branch and confirm the application reference. If the valuation or legal work has already started, some third party fees might still apply. Once cancelled, you will receive written confirmation."
Do you have ATMs that accept cash deposits nearby? Any idea what to do?,FIND,find_ATM,"To locate an ATM, open the Locator in the app or on our website and search by city or landmark. Filters help you find machines that offer deposits, cheque drops or extended hours. Please remember that using an ATM outside our network may attract a fee."
"Good morning, the ATM swallowed my card, what should I do? Pls help.",ATM,recover_swallowed_card,"Please do not worry, this happens sometimes. First, block the card in the app as a precaution until you have it back. Then contact the branch that owns the ATM or call customer service, and we will check if the card was retained by the machine. If it can be recovered you may collect it with valid photo ID, otherwise we will issue a replacement card to you."
"Hi, please put me through to a customer service representative. Thanks.",CONTACT,human_agent,"Certainly, I can arrange for one of our advisors to help you. I am transferring you now, and I will share the details of our conversation so you do not need to repeat yourself. If the queue is long, you can choose to receive a call back instead. If you need any further help, just let me know."
Cancel my savings account and send me the balance. Please help,ACCOUNT,close_account,"Of course, happy to help. To close the account, make sure there are no pending transactions, linked cards or loans. Request closure through the app under Account Services or visit a branch. We will transfer any remaining balance to the account you nominate and confirm once the account is closed."
I need help. What are the rules for choosing a password?,PASSWORD,set_up_password,"To set up or change your password, log in and go to Settings and then Security. Choose Change Password, enter your current password, and type the new one twice. A strong password uses at least eight characters with a mix of letters, numbers and symbols, and should not include your name or birth date."
urgent: what is the annual fee for my debit card? any idea what to do?,CARD,check_card_annual_fee,"The annual fee depends on the type of card you hold. You can see the exact amount for your debit card in the app under Cards and Card Details, and it is also listed in your welcome kit. The fee is normally charged once a year on the card anniversary date. Some cards offer a waiver if you reach a yearly spending target. Feel free to ask if you have any other questions."
"Hello there, what is the customer care number? Any idea what to do?",CONTACT,customer_service,"There are several ways to contact us. The quickest is the chat option in the app, which is available all day. You can also call the number printed on the back of your card or on our website, or visit any branch during opening hours. I am here if you need anything else."
"good morning, please help me recover my login details. appreciate the help",PASSWORD,get_password,"I am sorry you are locked out. On the login page, tap Forgot Password and enter your customer ID. We will send a one-time code to your registered mobile number, and after you enter it you can choose a new password. For security reasons we can never tell you your old password. I am here if you need anything else."
"Hi, my spouse emptied our joint account without telling me",RETAIL_EXCEPTION,joint_account_dispute,"Thank you for explaining. Changing the operating instruction on a joint account depends on the mandate, and sometimes a court order is needed. Our specialist team can review the account terms with you and tell you what can be done, such as requiring both signatures for withdrawals. I will connect you with them. If anything changes in the meantime, please let us know straight away."
"Hi, the ATM did not give me the full cash but the money was deducted, I withdrew 737 dollars. Can u help me with this",ATM,dispute_ATM_withdrawal,"Sorry about the trouble with the ATM. Please keep the receipt if you have one and raise a dispute through the app or by calling customer service. We will check the ATM records for the withdrawal and update you by message. If the money is confirmed as not dispensed, it will be returned to your account. If you need any further help, just let me know."
"Hey, pls block my card ending 8218, I think it was stolen. Please advise.",CARD,block_card,"To protect your money, block the card first. Use the app under Cards and Block, or call the 24 hour phone banking line and ask for an immediate block. Once blocked, please review your recent transactions and tell us about any you do not recognise so we can look into them."
"Quick question: please help me close the account, I am moving abroad. Can you help me with this",ACCOUNT,close_account,"Certainly, I can help with that. To close the account, make sure there are no pending transactions, linked cards or loans. Request closure through the app under Account Services or visit a branch. We will transfer any remaining balance to the account you nominate and confirm once the account is closed. Feel free to ask if you have any other questions."
"Hey, someone changed my phone number and email on my account and I am locked out.",RETAIL_EXCEPTION,identity_theft_account_takeover,"I am very sorry, and I will treat this as urgent. To protect you, we should restrict access to your account and cards immediately, and I am escalating this to our fraud and security team now. Please do not use the same password anywhere else, avoid clicking links in unexpected messages, and keep a note of any suspicious messages or calls. A specialist will contact you on a verified number to restore your access and review the activity. You can ask for a human agent at any time and I will arrange it."
Please help: I am going to Toronto soon. Can you turn on international usage for my card?,CARD,activate_card_international_usage,"Of course, happy to help. To use your card overseas, open Card Controls in the app and enable International Usage. It is a good idea to set a travel period and a daily limit. If you cannot use the app, phone banking can turn it on for you after verifying your identity. I am here if you need anything else."
"hello, how can i enable my travel card for use abroad? i am travelling to hyderabad. thank you.",CARD,activate_card_international_usage,"Sure, here is how this works. International usage can be switched on from the mobile app. Go to Cards, select your travel card, open Card Controls and turn on International Transactions. You can also set the dates of your trip and a spending limit for extra safety. Changes usually take effect within a few minutes, so please do it before you leave. Feel free to ask if you have any other questions."
"I cannot log in to net banking, I do not remember my password. Thanks.",PASSWORD,get_password,"I am sorry you are locked out. On the login page, tap Forgot Password and enter your customer ID. We will send a one-time code to your registered mobile number, and after you enter it you can choose a new password. For security reasons we can never tell you your old password. Please reach out again if anything is unclear."
"card not working in dubai, i tried it yesterday and it failed, i have no other way to pay. i need this sorted today.",PAYMENT_EXCEPTION,card_declined_while_travelling,"Sorry about the inconvenience, especially while you are travelling. Please check that international transactions are enabled and that you have not reached your daily limit. Because this is urgent, I recommend calling the emergency line on the back of the card, where an agent can verify you and remove any block. Emergency cash or a replacement card can be arranged if needed. Please keep your reference number safe, and reply here if you need anything else."
"where is my refund, it has been 2 days?",PAYMENT_EXCEPTION,refund_not_received,"Thank you for the details. A refund can take some time after the merchant approves it. If it has been more than ten working days, please send us the refund confirmation from the merchant. We will trace the credit and follow up with the merchant bank on your behalf. If you would like, I can connect you with a human agent right now."
"Hi team, what are your support hours? Not sure what to do",CONTACT,customer_service,"There are several ways to contact us. The quickest is the chat option in the app, which is available all day. You can also call the number printed on the back of your card or on our website, or visit any branch during opening hours. If you need any further help, just let me know."
Pickpocketed in Bangkok and all my cards are gone. Any idea what to do?,PAYMENT_EXCEPTION,lost_card_abroad_emergency,"I am sorry to hear that, and please make sure you are safe first. Block your cards immediately in the app, or call our 24 hour emergency line if you cannot log in. We can arrange an emergency replacement card or emergency cash in Bangkok, and our agent will verify your identity and guide you on the fastest option. I suggest reporting the theft to the local police as well, since some claims need a report. If anything changes in the meantime, please let us know straight away."
"hi, please change my surname on all my accounts. can you help me with this?",RETAIL_EXCEPTION,legal_name_change,"To change your name in our records, we need proof of the legal name change, such as a marriage certificate, a gazette notification or a deed poll, together with your identification. Please upload the documents in the app under Profile or visit a branch, and we will update your accounts and cards. Because this affects several products, the update may take a few working days, and we will notify you when it is complete. You can ask for a human agent at any time and I will arrange it."
How do I send $664 to a friend's account? Thanks.,TRANSFER,make_transfer,"To make a transfer, log in to the app or net banking and go to Transfers. Add the payee by entering the name, account number and bank code, then confirm the payee with a one-time code. Enter the amount of $664, choose the payment method, review the details and confirm. You will get a confirmation message with a reference number. Feel free to ask if you have any other questions."
"ATM retained my card ending 0515, how do I recover it",ATM,recover_swallowed_card,"Please do not worry, this happens sometimes. First, block the card in the app as a precaution until you have it back. Then contact the branch that owns the ATM or call customer service, and we will check if the card was retained by the machine. If it can be recovered you may collect it with valid photo ID, otherwise we will issue a replacement card to you."
"Hello there, what happens if I cancel my travel card, and how do I do it? Appreciate the help.",CARD,cancel_card,I can guide you through cancelling your card. First check that there are no pending transactions or unpaid dues. Then submit a cancellation request through the app or by phone banking. You will get a confirmation message once the card is closed.
"Hello there, what are your support hours? Thank you.",CONTACT,customer_service,"Sure, here is how this works. You can reach customer service by phone banking, through secure chat in the mobile app, or by email through the Contact Us section. Phone and chat support are available round the clock for urgent matters such as blocking a card, and other requests are handled during business hours. Please keep your customer ID handy so we can help you faster. Let me know if there is anything more I can do for you."
"Good morning, I want to cancel my travel card permanently. Thanks.",CARD,cancel_card,"Thanks for reaching out, I can guide you through this. I can guide you through cancelling your card. First check that there are no pending transactions or unpaid dues. Then submit a cancellation request through the app or by phone banking. You will get a confirmation message once the card is closed. Let me know if there is anything more I can do for you."
"Hi, I would like to stop my card, it has an annual fee I dont want to pay. Thank you.",CARD,cancel_card,"Certainly, I can help with that. I can guide you through cancelling your card. First check that there are no pending transactions or unpaid dues. Then submit a cancellation request through the app or by phone banking. You will get a confirmation message once the card is closed."
How do I close the account of a deceased family member? Please help.,RETAIL_EXCEPTION,deceased_account_holder,"My condolences to you and your family. Accounts of a deceased customer are handled by a dedicated team with care. Please share the death certificate and your identification, and they will explain how the balance is released to the nominee or legal heir and how the account is closed. I will connect you with them, so you do not have to repeat yourself. We will keep you updated by message until this is resolved."
"good evening, how much deposit do i need for a mortgage?",LOAN,apply_for_mortgage,"Applying for a home loan involves a few stages: an initial eligibility check, document submission, property valuation, formal approval and legal completion. A mortgage adviser can guide you at each stage. You can begin by booking a call from the Loans section of the app. Please reach out again if anything is unclear."
Do you have ATMs that accept cash deposits nearby? Thank you.,FIND,find_ATM,"Sure, here is how this works. To locate an ATM, open the Locator in the app or on our website and search by city or landmark. Filters help you find machines that offer deposits, cheque drops or extended hours. Please remember that using an ATM outside our network may attract a fee. Let me know if there is anything more I can do for you."
urgent: what are the rules for choosing a password? i need this sorted today.,PASSWORD,set_up_password,"To set up or change your password, log in and go to Settings and then Security. Choose Change Password, enter your current password, and type the new one twice. A strong password uses at least eight characters with a mix of letters, numbers and symbols, and should not include your name or birth date."
"Excuse me, where can I download my statement for the last 6 days? Any idea what to do?",ACCOUNT,check_recent_transactions,"To review your recent activity, log in and choose the account, then select Recent Transactions. Pending items are shown separately from completed ones. If something looks unfamiliar, tap it to see the details and report it directly from that screen. If you need any further help, just let me know."
"My card went missing last night, block it asap. Please advise.",CARD,block_card,"You can block the card immediately in the mobile app. Go to Cards, choose the card and tap Block Card, then pick Lost or Stolen as the reason. The card stops working straight away and any new transactions are declined. We will then help you order a replacement, which usually arrives in a few working days. Please reach out again if anything is unclear."
"Hello, my card went missing two days ago, block it asap. Appreciate the help.",CARD,block_card,"I am sorry to hear about this and I want to help sort it out. You can block the card immediately in the mobile app. Go to Cards, choose the card and tap Block Card, then pick Lost or Stolen as the reason. The card stops working straight away and any new transactions are declined. We will then help you order a replacement, which usually arrives in a few working days."
"Good morning, I am abroad and my platinum credit card stopped working at the shop, please help now. Not sure what to do.",PAYMENT_EXCEPTION,card_declined_while_travelling,"I am sorry you are stuck, and I will help as quickly as possible. Cards are sometimes declined abroad because international usage is off, a limit has been reached, or a security check was triggered. Please open the app and check Card Controls for your platinum credit card, and approve any security alert you received. If it still fails, I can connect you to our 24 hour support line so an agent can unblock the card or arrange emergency cash. If anything changes in the meantime, please let us know straight away."
"There is an ATM transaction I do not recognise for GBP 284, how do I raise a dispute? Appreciate the help.",ATM,dispute_ATM_withdrawal,"I will help you raise a dispute for the ATM withdrawal of GBP 284. Please go to Disputes in the app, select the transaction and choose ATM Cash Issue, then give the date, time and ATM location if you have them. We will investigate with the ATM operator and most cases are reviewed within a few working days. If the ATM did not dispense the cash, the amount is usually credited back to your account."
"Hey, why was my overseas payment blocked for a compliance review? Not sure what to do.",PAYMENT_EXCEPTION,international_transfer_compliance_hold,"I understand this is frustrating. International payments can be held for a routine compliance review, which is a regulatory requirement, and we may ask for supporting documents such as an invoice, contract or proof of source of funds. I cannot see the full details of the review in this chat, so I will pass your case to our payments compliance team, who will contact you about what is needed. Providing the documents promptly usually speeds things up. You can ask for a human agent at any time and I will arrange it."
Pls help: what is the available balance on my prepaid card? Appreciate the help,CARD,check_current_balance_on_card,"Of course, happy to help. You can see your card balance in the mobile app under Cards. Select your prepaid card to view the available limit, the outstanding amount and the payment due date. You can also get a quick balance by sending a text message from your registered number or by calling phone banking. Please reach out again if anything is unclear."
Quick question: can I cancel a scheduled transfer for next week? I need this sorted today.,TRANSFER,cancel_transfer,"Please act quickly. For transfers that have not been processed yet, use Cancel next to the transfer in your pending list. For completed transfers, raise a recall request from the same screen or through customer service, and keep the transaction reference handy. We will update you as soon as we hear back from the other bank. Let me know if there is anything more I can do for you."
I need help. Can I cancel my loan after it was approved but before receiving the money,LOAN,cancel_loan,"Of course, happy to help. To cancel a loan application, tell us which application you mean and we will stop the process. Before disbursal there is normally no cost. After disbursal, the loan must be closed by repaying the outstanding amount, and we will give you the exact figure and any applicable charges. Please reach out again if anything is unclear."
"excuse me, how much do i still owe on my loan? i need this sorted today.",LOAN,check_loan_payments,"Thanks for reaching out, I can guide you through this. To check your loan payments, log in and open Loans, then choose the loan. You will see what you have paid so far, what is left, and the next due date. If you would like to pay extra to reduce the balance, there is an option to make a part payment on the same screen. If you need any further help, just let me know."
"hello there, my card went missing two days ago, block it asap. pls help.",CARD,block_card,"I apologise for the trouble this has caused, let me help. To protect your money, block the card first. Use the app under Cards and Block, or call the 24 hour phone banking line and ask for an immediate block. Once blocked, please review your recent transactions and tell us about any you do not recognise so we can look into them."
Quick question: how do I open a savings account? Any idea what to do?,ACCOUNT,create_account,"Of course, happy to help. Opening a savings account is simple. You can apply online or at a branch by providing a valid photo ID, proof of address and a recent photograph. After we verify your details, the account is created and you will receive your account number and access to the app. Some accounts require a small opening deposit. Let me know if there is anything more I can do for you."
"Quick question: what is the process to get a mortgage for a house worth EUR 141,820? Please advise.",LOAN,apply_for_mortgage,"Applying for a home loan involves a few stages: an initial eligibility check, document submission, property valuation, formal approval and legal completion. A mortgage adviser can guide you at each stage. You can begin by booking a call from the Loans section of the app. Please reach out again if anything is unclear."
"What is the process to get a mortgage for a house worth $445,410? Can you help me with this?",LOAN,apply_for_mortgage,"Sure, here is how this works. For a mortgage, the first step is to check how much you can borrow using the mortgage calculator in the app. Then submit an application with your identity, income and property details, and we will arrange a valuation of the property. After approval you receive a formal offer, and the funds are released to the seller once the legal formalities are complete. A deposit is usually needed, and the amount depends on the property value and your profile."
"Good morning, can I open an account online without visiting the branch?",ACCOUNT,create_account,"To start, choose the type of account that suits you, then fill in the application form online. You will need identity and address documents, and you may complete a short video verification. Once approved, your account details arrive by message and email, and your debit card is sent to your address. I am here if you need anything else."
"Hey, the ATM did not give me the full cash but the money was deducted, I withdrew GBP 2,360.",ATM,dispute_ATM_withdrawal,"I will help you raise a dispute for the ATM withdrawal of GBP 2,360. Please go to Disputes in the app, select the transaction and choose ATM Cash Issue, then give the date, time and ATM location if you have them. We will investigate with the ATM operator and most cases are reviewed within a few working days. If the ATM did not dispense the cash, the amount is usually credited back to your account. I am here if you need anything else."
urgent: how do i apply for a personal loan? can you help me with this,LOAN,apply_for_loan,"Certainly, I can help with that. To apply for a loan, go to Loans in the app and select the type of loan you need. Enter the amount and tenure, upload the required documents and submit. Your eligibility is based on income, existing commitments and credit score, and you will see a decision and an offer once the review is complete. Let me know if there is anything more I can do for you."
What is the customer care number? I need this sorted today.,CONTACT,customer_service,"Absolutely, let me walk you through it. You can reach customer service by phone banking, through secure chat in the mobile app, or by email through the Contact Us section. Phone and chat support are available round the clock for urgent matters such as blocking a card, and other requests are handled during business hours. Please keep your customer ID handy so we can help you faster."
"good morning, my loan application for eur 80,140 was rejected and i dont understand why. please help.",RETAIL_EXCEPTION,loan_application_rejected_appeal,"I am sorry that your application was not approved. Decisions are based on factors such as income, existing debts, credit history and the value of the loan requested, and we can share the main reasons with you. You may ask for a review, especially if your circumstances have changed or if some information was missing. I will pass your request to a loans specialist who can explain the decision and suggest what may improve your chances next time. If you would like, I can connect you with a human agent right now."
"Good evening, how do I open a current account?",ACCOUNT,create_account,"Opening a current account is simple. You can apply online or at a branch by providing a valid photo ID, proof of address and a recent photograph. After we verify your details, the account is created and you will receive your account number and access to the app. Some accounts require a small opening deposit. Feel free to ask if you have any other questions."
Please help: how can I remove someone from a joint account? Please advise.,RETAIL_EXCEPTION,joint_account_dispute,"I am sorry you are going through this. Joint accounts are governed by the mandate that was agreed when they were opened, and changes such as removing a holder or freezing the account usually need the consent of all holders, or a legal instruction. I can arrange for a specialist to explain your options and what proof would be required. Please keep in mind that we cannot take sides, and for serious disputes it can help to seek legal advice."
Please help: I want to cancel my home loan application. Thanks.,LOAN,cancel_loan,"Sure, here is how this works. If your home loan has not been disbursed yet, you can cancel the request through customer service or from Loans in the app by selecting your application and choosing Withdraw. If the money has already been credited, you will need to repay it, and we can share the foreclosure amount with you. Please note that some fees may apply after disbursal."
"I need help. What is the process to get a mortgage for a house worth EUR 52,430? Please advise.",LOAN,apply_for_mortgage,"For a mortgage, the first step is to check how much you can borrow using the mortgage calculator in the app. Then submit an application with your identity, income and property details, and we will arrange a valuation of the property. After approval you receive a formal offer, and the funds are released to the seller once the legal formalities are complete. A deposit is usually needed, and the amount depends on the property value and your profile. I am here if you need anything else."
"Hi, I want to dispute an ATM withdrawal of 438 USD from last week. Thank you.",ATM,dispute_ATM_withdrawal,"Sorry about the trouble with the ATM. Please keep the receipt if you have one and raise a dispute through the app or by calling customer service. We will check the ATM records for the withdrawal and update you by message. If the money is confirmed as not dispensed, it will be returned to your account. Let me know if there is anything more I can do for you."
Urgent: please put me through to a customer service representative,CONTACT,human_agent,"Of course. I will connect you with a human agent now. Please stay in this chat, and it helps if you briefly describe your issue so the agent can pick up straight away. Waiting times can vary, and if it is not urgent you can also request a call back at a time that suits you."
"Good morning, there is an ATM transaction I dont recognise for 1,140 dollars, how do I raise a dispute? Please help.",ATM,dispute_ATM_withdrawal,"I will help you raise a dispute for the ATM withdrawal of 1,140 dollars. Please go to Disputes in the app, select the transaction and choose ATM Cash Issue, then give the date, time and ATM location if you have them. We will investigate with the ATM operator and most cases are reviewed within a few working days. If the ATM did not dispense the cash, the amount is usually credited back to your account. If you need any further help, just let me know."
What fees do you charge on my account? Please advise.,FEES,check_fees,"Sure, here is how this works. I can help you understand the charges. Common fees include monthly maintenance, foreign transaction fees, ATM use outside our network and penalties for low balance. Your latest statement shows every fee that has been applied, and customer service can review any fee you believe was charged in error. I am here if you need anything else."
"Quick question: the ATM swallowed my card, what should I do? Can you help me with this?",ATM,recover_swallowed_card,"I am sorry that the ATM kept your card. For your safety, I suggest blocking the card right away in the app. We will then arrange either collection from the ATM branch with identification or a replacement card sent to your address, usually within a few working days. Feel free to ask if you have any other questions."
"Urgent: I do not want a bot, please connect me to an advisor.",CONTACT,human_agent,"Certainly, I can arrange for one of our advisors to help you. I am transferring you now, and I will share the details of our conversation so you do not need to repeat yourself. If the queue is long, you can choose to receive a call back instead. Feel free to ask if you have any other questions."
Quick question: when is my card annual fee charged and can it be waived? Appreciate the help.,CARD,check_card_annual_fee,"Annual fees vary by card, and many cards waive the fee after a certain level of yearly spending. Please check Fees and Charges for your card in the app to see your amount and the anniversary date. If you would like to ask about a waiver, customer service can review your eligibility. Let me know if there is anything more I can do for you."
Urgent: where do I activate the credit card I got earlier today? Thank you,CARD,activate_card,"First, open the mobile app or net banking and go to the Cards section. Then select your credit card and choose Activate Card. You will receive a one-time code on your registered mobile number, so enter it to confirm. Once that is done, the card is active and ready to use straight away. I am here if you need anything else."
"Quick question: I was charged an overdraft fee of GBP 1,590 even though I had funds. Please help.",RETAIL_EXCEPTION,overdraft_fee_dispute,"Thanks for explaining. To review the fee, we need to see the order in which the deposit and the payments were processed. I will raise a request for the fee to be reviewed, and you will hear back with the outcome. In some cases, especially after a delayed salary, the fee can be waived. If anything changes in the meantime, please let us know straight away."
"Hello there, my platinum credit card does not work outside the country, how do I switch on overseas payments? Thank you.",CARD,activate_card_international_usage,"Absolutely, let me walk you through it. To use your card overseas, open Card Controls in the app and enable International Usage. It is a good idea to set a travel period and a daily limit. If you cannot use the app, phone banking can turn it on for you after verifying your identity."
please help: how do i withdraw my loan request? thank you.,LOAN,cancel_loan,"To cancel a loan application, tell us which application you mean and we will stop the process. Before disbursal there is normally no cost. After disbursal, the loan must be closed by repaying the outstanding amount, and we will give you the exact figure and any applicable charges. If you need any further help, just let me know."
"Good evening, I sent INR 1,450 to the wrong person, can I cancel the transfer? Appreciate the help.",TRANSFER,cancel_transfer,"Please act quickly. For transfers that have not been processed yet, use Cancel next to the transfer in your pending list. For completed transfers, raise a recall request from the same screen or through customer service, and keep the transaction reference handy. We will update you as soon as we hear back from the other bank."
urgent: is there a live chat with the bank? appreciate the help.,CONTACT,customer_service,"Sure, here is how this works. You can reach customer service by phone banking, through secure chat in the mobile app, or by email through the Contact Us section. Phone and chat support are available round the clock for urgent matters such as blocking a card, and other requests are handled during business hours. Please keep your customer ID handy so we can help you faster. Please reach out again if anything is unclear."
"Hi team, I sent EUR 793 to the wrong person, can I cancel the transfer? Thank you.",TRANSFER,cancel_transfer,"Sure, here is how this works. If the transfer of EUR 793 is still pending or scheduled, you can cancel it in the app. Go to Transfers, open Pending or Scheduled, select the transfer and tap Cancel. If it has already been completed, it cannot be cancelled directly, but you can raise a request and we will contact the receiving bank to ask for the money back. Success depends on the receiving bank and the account holder agreeing to return it. Please reach out again if anything is unclear."
"Hi team, there is an ATM transaction I dont recognise for 2,270 USD, how do I raise a dispute? Please advise.",ATM,dispute_ATM_withdrawal,"I will help you raise a dispute for the ATM withdrawal of 2,270 USD. Please go to Disputes in the app, select the transaction and choose ATM Cash Issue, then give the date, time and ATM location if you have them. We will investigate with the ATM operator and most cases are reviewed within a few working days. If the ATM did not dispense the cash, the amount is usually credited back to your account. If you need any further help, just let me know."
"How do I send EUR 1,640 to a friend's account? Can you help me with this?",TRANSFER,make_transfer,"You can send money in a few steps. Open Transfers, choose Send Money and select an existing payee or add a new one. Type in the amount, check the details carefully because transfers to the wrong account can be hard to reverse, and approve with your security code. Instant methods arrive within minutes, while standard transfers can take up to one working day. If you need any further help, just let me know."
"Urgent, travelling and card blocked, I cant pay my hotel.",PAYMENT_EXCEPTION,card_declined_while_travelling,"Sorry about the inconvenience, especially while you are travelling. Please check that international transactions are enabled and that you have not reached your daily limit. Because this is urgent, I recommend calling the emergency line on the back of the card, where an agent can verify you and remove any block. Emergency cash or a replacement card can be arranged if needed. If anything changes in the meantime, please let us know straight away."
"Quick question: I want to make a large purchase of EUR 55,320 but my card keeps getting declined",PAYMENT_EXCEPTION,large_transaction_blocked,"I understand the urgency. Large payments can be blocked because they go over your daily limit or because our security systems flagged them for extra checks. I cannot release a held payment from this chat, but I can help you confirm it is genuine. Please approve any alert on your app, or I can connect you to a specialist who will verify you and, where possible, release the payment or raise your limit temporarily."
"Hello there, the ATM did not give me the full cash but the money was deducted, I withdrew EUR 2,270. Any idea what to do?",ATM,dispute_ATM_withdrawal,"I will help you raise a dispute for the ATM withdrawal of EUR 2,270. Please go to Disputes in the app, select the transaction and choose ATM Cash Issue, then give the date, time and ATM location if you have them. We will investigate with the ATM operator and most cases are reviewed within a few working days. If the ATM did not dispense the cash, the amount is usually credited back to your account. Feel free to ask if you have any other questions."
please help: i want to check if the payment i made last week has gone through. please help.,ACCOUNT,check_recent_transactions,"Certainly, I can help with that. To review your recent activity, log in and choose the account, then select Recent Transactions. Pending items are shown separately from completed ones. If something looks unfamiliar, tap it to see the details and report it directly from that screen."
"Excuse me, can you help me activate my card? It has not been used yet. Thank you.",CARD,activate_card,"Absolutely, let me walk you through it. You can activate your card in two easy ways. In the mobile app, go to Cards, pick your card, and tap Activate. If you prefer, call the phone banking number printed on the back of the card and follow the voice prompts. After verification your card will be active within a few minutes. Feel free to ask if you have any other questions."
"Urgent: please block my card ending 6011, I think it was stolen. Thanks.",CARD,block_card,"That sounds frustrating, and I will do my best to help you resolve it. You can block the card immediately in the mobile app. Go to Cards, choose the card and tap Block Card, then pick Lost or Stolen as the reason. The card stops working straight away and any new transactions are declined. We will then help you order a replacement, which usually arrives in a few working days."
"Good evening, the ATM did not give me the full cash but the money was deducted, I withdrew 1,590 dollars. Thank you",ATM,dispute_ATM_withdrawal,"I will help you raise a dispute for the ATM withdrawal of 1,590 dollars. Please go to Disputes in the app, select the transaction and choose ATM Cash Issue, then give the date, time and ATM location if you have them. We will investigate with the ATM operator and most cases are reviewed within a few working days. If the ATM did not dispense the cash, the amount is usually credited back to your account."
"Excuse me, please help me close the account, I am moving abroad. Please advise",ACCOUNT,close_account,"To close the account, make sure there are no pending transactions, linked cards or loans. Request closure through the app under Account Services or visit a branch. We will transfer any remaining balance to the account you nominate and confirm once the account is closed. Feel free to ask if you have any other questions."
"Hi team, the bank stopped my big payment for 8,320 dollars, why? Thanks.",PAYMENT_EXCEPTION,large_transaction_blocked,"Thank you for explaining. A large payment may exceed your set limit, or it may be waiting for extra verification. You can raise your limit in Card Controls after authentication, and the security team can release a held transaction after checking with you. Since it is time sensitive, shall I connect you to an agent now? We will keep you updated by message until this is resolved."
urgent: how can i close my credit card? i no longer use it. can you help me with this,CARD,cancel_card,I can guide you through cancelling your card. First check that there are no pending transactions or unpaid dues. Then submit a cancellation request through the app or by phone banking. You will get a confirmation message once the card is closed. I am here if you need anything else.
"Hi, my travel card ending 6344 arrived today. What are the steps to activate it? Thanks.",CARD,activate_card,"Sure, here is how this works. First, open the mobile app or net banking and go to the Cards section. Then select your travel card and choose Activate Card. You will receive a one-time code on your registered mobile number, so enter it to confirm. Once that is done, the card is active and ready to use straight away."
"Good evening, could you tell me the yearly charges on the card ending 6415?",CARD,check_card_annual_fee,"Of course, happy to help. Annual fees vary by card, and many cards waive the fee after a certain level of yearly spending. Please check Fees and Charges for your card in the app to see your amount and the anniversary date. If you would like to ask about a waiver, customer service can review your eligibility."
"Good morning, how can I enable my credit card for use abroad? I am travelling to Tokyo. Can you help me with this?",CARD,activate_card_international_usage,"To use your card overseas, open Card Controls in the app and enable International Usage. It is a good idea to set a travel period and a daily limit. If you cannot use the app, phone banking can turn it on for you after verifying your identity. Let me know if there is anything more I can do for you."
"Excuse me, what happens to my mortgage application if I cancel it now? Thank you",LOAN,cancel_mortgage,"I can help you withdraw the mortgage application. Please contact our mortgage team through the app or at a branch and confirm the application reference. If the valuation or legal work has already started, some third party fees might still apply. Once cancelled, you will receive written confirmation. Feel free to ask if you have any other questions."
"Good morning, find me a cash machine close to me. Any idea what to do?",FIND,find_ATM,"To locate an ATM, open the Locator in the app or on our website and search by city or landmark. Filters help you find machines that offer deposits, cheque drops or extended hours. Please remember that using an ATM outside our network may attract a fee. I am here if you need anything else."
"Hi, what is the process to claim the balance in my late mother's account? Thanks.",RETAIL_EXCEPTION,deceased_account_holder,"My condolences to you and your family. Accounts of a deceased customer are handled by a dedicated team with care. Please share the death certificate and your identification, and they will explain how the balance is released to the nominee or legal heir and how the account is closed. I will connect you with them, so you do not have to repeat yourself. If anything changes in the meantime, please let us know straight away."
"Good morning, which branch can I go to for a loan discussion? Thank you.",FIND,find_branch,"Sure, here is how this works. To find a branch, enter your area or city in the Locator and choose Branches. Each listing shows the address, working hours and the services offered, such as loans or locker facilities. Most branches are open on weekdays and some are open on Saturday mornings."
I need help. How do I set up a password for net banking? I need this sorted today.,PASSWORD,set_up_password,"New customers can create a password using the First Time Login option. Enter your customer ID, verify with a one-time code, then choose a password that meets the rules shown on screen. Please do not share it with anyone, including bank staff."
"hello, i lost my prepaid card and need to block it right now",CARD,block_card,"To protect your money, block the card first. Use the app under Cards and Block, or call the 24 hour phone banking line and ask for an immediate block. Once blocked, please review your recent transactions and tell us about any you do not recognise so we can look into them. I am here if you need anything else."
Quick question: I am not satisfied with the resolution and want to take this to the ombudsman. Please help.,RETAIL_EXCEPTION,formal_complaint_escalation,"I am sorry that your issue has not been resolved, and you have every right to escalate. I can register a formal complaint now, which will be given a reference number and reviewed by our complaints team, who will respond in writing within the time required. If you are not satisfied with the final response, you can take the matter to the external financial ombudsman. It helps if you share the dates and details of your previous contacts. We will keep you updated by message until this is resolved."
"hey, how much do i pay every year to keep my card? i need this sorted today.",CARD,check_card_annual_fee,"Annual fees vary by card, and many cards waive the fee after a certain level of yearly spending. Please check Fees and Charges for your card in the app to see your amount and the anniversary date. If you would like to ask about a waiver, customer service can review your eligibility."
"Need to switch on my new card, what should I do? Any idea what to do?",CARD,activate_card,"You can activate your card in two easy ways. In the mobile app, go to Cards, pick your card, and tap Activate. If you prefer, call the phone banking number printed on the back of the card and follow the voice prompts. After verification your card will be active within a few minutes. Let me know if there is anything more I can do for you."
"Good morning, where is the closest branch?",FIND,find_branch,"Of course, happy to help. To find a branch, enter your area or city in the Locator and choose Branches. Each listing shows the address, working hours and the services offered, such as loans or locker facilities. Most branches are open on weekdays and some are open on Saturday mornings. If you need any further help, just let me know."
"Hello, how do I stop a transfer I made yesterday? Thank you.",TRANSFER,cancel_transfer,"Certainly, I can help with that. Please act quickly. For transfers that have not been processed yet, use Cancel next to the transfer in your pending list. For completed transfers, raise a recall request from the same screen or through customer service, and keep the transaction reference handy. We will update you as soon as we hear back from the other bank."
"Quick question: I want to dispute an ATM withdrawal of EUR 1,430 from last month. Appreciate the help.",ATM,dispute_ATM_withdrawal,"I will help you raise a dispute for the ATM withdrawal of EUR 1,430. Please go to Disputes in the app, select the transaction and choose ATM Cash Issue, then give the date, time and ATM location if you have them. We will investigate with the ATM operator and most cases are reviewed within a few working days. If the ATM did not dispense the cash, the amount is usually credited back to your account. Feel free to ask if you have any other questions."
"Hey, how can I close my credit card? I no longer use it. Thank you.",CARD,cancel_card,"Sure, here is how this works. I can guide you through cancelling your card. First check that there are no pending transactions or unpaid dues. Then submit a cancellation request through the app or by phone banking. You will get a confirmation message once the card is closed. Let me know if there is anything more I can do for you."
"Urgent: I want to open a new account, what documents are required? I need this sorted today.",ACCOUNT,create_account,"To start, choose the type of account that suits you, then fill in the application form online. You will need identity and address documents, and you may complete a short video verification. Once approved, your account details arrive by message and email, and your debit card is sent to your address. Please reach out again if anything is unclear."
"I sent $633 to the wrong person, can I cancel the transfer",TRANSFER,cancel_transfer,"Of course, happy to help. If the transfer of $633 is still pending or scheduled, you can cancel it in the app. Go to Transfers, open Pending or Scheduled, select the transfer and tap Cancel. If it has already been completed, it cannot be cancelled directly, but you can raise a request and we will contact the receiving bank to ask for the money back. Success depends on the receiving bank and the account holder agreeing to return it."
"Hello, please put me through to a customer service representative. Can you help me with this?",CONTACT,human_agent,"Of course. I will connect you with a human agent now. Please stay in this chat, and it helps if you briefly describe your issue so the agent can pick up straight away. Waiting times can vary, and if it is not urgent you can also request a call back at a time that suits you."
"Hello there, the bank refused my mortgage even though I have a stable income. I need this sorted today",RETAIL_EXCEPTION,loan_application_rejected_appeal,"I am sorry that your application was not approved. Decisions are based on factors such as income, existing debts, credit history and the value of the loan requested, and we can share the main reasons with you. You may ask for a review, especially if your circumstances have changed or if some information was missing. I will pass your request to a loans specialist who can explain the decision and suggest what may improve your chances next time. If you would like, I can connect you with a human agent right now."
"Hey, I was charged twice by Flipkart for the same purchase of 1,220 USD. Please advise",PAYMENT_EXCEPTION,duplicate_charge,"Thanks for letting us know. Please keep proof of your purchase and, if possible, the merchant receipt. We will open a dispute for the duplicate payment, and a specialist will review it with the merchant. Refunds usually take several working days once the duplicate is confirmed. If anything changes in the meantime, please let us know straight away."
"Hey, how do I apply for a personal loan? Thank you.",LOAN,apply_for_loan,"Of course, happy to help. To apply for a loan, go to Loans in the app and select the type of loan you need. Enter the amount and tenure, upload the required documents and submit. Your eligibility is based on income, existing commitments and credit score, and you will see a decision and an offer once the review is complete. If you need any further help, just let me know."
"We fell 3 weeks behind on the mortgage, what can we do?",RETAIL_EXCEPTION,mortgage_arrears_support,"I understand how worrying this is, and I want you to know that help is available. Please do not ignore the notice, because early contact gives us more options such as revising the payment plan, extending the term or a temporary arrangement. I will connect you with our specialist mortgage support team, who can go through the details with you in confidence. It is also worth getting free independent money advice alongside speaking to us. If you would like, I can connect you with a human agent right now."
"Good morning, I paid in the local currency but was billed at a strange rate. I need this sorted today.",PAYMENT_EXCEPTION,currency_conversion_dispute,"I understand the surprise. The debited amount comes from the exchange rate at the time of settlement, plus any conversion charges, and the shop may also offer to charge in your home currency at their own rate. I can flag your transaction for review so a specialist can confirm whether the correct rate was applied. Please keep your reference number safe, and reply here if you need anything else."
"Good evening, what are the rules for choosing a password",PASSWORD,set_up_password,"New customers can create a password using the First Time Login option. Enter your customer ID, verify with a one-time code, then choose a password that meets the rules shown on screen. Please do not share it with anyone, including bank staff."
"Hello, need to switch on my new card, what should I do? Thank you.",CARD,activate_card,"Certainly, I can help with that. You can activate your card in two easy ways. In the mobile app, go to Cards, pick your card, and tap Activate. If you prefer, call the phone banking number printed on the back of the card and follow the voice prompts. After verification your card will be active within a few minutes. Feel free to ask if you have any other questions."
"Good evening, how do I send GBP 421 to a friend's account?",TRANSFER,make_transfer,"To make a transfer, log in to the app or net banking and go to Transfers. Add the payee by entering the name, account number and bank code, then confirm the payee with a one-time code. Enter the amount of GBP 421, choose the payment method, review the details and confirm. You will get a confirmation message with a reference number. Let me know if there is anything more I can do for you."
"Hello, can I cancel my loan after it was approved but before receiving the money? Pls advise.",LOAN,cancel_loan,"To cancel a loan application, tell us which application you mean and we will stop the process. Before disbursal there is normally no cost. After disbursal, the loan must be closed by repaying the outstanding amount, and we will give you the exact figure and any applicable charges."
Urgent: can you explain the steps for a home loan application? Not sure what to do.,LOAN,apply_for_mortgage,"Sure, here is how this works. For a mortgage, the first step is to check how much you can borrow using the mortgage calculator in the app. Then submit an application with your identity, income and property details, and we will arrange a valuation of the property. After approval you receive a formal offer, and the funds are released to the seller once the legal formalities are complete. A deposit is usually needed, and the amount depends on the property value and your profile. Feel free to ask if you have any other questions."
Urgent: what documents do I need to update my name with the bank?,RETAIL_EXCEPTION,legal_name_change,"To change your name in our records, we need proof of the legal name change, such as a marriage certificate, a gazette notification or a deed poll, together with your identification. Please upload the documents in the app under Profile or visit a branch, and we will update your accounts and cards. Because this affects several products, the update may take a few working days, and we will notify you when it is complete. If you would like, I can connect you with a human agent right now."
"Hello, my credit card does not work outside the country, how do I switch on overseas payments? Appreciate the help.",CARD,activate_card_international_usage,"International usage can be switched on from the mobile app. Go to Cards, select your credit card, open Card Controls and turn on International Transactions. You can also set the dates of your trip and a spending limit for extra safety. Changes usually take effect within a few minutes, so please do it before you leave. If you need any further help, just let me know."
"good evening, where do i activate the platinum credit card i got last friday? appreciate the help.",CARD,activate_card,"Absolutely, let me walk you through it. First, open the mobile app or net banking and go to the Cards section. Then select your platinum credit card and choose Activate Card. You will receive a one-time code on your registered mobile number, so enter it to confirm. Once that is done, the card is active and ready to use straight away. I am here if you need anything else."
"Hey, how do I set up a password for net banking",PASSWORD,set_up_password,"Thanks for reaching out, I can guide you through this. New customers can create a password using the First Time Login option. Enter your customer ID, verify with a one-time code, then choose a password that meets the rules shown on screen. Please do not share it with anyone, including bank staff. Let me know if there is anything more I can do for you."
Please put me through to a customer service representative. Appreciate the help,CONTACT,human_agent,"Of course. I will connect you with a human agent now. Please stay in this chat, and it helps if you briefly describe your issue so the agent can pick up straight away. Waiting times can vary, and if it is not urgent you can also request a call back at a time that suits you."
Please help: how do I open a student account? Thank you.,ACCOUNT,create_account,"To start, choose the type of account that suits you, then fill in the application form online. You will need identity and address documents, and you may complete a short video verification. Once approved, your account details arrive by message and email, and your debit card is sent to your address. Feel free to ask if you have any other questions."
"Good evening, can I see my loan repayment schedule? Can you help me with this?",LOAN,check_loan_payments,"Absolutely, let me walk you through it. To check your loan payments, log in and open Loans, then choose the loan. You will see what you have paid so far, what is left, and the next due date. If you would like to pay extra to reduce the balance, there is an option to make a part payment on the same screen. If you need any further help, just let me know."
Someone changed my phone number and email on my account and I am locked out. Appreciate the help,RETAIL_EXCEPTION,identity_theft_account_takeover,"I am very sorry, and I will treat this as urgent. To protect you, we should restrict access to your account and cards immediately, and I am escalating this to our fraud and security team now. Please do not use the same password anywhere else, avoid clicking links in unexpected messages, and keep a note of any suspicious messages or calls. A specialist will contact you on a verified number to restore your access and review the activity. We will keep you updated by message until this is resolved."
Please tell me the current balance on the card ending 7827.,CARD,check_current_balance_on_card,"To check your balance, log in to net banking or the app and open Cards. The card summary shows your current balance, available credit and the last statement amount. Balances update in near real time, but very recent transactions can take a short while to appear. I am here if you need anything else."
"Hello there, how much is my monthly mortgage payment?",LOAN,check_mortgage_payments,"In the app, open Loans and select your mortgage to see your monthly payment, the next due date, the remaining balance and the split between interest and principal. Statements and a yearly interest certificate can also be downloaded from the documents section. Please reach out again if anything is unclear."
What is the annual fee for my credit card,CARD,check_card_annual_fee,"Thanks for reaching out, I can guide you through this. Annual fees vary by card, and many cards waive the fee after a certain level of yearly spending. Please check Fees and Charges for your card in the app to see your amount and the anniversary date. If you would like to ask about a waiver, customer service can review your eligibility."
"Please help: I just received my travel card in the mail, how can I start using it? I need this sorted today",CARD,activate_card,"First, open the mobile app or net banking and go to the Cards section. Then select your travel card and choose Activate Card. You will receive a one-time code on your registered mobile number, so enter it to confirm. Once that is done, the card is active and ready to use straight away. Let me know if there is anything more I can do for you."
How can I enable my credit card for use abroad? im travelling to London. Can u help me with this?,CARD,activate_card_international_usage,"To use your card overseas, open Card Controls in the app and enable International Usage. It is a good idea to set a travel period and a daily limit. If you cannot use the app, phone banking can turn it on for you after verifying your identity. Let me know if there is anything more I can do for you."
"Hello, I want to freeze the joint account until we settle things. Thanks.",RETAIL_EXCEPTION,joint_account_dispute,"I am sorry you are going through this. Joint accounts are governed by the mandate that was agreed when they were opened, and changes such as removing a holder or freezing the account usually need the consent of all holders, or a legal instruction. I can arrange for a specialist to explain your options and what proof would be required. Please keep in mind that we cannot take sides, and for serious disputes it can help to seek legal advice."
"Hey, please guide me through creating a new account. Can you help me with this",ACCOUNT,create_account,"To start, choose the type of account that suits you, then fill in the application form online. You will need identity and address documents, and you may complete a short video verification. Once approved, your account details arrive by message and email, and your debit card is sent to your address. Please reach out again if anything is unclear."
Is there a fee if my balance drops below the minimum? Not sure what to do,FEES,check_fees,"I can help you understand the charges. Common fees include monthly maintenance, foreign transaction fees, ATM use outside our network and penalties for low balance. Your latest statement shows every fee that has been applied, and customer service can review any fee you believe was charged in error. Feel free to ask if you have any other questions."
"Good morning, what are the eligibility criteria for a personal loan",LOAN,apply_for_loan,"To apply for a loan, go to Loans in the app and select the type of loan you need. Enter the amount and tenure, upload the required documents and submit. Your eligibility is based on income, existing commitments and credit score, and you will see a decision and an offer once the review is complete. If you need any further help, just let me know."
quick question: i missed 2 instalments and i am afraid of penalties,RETAIL_EXCEPTION,loan_hardship_request,"I am sorry you are facing this, and I am glad you reached out early. We have options for customers in financial difficulty, such as a temporary payment holiday, a longer tenure with lower instalments, or restructuring, depending on your situation. I will pass your request to our customer support team, who will review your income and expenses and discuss what is possible. Please try to keep making any payments you can, and avoid ignoring reminders, as talking to us early gives you more choices."
I need help. The ATM kept my travel card and I cant get it back. Please help.,ATM,recover_swallowed_card,"I am sorry that the ATM kept your card. For your safety, I suggest blocking the card right away in the app. We will then arrange either collection from the ATM branch with identification or a replacement card sent to your address, usually within a few working days."
Quick question: how can I check how much credit I have left on my card? Please advise.,CARD,check_current_balance_on_card,"Absolutely, let me walk you through it. To check your balance, log in to net banking or the app and open Cards. The card summary shows your current balance, available credit and the last statement amount. Balances update in near real time, but very recent transactions can take a short while to appear."
"Hello, we are buying our first home and need a mortgage, where do we start? Not sure what to do.",LOAN,apply_for_mortgage,"For a mortgage, the first step is to check how much you can borrow using the mortgage calculator in the app. Then submit an application with your identity, income and property details, and we will arrange a valuation of the property. After approval you receive a formal offer, and the funds are released to the seller once the legal formalities are complete. A deposit is usually needed, and the amount depends on the property value and your profile. Feel free to ask if you have any other questions."
urgent: how much do i pay every year to keep my card? can you help me with this?,CARD,check_card_annual_fee,"Annual fees vary by card, and many cards waive the fee after a certain level of yearly spending. Please check Fees and Charges for your card in the app to see your amount and the anniversary date. If you would like to ask about a waiver, customer service can review your eligibility."
Urgent: the ATM kept my platinum credit card and I cant get it back.,ATM,recover_swallowed_card,"Please do not worry, this happens sometimes. First, block the card in the app as a precaution until you have it back. Then contact the branch that owns the ATM or call customer service, and we will check if the card was retained by the machine. If it can be recovered you may collect it with valid photo ID, otherwise we will issue a replacement card to you. Feel free to ask if you have any other questions."
What do I need to do before closing my joint account? thx.,ACCOUNT,close_account,"I can explain how to close your joint account. Please first clear any dues, cancel standing instructions and move the remaining balance to another account. Then submit a closure request through customer service or at a branch with valid identification. Once processed, you will receive written confirmation and the final statement. Feel free to ask if you have any other questions."
"Good morning, my loan application for 145,960 dollars was rejected and I do not understand why",RETAIL_EXCEPTION,loan_application_rejected_appeal,"I am sorry that your application was not approved. Decisions are based on factors such as income, existing debts, credit history and the value of the loan requested, and we can share the main reasons with you. You may ask for a review, especially if your circumstances have changed or if some information was missing. I will pass your request to a loans specialist who can explain the decision and suggest what may improve your chances next time. If you would like, I can connect you with a human agent right now."
"Please help: why was I charged a fee of INR 1,140 this month",FEES,check_fees,"Absolutely, let me walk you through it. Fees depend on the type of account or service. You can find the full list in the app under Help and then Fees and Charges, including maintenance, ATM, transfer and card fees. If you tell me the specific service you are asking about, I can explain how that fee is calculated and when it applies."
"Hey, how much do I still owe on my loan? Any idea what to do?",LOAN,check_loan_payments,"To check your loan payments, log in and open Loans, then choose the loan. You will see what you have paid so far, what is left, and the next due date. If you would like to pay extra to reduce the balance, there is an option to make a part payment on the same screen. Feel free to ask if you have any other questions."
"Hi team, transaction limit exceeded, can you increase my limit for today?",PAYMENT_EXCEPTION,large_transaction_blocked,"I understand the urgency. Large payments can be blocked because they go over your daily limit or because our security systems flagged them for extra checks. I cannot release a held payment from this chat, but I can help you confirm it is genuine. Please approve any alert on your app, or I can connect you to a specialist who will verify you and, where possible, release the payment or raise your limit temporarily."
"Hey, where is the nearest ATM? Thank you.",FIND,find_ATM,"Certainly, I can help with that. To locate an ATM, open the Locator in the app or on our website and search by city or landmark. Filters help you find machines that offer deposits, cheque drops or extended hours. Please remember that using an ATM outside our network may attract a fee."
"Hi team, please tell me the current balance on the card ending 0369.",CARD,check_current_balance_on_card,"To check your balance, log in to net banking or the app and open Cards. The card summary shows your current balance, available credit and the last statement amount. Balances update in near real time, but very recent transactions can take a short while to appear. I am here if you need anything else."
"Good morning, can I see my last transactions? Can you help me with this?",ACCOUNT,check_recent_transactions,"To review your recent activity, log in and choose the account, then select Recent Transactions. Pending items are shown separately from completed ones. If something looks unfamiliar, tap it to see the details and report it directly from that screen. Let me know if there is anything more I can do for you."
i need help. please explain how to apply for a loan online.,LOAN,apply_for_loan,"Of course, happy to help. To apply for a loan, go to Loans in the app and select the type of loan you need. Enter the amount and tenure, upload the required documents and submit. Your eligibility is based on income, existing commitments and credit score, and you will see a decision and an offer once the review is complete."
"Urgent: a free trial with Google Play turned into a monthly charge of GBP 734, help. Appreciate the help",PAYMENT_EXCEPTION,recurring_payment_unauthorized,"I understand how annoying unwanted charges are. You can stop a recurring payment by going to Cards and Recurring Payments in the app and choosing Stop for Google Play. If the merchant has already taken money you did not agree to, we can raise a dispute for the GBP 734 charges. It also helps to contact the merchant to cancel the subscription so they stop trying to bill you. If anything changes in the meantime, please let us know straight away."
"Good morning, I have complained three times and nobody has solved my problem, I want to escalate. Any idea what to do?",RETAIL_EXCEPTION,formal_complaint_escalation,"I am sorry that your issue has not been resolved, and you have every right to escalate. I can register a formal complaint now, which will be given a reference number and reviewed by our complaints team, who will respond in writing within the time required. If you are not satisfied with the final response, you can take the matter to the external financial ombudsman. It helps if you share the dates and details of your previous contacts. If you would like, I can connect you with a human agent right now."
"Hey, what do I need to do before closing my salary account?",ACCOUNT,close_account,"To close the account, make sure there are no pending transactions, linked cards or loans. Request closure through the app under Account Services or visit a branch. We will transfer any remaining balance to the account you nominate and confirm once the account is closed. Please reach out again if anything is unclear."
"Urgent: I need to transfer money to another bank, what are the steps?",TRANSFER,make_transfer,"You can send money in a few steps. Open Transfers, choose Send Money and select an existing payee or add a new one. Type in the amount, check the details carefully because transfers to the wrong account can be hard to reverse, and approve with your security code. Instant methods arrive within minutes, while standard transfers can take up to one working day."
"I forgot my password, how do I get it back",PASSWORD,get_password,"I am sorry you are locked out. On the login page, tap Forgot Password and enter your customer ID. We will send a one-time code to your registered mobile number, and after you enter it you can choose a new password. For security reasons we can never tell you your old password."
Urgent: how do I file a formal complaint against the bank?,RETAIL_EXCEPTION,formal_complaint_escalation,"I am sorry that your issue has not been resolved, and you have every right to escalate. I can register a formal complaint now, which will be given a reference number and reviewed by our complaints team, who will respond in writing within the time required. If you are not satisfied with the final response, you can take the matter to the external financial ombudsman. It helps if you share the dates and details of your previous contacts. You can ask for a human agent at any time and I will arrange it."
Please help: is there a branch in Delhi? Not sure what to do.,FIND,find_branch,"Sure, here is how this works. To find a branch, enter your area or city in the Locator and choose Branches. Each listing shows the address, working hours and the services offered, such as loans or locker facilities. Most branches are open on weekdays and some are open on Saturday mornings. Let me know if there is anything more I can do for you."
"Hi team, please put me through to a customer service representative. Appreciate the help",CONTACT,human_agent,"Of course. I will connect you with a human agent now. Please stay in this chat, and it helps if you briefly describe your issue so the agent can pick up straight away. Waiting times can vary, and if it is not urgent you can also request a call back at a time that suits you."
Urgent: I would like to apply for a home loan. Please advise,LOAN,apply_for_mortgage,"For a mortgage, the first step is to check how much you can borrow using the mortgage calculator in the app. Then submit an application with your identity, income and property details, and we will arrange a valuation of the property. After approval you receive a formal offer, and the funds are released to the seller once the legal formalities are complete. A deposit is usually needed, and the amount depends on the property value and your profile."
Please help: is there a branch in Singapore? Thank you,FIND,find_branch,"To find a branch, enter your area or city in the Locator and choose Branches. Each listing shows the address, working hours and the services offered, such as loans or locker facilities. Most branches are open on weekdays and some are open on Saturday mornings. Please reach out again if anything is unclear."
"Hey, I want to open a new account, what documents are required? Appreciate the help",ACCOUNT,create_account,"Sure, here is how this works. To start, choose the type of account that suits you, then fill in the application form online. You will need identity and address documents, and you may complete a short video verification. Once approved, your account details arrive by message and email, and your debit card is sent to your address."
Someone changed my phone number and email on my account and I am locked out. Can u help me with this?,RETAIL_EXCEPTION,identity_theft_account_takeover,"Thank you for flagging this quickly. Access to your online banking will be locked while we investigate. Our security team will verify your identity through a secure process, review recent changes and transactions, and help reset your details. Please tell us about any transaction you did not make, so it can be investigated. Please keep your reference number safe, and reply here if you need anything else."
"Good evening, cash was not dispensed at the ATM yet my account was debited. Please help",ATM,dispute_ATM_withdrawal,"Sorry about the trouble with the ATM. Please keep the receipt if you have one and raise a dispute through the app or by calling customer service. We will check the ATM records for the withdrawal and update you by message. If the money is confirmed as not dispensed, it will be returned to your account. Please reach out again if anything is unclear."
I need help. I lost my travel card and need to block it right now. Pls advise.,CARD,block_card,"You can block the card immediately in the mobile app. Go to Cards, choose the card and tap Block Card, then pick Lost or Stolen as the reason. The card stops working straight away and any new transactions are declined. We will then help you order a replacement, which usually arrives in a few working days. I am here if you need anything else."
"Hi, the ATM swallowed my card, what should I do? Thanks.",ATM,recover_swallowed_card,"Please do not worry, this happens sometimes. First, block the card in the app as a precaution until you have it back. Then contact the branch that owns the ATM or call customer service, and we will check if the card was retained by the machine. If it can be recovered you may collect it with valid photo ID, otherwise we will issue a replacement card to you."
"Urgent: someone may have my card details, how can I block the card immediately? I need this sorted today",CARD,block_card,"I am sorry to hear about this and I want to help sort it out. To protect your money, block the card first. Use the app under Cards and Block, or call the 24 hour phone banking line and ask for an immediate block. Once blocked, please review your recent transactions and tell us about any you do not recognise so we can look into them. If you need any further help, just let me know."
"Please help: card stolen abroad, need emergency replacement. Not sure what to do.",PAYMENT_EXCEPTION,lost_card_abroad_emergency,"That sounds very stressful. The first step is to block all lost cards so nobody can use them. Then our emergency support team can help with a replacement card delivered to your location or a cash advance, after confirming your identity. Please keep any police report reference, as it can help with disputed transactions. Please keep your reference number safe, and reply here if you need anything else."
"Excuse me, how can I avoid repossession of my house? Please advise",RETAIL_EXCEPTION,mortgage_arrears_support,"Thank you for reaching out. Falling behind on a mortgage is stressful, and there are steps we can explore together. A mortgage support specialist will review your account, your income and expenses, and discuss a plan that suits you. I am raising this as urgent so they contact you soon. Please keep your reference number safe, and reply here if you need anything else."
I need help. Please help me recover my login details. thx.,PASSWORD,get_password,"I am sorry you are locked out. On the login page, tap Forgot Password and enter your customer ID. We will send a one-time code to your registered mobile number, and after you enter it you can choose a new password. For security reasons we can never tell you your old password."
"Hello there, I need to withdraw cash in Rome, where can I find one of your ATMs? Appreciate the help.",FIND,find_ATM,"To locate an ATM, open the Locator in the app or on our website and search by city or landmark. Filters help you find machines that offer deposits, cheque drops or extended hours. Please remember that using an ATM outside our network may attract a fee. I am here if you need anything else."
"Urgent: the account holder cant sign anymore, what documents do I need to act for them? Pls advise",RETAIL_EXCEPTION,power_of_attorney_request,"I am sorry to hear that. Managing another person's account requires a valid legal authority, such as a registered power of attorney, and we need to verify it before giving access. Please prepare the original or certified copy of the document, your identification and the account holder details. A specialist will check the paperwork and explain what your authority allows, and I will arrange for them to contact you. If anything changes in the meantime, please let us know straight away."
"Good morning, tell me about the monthly maintenance fees on my savings account",FEES,check_fees,"I can help you understand the charges. Common fees include monthly maintenance, foreign transaction fees, ATM use outside our network and penalties for low balance. Your latest statement shows every fee that has been applied, and customer service can review any fee you believe was charged in error. If you need any further help, just let me know."
"hello, when is my next personal loan instalment due? appreciate the help.",LOAN,check_loan_payments,"Absolutely, let me walk you through it. To check your loan payments, log in and open Loans, then choose the loan. You will see what you have paid so far, what is left, and the next due date. If you would like to pay extra to reduce the balance, there is an option to make a part payment on the same screen. Let me know if there is anything more I can do for you."
"Hi team, I lost my prepaid card and need to block it right now. Any idea what to do",CARD,block_card,"That sounds frustrating, and I will do my best to help you resolve it. You can block the card immediately in the mobile app. Go to Cards, choose the card and tap Block Card, then pick Lost or Stolen as the reason. The card stops working straight away and any new transactions are declined. We will then help you order a replacement, which usually arrives in a few working days."
"Hi, what are the eligibility criteria for a home loan? Please help.",LOAN,apply_for_loan,"To apply for a loan, go to Loans in the app and select the type of loan you need. Enter the amount and tenure, upload the required documents and submit. Your eligibility is based on income, existing commitments and credit score, and you will see a decision and an offer once the review is complete. If you need any further help, just let me know."
I am going to Dublin soon. Can you turn on international usage for my card,CARD,activate_card_international_usage,"To use your card overseas, open Card Controls in the app and enable International Usage. It is a good idea to set a travel period and a daily limit. If you cannot use the app, phone banking can turn it on for you after verifying your identity. Feel free to ask if you have any other questions."
"Good evening, how can I reset my forgotten mobile banking password?",PASSWORD,get_password,"You can recover access in a few steps. Select Forgot Password on the login screen, verify your identity with the one-time code sent to your registered number, and set a new password. If you no longer have access to that number, please visit a branch with your identification to update it."
I need help. Pickpocketed in Chennai and all my cards are gone,PAYMENT_EXCEPTION,lost_card_abroad_emergency,"That sounds very stressful. The first step is to block all lost cards so nobody can use them. Then our emergency support team can help with a replacement card delivered to your location or a cash advance, after confirming your identity. Please keep any police report reference, as it can help with disputed transactions. If anything changes in the meantime, please let us know straight away."
I need help. When is my card annual fee charged and can it be waived? Please advise.,CARD,check_card_annual_fee,"Of course, happy to help. Annual fees vary by card, and many cards waive the fee after a certain level of yearly spending. Please check Fees and Charges for your card in the app to see your amount and the anniversary date. If you would like to ask about a waiver, customer service can review your eligibility. Please reach out again if anything is unclear."
"Hi team, I want to make a large purchase of GBP 51,650 but my card keeps getting declined. I need this sorted today",PAYMENT_EXCEPTION,large_transaction_blocked,"I understand the urgency. Large payments can be blocked because they go over your daily limit or because our security systems flagged them for extra checks. I cannot release a held payment from this chat, but I can help you confirm it is genuine. Please approve any alert on your app, or I can connect you to a specialist who will verify you and, where possible, release the payment or raise your limit temporarily. If anything changes in the meantime, please let us know straight away."
"Hello there, the ATM gave me less money than what was debited from my account. Please help.",ATM,dispute_ATM_withdrawal,"Sorry about the trouble with the ATM. Please keep the receipt if you have one and raise a dispute through the app or by calling customer service. We will check the ATM records for the withdrawal and update you by message. If the money is confirmed as not dispensed, it will be returned to your account."
"Good evening, the ATM gave me less money than what was debited from my account. Can you help me with this?",ATM,dispute_ATM_withdrawal,"Sorry about the trouble with the ATM. Please keep the receipt if you have one and raise a dispute through the app or by calling customer service. We will check the ATM records for the withdrawal and update you by message. If the money is confirmed as not dispensed, it will be returned to your account. I am here if you need anything else."
"Hi, pls enable international transactions on my card ending 4463. I need this sorted today.",CARD,activate_card_international_usage,"To use your card overseas, open Card Controls in the app and enable International Usage. It is a good idea to set a travel period and a daily limit. If you cannot use the app, phone banking can turn it on for you after verifying your identity."
"urgent: need to switch on my new card, what should i do? appreciate the help",CARD,activate_card,"Certainly, I can help with that. You can activate your card in two easy ways. In the mobile app, go to Cards, pick your card, and tap Activate. If you prefer, call the phone banking number printed on the back of the card and follow the voice prompts. After verification your card will be active within a few minutes."
"Excuse me, I want to open a new account, what documents are required?",ACCOUNT,create_account,"Absolutely, let me walk you through it. To start, choose the type of account that suits you, then fill in the application form online. You will need identity and address documents, and you may complete a short video verification. Once approved, your account details arrive by message and email, and your debit card is sent to your address."
"hi team, tell me about the monthly maintenance fees on my business account. appreciate the help.",FEES,check_fees,"Certainly, I can help with that. I can help you understand the charges. Common fees include monthly maintenance, foreign transaction fees, ATM use outside our network and penalties for low balance. Your latest statement shows every fee that has been applied, and customer service can review any fee you believe was charged in error. Let me know if there is anything more I can do for you."
Please help: how do I freeze my card temporarily? I cannot find it.,CARD,block_card,"To protect your money, block the card first. Use the app under Cards and Block, or call the 24 hour phone banking line and ask for an immediate block. Once blocked, please review your recent transactions and tell us about any you do not recognise so we can look into them. I am here if you need anything else."
"Hi, I want to cancel my personal loan application. Please advise.",LOAN,cancel_loan,"To cancel a loan application, tell us which application you mean and we will stop the process. Before disbursal there is normally no cost. After disbursal, the loan must be closed by repaying the outstanding amount, and we will give you the exact figure and any applicable charges."
Please help: what is the available balance on my prepaid card?,CARD,check_current_balance_on_card,"Certainly, I can help with that. To check your balance, log in to net banking or the app and open Cards. The card summary shows your current balance, available credit and the last statement amount. Balances update in near real time, but very recent transactions can take a short while to appear. I am here if you need anything else."
"I forgot my password, how do I get it back? Please advise.",PASSWORD,get_password,"I am sorry you are locked out. On the login page, tap Forgot Password and enter your customer ID. We will send a one-time code to your registered mobile number, and after you enter it you can choose a new password. For security reasons we can never tell you your old password. If you need any further help, just let me know."
"Good evening, I think I paid the wrong person GBP 1,260 and I am panicking. Not sure what to do.",PAYMENT_EXCEPTION,transfer_wrong_account,"Please stay calm, and thank you for telling us quickly, because speed matters. Payments to a wrong account cannot always be reversed, but we can send a recall request to the receiving bank for the GBP 1,260. Please share the transaction reference, the date and the account number you used. We will contact the other bank and, if the account holder agrees or the funds are still available, the money can be returned. If anything changes in the meantime, please let us know straight away."
I need help. Do you have ATMs that accept cash deposits nearby?,FIND,find_ATM,"To locate an ATM, open the Locator in the app or on our website and search by city or landmark. Filters help you find machines that offer deposits, cheque drops or extended hours. Please remember that using an ATM outside our network may attract a fee."
urgent: i want to close my salary account.,ACCOUNT,close_account,"To close the account, make sure there are no pending transactions, linked cards or loans. Request closure through the app under Account Services or visit a branch. We will transfer any remaining balance to the account you nominate and confirm once the account is closed. I am here if you need anything else."
"Hi, how do I freeze my card temporarily? I cannot find it. Thank you.",CARD,block_card,"I apologise for the trouble this has caused, let me help. You can block the card immediately in the mobile app. Go to Cards, choose the card and tap Block Card, then pick Lost or Stolen as the reason. The card stops working straight away and any new transactions are declined. We will then help you order a replacement, which usually arrives in a few working days. Let me know if there is anything more I can do for you."
"I need help. Sent 2,160 USD to a stranger by mistake earlier today. Can u help me with this",PAYMENT_EXCEPTION,transfer_wrong_account,"I am sorry this happened. Please raise a wrong transfer request in the app or with customer service right away with the payment reference. We will ask the receiving bank to hold and return the funds, but they need the account holder consent, so the timing can vary. A specialist will follow up with you. You can ask for a human agent at any time and I will arrange it."
"excuse me, can i see how much interest i have paid on my home loan? please help",LOAN,check_mortgage_payments,"Absolutely, let me walk you through it. In the app, open Loans and select your mortgage to see your monthly payment, the next due date, the remaining balance and the split between interest and principal. Statements and a yearly interest certificate can also be downloaded from the documents section. I am here if you need anything else."
"Good morning, the account number I typed was one digit off, and the payment went through. Any idea what to do?",PAYMENT_EXCEPTION,transfer_wrong_account,"I am sorry this happened. Please raise a wrong transfer request in the app or with customer service right away with the payment reference. We will ask the receiving bank to hold and return the funds, but they need the account holder consent, so the timing can vary. A specialist will follow up with you. Please keep your reference number safe, and reply here if you need anything else."
"Please help: can I get a loan for 67,280 USD over 12 months?",LOAN,apply_for_loan,"Thanks for reaching out, I can guide you through this. To apply for a loan, go to Loans in the app and select the type of loan you need. Enter the amount and tenure, upload the required documents and submit. Your eligibility is based on income, existing commitments and credit score, and you will see a decision and an offer once the review is complete. Please reach out again if anything is unclear."
What is the available balance on my platinum credit card? Appreciate the help,CARD,check_current_balance_on_card,"You can see your card balance in the mobile app under Cards. Select your platinum credit card to view the available limit, the outstanding amount and the payment due date. You can also get a quick balance by sending a text message from your registered number or by calling phone banking."
"Need to switch on my new card, what should I do? Please help",CARD,activate_card,"You can activate your card in two easy ways. In the mobile app, go to Cards, pick your card, and tap Activate. If you prefer, call the phone banking number printed on the back of the card and follow the voice prompts. After verification your card will be active within a few minutes. Feel free to ask if you have any other questions."
"hi, when is my card annual fee charged and can it be waived? appreciate the help.",CARD,check_card_annual_fee,"Of course, happy to help. Annual fees vary by card, and many cards waive the fee after a certain level of yearly spending. Please check Fees and Charges for your card in the app to see your amount and the anniversary date. If you would like to ask about a waiver, customer service can review your eligibility. I am here if you need anything else."
"hello there, how much do i pay every year to keep my card? i need this sorted today",CARD,check_card_annual_fee,"Certainly, I can help with that. Annual fees vary by card, and many cards waive the fee after a certain level of yearly spending. Please check Fees and Charges for your card in the app to see your amount and the anniversary date. If you would like to ask about a waiver, customer service can review your eligibility."
"Hello, how do I activate my new credit card? Thanks.",CARD,activate_card,"You can activate your card in two easy ways. In the mobile app, go to Cards, pick your card, and tap Activate. If you prefer, call the phone banking number printed on the back of the card and follow the voice prompts. After verification your card will be active within a few minutes. Let me know if there is anything more I can do for you."
"quick question: my card went missing last night, block it asap. any idea what to do",CARD,block_card,"I apologise for the trouble this has caused, let me help. You can block the card immediately in the mobile app. Go to Cards, choose the card and tap Block Card, then pick Lost or Stolen as the reason. The card stops working straight away and any new transactions are declined. We will then help you order a replacement, which usually arrives in a few working days."
"Hi team, what are your support hours? Pls help.",CONTACT,customer_service,"There are several ways to contact us. The quickest is the chat option in the app, which is available all day. You can also call the number printed on the back of your card or on our website, or visit any branch during opening hours."
How can I contact customer service? Thanks.,CONTACT,customer_service,"You can reach customer service by phone banking, through secure chat in the mobile app, or by email through the Contact Us section. Phone and chat support are available round the clock for urgent matters such as blocking a card, and other requests are handled during business hours. Please keep your customer ID handy so we can help you faster. I am here if you need anything else."
"Good evening, please help me recover my login details.",PASSWORD,get_password,"I am sorry you are locked out. On the login page, tap Forgot Password and enter your customer ID. We will send a one-time code to your registered mobile number, and after you enter it you can choose a new password. For security reasons we can never tell you your old password."
I want to cancel my personal loan application.,LOAN,cancel_loan,"To cancel a loan application, tell us which application you mean and we will stop the process. Before disbursal there is normally no cost. After disbursal, the loan must be closed by repaying the outstanding amount, and we will give you the exact figure and any applicable charges. Please reach out again if anything is unclear."
How much deposit do I need for a mortgage? Appreciate the help.,LOAN,apply_for_mortgage,"For a mortgage, the first step is to check how much you can borrow using the mortgage calculator in the app. Then submit an application with your identity, income and property details, and we will arrange a valuation of the property. After approval you receive a formal offer, and the funds are released to the seller once the legal formalities are complete. A deposit is usually needed, and the amount depends on the property value and your profile."
"The money I sent last night has not reached the receiver yet, the status still says processing. Please advise.",PAYMENT_EXCEPTION,transfer_pending_stuck,"Sorry for the delay. A transfer can stay pending if the receiving bank is slow, if the details do not match, or if the payment is under review. I have noted the delay and a specialist team will trace the payment. If it cannot be completed, the money is returned to your account. We will keep you updated by message until this is resolved."
urgent: my travel card ending 2408 arrived today. what are the steps to activate it? pls help.,CARD,activate_card,"You can activate your card in two easy ways. In the mobile app, go to Cards, pick your card, and tap Activate. If you prefer, call the phone banking number printed on the back of the card and follow the voice prompts. After verification your card will be active within a few minutes. If you need any further help, just let me know."
"hello, where do i activate the prepaid card i got last month?",CARD,activate_card,"You can activate your card in two easy ways. In the mobile app, go to Cards, pick your card, and tap Activate. If you prefer, call the phone banking number printed on the back of the card and follow the voice prompts. After verification your card will be active within a few minutes."
"Hello there, how much do I pay every year to keep my card?",CARD,check_card_annual_fee,"Thanks for reaching out, I can guide you through this. Annual fees vary by card, and many cards waive the fee after a certain level of yearly spending. Please check Fees and Charges for your card in the app to see your amount and the anniversary date. If you would like to ask about a waiver, customer service can review your eligibility. I am here if you need anything else."
"Excuse me, how do I send $1,780 to a friend's account? Please advise.",TRANSFER,make_transfer,"Of course, happy to help. To make a transfer, log in to the app or net banking and go to Transfers. Add the payee by entering the name, account number and bank code, then confirm the payee with a one-time code. Enter the amount of $1,780, choose the payment method, review the details and confirm. You will get a confirmation message with a reference number. If you need any further help, just let me know."
"Hi team, how can I remove someone from a joint account? Thank you.",RETAIL_EXCEPTION,joint_account_dispute,"Thank you for explaining. Changing the operating instruction on a joint account depends on the mandate, and sometimes a court order is needed. Our specialist team can review the account terms with you and tell you what can be done, such as requiring both signatures for withdrawals. I will connect you with them. Please keep your reference number safe, and reply here if you need anything else."
urgent: can i see my loan repayment schedule?,LOAN,check_loan_payments,"To check your loan payments, log in and open Loans, then choose the loan. You will see what you have paid so far, what is left, and the next due date. If you would like to pay extra to reduce the balance, there is an option to make a part payment on the same screen. Please reach out again if anything is unclear."
"Quick question: I have complained three times and nobody has solved my problem, I want to escalate",RETAIL_EXCEPTION,formal_complaint_escalation,"I am sorry that your issue has not been resolved, and you have every right to escalate. I can register a formal complaint now, which will be given a reference number and reviewed by our complaints team, who will respond in writing within the time required. If you are not satisfied with the final response, you can take the matter to the external financial ombudsman. It helps if you share the dates and details of your previous contacts. We will keep you updated by message until this is resolved."
How can I enable my debit card for use abroad? I am travelling to Bangkok. Can you help me with this?,CARD,activate_card_international_usage,"Certainly, I can help with that. International usage can be switched on from the mobile app. Go to Cards, select your debit card, open Card Controls and turn on International Transactions. You can also set the dates of your trip and a spending limit for extra safety. Changes usually take effect within a few minutes, so please do it before you leave."
"hello there, i need to transfer money to another bank, what are the steps?",TRANSFER,make_transfer,"You can send money in a few steps. Open Transfers, choose Send Money and select an existing payee or add a new one. Type in the amount, check the details carefully because transfers to the wrong account can be hard to reverse, and approve with your security code. Instant methods arrive within minutes, while standard transfers can take up to one working day. Let me know if there is anything more I can do for you."
"hi team, atm retained my card ending 3358, how do i recover it? thanks",ATM,recover_swallowed_card,"I am sorry that the ATM kept your card. For your safety, I suggest blocking the card right away in the app. We will then arrange either collection from the ATM branch with identification or a replacement card sent to your address, usually within a few working days."
Urgent: how do I see my card balance and available limit?,CARD,check_current_balance_on_card,"To check your balance, log in to net banking or the app and open Cards. The card summary shows your current balance, available credit and the last statement amount. Balances update in near real time, but very recent transactions can take a short while to appear. Feel free to ask if you have any other questions."
"Excuse me, how can I add a new payee and transfer funds? Any idea what to do?",TRANSFER,make_transfer,"Certainly, I can help with that. You can send money in a few steps. Open Transfers, choose Send Money and select an existing payee or add a new one. Type in the amount, check the details carefully because transfers to the wrong account can be hard to reverse, and approve with your security code. Instant methods arrive within minutes, while standard transfers can take up to one working day. If you need any further help, just let me know."
"good morning, i want to know my outstanding amount on the credit card. not sure what to do.",CARD,check_current_balance_on_card,"Certainly, I can help with that. To check your balance, log in to net banking or the app and open Cards. The card summary shows your current balance, available credit and the last statement amount. Balances update in near real time, but very recent transactions can take a short while to appear. Please reach out again if anything is unclear."
"Hey, how can I reset my forgotten mobile banking password? Not sure what to do.",PASSWORD,get_password,"You can recover access in a few steps. Select Forgot Password on the login screen, verify your identity with the one-time code sent to your registered number, and set a new password. If you no longer have access to that number, please visit a branch with your identification to update it."
urgent: how much is my monthly mortgage payment? thanks.,LOAN,check_mortgage_payments,"Your mortgage details are available under Loans. There you can view the payment amount, upcoming due dates, the balance still owed and a summary of interest paid. If your payment changes because of a rate change, we will notify you in advance."
"good evening, i want to reverse the payment i just made, is that possible? please help",TRANSFER,cancel_transfer,"Please act quickly. For transfers that have not been processed yet, use Cancel next to the transfer in your pending list. For completed transfers, raise a recall request from the same screen or through customer service, and keep the transaction reference handy. We will update you as soon as we hear back from the other bank. Feel free to ask if you have any other questions."
"Good morning, how do I stop a transfer I made this morning? Not sure what to do",TRANSFER,cancel_transfer,"Sure, here is how this works. Please act quickly. For transfers that have not been processed yet, use Cancel next to the transfer in your pending list. For completed transfers, raise a recall request from the same screen or through customer service, and keep the transaction reference handy. We will update you as soon as we hear back from the other bank."
Urgent: where can I download my statement for the last 10 days,ACCOUNT,check_recent_transactions,"To review your recent activity, log in and choose the account, then select Recent Transactions. Pending items are shown separately from completed ones. If something looks unfamiliar, tap it to see the details and report it directly from that screen. I am here if you need anything else."
How do I view what I spent this week? Please advise.,ACCOUNT,check_recent_transactions,"Of course, happy to help. To review your recent activity, log in and choose the account, then select Recent Transactions. Pending items are shown separately from completed ones. If something looks unfamiliar, tap it to see the details and report it directly from that screen. If you need any further help, just let me know."
"Good morning, can you help me activate my card? It has not been used yet. Not sure what to do.",CARD,activate_card,"You can activate your card in two easy ways. In the mobile app, go to Cards, pick your card, and tap Activate. If you prefer, call the phone banking number printed on the back of the card and follow the voice prompts. After verification your card will be active within a few minutes. Please reach out again if anything is unclear."
"excuse me, we decided not to buy the house, how do i cancel the mortgage? thank you.",LOAN,cancel_mortgage,"Thanks for reaching out, I can guide you through this. I can help you withdraw the mortgage application. Please contact our mortgage team through the app or at a branch and confirm the application reference. If the valuation or legal work has already started, some third party fees might still apply. Once cancelled, you will receive written confirmation."
"Good morning, what is the outstanding balance on my business loan? Appreciate the help.",LOAN,check_loan_payments,"You can see your repayment details in the app under Loans. Select your business loan to view the instalment amount, the next due date, the number of payments remaining and the total outstanding balance. The full repayment schedule can also be downloaded as a document. Feel free to ask if you have any other questions."
Where do I activate the prepaid card I got this morning? Can u help me with this?,CARD,activate_card,"Certainly, I can help with that. First, open the mobile app or net banking and go to the Cards section. Then select your prepaid card and choose Activate Card. You will receive a one-time code on your registered mobile number, so enter it to confirm. Once that is done, the card is active and ready to use straight away. Please reach out again if anything is unclear."
what is the customer care number? please help.,CONTACT,customer_service,"Certainly, I can help with that. There are several ways to contact us. The quickest is the chat option in the app, which is available all day. You can also call the number printed on the back of your card or on our website, or visit any branch during opening hours. Let me know if there is anything more I can do for you."
"Good morning, I have a power of attorney document, how do I register it with the bank?",RETAIL_EXCEPTION,power_of_attorney_request,"I am sorry to hear that. Managing another person's account requires a valid legal authority, such as a registered power of attorney, and we need to verify it before giving access. Please prepare the original or certified copy of the document, your identification and the account holder details. A specialist will check the paperwork and explain what your authority allows, and I will arrange for them to contact you. If you would like, I can connect you with a human agent right now."
"Quick question: I want to reverse the payment I just made, is that possible? Thanks",TRANSFER,cancel_transfer,"Please act quickly. For transfers that have not been processed yet, use Cancel next to the transfer in your pending list. For completed transfers, raise a recall request from the same screen or through customer service, and keep the transaction reference handy. We will update you as soon as we hear back from the other bank. If you need any further help, just let me know."
"Urgent, travelling and card blocked, I cant pay my hotel. Appreciate the help",PAYMENT_EXCEPTION,card_declined_while_travelling,"Sorry about the inconvenience, especially while you are travelling. Please check that international transactions are enabled and that you have not reached your daily limit. Because this is urgent, I recommend calling the emergency line on the back of the card, where an agent can verify you and remove any block. Emergency cash or a replacement card can be arranged if needed. You can ask for a human agent at any time and I will arrange it."
"hey, how do i shut down my account permanently?",ACCOUNT,close_account,"Sure, here is how this works. To close the account, make sure there are no pending transactions, linked cards or loans. Request closure through the app under Account Services or visit a branch. We will transfer any remaining balance to the account you nominate and confirm once the account is closed. I am here if you need anything else."
"Urgent: my brother died and I am the nominee on his account, what should I do? Please help.",RETAIL_EXCEPTION,deceased_account_holder,"I am very sorry for your loss. Please take your time, and we will make this as simple as we can. To begin, please inform us of the death by contacting our bereavement team, who will guide you personally. You will usually need a copy of the death certificate, your own identification and proof of your relationship, and if you are the nominee, the nomination details. Because this involves legal steps, a specialist will handle your request and explain the timeline. We will keep you updated by message until this is resolved."
Quick question: I am not satisfied with the resolution and want to take this to the ombudsman. Any idea what to do?,RETAIL_EXCEPTION,formal_complaint_escalation,"I am sorry that your issue has not been resolved, and you have every right to escalate. I can register a formal complaint now, which will be given a reference number and reviewed by our complaints team, who will respond in writing within the time required. If you are not satisfied with the final response, you can take the matter to the external financial ombudsman. It helps if you share the dates and details of your previous contacts. If anything changes in the meantime, please let us know straight away."
Is there a fee if my balance drops below the minimum? Please help.,FEES,check_fees,"Thanks for reaching out, I can guide you through this. I can help you understand the charges. Common fees include monthly maintenance, foreign transaction fees, ATM use outside our network and penalties for low balance. Your latest statement shows every fee that has been applied, and customer service can review any fee you believe was charged in error. Feel free to ask if you have any other questions."
"Good evening, what is the process to get a mortgage for a house worth EUR 233,130? Not sure what to do.",LOAN,apply_for_mortgage,"For a mortgage, the first step is to check how much you can borrow using the mortgage calculator in the app. Then submit an application with your identity, income and property details, and we will arrange a valuation of the property. After approval you receive a formal offer, and the funds are released to the seller once the legal formalities are complete. A deposit is usually needed, and the amount depends on the property value and your profile. Feel free to ask if you have any other questions."
"Hey, where do I activate the debit card I got three days ago? Thanks",CARD,activate_card,"First, open the mobile app or net banking and go to the Cards section. Then select your debit card and choose Activate Card. You will receive a one-time code on your registered mobile number, so enter it to confirm. Once that is done, the card is active and ready to use straight away."
I need help. How can I check how much credit I have left on my card? Thank you.,CARD,check_current_balance_on_card,"To check your balance, log in to net banking or the app and open Cards. The card summary shows your current balance, available credit and the last statement amount. Balances update in near real time, but very recent transactions can take a short while to appear. If you need any further help, just let me know."
urgent: show me my recent activity on the business account. thanks,ACCOUNT,check_recent_transactions,"You can see recent transactions in the app or net banking. Open your business account and tap Transactions to view the latest activity, and use the filters to search by date or amount. Statements for earlier periods can be downloaded as a PDF from the Statements section."
Quick question: my savings account has been frozen and I do not know why.,RETAIL_EXCEPTION,account_frozen_kyc,"I understand how stressful it is to have an account restricted. Accounts are sometimes frozen when identity documents are missing or expired, or when a compliance review is needed. I cannot lift a restriction from this chat, but I can raise a priority request with our account services team. Please keep your photo ID, proof of address and recent photograph ready, and a specialist will contact you with the exact documents required. If anything changes in the meantime, please let us know straight away."
Quick question: I want to cancel my credit card permanently. Please help.,CARD,cancel_card,I can guide you through cancelling your card. First check that there are no pending transactions or unpaid dues. Then submit a cancellation request through the app or by phone banking. You will get a confirmation message once the card is closed. I am here if you need anything else.
"Hi team, how do I see my card balance and available limit? Not sure what to do.",CARD,check_current_balance_on_card,"Certainly, I can help with that. To check your balance, log in to net banking or the app and open Cards. The card summary shows your current balance, available credit and the last statement amount. Balances update in near real time, but very recent transactions can take a short while to appear. If you need any further help, just let me know."
How do I activate my new travel card? Thank you.,CARD,activate_card,"You can activate your card in two easy ways. In the mobile app, go to Cards, pick your card, and tap Activate. If you prefer, call the phone banking number printed on the back of the card and follow the voice prompts. After verification your card will be active within a few minutes. Please reach out again if anything is unclear."
"I need help. We are buying our first home and need a mortgage, where do we start? Thank you.",LOAN,apply_for_mortgage,"For a mortgage, the first step is to check how much you can borrow using the mortgage calculator in the app. Then submit an application with your identity, income and property details, and we will arrange a valuation of the property. After approval you receive a formal offer, and the funds are released to the seller once the legal formalities are complete. A deposit is usually needed, and the amount depends on the property value and your profile. Let me know if there is anything more I can do for you."
"Quick question: I sent GBP 2,330 to the wrong person, can I cancel the transfer? Any idea what to do?",TRANSFER,cancel_transfer,"If the transfer of GBP 2,330 is still pending or scheduled, you can cancel it in the app. Go to Transfers, open Pending or Scheduled, select the transfer and tap Cancel. If it has already been completed, it cannot be cancelled directly, but you can raise a request and we will contact the receiving bank to ask for the money back. Success depends on the receiving bank and the account holder agreeing to return it."
"Hi team, the ATM gave me less money than what was debited from my account. Appreciate the help",ATM,dispute_ATM_withdrawal,"Sorry about the trouble with the ATM. Please keep the receipt if you have one and raise a dispute through the app or by calling customer service. We will check the ATM records for the withdrawal and update you by message. If the money is confirmed as not dispensed, it will be returned to your account. Let me know if there is anything more I can do for you."
"Good morning, what is the annual fee for my credit card? Not sure what to do.",CARD,check_card_annual_fee,"The annual fee depends on the type of card you hold. You can see the exact amount for your credit card in the app under Cards and Card Details, and it is also listed in your welcome kit. The fee is normally charged once a year on the card anniversary date. Some cards offer a waiver if you reach a yearly spending target. I am here if you need anything else."
I need help. Cancel my savings account and send me the balance. Any idea what to do?,ACCOUNT,close_account,"Sure, here is how this works. To close the account, make sure there are no pending transactions, linked cards or loans. Request closure through the app under Account Services or visit a branch. We will transfer any remaining balance to the account you nominate and confirm once the account is closed."
"Excuse me, how can I add a new payee and transfer funds? I need this sorted today.",TRANSFER,make_transfer,"You can send money in a few steps. Open Transfers, choose Send Money and select an existing payee or add a new one. Type in the amount, check the details carefully because transfers to the wrong account can be hard to reverse, and approve with your security code. Instant methods arrive within minutes, while standard transfers can take up to one working day. Please reach out again if anything is unclear."
"urgent: the atm swallowed my card, what should i do? please help",ATM,recover_swallowed_card,"I am sorry that the ATM kept your card. For your safety, I suggest blocking the card right away in the app. We will then arrange either collection from the ATM branch with identification or a replacement card sent to your address, usually within a few working days."
I need help. How can I reset my forgotten mobile banking password? Please advise,PASSWORD,get_password,"I am sorry you are locked out. On the login page, tap Forgot Password and enter your customer ID. We will send a one-time code to your registered mobile number, and after you enter it you can choose a new password. For security reasons we can never tell you your old password. I am here if you need anything else."
Please tell me the current balance on the card ending 7577. Please advise.,CARD,check_current_balance_on_card,"To check your balance, log in to net banking or the app and open Cards. The card summary shows your current balance, available credit and the last statement amount. Balances update in near real time, but very recent transactions can take a short while to appear. If you need any further help, just let me know."
"Hey, what are the opening hours of the branch near the bus terminal? Any idea what to do?",FIND,find_branch,"Certainly, I can help with that. You can find branches using the Locator in the app or on our website. Search by city or a landmark like the bus terminal, and you will see the address, opening hours and services available at each branch. Many branches allow you to book an appointment in advance, which reduces waiting time. Feel free to ask if you have any other questions."
Quick question: what documents do I need to update my name with the bank? Appreciate the help.,RETAIL_EXCEPTION,legal_name_change,"To change your name in our records, we need proof of the legal name change, such as a marriage certificate, a gazette notification or a deed poll, together with your identification. Please upload the documents in the app under Profile or visit a branch, and we will update your accounts and cards. Because this affects several products, the update may take a few working days, and we will notify you when it is complete. We will keep you updated by message until this is resolved."
"Good evening, I disagree with the unarranged overdraft fee on my statement.",RETAIL_EXCEPTION,overdraft_fee_dispute,"Thanks for explaining. To review the fee, we need to see the order in which the deposit and the payments were processed. I will raise a request for the fee to be reviewed, and you will hear back with the outcome. In some cases, especially after a delayed salary, the fee can be waived."
what is the customer care number? i need this sorted today.,CONTACT,customer_service,"Of course, happy to help. There are several ways to contact us. The quickest is the chat option in the app, which is available all day. You can also call the number printed on the back of your card or on our website, or visit any branch during opening hours. I am here if you need anything else."
"Quick question: ATM retained my card ending 1712, how do I recover it?",ATM,recover_swallowed_card,"Please do not worry, this happens sometimes. First, block the card in the app as a precaution until you have it back. Then contact the branch that owns the ATM or call customer service, and we will check if the card was retained by the machine. If it can be recovered you may collect it with valid photo ID, otherwise we will issue a replacement card to you. If you need any further help, just let me know."
I want to close my salary account. Please help,ACCOUNT,close_account,"I can explain how to close your salary account. Please first clear any dues, cancel standing instructions and move the remaining balance to another account. Then submit a closure request through customer service or at a branch with valid identification. Once processed, you will receive written confirmation and the final statement. Feel free to ask if you have any other questions."
"Hello, I need to inform the bank about the death of my husband and settle his accounts.",RETAIL_EXCEPTION,deceased_account_holder,"My condolences to you and your family. Accounts of a deceased customer are handled by a dedicated team with care. Please share the death certificate and your identification, and they will explain how the balance is released to the nominee or legal heir and how the account is closed. I will connect you with them, so you do not have to repeat yourself. We will keep you updated by message until this is resolved."
Urgent: I want to freeze the joint account until we settle things. Not sure what to do.,RETAIL_EXCEPTION,joint_account_dispute,"I am sorry you are going through this. Joint accounts are governed by the mandate that was agreed when they were opened, and changes such as removing a holder or freezing the account usually need the consent of all holders, or a legal instruction. I can arrange for a specialist to explain your options and what proof would be required. Please keep in mind that we cannot take sides, and for serious disputes it can help to seek legal advice."
Quick question: how much is my monthly mortgage payment? I need this sorted today.,LOAN,check_mortgage_payments,"Thanks for reaching out, I can guide you through this. Your mortgage details are available under Loans. There you can view the payment amount, upcoming due dates, the balance still owed and a summary of interest paid. If your payment changes because of a rate change, we will notify you in advance. Feel free to ask if you have any other questions."
"Hey, how do I view what I spent this week? Appreciate the help.",ACCOUNT,check_recent_transactions,"To review your recent activity, log in and choose the account, then select Recent Transactions. Pending items are shown separately from completed ones. If something looks unfamiliar, tap it to see the details and report it directly from that screen."
"I am elderly and find the app very hard to use, can someone help me with my banking? Not sure what to do.",RETAIL_EXCEPTION,vulnerable_customer_support,"Thank you for telling us, and please know that we are here to help in a way that works for you. We offer support such as large print or audio statements, assisted banking at branches, a dedicated helpline with priority handling and, in some areas, home visits. If you are worried about a suspicious call, please do not share any codes or personal details, and we will help you check it. I will connect you with our customer care specialists to set up the support you need. If you would like, I can connect you with a human agent right now."
"Excuse me, what is the outstanding balance on my home loan? I need this sorted today",LOAN,check_loan_payments,"To check your loan payments, log in and open Loans, then choose the loan. You will see what you have paid so far, what is left, and the next due date. If you would like to pay extra to reduce the balance, there is an option to make a part payment on the same screen. If you need any further help, just let me know."
quick question: what do i need to do before closing my business account? pls advise.,ACCOUNT,close_account,"Thanks for reaching out, I can guide you through this. I can explain how to close your business account. Please first clear any dues, cancel standing instructions and move the remaining balance to another account. Then submit a closure request through customer service or at a branch with valid identification. Once processed, you will receive written confirmation and the final statement."
"Quick question: please block my card ending 0751, I think it was stolen.",CARD,block_card,"That sounds frustrating, and I will do my best to help you resolve it. To protect your money, block the card first. Use the app under Cards and Block, or call the 24 hour phone banking line and ask for an immediate block. Once blocked, please review your recent transactions and tell us about any you do not recognise so we can look into them. Please reach out again if anything is unclear."
How do I set up a password for net banking? Can you help me with this?,PASSWORD,set_up_password,"Thanks for reaching out, I can guide you through this. To set up or change your password, log in and go to Settings and then Security. Choose Change Password, enter your current password, and type the new one twice. A strong password uses at least eight characters with a mix of letters, numbers and symbols, and should not include your name or birth date. If you need any further help, just let me know."
"Please help: the ATM did not give me the full cash but the money was deducted, I withdrew INR 2,120. thx.",ATM,dispute_ATM_withdrawal,"Sorry about the trouble with the ATM. Please keep the receipt if you have one and raise a dispute through the app or by calling customer service. We will check the ATM records for the withdrawal and update you by message. If the money is confirmed as not dispensed, it will be returned to your account."
I need help. Please cancel the card ending 8938. Thank you,CARD,cancel_card,I can guide you through cancelling your card. First check that there are no pending transactions or unpaid dues. Then submit a cancellation request through the app or by phone banking. You will get a confirmation message once the card is closed. Please reach out again if anything is unclear.
"Excuse me, when is my next student loan instalment due? Please advise.",LOAN,check_loan_payments,"Absolutely, let me walk you through it. You can see your repayment details in the app under Loans. Select your student loan to view the instalment amount, the next due date, the number of payments remaining and the total outstanding balance. The full repayment schedule can also be downloaded as a document. Feel free to ask if you have any other questions."
"Urgent: the seller is not responding and I want my $1,850 back through my card. Can you help me with this?",PAYMENT_EXCEPTION,chargeback_request,"Thank you for the details. A card dispute can be raised for items not received or not as described. We will need your order confirmation and any communication with the seller. Our disputes team will assess the claim and let you know whether the amount can be recovered. If anything changes in the meantime, please let us know straight away."
"Hello, what is the process to allow foreign transactions on my card before my trip? Pls advise.",CARD,activate_card_international_usage,"To use your card overseas, open Card Controls in the app and enable International Usage. It is a good idea to set a travel period and a daily limit. If you cannot use the app, phone banking can turn it on for you after verifying your identity. I am here if you need anything else."
"good evening, can i see how much interest i have paid on my home loan? thank you.",LOAN,check_mortgage_payments,"Your mortgage details are available under Loans. There you can view the payment amount, upcoming due dates, the balance still owed and a summary of interest paid. If your payment changes because of a rate change, we will notify you in advance."
"Excuse me, my card was declined in Istanbul and I am stuck without money. Appreciate the help.",PAYMENT_EXCEPTION,card_declined_while_travelling,"Sorry about the inconvenience, especially while you are travelling. Please check that international transactions are enabled and that you have not reached your daily limit. Because this is urgent, I recommend calling the emergency line on the back of the card, where an agent can verify you and remove any block. Emergency cash or a replacement card can be arranged if needed."
"Hi, what is the remaining balance on my mortgage?",LOAN,check_mortgage_payments,"Your mortgage details are available under Loans. There you can view the payment amount, upcoming due dates, the balance still owed and a summary of interest paid. If your payment changes because of a rate change, we will notify you in advance. Feel free to ask if you have any other questions."
"Hello, where can I download my statement for the last 2 days?",ACCOUNT,check_recent_transactions,"Certainly, I can help with that. To review your recent activity, log in and choose the account, then select Recent Transactions. Pending items are shown separately from completed ones. If something looks unfamiliar, tap it to see the details and report it directly from that screen. Feel free to ask if you have any other questions."
"please help: we are buying our first home and need a mortgage, where do we start? thank you.",LOAN,apply_for_mortgage,"For a mortgage, the first step is to check how much you can borrow using the mortgage calculator in the app. Then submit an application with your identity, income and property details, and we will arrange a valuation of the property. After approval you receive a formal offer, and the funds are released to the seller once the legal formalities are complete. A deposit is usually needed, and the amount depends on the property value and your profile. I am here if you need anything else."
"Hello, where can I download my statement for the last 6 days? Any idea what to do?",ACCOUNT,check_recent_transactions,"Absolutely, let me walk you through it. To review your recent activity, log in and choose the account, then select Recent Transactions. Pending items are shown separately from completed ones. If something looks unfamiliar, tap it to see the details and report it directly from that screen. Let me know if there is anything more I can do for you."
"Excuse me, how do I apply for a personal loan? Please help.",LOAN,apply_for_loan,"To apply for a loan, go to Loans in the app and select the type of loan you need. Enter the amount and tenure, upload the required documents and submit. Your eligibility is based on income, existing commitments and credit score, and you will see a decision and an offer once the review is complete. Please reach out again if anything is unclear."
Where do I activate the platinum credit card I got last month? I need this sorted today.,CARD,activate_card,"Absolutely, let me walk you through it. First, open the mobile app or net banking and go to the Cards section. Then select your platinum credit card and choose Activate Card. You will receive a one-time code on your registered mobile number, so enter it to confirm. Once that is done, the card is active and ready to use straight away. I am here if you need anything else."
Please help: my card was declined in Berlin and I am stuck without money. I need this sorted today.,PAYMENT_EXCEPTION,card_declined_while_travelling,"Sorry about the inconvenience, especially while you are travelling. Please check that international transactions are enabled and that you have not reached your daily limit. Because this is urgent, I recommend calling the emergency line on the back of the card, where an agent can verify you and remove any block. Emergency cash or a replacement card can be arranged if needed. We will keep you updated by message until this is resolved."
"I need help. How do I send EUR 2,220 to a friend's account? Can you help me with this?",TRANSFER,make_transfer,"To make a transfer, log in to the app or net banking and go to Transfers. Add the payee by entering the name, account number and bank code, then confirm the payee with a one-time code. Enter the amount of EUR 2,220, choose the payment method, review the details and confirm. You will get a confirmation message with a reference number. Let me know if there is anything more I can do for you."
Pls help: what is the fastest way to send money to someone? Pls help.,TRANSFER,make_transfer,"Absolutely, let me walk you through it. You can send money in a few steps. Open Transfers, choose Send Money and select an existing payee or add a new one. Type in the amount, check the details carefully because transfers to the wrong account can be hard to reverse, and approve with your security code. Instant methods arrive within minutes, while standard transfers can take up to one working day. Please reach out again if anything is unclear."
"Hello there, I need to withdraw cash in Paris, where can I find one of your ATMs? Can you help me with this?",FIND,find_ATM,"Of course, happy to help. To locate an ATM, open the Locator in the app or on our website and search by city or landmark. Filters help you find machines that offer deposits, cheque drops or extended hours. Please remember that using an ATM outside our network may attract a fee. Let me know if there is anything more I can do for you."
What do I need to do before closing my student account?,ACCOUNT,close_account,"To close the account, make sure there are no pending transactions, linked cards or loans. Request closure through the app under Account Services or visit a branch. We will transfer any remaining balance to the account you nominate and confirm once the account is closed."
"Good morning, I want to talk to a real person. Appreciate the help.",CONTACT,human_agent,"Certainly, I can arrange for one of our advisors to help you. I am transferring you now, and I will share the details of our conversation so you do not need to repeat yourself. If the queue is long, you can choose to receive a call back instead. If you need any further help, just let me know."
"Good evening, the ATM swallowed my card, what should I do? Pls help",ATM,recover_swallowed_card,"Please do not worry, this happens sometimes. First, block the card in the app as a precaution until you have it back. Then contact the branch that owns the ATM or call customer service, and we will check if the card was retained by the machine. If it can be recovered you may collect it with valid photo ID, otherwise we will issue a replacement card to you. I am here if you need anything else."
"Please help: I need to visit a branch, can you help me find one? Any idea what to do?",FIND,find_branch,"Certainly, I can help with that. To find a branch, enter your area or city in the Locator and choose Branches. Each listing shows the address, working hours and the services offered, such as loans or locker facilities. Most branches are open on weekdays and some are open on Saturday mornings. If you need any further help, just let me know."
"good morning, i disagree with the unarranged overdraft fee on my statement. i need this sorted today.",RETAIL_EXCEPTION,overdraft_fee_dispute,"Thanks for explaining. To review the fee, we need to see the order in which the deposit and the payments were processed. I will raise a request for the fee to be reviewed, and you will hear back with the outcome. In some cases, especially after a delayed salary, the fee can be waived. If you would like, I can connect you with a human agent right now."
What are the eligibility criteria for a business loan? Please help.,LOAN,apply_for_loan,"To apply for a loan, go to Loans in the app and select the type of loan you need. Enter the amount and tenure, upload the required documents and submit. Your eligibility is based on income, existing commitments and credit score, and you will see a decision and an offer once the review is complete."
"Hi team, I want to open a new account, what documents are required? Thanks",ACCOUNT,create_account,"Absolutely, let me walk you through it. To start, choose the type of account that suits you, then fill in the application form online. You will need identity and address documents, and you may complete a short video verification. Once approved, your account details arrive by message and email, and your debit card is sent to your address."
"excuse me, i would like to stop my card, it has an annual fee i do not want to pay.",CARD,cancel_card,"Certainly, I can help with that. I can guide you through cancelling your card. First check that there are no pending transactions or unpaid dues. Then submit a cancellation request through the app or by phone banking. You will get a confirmation message once the card is closed. I am here if you need anything else."
Please help: I want to cancel my prepaid card permanently. Appreciate the help.,CARD,cancel_card,"Certainly, I can help with that. I can guide you through cancelling your card. First check that there are no pending transactions or unpaid dues. Then submit a cancellation request through the app or by phone banking. You will get a confirmation message once the card is closed. Please reach out again if anything is unclear."
"Good morning, what is the annual fee for my debit card?",CARD,check_card_annual_fee,"The annual fee depends on the type of card you hold. You can see the exact amount for your debit card in the app under Cards and Card Details, and it is also listed in your welcome kit. The fee is normally charged once a year on the card anniversary date. Some cards offer a waiver if you reach a yearly spending target. Please reach out again if anything is unclear."
"hello there, my card ending 4865 has unknown purchases that appeared earlier today, please help urgently.",PAYMENT_EXCEPTION,card_fraud_unauthorized_transaction,"Thank you for reporting this quickly. Your card should be blocked immediately to prevent more misuse, and the disputed transactions will be flagged for our fraud team. They will review the details, and where a transaction is confirmed as fraudulent the amount is normally returned to your account after the investigation. A specialist will reach out to collect a few more details."
"I need help. I dont want a bot, please connect me to an advisor. Can you help me with this",CONTACT,human_agent,"Of course. I will connect you with a human agent now. Please stay in this chat, and it helps if you briefly describe your issue so the agent can pick up straight away. Waiting times can vary, and if it is not urgent you can also request a call back at a time that suits you. I am here if you need anything else."
Quick question: can I see my loan repayment schedule?,LOAN,check_loan_payments,"To check your loan payments, log in and open Loans, then choose the loan. You will see what you have paid so far, what is left, and the next due date. If you would like to pay extra to reduce the balance, there is an option to make a part payment on the same screen. If you need any further help, just let me know."
"Hello there, the bank stopped my big payment for 40,360 dollars, why? Please advise.",PAYMENT_EXCEPTION,large_transaction_blocked,"I understand the urgency. Large payments can be blocked because they go over your daily limit or because our security systems flagged them for extra checks. I cannot release a held payment from this chat, but I can help you confirm it is genuine. Please approve any alert on your app, or I can connect you to a specialist who will verify you and, where possible, release the payment or raise your limit temporarily. If you would like, I can connect you with a human agent right now."
Urgent: I want to talk to a real person. Thank you,CONTACT,human_agent,"Of course. I will connect you with a human agent now. Please stay in this chat, and it helps if you briefly describe your issue so the agent can pick up straight away. Waiting times can vary, and if it is not urgent you can also request a call back at a time that suits you."
Please help: payment stuck in processing for 5 days and my rent is due. Thanks.,PAYMENT_EXCEPTION,transfer_pending_stuck,"I understand how worrying it is when a payment is delayed. Most transfers complete within one working day, but some can be held for security checks or because of details that need correcting. Please check the transaction status and reference number in the app. Since it has been 5 days, I will raise this as a payment investigation so a specialist can trace the payment with the receiving bank and update you. You can ask for a human agent at any time and I will arrange it."
Please help: can I get someone to visit me at home for banking services? Not sure what to do.,RETAIL_EXCEPTION,vulnerable_customer_support,"Thank you for telling us, and please know that we are here to help in a way that works for you. We offer support such as large print or audio statements, assisted banking at branches, a dedicated helpline with priority handling and, in some areas, home visits. If you are worried about a suspicious call, please do not share any codes or personal details, and we will help you check it. I will connect you with our customer care specialists to set up the support you need. Please keep your reference number safe, and reply here if you need anything else."
"Excuse me, what are the eligibility criteria for a personal loan",LOAN,apply_for_loan,"Thanks for reaching out, I can guide you through this. You can apply for a personal loan online or at a branch. Please keep your identity proof, address proof, recent salary slips or income proof, and bank statements ready. After you submit the application, we check your eligibility and credit history and share an offer with the interest rate and repayment plan. Once you accept, the money is usually credited within a few working days."
How can I withdraw my home loan request? Thank you.,LOAN,cancel_mortgage,"To cancel a mortgage application, send a withdrawal request with your application reference. Any costs already incurred for valuation or legal checks may not be refundable. We will confirm the cancellation in writing and close the file. If you need any further help, just let me know."
"I want to open a new account, what documents are required? Thank you.",ACCOUNT,create_account,"Sure, here is how this works. To start, choose the type of account that suits you, then fill in the application form online. You will need identity and address documents, and you may complete a short video verification. Once approved, your account details arrive by message and email, and your debit card is sent to your address."
I need help. I am not satisfied with the resolution and want to take this to the ombudsman. I need this sorted today.,RETAIL_EXCEPTION,formal_complaint_escalation,"I am sorry that your issue has not been resolved, and you have every right to escalate. I can register a formal complaint now, which will be given a reference number and reviewed by our complaints team, who will respond in writing within the time required. If you are not satisfied with the final response, you can take the matter to the external financial ombudsman. It helps if you share the dates and details of your previous contacts."
Urgent: I want to talk to a real person. Please help.,CONTACT,human_agent,"Of course. I will connect you with a human agent now. Please stay in this chat, and it helps if you briefly describe your issue so the agent can pick up straight away. Waiting times can vary, and if it is not urgent you can also request a call back at a time that suits you."
"Hi team, can I see my last transactions? Any idea what to do?",ACCOUNT,check_recent_transactions,"Thanks for reaching out, I can guide you through this. To review your recent activity, log in and choose the account, then select Recent Transactions. Pending items are shown separately from completed ones. If something looks unfamiliar, tap it to see the details and report it directly from that screen. Let me know if there is anything more I can do for you."
"Urgent: I cannot log in to net banking, I do not remember my password. I need this sorted today.",PASSWORD,get_password,"I am sorry you are locked out. On the login page, tap Forgot Password and enter your customer ID. We will send a one-time code to your registered mobile number, and after you enter it you can choose a new password. For security reasons we can never tell you your old password. Feel free to ask if you have any other questions."
"hello, i have a visual impairment and cannot read the statements, what support do you offer?",RETAIL_EXCEPTION,vulnerable_customer_support,"Thank you for telling us, and please know that we are here to help in a way that works for you. We offer support such as large print or audio statements, assisted banking at branches, a dedicated helpline with priority handling and, in some areas, home visits. If you are worried about a suspicious call, please do not share any codes or personal details, and we will help you check it. I will connect you with our customer care specialists to set up the support you need. Please keep your reference number safe, and reply here if you need anything else."
"Hello there, I am behind on my mortgage payments and worried about losing my home. Can you help me with this?",RETAIL_EXCEPTION,mortgage_arrears_support,"I understand how worrying this is, and I want you to know that help is available. Please do not ignore the notice, because early contact gives us more options such as revising the payment plan, extending the term or a temporary arrangement. I will connect you with our specialist mortgage support team, who can go through the details with you in confidence. It is also worth getting free independent money advice alongside speaking to us. If anything changes in the meantime, please let us know straight away."
"Good morning, the money I sent last week has not reached the receiver yet, the status still says processing.",PAYMENT_EXCEPTION,transfer_pending_stuck,"Sorry for the delay. A transfer can stay pending if the receiving bank is slow, if the details do not match, or if the payment is under review. I have noted the delay and a specialist team will trace the payment. If it cannot be completed, the money is returned to your account."
"good evening, suspicious login on my account from another country, please secure it. any idea what to do?",RETAIL_EXCEPTION,identity_theft_account_takeover,"I am very sorry, and I will treat this as urgent. To protect you, we should restrict access to your account and cards immediately, and I am escalating this to our fraud and security team now. Please do not use the same password anywhere else, avoid clicking links in unexpected messages, and keep a note of any suspicious messages or calls. A specialist will contact you on a verified number to restore your access and review the activity. Please keep your reference number safe, and reply here if you need anything else."
Quick question: I need extra help managing my money after my illness. Not sure what to do,RETAIL_EXCEPTION,vulnerable_customer_support,"Thank you for telling us, and please know that we are here to help in a way that works for you. We offer support such as large print or audio statements, assisted banking at branches, a dedicated helpline with priority handling and, in some areas, home visits. If you are worried about a suspicious call, please do not share any codes or personal details, and we will help you check it. I will connect you with our customer care specialists to set up the support you need. Please keep your reference number safe, and reply here if you need anything else."
"what happens if i cancel my platinum credit card, and how do i do it? any idea what to do?",CARD,cancel_card,"Thanks for reaching out, I can guide you through this. I can guide you through cancelling your card. First check that there are no pending transactions or unpaid dues. Then submit a cancellation request through the app or by phone banking. You will get a confirmation message once the card is closed."
"Excuse me, when is my next mortgage payment due? I need this sorted today.",LOAN,check_mortgage_payments,"Certainly, I can help with that. In the app, open Loans and select your mortgage to see your monthly payment, the next due date, the remaining balance and the split between interest and principal. Statements and a yearly interest certificate can also be downloaded from the documents section."
"Good evening, what fees do you charge on my account",FEES,check_fees,"I can help you understand the charges. Common fees include monthly maintenance, foreign transaction fees, ATM use outside our network and penalties for low balance. Your latest statement shows every fee that has been applied, and customer service can review any fee you believe was charged in error. If you need any further help, just let me know."
I want to close my current account. Please help.,ACCOUNT,close_account,"Absolutely, let me walk you through it. To close the account, make sure there are no pending transactions, linked cards or loans. Request closure through the app under Account Services or visit a branch. We will transfer any remaining balance to the account you nominate and confirm once the account is closed. I am here if you need anything else."
Can I cancel my loan after it was approved but before receiving the money? Thanks.,LOAN,cancel_loan,"Of course, happy to help. To cancel a loan application, tell us which application you mean and we will stop the process. Before disbursal there is normally no cost. After disbursal, the loan must be closed by repaying the outstanding amount, and we will give you the exact figure and any applicable charges. Feel free to ask if you have any other questions."
"Hi, how much is the fee for an international transfer? Can you help me with this?",FEES,check_fees,"Fees depend on the type of account or service. You can find the full list in the app under Help and then Fees and Charges, including maintenance, ATM, transfer and card fees. If you tell me the specific service you are asking about, I can explain how that fee is calculated and when it applies. Feel free to ask if you have any other questions."
"Hey, can I cancel a scheduled transfer for next week?",TRANSFER,cancel_transfer,"Of course, happy to help. Please act quickly. For transfers that have not been processed yet, use Cancel next to the transfer in your pending list. For completed transfers, raise a recall request from the same screen or through customer service, and keep the transaction reference handy. We will update you as soon as we hear back from the other bank. Please reach out again if anything is unclear."
"Good morning, my brother died and I am the nominee on his account, what should I do? Appreciate the help.",RETAIL_EXCEPTION,deceased_account_holder,"I am very sorry for your loss. Please take your time, and we will make this as simple as we can. To begin, please inform us of the death by contacting our bereavement team, who will guide you personally. You will usually need a copy of the death certificate, your own identification and proof of your relationship, and if you are the nominee, the nomination details. Because this involves legal steps, a specialist will handle your request and explain the timeline. You can ask for a human agent at any time and I will arrange it."
please help: is there any joining or annual fee on the travel card? appreciate the help.,CARD,check_card_annual_fee,"Annual fees vary by card, and many cards waive the fee after a certain level of yearly spending. Please check Fees and Charges for your card in the app to see your amount and the anniversary date. If you would like to ask about a waiver, customer service can review your eligibility. Please reach out again if anything is unclear."
Do you have ATMs that accept cash deposits nearby? Please advise.,FIND,find_ATM,"Thanks for reaching out, I can guide you through this. To locate an ATM, open the Locator in the app or on our website and search by city or landmark. Filters help you find machines that offer deposits, cheque drops or extended hours. Please remember that using an ATM outside our network may attract a fee. Feel free to ask if you have any other questions."
"Hey, please guide me through creating a new account. Not sure what to do.",ACCOUNT,create_account,"Absolutely, let me walk you through it. To start, choose the type of account that suits you, then fill in the application form online. You will need identity and address documents, and you may complete a short video verification. Once approved, your account details arrive by message and email, and your debit card is sent to your address."
I want to cancel my debit card permanently. Thanks.,CARD,cancel_card,"Thanks for reaching out, I can guide you through this. To cancel a card, go to Cards in the mobile app, select your debit card and choose Cancel Card, or contact customer service. Before we close it, please clear any outstanding balance and cancel recurring payments linked to the card. Once cancelled, the card cannot be used again, and you can request a new one later if you change your mind."
"Please help: please help me close the account, I am moving abroad. Please advise.",ACCOUNT,close_account,"Of course, happy to help. To close the account, make sure there are no pending transactions, linked cards or loans. Request closure through the app under Account Services or visit a branch. We will transfer any remaining balance to the account you nominate and confirm once the account is closed. Feel free to ask if you have any other questions."
"Excuse me, payment stuck in processing for 5 days and my rent is due. Not sure what to do.",PAYMENT_EXCEPTION,transfer_pending_stuck,"I understand how worrying it is when a payment is delayed. Most transfers complete within one working day, but some can be held for security checks or because of details that need correcting. Please check the transaction status and reference number in the app. Since it has been 5 days, I will raise this as a payment investigation so a specialist can trace the payment with the receiving bank and update you."
"hi, my travel card does not work outside the country, how do i switch on overseas payments?",CARD,activate_card_international_usage,"International usage can be switched on from the mobile app. Go to Cards, select your travel card, open Card Controls and turn on International Transactions. You can also set the dates of your trip and a spending limit for extra safety. Changes usually take effect within a few minutes, so please do it before you leave."
pickpocketed in toronto and all my cards are gone. can you help me with this,PAYMENT_EXCEPTION,lost_card_abroad_emergency,"I am sorry to hear that, and please make sure you are safe first. Block your cards immediately in the app, or call our 24 hour emergency line if you cannot log in. We can arrange an emergency replacement card or emergency cash in Toronto, and our agent will verify your identity and guide you on the fastest option. I suggest reporting the theft to the local police as well, since some claims need a report. Please keep your reference number safe, and reply here if you need anything else."
"hi team, i need to visit a branch, can you help me find one? can you help me with this",FIND,find_branch,"To find a branch, enter your area or city in the Locator and choose Branches. Each listing shows the address, working hours and the services offered, such as loans or locker facilities. Most branches are open on weekdays and some are open on Saturday mornings. Please reach out again if anything is unclear."
Please guide me through creating a new account. Not sure what to do.,ACCOUNT,create_account,"To start, choose the type of account that suits you, then fill in the application form online. You will need identity and address documents, and you may complete a short video verification. Once approved, your account details arrive by message and email, and your debit card is sent to your address. I am here if you need anything else."
"Hello there, I would like to stop my card, it has an annual fee I do not want to pay.",CARD,cancel_card,I can guide you through cancelling your card. First check that there are no pending transactions or unpaid dues. Then submit a cancellation request through the app or by phone banking. You will get a confirmation message once the card is closed. Let me know if there is anything more I can do for you.
"Hello there, please help me recover my login details. Please help.",PASSWORD,get_password,"I am sorry you are locked out. On the login page, tap Forgot Password and enter your customer ID. We will send a one-time code to your registered mobile number, and after you enter it you can choose a new password. For security reasons we can never tell you your old password. Please reach out again if anything is unclear."
"Hello, can you help me activate my card? It has not been used yet. Any idea what to do",CARD,activate_card,"Of course, happy to help. You can activate your card in two easy ways. In the mobile app, go to Cards, pick your card, and tap Activate. If you prefer, call the phone banking number printed on the back of the card and follow the voice prompts. After verification your card will be active within a few minutes. Please reach out again if anything is unclear."
"Good evening, show me my recent activity on the current account. Appreciate the help.",ACCOUNT,check_recent_transactions,"To review your recent activity, log in and choose the account, then select Recent Transactions. Pending items are shown separately from completed ones. If something looks unfamiliar, tap it to see the details and report it directly from that screen."
Urgent: when is my next home loan instalment due? Please advise.,LOAN,check_loan_payments,"Thanks for reaching out, I can guide you through this. You can see your repayment details in the app under Loans. Select your home loan to view the instalment amount, the next due date, the number of payments remaining and the total outstanding balance. The full repayment schedule can also be downloaded as a document. Feel free to ask if you have any other questions."
"Hello there, can you list all the charges for using the ATM abroad? Appreciate the help",FEES,check_fees,"Certainly, I can help with that. I can help you understand the charges. Common fees include monthly maintenance, foreign transaction fees, ATM use outside our network and penalties for low balance. Your latest statement shows every fee that has been applied, and customer service can review any fee you believe was charged in error. Feel free to ask if you have any other questions."
"Hey, we decided not to buy the house, how do I cancel the mortgage? Can u help me with this?",LOAN,cancel_mortgage,"Sure, here is how this works. To cancel a mortgage application, send a withdrawal request with your application reference. Any costs already incurred for valuation or legal checks may not be refundable. We will confirm the cancellation in writing and close the file. If you need any further help, just let me know."
Please help: how much is the fee for an international transfer? Please advise.,FEES,check_fees,"Fees depend on the type of account or service. You can find the full list in the app under Help and then Fees and Charges, including maintenance, ATM, transfer and card fees. If you tell me the specific service you are asking about, I can explain how that fee is calculated and when it applies. Feel free to ask if you have any other questions."
"Hey, I want to cancel my debit card permanently.",CARD,cancel_card,"Thanks for reaching out, I can guide you through this. I can guide you through cancelling your card. First check that there are no pending transactions or unpaid dues. Then submit a cancellation request through the app or by phone banking. You will get a confirmation message once the card is closed."
"hi, what is the fastest way to send money to someone? please advise",TRANSFER,make_transfer,"Thanks for reaching out, I can guide you through this. You can send money in a few steps. Open Transfers, choose Send Money and select an existing payee or add a new one. Type in the amount, check the details carefully because transfers to the wrong account can be hard to reverse, and approve with your security code. Instant methods arrive within minutes, while standard transfers can take up to one working day. Feel free to ask if you have any other questions."
Quick question: please enable international transactions on my card ending 7087. Any idea what to do,CARD,activate_card_international_usage,"To use your card overseas, open Card Controls in the app and enable International Usage. It is a good idea to set a travel period and a daily limit. If you cannot use the app, phone banking can turn it on for you after verifying your identity."
"Pls help me make a transfer of INR 1,800 today",TRANSFER,make_transfer,"To make a transfer, log in to the app or net banking and go to Transfers. Add the payee by entering the name, account number and bank code, then confirm the payee with a one-time code. Enter the amount of INR 1,800, choose the payment method, review the details and confirm. You will get a confirmation message with a reference number."
"Hi, how much do I still owe on my loan? Thanks.",LOAN,check_loan_payments,"Of course, happy to help. To check your loan payments, log in and open Loans, then choose the loan. You will see what you have paid so far, what is left, and the next due date. If you would like to pay extra to reduce the balance, there is an option to make a part payment on the same screen. Let me know if there is anything more I can do for you."
Can you help me activate my card? It has not been used yet. I need this sorted today.,CARD,activate_card,"You can activate your card in two easy ways. In the mobile app, go to Cards, pick your card, and tap Activate. If you prefer, call the phone banking number printed on the back of the card and follow the voice prompts. After verification your card will be active within a few minutes. Let me know if there is anything more I can do for you."
"hey, my business account has been frozen and i do not know why. any idea what to do?",RETAIL_EXCEPTION,account_frozen_kyc,"I am sorry for the inconvenience. A restriction usually means we need to verify or update some information. You can complete the update in the app under Profile and KYC, or visit a branch. If you have already submitted documents, I will ask the team to prioritise the review and update you. If anything changes in the meantime, please let us know straight away."
"Good morning, I forgot my password, how do I get it back? Can you help me with this?",PASSWORD,get_password,"I am sorry you are locked out. On the login page, tap Forgot Password and enter your customer ID. We will send a one-time code to your registered mobile number, and after you enter it you can choose a new password. For security reasons we can never tell you your old password. Let me know if there is anything more I can do for you."
"Good morning, I think I paid the wrong person 2,550 USD and I am panicking. Thanks",PAYMENT_EXCEPTION,transfer_wrong_account,"Please stay calm, and thank you for telling us quickly, because speed matters. Payments to a wrong account cannot always be reversed, but we can send a recall request to the receiving bank for the 2,550 USD. Please share the transaction reference, the date and the account number you used. We will contact the other bank and, if the account holder agrees or the funds are still available, the money can be returned. If anything changes in the meantime, please let us know straight away."
"Hello there, do you have ATMs that accept cash deposits nearby? I need this sorted today",FIND,find_ATM,"To locate an ATM, open the Locator in the app or on our website and search by city or landmark. Filters help you find machines that offer deposits, cheque drops or extended hours. Please remember that using an ATM outside our network may attract a fee. Let me know if there is anything more I can do for you."
"quick question: the account holder cannot sign anymore, what documents do i need to act for them? can you help me with this",RETAIL_EXCEPTION,power_of_attorney_request,"I am sorry to hear that. Managing another person's account requires a valid legal authority, such as a registered power of attorney, and we need to verify it before giving access. Please prepare the original or certified copy of the document, your identification and the account holder details. A specialist will check the paperwork and explain what your authority allows, and I will arrange for them to contact you. Please keep your reference number safe, and reply here if you need anything else."
"Hello there, what is the remaining balance on my mortgage? Appreciate the help.",LOAN,check_mortgage_payments,"In the app, open Loans and select your mortgage to see your monthly payment, the next due date, the remaining balance and the split between interest and principal. Statements and a yearly interest certificate can also be downloaded from the documents section. I am here if you need anything else."
Please help: how can I add a new payee and transfer funds,TRANSFER,make_transfer,"Thanks for reaching out, I can guide you through this. You can send money in a few steps. Open Transfers, choose Send Money and select an existing payee or add a new one. Type in the amount, check the details carefully because transfers to the wrong account can be hard to reverse, and approve with your security code. Instant methods arrive within minutes, while standard transfers can take up to one working day."
"I need help. My salary came late and I was penalised, can u reverse the fee",RETAIL_EXCEPTION,overdraft_fee_dispute,"Thanks for explaining. To review the fee, we need to see the order in which the deposit and the payments were processed. I will raise a request for the fee to be reviewed, and you will hear back with the outcome. In some cases, especially after a delayed salary, the fee can be waived."
"Good morning, I want a written response to my complaint about current account charges. Can you help me with this",RETAIL_EXCEPTION,formal_complaint_escalation,"I am sorry that your issue has not been resolved, and you have every right to escalate. I can register a formal complaint now, which will be given a reference number and reviewed by our complaints team, who will respond in writing within the time required. If you are not satisfied with the final response, you can take the matter to the external financial ombudsman. It helps if you share the dates and details of your previous contacts."
"Hi team, ATM retained my card ending 4112, how do I recover it? Not sure what to do",ATM,recover_swallowed_card,"Please do not worry, this happens sometimes. First, block the card in the app as a precaution until you have it back. Then contact the branch that owns the ATM or call customer service, and we will check if the card was retained by the machine. If it can be recovered you may collect it with valid photo ID, otherwise we will issue a replacement card to you. Let me know if there is anything more I can do for you."
"Hello, show me my recent activity on the joint account. Pls advise.",ACCOUNT,check_recent_transactions,"To review your recent activity, log in and choose the account, then select Recent Transactions. Pending items are shown separately from completed ones. If something looks unfamiliar, tap it to see the details and report it directly from that screen. I am here if you need anything else."
"Hey, why was I charged a fee of EUR 400 this month? I need this sorted today.",FEES,check_fees,"Certainly, I can help with that. Fees depend on the type of account or service. You can find the full list in the app under Help and then Fees and Charges, including maintenance, ATM, transfer and card fees. If you tell me the specific service you are asking about, I can explain how that fee is calculated and when it applies."
quick question: how do i shut down my account permanently? appreciate the help,ACCOUNT,close_account,"Absolutely, let me walk you through it. To close the account, make sure there are no pending transactions, linked cards or loans. Request closure through the app under Account Services or visit a branch. We will transfer any remaining balance to the account you nominate and confirm once the account is closed. If you need any further help, just let me know."
Please help: please enable international transactions on my card ending 6244. Not sure what to do.,CARD,activate_card_international_usage,"Sure, here is how this works. To use your card overseas, open Card Controls in the app and enable International Usage. It is a good idea to set a travel period and a daily limit. If you cannot use the app, phone banking can turn it on for you after verifying your identity. I am here if you need anything else."
"Good morning, I cannot log in to net banking, I do not remember my password. Please help.",PASSWORD,get_password,"You can recover access in a few steps. Select Forgot Password on the login screen, verify your identity with the one-time code sent to your registered number, and set a new password. If you no longer have access to that number, please visit a branch with your identification to update it. Feel free to ask if you have any other questions."
"hello there, someone may have my card details, how can i block the card immediately? please advise.",CARD,block_card,"That sounds frustrating, and I will do my best to help you resolve it. You can block the card immediately in the mobile app. Go to Cards, choose the card and tap Block Card, then pick Lost or Stolen as the reason. The card stops working straight away and any new transactions are declined. We will then help you order a replacement, which usually arrives in a few working days. Let me know if there is anything more I can do for you."
"There is an ATM transaction I do not recognise for 1,200 dollars, how do I raise a dispute? Please help.",ATM,dispute_ATM_withdrawal,"Sorry about the trouble with the ATM. Please keep the receipt if you have one and raise a dispute through the app or by calling customer service. We will check the ATM records for the withdrawal and update you by message. If the money is confirmed as not dispensed, it will be returned to your account."
"Good evening, I have a power of attorney document, how do I register it with the bank?",RETAIL_EXCEPTION,power_of_attorney_request,"I am sorry to hear that. Managing another person's account requires a valid legal authority, such as a registered power of attorney, and we need to verify it before giving access. Please prepare the original or certified copy of the document, your identification and the account holder details. A specialist will check the paperwork and explain what your authority allows, and I will arrange for them to contact you. If you would like, I can connect you with a human agent right now."
"Hey, the ATM did not give me the full cash but the money was deducted, I withdrew INR 2,520. Please help.",ATM,dispute_ATM_withdrawal,"Sorry about the trouble with the ATM. Please keep the receipt if you have one and raise a dispute through the app or by calling customer service. We will check the ATM records for the withdrawal and update you by message. If the money is confirmed as not dispensed, it will be returned to your account."
i need help. i want to cancel my home loan application. please help,LOAN,cancel_loan,"Of course, happy to help. To cancel a loan application, tell us which application you mean and we will stop the process. Before disbursal there is normally no cost. After disbursal, the loan must be closed by repaying the outstanding amount, and we will give you the exact figure and any applicable charges."
"Please help: my income has dropped, can you restructure my personal loan? Thank you.",RETAIL_EXCEPTION,loan_hardship_request,"I am sorry you are facing this, and I am glad you reached out early. We have options for customers in financial difficulty, such as a temporary payment holiday, a longer tenure with lower instalments, or restructuring, depending on your situation. I will pass your request to our customer support team, who will review your income and expenses and discuss what is possible. Please try to keep making any payments you can, and avoid ignoring reminders, as talking to us early gives you more choices. Please keep your reference number safe, and reply here if you need anything else."
"Excuse me, please help me make a transfer of $2,890 today. Any idea what to do?",TRANSFER,make_transfer,"To make a transfer, log in to the app or net banking and go to Transfers. Add the payee by entering the name, account number and bank code, then confirm the payee with a one-time code. Enter the amount of $2,890, choose the payment method, review the details and confirm. You will get a confirmation message with a reference number. Feel free to ask if you have any other questions."
"hey, i have complained three times and nobody has solved my problem, i want to escalate. any idea what to do",RETAIL_EXCEPTION,formal_complaint_escalation,"I am sorry that your issue has not been resolved, and you have every right to escalate. I can register a formal complaint now, which will be given a reference number and reviewed by our complaints team, who will respond in writing within the time required. If you are not satisfied with the final response, you can take the matter to the external financial ombudsman. It helps if you share the dates and details of your previous contacts. If anything changes in the meantime, please let us know straight away."
"hello, find me a cash machine close to me. please advise.",FIND,find_ATM,"Sure, here is how this works. To locate an ATM, open the Locator in the app or on our website and search by city or landmark. Filters help you find machines that offer deposits, cheque drops or extended hours. Please remember that using an ATM outside our network may attract a fee. If you need any further help, just let me know."
"Good morning, what are the opening hours of the branch near the central railway station?",FIND,find_branch,"Of course, happy to help. To find a branch, enter your area or city in the Locator and choose Branches. Each listing shows the address, working hours and the services offered, such as loans or locker facilities. Most branches are open on weekdays and some are open on Saturday mornings. Please reach out again if anything is unclear."
"hi team, how much do i still owe on my loan? not sure what to do.",LOAN,check_loan_payments,"To check your loan payments, log in and open Loans, then choose the loan. You will see what you have paid so far, what is left, and the next due date. If you would like to pay extra to reduce the balance, there is an option to make a part payment on the same screen. Feel free to ask if you have any other questions."
"hi team, please put me through to a customer service representative",CONTACT,human_agent,"Certainly, I can arrange for one of our advisors to help you. I am transferring you now, and I will share the details of our conversation so you do not need to repeat yourself. If the queue is long, you can choose to receive a call back instead."
"Hey, I want to dispute an ATM withdrawal of 1,040 dollars from earlier today. Appreciate the help",ATM,dispute_ATM_withdrawal,"Sorry about the trouble with the ATM. Please keep the receipt if you have one and raise a dispute through the app or by calling customer service. We will check the ATM records for the withdrawal and update you by message. If the money is confirmed as not dispensed, it will be returned to your account."
"Good evening, why is my account restricted, I need to pay bills today.",RETAIL_EXCEPTION,account_frozen_kyc,"I am sorry for the inconvenience. A restriction usually means we need to verify or update some information. You can complete the update in the app under Profile and KYC, or visit a branch. If you have already submitted documents, I will ask the team to prioritise the review and update you. If anything changes in the meantime, please let us know straight away."
I need help. Where can I download my statement for the last 5 days? Appreciate the help.,ACCOUNT,check_recent_transactions,"Sure, here is how this works. To review your recent activity, log in and choose the account, then select Recent Transactions. Pending items are shown separately from completed ones. If something looks unfamiliar, tap it to see the details and report it directly from that screen. Let me know if there is anything more I can do for you."
What is the customer care number,CONTACT,customer_service,"You can reach customer service by phone banking, through secure chat in the mobile app, or by email through the Contact Us section. Phone and chat support are available round the clock for urgent matters such as blocking a card, and other requests are handled during business hours. Please keep your customer ID handy so we can help you faster. If you need any further help, just let me know."
I need help. Sent GBP 874 to a stranger by mistake two days ago. Appreciate the help.,PAYMENT_EXCEPTION,transfer_wrong_account,"Please stay calm, and thank you for telling us quickly, because speed matters. Payments to a wrong account cannot always be reversed, but we can send a recall request to the receiving bank for the GBP 874. Please share the transaction reference, the date and the account number you used. We will contact the other bank and, if the account holder agrees or the funds are still available, the money can be returned."
How can I add a new payee and transfer funds? Pls advise.,TRANSFER,make_transfer,"Certainly, I can help with that. You can send money in a few steps. Open Transfers, choose Send Money and select an existing payee or add a new one. Type in the amount, check the details carefully because transfers to the wrong account can be hard to reverse, and approve with your security code. Instant methods arrive within minutes, while standard transfers can take up to one working day. If you need any further help, just let me know."
Quick question: my legal name has changed and my cards still show the old one.,RETAIL_EXCEPTION,legal_name_change,"To change your name in our records, we need proof of the legal name change, such as a marriage certificate, a gazette notification or a deed poll, together with your identification. Please upload the documents in the app under Profile or visit a branch, and we will update your accounts and cards. Because this affects several products, the update may take a few working days, and we will notify you when it is complete. If you would like, I can connect you with a human agent right now."
I need help. Is there a branch in Bangkok,FIND,find_branch,"To find a branch, enter your area or city in the Locator and choose Branches. Each listing shows the address, working hours and the services offered, such as loans or locker facilities. Most branches are open on weekdays and some are open on Saturday mornings. Please reach out again if anything is unclear."
"i need help. i need to visit a branch, can you help me find one",FIND,find_branch,"Absolutely, let me walk you through it. To find a branch, enter your area or city in the Locator and choose Branches. Each listing shows the address, working hours and the services offered, such as loans or locker facilities. Most branches are open on weekdays and some are open on Saturday mornings. I am here if you need anything else."
please cancel the loan i applied for two days ago. thanks.,LOAN,cancel_loan,"To cancel a loan application, tell us which application you mean and we will stop the process. Before disbursal there is normally no cost. After disbursal, the loan must be closed by repaying the outstanding amount, and we will give you the exact figure and any applicable charges. I am here if you need anything else."
quick question: cash was not dispensed at the atm yet my account was debited. any idea what to do?,ATM,dispute_ATM_withdrawal,"Sorry about the trouble with the ATM. Please keep the receipt if you have one and raise a dispute through the app or by calling customer service. We will check the ATM records for the withdrawal and update you by message. If the money is confirmed as not dispensed, it will be returned to your account."
"Urgent: I need to transfer money to another bank, what are the steps? Thank you.",TRANSFER,make_transfer,"You can send money in a few steps. Open Transfers, choose Send Money and select an existing payee or add a new one. Type in the amount, check the details carefully because transfers to the wrong account can be hard to reverse, and approve with your security code. Instant methods arrive within minutes, while standard transfers can take up to one working day. Feel free to ask if you have any other questions."
"Hey, please put me through to a customer service representative.",CONTACT,human_agent,"Of course. I will connect you with a human agent now. Please stay in this chat, and it helps if you briefly describe your issue so the agent can pick up straight away. Waiting times can vary, and if it is not urgent you can also request a call back at a time that suits you."
"Excuse me, tell me about the monthly maintenance fees on my business account.",FEES,check_fees,"Absolutely, let me walk you through it. Fees depend on the type of account or service. You can find the full list in the app under Help and then Fees and Charges, including maintenance, ATM, transfer and card fees. If you tell me the specific service you are asking about, I can explain how that fee is calculated and when it applies. Feel free to ask if you have any other questions."
"hi team, pls put me through to a customer service representative. not sure what to do.",CONTACT,human_agent,"Of course. I will connect you with a human agent now. Please stay in this chat, and it helps if you briefly describe your issue so the agent can pick up straight away. Waiting times can vary, and if it is not urgent you can also request a call back at a time that suits you. Feel free to ask if you have any other questions."
"Hi, can I get a payment holiday on my loan for a few months? Please help",RETAIL_EXCEPTION,loan_hardship_request,"Thank you for being open about this. We treat hardship requests seriously and with respect. A specialist will contact you to understand your circumstances and explore ways to reduce the pressure, for example a payment break or revised repayment plan. They may ask for proof of the change in your income. Nothing is decided in this chat, but I will raise it as a priority. You can ask for a human agent at any time and I will arrange it."
"Good morning, what fees do you charge on my account? Appreciate the help.",FEES,check_fees,"I can help you understand the charges. Common fees include monthly maintenance, foreign transaction fees, ATM use outside our network and penalties for low balance. Your latest statement shows every fee that has been applied, and customer service can review any fee you believe was charged in error. Please reach out again if anything is unclear."
"I need help because I am struggling to repay my loan of GBP 283,480. Can you help me with this?",RETAIL_EXCEPTION,loan_hardship_request,"I am sorry you are facing this, and I am glad you reached out early. We have options for customers in financial difficulty, such as a temporary payment holiday, a longer tenure with lower instalments, or restructuring, depending on your situation. I will pass your request to our customer support team, who will review your income and expenses and discuss what is possible. Please try to keep making any payments you can, and avoid ignoring reminders, as talking to us early gives you more choices."
Quick question: how can I close my credit card? I no longer use it. Thanks,CARD,cancel_card,"Thanks for reaching out, I can guide you through this. I can guide you through cancelling your card. First check that there are no pending transactions or unpaid dues. Then submit a cancellation request through the app or by phone banking. You will get a confirmation message once the card is closed. Let me know if there is anything more I can do for you."
"Good morning, the merchant refused a refund of GBP 2,580, what are my options with the bank? Please advise.",PAYMENT_EXCEPTION,chargeback_request,"Thank you for the details. A card dispute can be raised for items not received or not as described. We will need your order confirmation and any communication with the seller. Our disputes team will assess the claim and let you know whether the amount can be recovered. Please keep your reference number safe, and reply here if you need anything else."
"Hello there, what is the process to get a mortgage for a house worth GBP 94,510? I need this sorted today.",LOAN,apply_for_mortgage,"Thanks for reaching out, I can guide you through this. For a mortgage, the first step is to check how much you can borrow using the mortgage calculator in the app. Then submit an application with your identity, income and property details, and we will arrange a valuation of the property. After approval you receive a formal offer, and the funds are released to the seller once the legal formalities are complete. A deposit is usually needed, and the amount depends on the property value and your profile. If you need any further help, just let me know."
"Hello, please tell me the current balance on the card ending 2057.",CARD,check_current_balance_on_card,"To check your balance, log in to net banking or the app and open Cards. The card summary shows your current balance, available credit and the last statement amount. Balances update in near real time, but very recent transactions can take a short while to appear. Please reach out again if anything is unclear."
"Please unfreeze my account, I already submitted my documents this morning. Thanks.",RETAIL_EXCEPTION,account_frozen_kyc,"I understand how stressful it is to have an account restricted. Accounts are sometimes frozen when identity documents are missing or expired, or when a compliance review is needed. I cannot lift a restriction from this chat, but I can raise a priority request with our account services team. Please keep your photo ID, proof of address and recent photograph ready, and a specialist will contact you with the exact documents required."
"Hi, please help me close the account, I am moving abroad. Thank you",ACCOUNT,close_account,"Of course, happy to help. To close the account, make sure there are no pending transactions, linked cards or loans. Request closure through the app under Account Services or visit a branch. We will transfer any remaining balance to the account you nominate and confirm once the account is closed. Let me know if there is anything more I can do for you."
"Good evening, help, the cash machine did not return my card.",ATM,recover_swallowed_card,"Please do not worry, this happens sometimes. First, block the card in the app as a precaution until you have it back. Then contact the branch that owns the ATM or call customer service, and we will check if the card was retained by the machine. If it can be recovered you may collect it with valid photo ID, otherwise we will issue a replacement card to you."
Can I see how much interest I have paid on my home loan? Appreciate the help.,LOAN,check_mortgage_payments,"Absolutely, let me walk you through it. In the app, open Loans and select your mortgage to see your monthly payment, the next due date, the remaining balance and the split between interest and principal. Statements and a yearly interest certificate can also be downloaded from the documents section. If you need any further help, just let me know."
Quick question: how do I stop a transfer I made last Friday? Thanks.,TRANSFER,cancel_transfer,"Of course, happy to help. Please act quickly. For transfers that have not been processed yet, use Cancel next to the transfer in your pending list. For completed transfers, raise a recall request from the same screen or through customer service, and keep the transaction reference handy. We will update you as soon as we hear back from the other bank."
Please help: how can I close my credit card? I no longer use it.,CARD,cancel_card,I can guide you through cancelling your card. First check that there are no pending transactions or unpaid dues. Then submit a cancellation request through the app or by phone banking. You will get a confirmation message once the card is closed. Feel free to ask if you have any other questions.
"Hi, the bank stopped my big payment for $45,570, why? I need this sorted today.",PAYMENT_EXCEPTION,large_transaction_blocked,"Thank you for explaining. A large payment may exceed your set limit, or it may be waiting for extra verification. You can raise your limit in Card Controls after authentication, and the security team can release a held transaction after checking with you. Since it is time sensitive, shall I connect you to an agent now? Please keep your reference number safe, and reply here if you need anything else."
Where is the closest branch? Please advise.,FIND,find_branch,"Of course, happy to help. To find a branch, enter your area or city in the Locator and choose Branches. Each listing shows the address, working hours and the services offered, such as loans or locker facilities. Most branches are open on weekdays and some are open on Saturday mornings. I am here if you need anything else."
"I need help. I was charged twice by PayPal for the same purchase of $1,670.",PAYMENT_EXCEPTION,duplicate_charge,"I am sorry about the double charge. Sometimes one of the two entries is only a temporary hold that drops off within a few working days, so please check whether both are marked as completed. If both are completed, raise a dispute from the transaction details in the app for the duplicate $1,670 at PayPal. We will contact the merchant, and the extra amount will be returned if the duplicate is confirmed."
"My loan application for EUR 425,740 was rejected and I do not understand why. I need this sorted today.",RETAIL_EXCEPTION,loan_application_rejected_appeal,"I am sorry that your application was not approved. Decisions are based on factors such as income, existing debts, credit history and the value of the loan requested, and we can share the main reasons with you. You may ask for a review, especially if your circumstances have changed or if some information was missing. I will pass your request to a loans specialist who can explain the decision and suggest what may improve your chances next time. We will keep you updated by message until this is resolved."
"Hello, can I cancel my loan after it was approved but before receiving the money? I need this sorted today.",LOAN,cancel_loan,"Sure, here is how this works. To cancel a loan application, tell us which application you mean and we will stop the process. Before disbursal there is normally no cost. After disbursal, the loan must be closed by repaying the outstanding amount, and we will give you the exact figure and any applicable charges. Please reach out again if anything is unclear."
"Hello there, could you tell me the yearly charges on the card ending 8712? Not sure what to do.",CARD,check_card_annual_fee,"Annual fees vary by card, and many cards waive the fee after a certain level of yearly spending. Please check Fees and Charges for your card in the app to see your amount and the anniversary date. If you would like to ask about a waiver, customer service can review your eligibility. I am here if you need anything else."
"Hi team, I need to transfer money to another bank, what are the steps? Pls advise.",TRANSFER,make_transfer,"You can send money in a few steps. Open Transfers, choose Send Money and select an existing payee or add a new one. Type in the amount, check the details carefully because transfers to the wrong account can be hard to reverse, and approve with your security code. Instant methods arrive within minutes, while standard transfers can take up to one working day. Let me know if there is anything more I can do for you."
"Hello there, why was I charged a fee of INR 2,610 this month? Please advise",FEES,check_fees,"Fees depend on the type of account or service. You can find the full list in the app under Help and then Fees and Charges, including maintenance, ATM, transfer and card fees. If you tell me the specific service you are asking about, I can explain how that fee is calculated and when it applies. Feel free to ask if you have any other questions."
Quick question: what fees do you charge on my account?,FEES,check_fees,"Absolutely, let me walk you through it. Fees depend on the type of account or service. You can find the full list in the app under Help and then Fees and Charges, including maintenance, ATM, transfer and card fees. If you tell me the specific service you are asking about, I can explain how that fee is calculated and when it applies. Please reach out again if anything is unclear."
"Hi team, I sent EUR 1,940 to the wrong person, can I cancel the transfer? Please advise.",TRANSFER,cancel_transfer,"Thanks for reaching out, I can guide you through this. If the transfer of EUR 1,940 is still pending or scheduled, you can cancel it in the app. Go to Transfers, open Pending or Scheduled, select the transfer and tap Cancel. If it has already been completed, it cannot be cancelled directly, but you can raise a request and we will contact the receiving bank to ask for the money back. Success depends on the receiving bank and the account holder agreeing to return it."
"Hi team, which branch can I go to for a loan discussion? Please advise.",FIND,find_branch,"Absolutely, let me walk you through it. To find a branch, enter your area or city in the Locator and choose Branches. Each listing shows the address, working hours and the services offered, such as loans or locker facilities. Most branches are open on weekdays and some are open on Saturday mornings. Let me know if there is anything more I can do for you."
"Quick question: I want to dispute an ATM withdrawal of GBP 1,900 from last month.",ATM,dispute_ATM_withdrawal,"I will help you raise a dispute for the ATM withdrawal of GBP 1,900. Please go to Disputes in the app, select the transaction and choose ATM Cash Issue, then give the date, time and ATM location if you have them. We will investigate with the ATM operator and most cases are reviewed within a few working days. If the ATM did not dispense the cash, the amount is usually credited back to your account. Please reach out again if anything is unclear."
Quick question: I want to talk to a real person.,CONTACT,human_agent,"Certainly, I can arrange for one of our advisors to help you. I am transferring you now, and I will share the details of our conversation so you do not need to repeat yourself. If the queue is long, you can choose to receive a call back instead. I am here if you need anything else."
"Hi team, how can I appeal a declined home loan? Appreciate the help",RETAIL_EXCEPTION,loan_application_rejected_appeal,"I am sorry that your application was not approved. Decisions are based on factors such as income, existing debts, credit history and the value of the loan requested, and we can share the main reasons with you. You may ask for a review, especially if your circumstances have changed or if some information was missing. I will pass your request to a loans specialist who can explain the decision and suggest what may improve your chances next time. You can ask for a human agent at any time and I will arrange it."
"I need help. I need to visit a branch, can you help me find one? Can you help me with this?",FIND,find_branch,"To find a branch, enter your area or city in the Locator and choose Branches. Each listing shows the address, working hours and the services offered, such as loans or locker facilities. Most branches are open on weekdays and some are open on Saturday mornings. Let me know if there is anything more I can do for you."
"Hi, how do I view what I spent this week? Please advise.",ACCOUNT,check_recent_transactions,"Thanks for reaching out, I can guide you through this. To review your recent activity, log in and choose the account, then select Recent Transactions. Pending items are shown separately from completed ones. If something looks unfamiliar, tap it to see the details and report it directly from that screen. Please reach out again if anything is unclear."
"Hey, how much is the fee for an international transfer? Any idea what to do?",FEES,check_fees,"Certainly, I can help with that. Fees depend on the type of account or service. You can find the full list in the app under Help and then Fees and Charges, including maintenance, ATM, transfer and card fees. If you tell me the specific service you are asking about, I can explain how that fee is calculated and when it applies. Let me know if there is anything more I can do for you."
"hello there, where do i activate the prepaid card i got last week? thank you.",CARD,activate_card,"Thanks for reaching out, I can guide you through this. First, open the mobile app or net banking and go to the Cards section. Then select your prepaid card and choose Activate Card. You will receive a one-time code on your registered mobile number, so enter it to confirm. Once that is done, the card is active and ready to use straight away. I am here if you need anything else."
"hey, what happens if i cancel my debit card, and how do i do it? please advise.",CARD,cancel_card,"To cancel a card, go to Cards in the mobile app, select your debit card and choose Cancel Card, or contact customer service. Before we close it, please clear any outstanding balance and cancel recurring payments linked to the card. Once cancelled, the card cannot be used again, and you can request a new one later if you change your mind. If you need any further help, just let me know."
"Urgent: I want to reverse the payment I just made, is that possible? Thank you.",TRANSFER,cancel_transfer,"Please act quickly. For transfers that have not been processed yet, use Cancel next to the transfer in your pending list. For completed transfers, raise a recall request from the same screen or through customer service, and keep the transaction reference handy. We will update you as soon as we hear back from the other bank. Let me know if there is anything more I can do for you."
"Good evening, I am not satisfied with the resolution and want to take this to the ombudsman. Appreciate the help.",RETAIL_EXCEPTION,formal_complaint_escalation,"I am sorry that your issue has not been resolved, and you have every right to escalate. I can register a formal complaint now, which will be given a reference number and reviewed by our complaints team, who will respond in writing within the time required. If you are not satisfied with the final response, you can take the matter to the external financial ombudsman. It helps if you share the dates and details of your previous contacts. You can ask for a human agent at any time and I will arrange it."
"Good evening, how much is the fee for an international transfer",FEES,check_fees,"Fees depend on the type of account or service. You can find the full list in the app under Help and then Fees and Charges, including maintenance, ATM, transfer and card fees. If you tell me the specific service you are asking about, I can explain how that fee is calculated and when it applies. If you need any further help, just let me know."
"Hello, pls change my surname on all my accounts. Pls advise.",RETAIL_EXCEPTION,legal_name_change,"To change your name in our records, we need proof of the legal name change, such as a marriage certificate, a gazette notification or a deed poll, together with your identification. Please upload the documents in the app under Profile or visit a branch, and we will update your accounts and cards. Because this affects several products, the update may take a few working days, and we will notify you when it is complete."
"Hi team, please cancel the card ending 4640. Thank you.",CARD,cancel_card,"Absolutely, let me walk you through it. I can guide you through cancelling your card. First check that there are no pending transactions or unpaid dues. Then submit a cancellation request through the app or by phone banking. You will get a confirmation message once the card is closed."
Quick question: how can I enable my prepaid card for use abroad? I am travelling to Pune. Thanks.,CARD,activate_card_international_usage,"To use your card overseas, open Card Controls in the app and enable International Usage. It is a good idea to set a travel period and a daily limit. If you cannot use the app, phone banking can turn it on for you after verifying your identity. If you need any further help, just let me know."
how do i open a business account? please help.,ACCOUNT,create_account,"Opening a business account is simple. You can apply online or at a branch by providing a valid photo ID, proof of address and a recent photograph. After we verify your details, the account is created and you will receive your account number and access to the app. Some accounts require a small opening deposit. Please reach out again if anything is unclear."
"Good evening, can I get a loan for $229,870 over 60 months? Not sure what to do.",LOAN,apply_for_loan,"Absolutely, let me walk you through it. To apply for a loan, go to Loans in the app and select the type of loan you need. Enter the amount and tenure, upload the required documents and submit. Your eligibility is based on income, existing commitments and credit score, and you will see a decision and an offer once the review is complete. If you need any further help, just let me know."
Urgent: is there an ATM near the central railway station? Thank you.,FIND,find_ATM,"Sure, here is how this works. To locate an ATM, open the Locator in the app or on our website and search by city or landmark. Filters help you find machines that offer deposits, cheque drops or extended hours. Please remember that using an ATM outside our network may attract a fee."
"Good evening, the other holder of my joint student account is not cooperating, what are my options? Can you help me with this?",RETAIL_EXCEPTION,joint_account_dispute,"I am sorry you are going through this. Joint accounts are governed by the mandate that was agreed when they were opened, and changes such as removing a holder or freezing the account usually need the consent of all holders, or a legal instruction. I can arrange for a specialist to explain your options and what proof would be required. Please keep in mind that we cannot take sides, and for serious disputes it can help to seek legal advice. If anything changes in the meantime, please let us know straight away."
"Good evening, urgent: INR 7,870 payment held for security, pls release it. Any idea what to do",PAYMENT_EXCEPTION,large_transaction_blocked,"I understand the urgency. Large payments can be blocked because they go over your daily limit or because our security systems flagged them for extra checks. I cannot release a held payment from this chat, but I can help you confirm it is genuine. Please approve any alert on your app, or I can connect you to a specialist who will verify you and, where possible, release the payment or raise your limit temporarily. If anything changes in the meantime, please let us know straight away."
"excuse me, pls help me make a transfer of eur 2,330 today",TRANSFER,make_transfer,"To make a transfer, log in to the app or net banking and go to Transfers. Add the payee by entering the name, account number and bank code, then confirm the payee with a one-time code. Enter the amount of EUR 2,330, choose the payment method, review the details and confirm. You will get a confirmation message with a reference number."
can you list all the charges for using the atm abroad? thanks.,FEES,check_fees,"Thanks for reaching out, I can guide you through this. I can help you understand the charges. Common fees include monthly maintenance, foreign transaction fees, ATM use outside our network and penalties for low balance. Your latest statement shows every fee that has been applied, and customer service can review any fee you believe was charged in error."
"Urgent: please help me close the account, I am moving abroad. Please advise.",ACCOUNT,close_account,"To close the account, make sure there are no pending transactions, linked cards or loans. Request closure through the app under Account Services or visit a branch. We will transfer any remaining balance to the account you nominate and confirm once the account is closed. Please reach out again if anything is unclear."
"hello, cancel my savings account and send me the balance",ACCOUNT,close_account,"To close the account, make sure there are no pending transactions, linked cards or loans. Request closure through the app under Account Services or visit a branch. We will transfer any remaining balance to the account you nominate and confirm once the account is closed. Please reach out again if anything is unclear."
"hello, how can i close my credit card? i no longer use it. please advise.",CARD,cancel_card,"Of course, happy to help. I can guide you through cancelling your card. First check that there are no pending transactions or unpaid dues. Then submit a cancellation request through the app or by phone banking. You will get a confirmation message once the card is closed."
"Hey, I received an alert for 2,060 dollars at Steam while my card was in my wallet. I need this sorted today.",PAYMENT_EXCEPTION,card_fraud_unauthorized_transaction,"I am very sorry this has happened, and I will treat it as urgent. First, block your card in the app so no further charges can be made. Then please tell us which transactions you do not recognise, including the 2,060 dollars at Steam, so we can raise a fraud claim. Our fraud team will investigate, may issue a replacement card, and will contact you with updates. Please do not share any codes or card details with anyone claiming to be from the bank. We will keep you updated by message until this is resolved."
i need help. please tell me the current balance on the card ending 6493. thanks.,CARD,check_current_balance_on_card,"To check your balance, log in to net banking or the app and open Cards. The card summary shows your current balance, available credit and the last statement amount. Balances update in near real time, but very recent transactions can take a short while to appear. If you need any further help, just let me know."
"good evening, sent 1,960 usd to a stranger by mistake last weekend.",PAYMENT_EXCEPTION,transfer_wrong_account,"I am sorry this happened. Please raise a wrong transfer request in the app or with customer service right away with the payment reference. We will ask the receiving bank to hold and return the funds, but they need the account holder consent, so the timing can vary. A specialist will follow up with you. Please keep your reference number safe, and reply here if you need anything else."
"Good morning, I need to transfer money to another bank, what are the steps? Thank you.",TRANSFER,make_transfer,"Sure, here is how this works. You can send money in a few steps. Open Transfers, choose Send Money and select an existing payee or add a new one. Type in the amount, check the details carefully because transfers to the wrong account can be hard to reverse, and approve with your security code. Instant methods arrive within minutes, while standard transfers can take up to one working day. Let me know if there is anything more I can do for you."
"I am in Paris and my travel card is lost, how can I get emergency help",PAYMENT_EXCEPTION,lost_card_abroad_emergency,"That sounds very stressful. The first step is to block all lost cards so nobody can use them. Then our emergency support team can help with a replacement card delivered to your location or a cash advance, after confirming your identity. Please keep any police report reference, as it can help with disputed transactions. Please keep your reference number safe, and reply here if you need anything else."
Cash was not dispensed at the ATM yet my account was debited. Thanks.,ATM,dispute_ATM_withdrawal,"Sorry about the trouble with the ATM. Please keep the receipt if you have one and raise a dispute through the app or by calling customer service. We will check the ATM records for the withdrawal and update you by message. If the money is confirmed as not dispensed, it will be returned to your account. Let me know if there is anything more I can do for you."
"Hey, my travel card does not work outside the country, how do I switch on overseas payments? Please advise.",CARD,activate_card_international_usage,"Sure, here is how this works. International usage can be switched on from the mobile app. Go to Cards, select your travel card, open Card Controls and turn on International Transactions. You can also set the dates of your trip and a spending limit for extra safety. Changes usually take effect within a few minutes, so please do it before you leave."
"Excuse me, please help me close the account, I am moving abroad. Please advise.",ACCOUNT,close_account,"Thanks for reaching out, I can guide you through this. To close the account, make sure there are no pending transactions, linked cards or loans. Request closure through the app under Account Services or visit a branch. We will transfer any remaining balance to the account you nominate and confirm once the account is closed."
"hello there, there is an atm transaction i do not recognise for inr 1,120, how do i raise a dispute? please advise.",ATM,dispute_ATM_withdrawal,"I will help you raise a dispute for the ATM withdrawal of INR 1,120. Please go to Disputes in the app, select the transaction and choose ATM Cash Issue, then give the date, time and ATM location if you have them. We will investigate with the ATM operator and most cases are reviewed within a few working days. If the ATM did not dispense the cash, the amount is usually credited back to your account. Let me know if there is anything more I can do for you."
"why is the currency conversion fee on my eur 1,280 payment so high? pls help.",PAYMENT_EXCEPTION,currency_conversion_dispute,"Thanks for raising this. When you pay in a foreign currency, the amount is converted at the network exchange rate on the day the transaction is settled, and a foreign currency fee may also apply, so the final figure can differ from what you saw at the shop. Please check the transaction details in the app for the rate and fee that were used. If you believe the amount is wrong, we can raise a query and a specialist will review it. We will keep you updated by message until this is resolved."
"I forgot my password, how do I get it back? Not sure what to do.",PASSWORD,get_password,"I am sorry you are locked out. On the login page, tap Forgot Password and enter your customer ID. We will send a one-time code to your registered mobile number, and after you enter it you can choose a new password. For security reasons we can never tell you your old password. I am here if you need anything else."
Please put me through to a customer service representative. Not sure what to do.,CONTACT,human_agent,"Certainly, I can arrange for one of our advisors to help you. I am transferring you now, and I will share the details of our conversation so you do not need to repeat yourself. If the queue is long, you can choose to receive a call back instead."
"what happens if i cancel my credit card, and how do i do it? thank you.",CARD,cancel_card,"To cancel a card, go to Cards in the mobile app, select your credit card and choose Cancel Card, or contact customer service. Before we close it, please clear any outstanding balance and cancel recurring payments linked to the card. Once cancelled, the card cannot be used again, and you can request a new one later if you change your mind. Feel free to ask if you have any other questions."
"Please help: I need to transfer money to another bank, what are the steps? Can you help me with this?",TRANSFER,make_transfer,"You can send money in a few steps. Open Transfers, choose Send Money and select an existing payee or add a new one. Type in the amount, check the details carefully because transfers to the wrong account can be hard to reverse, and approve with your security code. Instant methods arrive within minutes, while standard transfers can take up to one working day."
"Hey, can u list all the charges for using the ATM abroad? Please advise.",FEES,check_fees,"Fees depend on the type of account or service. You can find the full list in the app under Help and then Fees and Charges, including maintenance, ATM, transfer and card fees. If you tell me the specific service you are asking about, I can explain how that fee is calculated and when it applies. Please reach out again if anything is unclear."
"good morning, how long will my transfer stay pending? it has been 7 days. i need this sorted today.",PAYMENT_EXCEPTION,transfer_pending_stuck,"Sorry for the delay. A transfer can stay pending if the receiving bank is slow, if the details do not match, or if the payment is under review. I have noted the delay and a specialist team will trace the payment. If it cannot be completed, the money is returned to your account. Please keep your reference number safe, and reply here if you need anything else."
Please help: how do I shut down my account permanently? Please advise.,ACCOUNT,close_account,"Certainly, I can help with that. To close the account, make sure there are no pending transactions, linked cards or loans. Request closure through the app under Account Services or visit a branch. We will transfer any remaining balance to the account you nominate and confirm once the account is closed."
Quick question: the ATM gave me less money than what was debited from my account. I need this sorted today.,ATM,dispute_ATM_withdrawal,"Sorry about the trouble with the ATM. Please keep the receipt if you have one and raise a dispute through the app or by calling customer service. We will check the ATM records for the withdrawal and update you by message. If the money is confirmed as not dispensed, it will be returned to your account."
Urgent: how do I see my card balance and available limit? Thank you,CARD,check_current_balance_on_card,"To check your balance, log in to net banking or the app and open Cards. The card summary shows your current balance, available credit and the last statement amount. Balances update in near real time, but very recent transactions can take a short while to appear. I am here if you need anything else."
"Hello, help, the cash machine did not return my card. I need this sorted today.",ATM,recover_swallowed_card,"I am sorry that the ATM kept your card. For your safety, I suggest blocking the card right away in the app. We will then arrange either collection from the ATM branch with identification or a replacement card sent to your address, usually within a few working days."
"Excuse me, I want to dispute an ATM withdrawal of 2,700 USD from last weekend. Can you help me with this?",ATM,dispute_ATM_withdrawal,"I will help you raise a dispute for the ATM withdrawal of 2,700 USD. Please go to Disputes in the app, select the transaction and choose ATM Cash Issue, then give the date, time and ATM location if you have them. We will investigate with the ATM operator and most cases are reviewed within a few working days. If the ATM did not dispense the cash, the amount is usually credited back to your account."
"Please help: account blocked after I updated my address, how do I get access? Thank you.",RETAIL_EXCEPTION,account_frozen_kyc,"I am sorry for the inconvenience. A restriction usually means we need to verify or update some information. You can complete the update in the app under Profile and KYC, or visit a branch. If you have already submitted documents, I will ask the team to prioritise the review and update you. If you would like, I can connect you with a human agent right now."
Urgent: I want to check if the payment I made this morning has gone through.,ACCOUNT,check_recent_transactions,"To review your recent activity, log in and choose the account, then select Recent Transactions. Pending items are shown separately from completed ones. If something looks unfamiliar, tap it to see the details and report it directly from that screen. Please reach out again if anything is unclear."
Please help: what is the customer care number?,CONTACT,customer_service,"Sure, here is how this works. You can reach customer service by phone banking, through secure chat in the mobile app, or by email through the Contact Us section. Phone and chat support are available round the clock for urgent matters such as blocking a card, and other requests are handled during business hours. Please keep your customer ID handy so we can help you faster."
Urgent: please cancel the loan I applied for last weekend. Can you help me with this?,LOAN,cancel_loan,"Of course, happy to help. To cancel a loan application, tell us which application you mean and we will stop the process. Before disbursal there is normally no cost. After disbursal, the loan must be closed by repaying the outstanding amount, and we will give you the exact figure and any applicable charges."
"hello, please cancel the loan i applied for last night",LOAN,cancel_loan,"Of course, happy to help. To cancel a loan application, tell us which application you mean and we will stop the process. Before disbursal there is normally no cost. After disbursal, the loan must be closed by repaying the outstanding amount, and we will give you the exact figure and any applicable charges. I am here if you need anything else."
"Excuse me, what is the available balance on my prepaid card? Appreciate the help.",CARD,check_current_balance_on_card,"Sure, here is how this works. You can see your card balance in the mobile app under Cards. Select your prepaid card to view the available limit, the outstanding amount and the payment due date. You can also get a quick balance by sending a text message from your registered number or by calling phone banking."
"good morning, i would like to apply for a home loan.",LOAN,apply_for_mortgage,"For a mortgage, the first step is to check how much you can borrow using the mortgage calculator in the app. Then submit an application with your identity, income and property details, and we will arrange a valuation of the property. After approval you receive a formal offer, and the funds are released to the seller once the legal formalities are complete. A deposit is usually needed, and the amount depends on the property value and your profile. Feel free to ask if you have any other questions."
"Hi, I want to close my business account. Thanks",ACCOUNT,close_account,"Certainly, I can help with that. I can explain how to close your business account. Please first clear any dues, cancel standing instructions and move the remaining balance to another account. Then submit a closure request through customer service or at a branch with valid identification. Once processed, you will receive written confirmation and the final statement. If you need any further help, just let me know."
"i sent 2,160 dollars to the wrong person, can i cancel the transfer? thank you",TRANSFER,cancel_transfer,"If the transfer of 2,160 dollars is still pending or scheduled, you can cancel it in the app. Go to Transfers, open Pending or Scheduled, select the transfer and tap Cancel. If it has already been completed, it cannot be cancelled directly, but you can raise a request and we will contact the receiving bank to ask for the money back. Success depends on the receiving bank and the account holder agreeing to return it. If you need any further help, just let me know."
urgent: how can i contact customer service?,CONTACT,customer_service,"Absolutely, let me walk you through it. You can reach customer service by phone banking, through secure chat in the mobile app, or by email through the Contact Us section. Phone and chat support are available round the clock for urgent matters such as blocking a card, and other requests are handled during business hours. Please keep your customer ID handy so we can help you faster. Please reach out again if anything is unclear."
"Hello, I want to cancel my student loan application. Please help.",LOAN,cancel_loan,"Absolutely, let me walk you through it. To cancel a loan application, tell us which application you mean and we will stop the process. Before disbursal there is normally no cost. After disbursal, the loan must be closed by repaying the outstanding amount, and we will give you the exact figure and any applicable charges. I am here if you need anything else."
Please help: where can I download my statement for the last 3 days,ACCOUNT,check_recent_transactions,"To review your recent activity, log in and choose the account, then select Recent Transactions. Pending items are shown separately from completed ones. If something looks unfamiliar, tap it to see the details and report it directly from that screen. If you need any further help, just let me know."
"Hi, I want to know how many payments are left on my loan.",LOAN,check_loan_payments,"Thanks for reaching out, I can guide you through this. To check your loan payments, log in and open Loans, then choose the loan. You will see what you have paid so far, what is left, and the next due date. If you would like to pay extra to reduce the balance, there is an option to make a part payment on the same screen. Feel free to ask if you have any other questions."
"Excuse me, I am not satisfied with the resolution and want to take this to the ombudsman. Not sure what to do",RETAIL_EXCEPTION,formal_complaint_escalation,"I am sorry that your issue has not been resolved, and you have every right to escalate. I can register a formal complaint now, which will be given a reference number and reviewed by our complaints team, who will respond in writing within the time required. If you are not satisfied with the final response, you can take the matter to the external financial ombudsman. It helps if you share the dates and details of your previous contacts. We will keep you updated by message until this is resolved."
"Excuse me, how do I apply for a personal loan? Can you help me with this",LOAN,apply_for_loan,"To apply for a loan, go to Loans in the app and select the type of loan you need. Enter the amount and tenure, upload the required documents and submit. Your eligibility is based on income, existing commitments and credit score, and you will see a decision and an offer once the review is complete. Let me know if there is anything more I can do for you."
"Please help: where is my refund, it has been 5 days? Please help",PAYMENT_EXCEPTION,refund_not_received,"Thank you for the details. A refund can take some time after the merchant approves it. If it has been more than ten working days, please send us the refund confirmation from the merchant. We will trace the credit and follow up with the merchant bank on your behalf. If you would like, I can connect you with a human agent right now."
"Excuse me, I sent $1,880 to the wrong person, can I cancel the transfer? Any idea what to do",TRANSFER,cancel_transfer,"Thanks for reaching out, I can guide you through this. If the transfer of $1,880 is still pending or scheduled, you can cancel it in the app. Go to Transfers, open Pending or Scheduled, select the transfer and tap Cancel. If it has already been completed, it cannot be cancelled directly, but you can raise a request and we will contact the receiving bank to ask for the money back. Success depends on the receiving bank and the account holder agreeing to return it. I am here if you need anything else."
I need help. I want to know how many payments are left on my loan. Please advise.,LOAN,check_loan_payments,"Thanks for reaching out, I can guide you through this. To check your loan payments, log in and open Loans, then choose the loan. You will see what you have paid so far, what is left, and the next due date. If you would like to pay extra to reduce the balance, there is an option to make a part payment on the same screen. Please reach out again if anything is unclear."
"Hey, what is the available balance on my credit card?",CARD,check_current_balance_on_card,"To check your balance, log in to net banking or the app and open Cards. The card summary shows your current balance, available credit and the last statement amount. Balances update in near real time, but very recent transactions can take a short while to appear. Feel free to ask if you have any other questions."
"Hi, the bank refused my mortgage even though I have a stable income.",RETAIL_EXCEPTION,loan_application_rejected_appeal,"I am sorry that your application was not approved. Decisions are based on factors such as income, existing debts, credit history and the value of the loan requested, and we can share the main reasons with you. You may ask for a review, especially if your circumstances have changed or if some information was missing. I will pass your request to a loans specialist who can explain the decision and suggest what may improve your chances next time. You can ask for a human agent at any time and I will arrange it."
"Hey, when is my card annual fee charged and can it be waived? Thanks.",CARD,check_card_annual_fee,"Certainly, I can help with that. Annual fees vary by card, and many cards waive the fee after a certain level of yearly spending. Please check Fees and Charges for your card in the app to see your amount and the anniversary date. If you would like to ask about a waiver, customer service can review your eligibility. Feel free to ask if you have any other questions."
How can I contact customer service? Any idea what to do,CONTACT,customer_service,"Sure, here is how this works. There are several ways to contact us. The quickest is the chat option in the app, which is available all day. You can also call the number printed on the back of your card or on our website, or visit any branch during opening hours. Feel free to ask if you have any other questions."
"Excuse me, I do not want a bot, please connect me to an advisor. Any idea what to do?",CONTACT,human_agent,"Certainly, I can arrange for one of our advisors to help you. I am transferring you now, and I will share the details of our conversation so you do not need to repeat yourself. If the queue is long, you can choose to receive a call back instead."
"Hello, I need extra help managing my money after my illness.",RETAIL_EXCEPTION,vulnerable_customer_support,"Thank you for telling us, and please know that we are here to help in a way that works for you. We offer support such as large print or audio statements, assisted banking at branches, a dedicated helpline with priority handling and, in some areas, home visits. If you are worried about a suspicious call, please do not share any codes or personal details, and we will help you check it. I will connect you with our customer care specialists to set up the support you need. If you would like, I can connect you with a human agent right now."
"Hi, how can I close my credit card? I no longer use it. I need this sorted today.",CARD,cancel_card,I can guide you through cancelling your card. First check that there are no pending transactions or unpaid dues. Then submit a cancellation request through the app or by phone banking. You will get a confirmation message once the card is closed. Please reach out again if anything is unclear.
"Excuse me, find me a cash machine close to me. I need this sorted today.",FIND,find_ATM,"Sure, here is how this works. To locate an ATM, open the Locator in the app or on our website and search by city or landmark. Filters help you find machines that offer deposits, cheque drops or extended hours. Please remember that using an ATM outside our network may attract a fee. Let me know if there is anything more I can do for you."
how much do i still owe on my loan? can u help me with this,LOAN,check_loan_payments,"To check your loan payments, log in and open Loans, then choose the loan. You will see what you have paid so far, what is left, and the next due date. If you would like to pay extra to reduce the balance, there is an option to make a part payment on the same screen. Feel free to ask if you have any other questions."
"Hi, the account holder cannot sign anymore, what documents do I need to act for them? I need this sorted today.",RETAIL_EXCEPTION,power_of_attorney_request,"I am sorry to hear that. Managing another person's account requires a valid legal authority, such as a registered power of attorney, and we need to verify it before giving access. Please prepare the original or certified copy of the document, your identification and the account holder details. A specialist will check the paperwork and explain what your authority allows, and I will arrange for them to contact you. Please keep your reference number safe, and reply here if you need anything else."
"good evening, i want to talk to a real person. thanks.",CONTACT,human_agent,"Of course. I will connect you with a human agent now. Please stay in this chat, and it helps if you briefly describe your issue so the agent can pick up straight away. Waiting times can vary, and if it is not urgent you can also request a call back at a time that suits you. Please reach out again if anything is unclear."
Please help: can I cancel a scheduled transfer for next week? Not sure what to do.,TRANSFER,cancel_transfer,"Certainly, I can help with that. Please act quickly. For transfers that have not been processed yet, use Cancel next to the transfer in your pending list. For completed transfers, raise a recall request from the same screen or through customer service, and keep the transaction reference handy. We will update you as soon as we hear back from the other bank."
"Excuse me, please cancel my pending transfer of EUR 2,520. Please help.",TRANSFER,cancel_transfer,"If the transfer of EUR 2,520 is still pending or scheduled, you can cancel it in the app. Go to Transfers, open Pending or Scheduled, select the transfer and tap Cancel. If it has already been completed, it cannot be cancelled directly, but you can raise a request and we will contact the receiving bank to ask for the money back. Success depends on the receiving bank and the account holder agreeing to return it. Feel free to ask if you have any other questions."
"Hi team, I am a student and would like to start a savings account. Please help",ACCOUNT,create_account,"To start, choose the type of account that suits you, then fill in the application form online. You will need identity and address documents, and you may complete a short video verification. Once approved, your account details arrive by message and email, and your debit card is sent to your address. Let me know if there is anything more I can do for you."
"Hi team, we decided not to buy the house, how do I cancel the mortgage? Appreciate the help.",LOAN,cancel_mortgage,"I can help you withdraw the mortgage application. Please contact our mortgage team through the app or at a branch and confirm the application reference. If the valuation or legal work has already started, some third party fees might still apply. Once cancelled, you will receive written confirmation."
"i need help. i do not want a bot, please connect me to an advisor. thanks",CONTACT,human_agent,"Certainly, I can arrange for one of our advisors to help you. I am transferring you now, and I will share the details of our conversation so you do not need to repeat yourself. If the queue is long, you can choose to receive a call back instead."
quick question: can i see my last transactions? not sure what to do.,ACCOUNT,check_recent_transactions,"Certainly, I can help with that. To review your recent activity, log in and choose the account, then select Recent Transactions. Pending items are shown separately from completed ones. If something looks unfamiliar, tap it to see the details and report it directly from that screen. Please reach out again if anything is unclear."
"Hi team, please tell me the current balance on the card ending 1379. Please help.",CARD,check_current_balance_on_card,"Certainly, I can help with that. To check your balance, log in to net banking or the app and open Cards. The card summary shows your current balance, available credit and the last statement amount. Balances update in near real time, but very recent transactions can take a short while to appear. Please reach out again if anything is unclear."
"Excuse me, I changed my name after marriage, how do I update it on my joint account?",RETAIL_EXCEPTION,legal_name_change,"To change your name in our records, we need proof of the legal name change, such as a marriage certificate, a gazette notification or a deed poll, together with your identification. Please upload the documents in the app under Profile or visit a branch, and we will update your accounts and cards. Because this affects several products, the update may take a few working days, and we will notify you when it is complete. You can ask for a human agent at any time and I will arrange it."
"my refund of 875 usd is still missing, the shop says it was processed. pls help.",PAYMENT_EXCEPTION,refund_not_received,"Thank you for the details. A refund can take some time after the merchant approves it. If it has been more than ten working days, please send us the refund confirmation from the merchant. We will trace the credit and follow up with the merchant bank on your behalf. Please keep your reference number safe, and reply here if you need anything else."
Quick question: please tell me the current balance on the card ending 5443,CARD,check_current_balance_on_card,"To check your balance, log in to net banking or the app and open Cards. The card summary shows your current balance, available credit and the last statement amount. Balances update in near real time, but very recent transactions can take a short while to appear. Please reach out again if anything is unclear."
Sent GBP 429 to a stranger by mistake last Friday. Can you help me with this,PAYMENT_EXCEPTION,transfer_wrong_account,"I am sorry this happened. Please raise a wrong transfer request in the app or with customer service right away with the payment reference. We will ask the receiving bank to hold and return the funds, but they need the account holder consent, so the timing can vary. A specialist will follow up with you."
"the merchant refused a refund of 1,890 usd, what are my options with the bank? thanks.",PAYMENT_EXCEPTION,chargeback_request,"Thank you for the details. A card dispute can be raised for items not received or not as described. We will need your order confirmation and any communication with the seller. Our disputes team will assess the claim and let you know whether the amount can be recovered. Please keep your reference number safe, and reply here if you need anything else."
"Excuse me, I need to visit a branch, can you help me find one? I need this sorted today",FIND,find_branch,"Of course, happy to help. To find a branch, enter your area or city in the Locator and choose Branches. Each listing shows the address, working hours and the services offered, such as loans or locker facilities. Most branches are open on weekdays and some are open on Saturday mornings. If you need any further help, just let me know."
"Quick question: suspicious login on my account from another country, please secure it.",RETAIL_EXCEPTION,identity_theft_account_takeover,"I am very sorry, and I will treat this as urgent. To protect you, we should restrict access to your account and cards immediately, and I am escalating this to our fraud and security team now. Please do not use the same password anywhere else, avoid clicking links in unexpected messages, and keep a note of any suspicious messages or calls. A specialist will contact you on a verified number to restore your access and review the activity. If you would like, I can connect you with a human agent right now."
Please help: when is my next mortgage payment due,LOAN,check_mortgage_payments,"Your mortgage details are available under Loans. There you can view the payment amount, upcoming due dates, the balance still owed and a summary of interest paid. If your payment changes because of a rate change, we will notify you in advance."
Quick question: can u explain the steps for a home loan application? Appreciate the help,LOAN,apply_for_mortgage,"For a mortgage, the first step is to check how much you can borrow using the mortgage calculator in the app. Then submit an application with your identity, income and property details, and we will arrange a valuation of the property. After approval you receive a formal offer, and the funds are released to the seller once the legal formalities are complete. A deposit is usually needed, and the amount depends on the property value and your profile. Please reach out again if anything is unclear."
"Good morning, the bank refused my mortgage even though I have a stable income. Thanks.",RETAIL_EXCEPTION,loan_application_rejected_appeal,"I am sorry that your application was not approved. Decisions are based on factors such as income, existing debts, credit history and the value of the loan requested, and we can share the main reasons with you. You may ask for a review, especially if your circumstances have changed or if some information was missing. I will pass your request to a loans specialist who can explain the decision and suggest what may improve your chances next time. You can ask for a human agent at any time and I will arrange it."
"Good morning, I need to withdraw cash in Delhi, where can I find one of your ATMs? Please help.",FIND,find_ATM,"To locate an ATM, open the Locator in the app or on our website and search by city or landmark. Filters help you find machines that offer deposits, cheque drops or extended hours. Please remember that using an ATM outside our network may attract a fee."
"good morning, i cannot log in to net banking, i do not remember my password. please help.",PASSWORD,get_password,"I am sorry you are locked out. On the login page, tap Forgot Password and enter your customer ID. We will send a one-time code to your registered mobile number, and after you enter it you can choose a new password. For security reasons we can never tell you your old password. If you need any further help, just let me know."
"Hi team, please help me close the account, I am moving abroad. Any idea what to do?",ACCOUNT,close_account,"Of course, happy to help. To close the account, make sure there are no pending transactions, linked cards or loans. Request closure through the app under Account Services or visit a branch. We will transfer any remaining balance to the account you nominate and confirm once the account is closed."
"What is the process to get a mortgage for a house worth $215,810? Not sure what to do.",LOAN,apply_for_mortgage,"For a mortgage, the first step is to check how much you can borrow using the mortgage calculator in the app. Then submit an application with your identity, income and property details, and we will arrange a valuation of the property. After approval you receive a formal offer, and the funds are released to the seller once the legal formalities are complete. A deposit is usually needed, and the amount depends on the property value and your profile. I am here if you need anything else."
"hi, please block my card ending 2947, i think it was stolen. not sure what to do.",CARD,block_card,"That sounds frustrating, and I will do my best to help you resolve it. To protect your money, block the card first. Use the app under Cards and Block, or call the 24 hour phone banking line and ask for an immediate block. Once blocked, please review your recent transactions and tell us about any you do not recognise so we can look into them. Please reach out again if anything is unclear."
Urgent: what are your support hours? Thank you.,CONTACT,customer_service,"Sure, here is how this works. You can reach customer service by phone banking, through secure chat in the mobile app, or by email through the Contact Us section. Phone and chat support are available round the clock for urgent matters such as blocking a card, and other requests are handled during business hours. Please keep your customer ID handy so we can help you faster. Feel free to ask if you have any other questions."
"Hello, someone may have my card details, how can I block the card immediately? Any idea what to do?",CARD,block_card,"That sounds frustrating, and I will do my best to help you resolve it. To protect your money, block the card first. Use the app under Cards and Block, or call the 24 hour phone banking line and ask for an immediate block. Once blocked, please review your recent transactions and tell us about any you do not recognise so we can look into them. If you need any further help, just let me know."
"Hello, why was I charged a fee of 1,170 dollars this month? Appreciate the help",FEES,check_fees,"I can help you understand the charges. Common fees include monthly maintenance, foreign transaction fees, ATM use outside our network and penalties for low balance. Your latest statement shows every fee that has been applied, and customer service can review any fee you believe was charged in error."
"Please help: I cannot log in to net banking, I do not remember my password.",PASSWORD,get_password,"You can recover access in a few steps. Select Forgot Password on the login screen, verify your identity with the one-time code sent to your registered number, and set a new password. If you no longer have access to that number, please visit a branch with your identification to update it. I am here if you need anything else."
"i sent 1,880 usd to the wrong person, can i cancel the transfer? i need this sorted today",TRANSFER,cancel_transfer,"If the transfer of 1,880 USD is still pending or scheduled, you can cancel it in the app. Go to Transfers, open Pending or Scheduled, select the transfer and tap Cancel. If it has already been completed, it cannot be cancelled directly, but you can raise a request and we will contact the receiving bank to ask for the money back. Success depends on the receiving bank and the account holder agreeing to return it. Feel free to ask if you have any other questions."
"Good morning, what are the rules for choosing a password? Please help.",PASSWORD,set_up_password,"Certainly, I can help with that. New customers can create a password using the First Time Login option. Enter your customer ID, verify with a one-time code, then choose a password that meets the rules shown on screen. Please do not share it with anyone, including bank staff. I am here if you need anything else."
"Good evening, need to switch on my new card, what should I do? Any idea what to do?",CARD,activate_card,"You can activate your card in two easy ways. In the mobile app, go to Cards, pick your card, and tap Activate. If you prefer, call the phone banking number printed on the back of the card and follow the voice prompts. After verification your card will be active within a few minutes."
"Excuse me, how much is the fee for an international transfer?",FEES,check_fees,"Sure, here is how this works. Fees depend on the type of account or service. You can find the full list in the app under Help and then Fees and Charges, including maintenance, ATM, transfer and card fees. If you tell me the specific service you are asking about, I can explain how that fee is calculated and when it applies."
"Hi, please explain how to apply for a loan online. I need this sorted today",LOAN,apply_for_loan,"To apply for a loan, go to Loans in the app and select the type of loan you need. Enter the amount and tenure, upload the required documents and submit. Your eligibility is based on income, existing commitments and credit score, and you will see a decision and an offer once the review is complete."
"Hello there, can you transfer me to a human agent? Thank you.",CONTACT,human_agent,"Of course. I will connect you with a human agent now. Please stay in this chat, and it helps if you briefly describe your issue so the agent can pick up straight away. Waiting times can vary, and if it is not urgent you can also request a call back at a time that suits you. Please reach out again if anything is unclear."
"Good evening, we are buying our first home and need a mortgage, where do we start?",LOAN,apply_for_mortgage,"Of course, happy to help. For a mortgage, the first step is to check how much you can borrow using the mortgage calculator in the app. Then submit an application with your identity, income and property details, and we will arrange a valuation of the property. After approval you receive a formal offer, and the funds are released to the seller once the legal formalities are complete. A deposit is usually needed, and the amount depends on the property value and your profile. Feel free to ask if you have any other questions."
"Hey, the ATM kept my travel card and I cannot get it back. Thank you.",ATM,recover_swallowed_card,"Please do not worry, this happens sometimes. First, block the card in the app as a precaution until you have it back. Then contact the branch that owns the ATM or call customer service, and we will check if the card was retained by the machine. If it can be recovered you may collect it with valid photo ID, otherwise we will issue a replacement card to you."
I want to cancel my mortgage application. Please help.,LOAN,cancel_mortgage,"To cancel a mortgage application, send a withdrawal request with your application reference. Any costs already incurred for valuation or legal checks may not be refundable. We will confirm the cancellation in writing and close the file."
Please help: how can I check how much credit I have left on my card? Please advise.,CARD,check_current_balance_on_card,"To check your balance, log in to net banking or the app and open Cards. The card summary shows your current balance, available credit and the last statement amount. Balances update in near real time, but very recent transactions can take a short while to appear. Please reach out again if anything is unclear."
"Hi team, my mother is unwell and I need to manage her account, how does power of attorney work",RETAIL_EXCEPTION,power_of_attorney_request,"I am sorry to hear that. Managing another person's account requires a valid legal authority, such as a registered power of attorney, and we need to verify it before giving access. Please prepare the original or certified copy of the document, your identification and the account holder details. A specialist will check the paperwork and explain what your authority allows, and I will arrange for them to contact you."
"Good evening, I changed my name after marriage, how do I update it on my salary account? Please help",RETAIL_EXCEPTION,legal_name_change,"To change your name in our records, we need proof of the legal name change, such as a marriage certificate, a gazette notification or a deed poll, together with your identification. Please upload the documents in the app under Profile or visit a branch, and we will update your accounts and cards. Because this affects several products, the update may take a few working days, and we will notify you when it is complete."
"hi, i want to cancel my prepaid card permanently. thanks.",CARD,cancel_card,"Absolutely, let me walk you through it. To cancel a card, go to Cards in the mobile app, select your prepaid card and choose Cancel Card, or contact customer service. Before we close it, please clear any outstanding balance and cancel recurring payments linked to the card. Once cancelled, the card cannot be used again, and you can request a new one later if you change your mind. If you need any further help, just let me know."
"Hey, ATM retained my card ending 0909, how do I recover it?",ATM,recover_swallowed_card,"I am sorry that the ATM kept your card. For your safety, I suggest blocking the card right away in the app. We will then arrange either collection from the ATM branch with identification or a replacement card sent to your address, usually within a few working days."
"Hi team, I need to visit a branch, can you help me find one? Thank you.",FIND,find_branch,"Sure, here is how this works. To find a branch, enter your area or city in the Locator and choose Branches. Each listing shows the address, working hours and the services offered, such as loans or locker facilities. Most branches are open on weekdays and some are open on Saturday mornings. Feel free to ask if you have any other questions."
"Good morning, what are your support hours? Not sure what to do.",CONTACT,customer_service,"Of course, happy to help. You can reach customer service by phone banking, through secure chat in the mobile app, or by email through the Contact Us section. Phone and chat support are available round the clock for urgent matters such as blocking a card, and other requests are handled during business hours. Please keep your customer ID handy so we can help you faster. Let me know if there is anything more I can do for you."
"Hey, what documents do I need to update my name with the bank? Please advise",RETAIL_EXCEPTION,legal_name_change,"To change your name in our records, we need proof of the legal name change, such as a marriage certificate, a gazette notification or a deed poll, together with your identification. Please upload the documents in the app under Profile or visit a branch, and we will update your accounts and cards. Because this affects several products, the update may take a few working days, and we will notify you when it is complete. Please keep your reference number safe, and reply here if you need anything else."
"I need help. Please block my card ending 7306, I think it was stolen.",CARD,block_card,"I am sorry to hear about this and I want to help sort it out. To protect your money, block the card first. Use the app under Cards and Block, or call the 24 hour phone banking line and ask for an immediate block. Once blocked, please review your recent transactions and tell us about any you do not recognise so we can look into them. Let me know if there is anything more I can do for you."
"Excuse me, what is the available balance on my prepaid card?",CARD,check_current_balance_on_card,"To check your balance, log in to net banking or the app and open Cards. The card summary shows your current balance, available credit and the last statement amount. Balances update in near real time, but very recent transactions can take a short while to appear."
"Hey, how can I enable my prepaid card for use abroad? I am travelling to Dublin. Thank you.",CARD,activate_card_international_usage,"Of course, happy to help. International usage can be switched on from the mobile app. Go to Cards, select your prepaid card, open Card Controls and turn on International Transactions. You can also set the dates of your trip and a spending limit for extra safety. Changes usually take effect within a few minutes, so please do it before you leave. I am here if you need anything else."
"Hey, returned the item to Netflix and still no money back.",PAYMENT_EXCEPTION,refund_not_received,"Thank you for the details. A refund can take some time after the merchant approves it. If it has been more than ten working days, please send us the refund confirmation from the merchant. We will trace the credit and follow up with the merchant bank on your behalf."
"Good morning, can I cancel my loan after it was approved but before receiving the money? Appreciate the help.",LOAN,cancel_loan,"Of course, happy to help. To cancel a loan application, tell us which application you mean and we will stop the process. Before disbursal there is normally no cost. After disbursal, the loan must be closed by repaying the outstanding amount, and we will give you the exact figure and any applicable charges. I am here if you need anything else."
"Excuse me, returned the item to Booking.com and still no money back. I need this sorted today.",PAYMENT_EXCEPTION,refund_not_received,"I am sorry for the wait. Refunds from merchants usually take between five and ten working days to appear, depending on the merchant and the card network. Please ask Booking.com for the refund reference number or acquirer reference number, which lets us trace it. Once you share it, we can check whether the credit was received and, if not, raise an enquiry with the merchant bank."
"Hi team, how can I close my credit card? I no longer use it. Any idea what to do?",CARD,cancel_card,I can guide you through cancelling your card. First check that there are no pending transactions or unpaid dues. Then submit a cancellation request through the app or by phone banking. You will get a confirmation message once the card is closed.
"Excuse me, how do I see my card balance and available limit? I need this sorted today.",CARD,check_current_balance_on_card,"Certainly, I can help with that. To check your balance, log in to net banking or the app and open Cards. The card summary shows your current balance, available credit and the last statement amount. Balances update in near real time, but very recent transactions can take a short while to appear. Please reach out again if anything is unclear."
"Quick question: I forgot my password, how do I get it back? Not sure what to do.",PASSWORD,get_password,"You can recover access in a few steps. Select Forgot Password on the login screen, verify your identity with the one-time code sent to your registered number, and set a new password. If you no longer have access to that number, please visit a branch with your identification to update it. Please reach out again if anything is unclear."
"Hey, I need to inform the bank about the death of my husband and settle his accounts. Please advise.",RETAIL_EXCEPTION,deceased_account_holder,"I am very sorry for your loss. Please take your time, and we will make this as simple as we can. To begin, please inform us of the death by contacting our bereavement team, who will guide you personally. You will usually need a copy of the death certificate, your own identification and proof of your relationship, and if you are the nominee, the nomination details. Because this involves legal steps, a specialist will handle your request and explain the timeline. You can ask for a human agent at any time and I will arrange it."
I want to check if the payment I made this morning has gone through.,ACCOUNT,check_recent_transactions,"To review your recent activity, log in and choose the account, then select Recent Transactions. Pending items are shown separately from completed ones. If something looks unfamiliar, tap it to see the details and report it directly from that screen. I am here if you need anything else."
"hello, where is my refund, it has been 7 days? can you help me with this?",PAYMENT_EXCEPTION,refund_not_received,"Thank you for the details. A refund can take some time after the merchant approves it. If it has been more than ten working days, please send us the refund confirmation from the merchant. We will trace the credit and follow up with the merchant bank on your behalf. If anything changes in the meantime, please let us know straight away."
"Hey, show me my recent activity on the savings account. I need this sorted today.",ACCOUNT,check_recent_transactions,"Of course, happy to help. You can see recent transactions in the app or net banking. Open your savings account and tap Transactions to view the latest activity, and use the filters to search by date or amount. Statements for earlier periods can be downloaded as a PDF from the Statements section. If you need any further help, just let me know."
Please help: could you tell me the yearly charges on the card ending 4474? Can you help me with this,CARD,check_card_annual_fee,"Annual fees vary by card, and many cards waive the fee after a certain level of yearly spending. Please check Fees and Charges for your card in the app to see your amount and the anniversary date. If you would like to ask about a waiver, customer service can review your eligibility."
"Good evening, can I see my last transactions",ACCOUNT,check_recent_transactions,"Of course, happy to help. To review your recent activity, log in and choose the account, then select Recent Transactions. Pending items are shown separately from completed ones. If something looks unfamiliar, tap it to see the details and report it directly from that screen. If you need any further help, just let me know."
"Good morning, my legal name has changed and my cards still show the old one. Thanks.",RETAIL_EXCEPTION,legal_name_change,"To change your name in our records, we need proof of the legal name change, such as a marriage certificate, a gazette notification or a deed poll, together with your identification. Please upload the documents in the app under Profile or visit a branch, and we will update your accounts and cards. Because this affects several products, the update may take a few working days, and we will notify you when it is complete. If you would like, I can connect you with a human agent right now."
Where do I activate the platinum credit card I got earlier today? Please advise.,CARD,activate_card,"Sure, here is how this works. You can activate your card in two easy ways. In the mobile app, go to Cards, pick your card, and tap Activate. If you prefer, call the phone banking number printed on the back of the card and follow the voice prompts. After verification your card will be active within a few minutes. I am here if you need anything else."
How do I view what I spent this week? Not sure what to do,ACCOUNT,check_recent_transactions,"To review your recent activity, log in and choose the account, then select Recent Transactions. Pending items are shown separately from completed ones. If something looks unfamiliar, tap it to see the details and report it directly from that screen. Please reach out again if anything is unclear."
"Hello, how do I set up a password for net banking",PASSWORD,set_up_password,"To set up or change your password, log in and go to Settings and then Security. Choose Change Password, enter your current password, and type the new one twice. A strong password uses at least eight characters with a mix of letters, numbers and symbols, and should not include your name or birth date."
"Quick question: the merchant refused a refund of 2,170 USD, what are my options with the bank?",PAYMENT_EXCEPTION,chargeback_request,"Thank you for the details. A card dispute can be raised for items not received or not as described. We will need your order confirmation and any communication with the seller. Our disputes team will assess the claim and let you know whether the amount can be recovered. If anything changes in the meantime, please let us know straight away."
"Please waive the overdraft charges, they are unfair",RETAIL_EXCEPTION,overdraft_fee_dispute,"Thanks for explaining. To review the fee, we need to see the order in which the deposit and the payments were processed. I will raise a request for the fee to be reviewed, and you will hear back with the outcome. In some cases, especially after a delayed salary, the fee can be waived. If anything changes in the meantime, please let us know straight away."
Please enable international transactions on my card ending 5714. Please advise.,CARD,activate_card_international_usage,"To use your card overseas, open Card Controls in the app and enable International Usage. It is a good idea to set a travel period and a daily limit. If you cannot use the app, phone banking can turn it on for you after verifying your identity."
"I ordered from Ola last week, the item is not what was shown, can I dispute the charge? Not sure what to do.",PAYMENT_EXCEPTION,chargeback_request,"Thank you for the details. A card dispute can be raised for items not received or not as described. We will need your order confirmation and any communication with the seller. Our disputes team will assess the claim and let you know whether the amount can be recovered. If anything changes in the meantime, please let us know straight away."
pls help: how do i set up a password for net banking? pls advise.,PASSWORD,set_up_password,"Certainly, I can help with that. To set up or change your password, log in and go to Settings and then Security. Choose Change Password, enter your current password, and type the new one twice. A strong password uses at least eight characters with a mix of letters, numbers and symbols, and should not include your name or birth date."
Urgent: is there a fee if my balance drops below the minimum? Appreciate the help.,FEES,check_fees,"Thanks for reaching out, I can guide you through this. Fees depend on the type of account or service. You can find the full list in the app under Help and then Fees and Charges, including maintenance, ATM, transfer and card fees. If you tell me the specific service you are asking about, I can explain how that fee is calculated and when it applies. I am here if you need anything else."
"Please help: my debit card does not work outside the country, how do I switch on overseas payments? Thanks.",CARD,activate_card_international_usage,"Certainly, I can help with that. To use your card overseas, open Card Controls in the app and enable International Usage. It is a good idea to set a travel period and a daily limit. If you cannot use the app, phone banking can turn it on for you after verifying your identity. Please reach out again if anything is unclear."
"Hi team, how can I enable my platinum credit card for use abroad? I am travelling to Tokyo. Not sure what to do",CARD,activate_card_international_usage,"Certainly, I can help with that. International usage can be switched on from the mobile app. Go to Cards, select your platinum credit card, open Card Controls and turn on International Transactions. You can also set the dates of your trip and a spending limit for extra safety. Changes usually take effect within a few minutes, so please do it before you leave. Feel free to ask if you have any other questions."
"Good morning, my card got stuck in the machine three days ago. Thank you",ATM,recover_swallowed_card,"Please do not worry, this happens sometimes. First, block the card in the app as a precaution until you have it back. Then contact the branch that owns the ATM or call customer service, and we will check if the card was retained by the machine. If it can be recovered you may collect it with valid photo ID, otherwise we will issue a replacement card to you."
"Hi, I want to dispute an ATM withdrawal of INR 233 from last weekend. Thank you.",ATM,dispute_ATM_withdrawal,"I will help you raise a dispute for the ATM withdrawal of INR 233. Please go to Disputes in the app, select the transaction and choose ATM Cash Issue, then give the date, time and ATM location if you have them. We will investigate with the ATM operator and most cases are reviewed within a few working days. If the ATM did not dispense the cash, the amount is usually credited back to your account."
Where do I activate the prepaid card I got this morning? I need this sorted today.,CARD,activate_card,"First, open the mobile app or net banking and go to the Cards section. Then select your prepaid card and choose Activate Card. You will receive a one-time code on your registered mobile number, so enter it to confirm. Once that is done, the card is active and ready to use straight away. I am here if you need anything else."
"My card went missing this morning, block it asap. Can you help me with this?",CARD,block_card,"You can block the card immediately in the mobile app. Go to Cards, choose the card and tap Block Card, then pick Lost or Stolen as the reason. The card stops working straight away and any new transactions are declined. We will then help you order a replacement, which usually arrives in a few working days. If you need any further help, just let me know."
"Excuse me, can you explain the steps for a home loan application? Please advise",LOAN,apply_for_mortgage,"Applying for a home loan involves a few stages: an initial eligibility check, document submission, property valuation, formal approval and legal completion. A mortgage adviser can guide you at each stage. You can begin by booking a call from the Loans section of the app."
"Hello, I entered the wrong account number and sent EUR 203, please help me get it back. Can u help me with this?",PAYMENT_EXCEPTION,transfer_wrong_account,"Please stay calm, and thank you for telling us quickly, because speed matters. Payments to a wrong account cannot always be reversed, but we can send a recall request to the receiving bank for the EUR 203. Please share the transaction reference, the date and the account number you used. We will contact the other bank and, if the account holder agrees or the funds are still available, the money can be returned. You can ask for a human agent at any time and I will arrange it."
"I want to make a large purchase of 48,560 dollars but my card keeps getting declined.",PAYMENT_EXCEPTION,large_transaction_blocked,"I understand the urgency. Large payments can be blocked because they go over your daily limit or because our security systems flagged them for extra checks. I cannot release a held payment from this chat, but I can help you confirm it is genuine. Please approve any alert on your app, or I can connect you to a specialist who will verify you and, where possible, release the payment or raise your limit temporarily. If anything changes in the meantime, please let us know straight away."
"Excuse me, what is the fastest way to send money to someone? Can you help me with this",TRANSFER,make_transfer,"Certainly, I can help with that. You can send money in a few steps. Open Transfers, choose Send Money and select an existing payee or add a new one. Type in the amount, check the details carefully because transfers to the wrong account can be hard to reverse, and approve with your security code. Instant methods arrive within minutes, while standard transfers can take up to one working day."
"Hi, help, the cash machine did not return my card.",ATM,recover_swallowed_card,"I am sorry that the ATM kept your card. For your safety, I suggest blocking the card right away in the app. We will then arrange either collection from the ATM branch with identification or a replacement card sent to your address, usually within a few working days. Feel free to ask if you have any other questions."
"hey, there is an atm transaction i do not recognise for inr 3,000, how do i raise a dispute",ATM,dispute_ATM_withdrawal,"Sorry about the trouble with the ATM. Please keep the receipt if you have one and raise a dispute through the app or by calling customer service. We will check the ATM records for the withdrawal and update you by message. If the money is confirmed as not dispensed, it will be returned to your account."
"Hi, I need to speak to support about my account, how do I reach you? Thank you.",CONTACT,customer_service,"You can reach customer service by phone banking, through secure chat in the mobile app, or by email through the Contact Us section. Phone and chat support are available round the clock for urgent matters such as blocking a card, and other requests are handled during business hours. Please keep your customer ID handy so we can help you faster. Feel free to ask if you have any other questions."
I need help. I want to freeze the joint account until we settle things. I need this sorted today.,RETAIL_EXCEPTION,joint_account_dispute,"I am sorry you are going through this. Joint accounts are governed by the mandate that was agreed when they were opened, and changes such as removing a holder or freezing the account usually need the consent of all holders, or a legal instruction. I can arrange for a specialist to explain your options and what proof would be required. Please keep in mind that we cannot take sides, and for serious disputes it can help to seek legal advice."
Quick question: how much is my monthly mortgage payment? Not sure what to do.,LOAN,check_mortgage_payments,"Of course, happy to help. Your mortgage details are available under Loans. There you can view the payment amount, upcoming due dates, the balance still owed and a summary of interest paid. If your payment changes because of a rate change, we will notify you in advance."
"My loan application for 366,370 dollars was rejected and I do not understand why.",RETAIL_EXCEPTION,loan_application_rejected_appeal,"I am sorry that your application was not approved. Decisions are based on factors such as income, existing debts, credit history and the value of the loan requested, and we can share the main reasons with you. You may ask for a review, especially if your circumstances have changed or if some information was missing. I will pass your request to a loans specialist who can explain the decision and suggest what may improve your chances next time. If anything changes in the meantime, please let us know straight away."
"Hi team, I am behind on my mortgage payments and worried about losing my home. Thanks.",RETAIL_EXCEPTION,mortgage_arrears_support,"Thank you for reaching out. Falling behind on a mortgage is stressful, and there are steps we can explore together. A mortgage support specialist will review your account, your income and expenses, and discuss a plan that suits you. I am raising this as urgent so they contact you soon. You can ask for a human agent at any time and I will arrange it."
"I need help. I need a person to help me with this, not an automated reply. Thanks",CONTACT,human_agent,"Of course. I will connect you with a human agent now. Please stay in this chat, and it helps if you briefly describe your issue so the agent can pick up straight away. Waiting times can vary, and if it is not urgent you can also request a call back at a time that suits you."
"Hey, I want to cancel my business loan application. Please advise.",LOAN,cancel_loan,"Sure, here is how this works. To cancel a loan application, tell us which application you mean and we will stop the process. Before disbursal there is normally no cost. After disbursal, the loan must be closed by repaying the outstanding amount, and we will give you the exact figure and any applicable charges. I am here if you need anything else."
"my brother died and i am the nominee on his account, what should i do? thank you.",RETAIL_EXCEPTION,deceased_account_holder,"I am very sorry for your loss. Please take your time, and we will make this as simple as we can. To begin, please inform us of the death by contacting our bereavement team, who will guide you personally. You will usually need a copy of the death certificate, your own identification and proof of your relationship, and if you are the nominee, the nomination details. Because this involves legal steps, a specialist will handle your request and explain the timeline. If you would like, I can connect you with a human agent right now."
"hi team, how do i stop a transfer i made last weekend? can u help me with this",TRANSFER,cancel_transfer,"Sure, here is how this works. Please act quickly. For transfers that have not been processed yet, use Cancel next to the transfer in your pending list. For completed transfers, raise a recall request from the same screen or through customer service, and keep the transaction reference handy. We will update you as soon as we hear back from the other bank. Feel free to ask if you have any other questions."
Urgent: what is the annual fee for my platinum credit card? I need this sorted today.,CARD,check_card_annual_fee,"The annual fee depends on the type of card you hold. You can see the exact amount for your platinum credit card in the app under Cards and Card Details, and it is also listed in your welcome kit. The fee is normally charged once a year on the card anniversary date. Some cards offer a waiver if you reach a yearly spending target."
"excuse me, when is my card annual fee charged and can it be waived? any idea what to do?",CARD,check_card_annual_fee,"Absolutely, let me walk you through it. Annual fees vary by card, and many cards waive the fee after a certain level of yearly spending. Please check Fees and Charges for your card in the app to see your amount and the anniversary date. If you would like to ask about a waiver, customer service can review your eligibility. Please reach out again if anything is unclear."
"Hello, pls put me through to a customer service representative.",CONTACT,human_agent,"Certainly, I can arrange for one of our advisors to help you. I am transferring you now, and I will share the details of our conversation so you do not need to repeat yourself. If the queue is long, you can choose to receive a call back instead."
"Quick question: I think my identity was stolen, there are accounts and loans in my name that I did not open. Thank you",RETAIL_EXCEPTION,identity_theft_account_takeover,"Thank you for flagging this quickly. Access to your online banking will be locked while we investigate. Our security team will verify your identity through a secure process, review recent changes and transactions, and help reset your details. Please tell us about any transaction you did not make, so it can be investigated."
Is there an ATM near the city mall? Can you help me with this?,FIND,find_ATM,"Certainly, I can help with that. To locate an ATM, open the Locator in the app or on our website and search by city or landmark. Filters help you find machines that offer deposits, cheque drops or extended hours. Please remember that using an ATM outside our network may attract a fee. I am here if you need anything else."
"Good evening, how do I see my card balance and available limit? Appreciate the help",CARD,check_current_balance_on_card,"To check your balance, log in to net banking or the app and open Cards. The card summary shows your current balance, available credit and the last statement amount. Balances update in near real time, but very recent transactions can take a short while to appear."
Could you tell me the yearly charges on the card ending 0984? Please advise.,CARD,check_card_annual_fee,"Annual fees vary by card, and many cards waive the fee after a certain level of yearly spending. Please check Fees and Charges for your card in the app to see your amount and the anniversary date. If you would like to ask about a waiver, customer service can review your eligibility. Please reach out again if anything is unclear."
"Good morning, what documents do I need to update my name with the bank? Please advise.",RETAIL_EXCEPTION,legal_name_change,"To change your name in our records, we need proof of the legal name change, such as a marriage certificate, a gazette notification or a deed poll, together with your identification. Please upload the documents in the app under Profile or visit a branch, and we will update your accounts and cards. Because this affects several products, the update may take a few working days, and we will notify you when it is complete. If anything changes in the meantime, please let us know straight away."
"good evening, dispute foreign exchange markup on my card transaction. thanks.",PAYMENT_EXCEPTION,currency_conversion_dispute,"I understand the surprise. The debited amount comes from the exchange rate at the time of settlement, plus any conversion charges, and the shop may also offer to charge in your home currency at their own rate. I can flag your transaction for review so a specialist can confirm whether the correct rate was applied. Please keep your reference number safe, and reply here if you need anything else."
"Quick question: we decided not to buy the house, how do I cancel the mortgage? Thank you.",LOAN,cancel_mortgage,"To cancel a mortgage application, send a withdrawal request with your application reference. Any costs already incurred for valuation or legal checks may not be refundable. We will confirm the cancellation in writing and close the file. Let me know if there is anything more I can do for you."
Please help: I would like to apply for a home loan.,LOAN,apply_for_mortgage,"Certainly, I can help with that. Applying for a home loan involves a few stages: an initial eligibility check, document submission, property valuation, formal approval and legal completion. A mortgage adviser can guide you at each stage. You can begin by booking a call from the Loans section of the app. I am here if you need anything else."
"hello, i need to withdraw cash in chennai, where can i find one of your atms? please help.",FIND,find_ATM,"Certainly, I can help with that. To locate an ATM, open the Locator in the app or on our website and search by city or landmark. Filters help you find machines that offer deposits, cheque drops or extended hours. Please remember that using an ATM outside our network may attract a fee. Feel free to ask if you have any other questions."
"Good evening, pls cancel the loan I applied for earlier today. Pls help",LOAN,cancel_loan,"To cancel a loan application, tell us which application you mean and we will stop the process. Before disbursal there is normally no cost. After disbursal, the loan must be closed by repaying the outstanding amount, and we will give you the exact figure and any applicable charges. Let me know if there is anything more I can do for you."
"Good morning, how much do I pay every year to keep my card? Can you help me with this",CARD,check_card_annual_fee,"Annual fees vary by card, and many cards waive the fee after a certain level of yearly spending. Please check Fees and Charges for your card in the app to see your amount and the anniversary date. If you would like to ask about a waiver, customer service can review your eligibility. Please reach out again if anything is unclear."
"Hello there, I want to talk to a real person. Thank you.",CONTACT,human_agent,"Of course. I will connect you with a human agent now. Please stay in this chat, and it helps if you briefly describe your issue so the agent can pick up straight away. Waiting times can vary, and if it is not urgent you can also request a call back at a time that suits you. Feel free to ask if you have any other questions."
"Excuse me, please cancel my pending transfer of 2,520 dollars. Thanks.",TRANSFER,cancel_transfer,"Sure, here is how this works. Please act quickly. For transfers that have not been processed yet, use Cancel next to the transfer in your pending list. For completed transfers, raise a recall request from the same screen or through customer service, and keep the transaction reference handy. We will update you as soon as we hear back from the other bank. Let me know if there is anything more I can do for you."
Can you list all the charges for using the ATM abroad? Thanks.,FEES,check_fees,"Of course, happy to help. Fees depend on the type of account or service. You can find the full list in the app under Help and then Fees and Charges, including maintenance, ATM, transfer and card fees. If you tell me the specific service you are asking about, I can explain how that fee is calculated and when it applies. If you need any further help, just let me know."
"Hey, how do I open a business account?",ACCOUNT,create_account,"Of course, happy to help. Opening a business account is simple. You can apply online or at a branch by providing a valid photo ID, proof of address and a recent photograph. After we verify your details, the account is created and you will receive your account number and access to the app. Some accounts require a small opening deposit."
"good morning, how can i contact customer service? not sure what to do.",CONTACT,customer_service,"Absolutely, let me walk you through it. You can reach customer service by phone banking, through secure chat in the mobile app, or by email through the Contact Us section. Phone and chat support are available round the clock for urgent matters such as blocking a card, and other requests are handled during business hours. Please keep your customer ID handy so we can help you faster. I am here if you need anything else."
can i cancel my loan after it was approved but before receiving the money? thanks,LOAN,cancel_loan,"To cancel a loan application, tell us which application you mean and we will stop the process. Before disbursal there is normally no cost. After disbursal, the loan must be closed by repaying the outstanding amount, and we will give you the exact figure and any applicable charges."
"hello, show me my recent activity on the savings account. pls help.",ACCOUNT,check_recent_transactions,"You can see recent transactions in the app or net banking. Open your savings account and tap Transactions to view the latest activity, and use the filters to search by date or amount. Statements for earlier periods can be downloaded as a PDF from the Statements section. If you need any further help, just let me know."
How much do I still owe on my loan,LOAN,check_loan_payments,"To check your loan payments, log in and open Loans, then choose the loan. You will see what you have paid so far, what is left, and the next due date. If you would like to pay extra to reduce the balance, there is an option to make a part payment on the same screen. Feel free to ask if you have any other questions."
How can I enable my debit card for use abroad? I am travelling to Istanbul. Not sure what to do.,CARD,activate_card_international_usage,"Of course, happy to help. International usage can be switched on from the mobile app. Go to Cards, select your debit card, open Card Controls and turn on International Transactions. You can also set the dates of your trip and a spending limit for extra safety. Changes usually take effect within a few minutes, so please do it before you leave. If you need any further help, just let me know."
"Hi team, cancel my savings account and send me the balance. Pls help.",ACCOUNT,close_account,"To close the account, make sure there are no pending transactions, linked cards or loans. Request closure through the app under Account Services or visit a branch. We will transfer any remaining balance to the account you nominate and confirm once the account is closed."
quick question: what are the opening hours of the branch near the airport? i need this sorted today.,FIND,find_branch,"You can find branches using the Locator in the app or on our website. Search by city or a landmark like the airport, and you will see the address, opening hours and services available at each branch. Many branches allow you to book an appointment in advance, which reduces waiting time. If you need any further help, just let me know."
"hi, please tell me the current balance on the card ending 9191. not sure what to do.",CARD,check_current_balance_on_card,"Absolutely, let me walk you through it. To check your balance, log in to net banking or the app and open Cards. The card summary shows your current balance, available credit and the last statement amount. Balances update in near real time, but very recent transactions can take a short while to appear."
"excuse me, we decided not to buy the house, how do i cancel the mortgage? i need this sorted today",LOAN,cancel_mortgage,"Absolutely, let me walk you through it. I can help you withdraw the mortgage application. Please contact our mortgage team through the app or at a branch and confirm the application reference. If the valuation or legal work has already started, some third party fees might still apply. Once cancelled, you will receive written confirmation."
How do I see my card balance and available limit? Thanks.,CARD,check_current_balance_on_card,"To check your balance, log in to net banking or the app and open Cards. The card summary shows your current balance, available credit and the last statement amount. Balances update in near real time, but very recent transactions can take a short while to appear. If you need any further help, just let me know."
"Hi team, please cancel the loan I applied for last week.",LOAN,cancel_loan,"Certainly, I can help with that. To cancel a loan application, tell us which application you mean and we will stop the process. Before disbursal there is normally no cost. After disbursal, the loan must be closed by repaying the outstanding amount, and we will give you the exact figure and any applicable charges."
"Hey, I cannot make any transactions, the bank says KYC is pending. I need this sorted today.",RETAIL_EXCEPTION,account_frozen_kyc,"I understand how stressful it is to have an account restricted. Accounts are sometimes frozen when identity documents are missing or expired, or when a compliance review is needed. I cannot lift a restriction from this chat, but I can raise a priority request with our account services team. Please keep your photo ID, proof of address and recent photograph ready, and a specialist will contact you with the exact documents required. Please keep your reference number safe, and reply here if you need anything else."
"i was charged twice by zomato for the same purchase of 1,760 dollars. any idea what to do?",PAYMENT_EXCEPTION,duplicate_charge,"I am sorry about the double charge. Sometimes one of the two entries is only a temporary hold that drops off within a few working days, so please check whether both are marked as completed. If both are completed, raise a dispute from the transaction details in the app for the duplicate 1,760 dollars at Zomato. We will contact the merchant, and the extra amount will be returned if the duplicate is confirmed. We will keep you updated by message until this is resolved."
"Can I get a loan for $89,330 over 12 months? I need this sorted today.",LOAN,apply_for_loan,"Absolutely, let me walk you through it. To apply for a loan, go to Loans in the app and select the type of loan you need. Enter the amount and tenure, upload the required documents and submit. Your eligibility is based on income, existing commitments and credit score, and you will see a decision and an offer once the review is complete."
"Hello there, I want to talk to a real person. Any idea what to do",CONTACT,human_agent,"Certainly, I can arrange for one of our advisors to help you. I am transferring you now, and I will share the details of our conversation so you do not need to repeat yourself. If the queue is long, you can choose to receive a call back instead."
I want to cancel my student loan application. Please help.,LOAN,cancel_loan,"If your student loan has not been disbursed yet, you can cancel the request through customer service or from Loans in the app by selecting your application and choosing Withdraw. If the money has already been credited, you will need to repay it, and we can share the foreclosure amount with you. Please note that some fees may apply after disbursal."
find me a cash machine close to me. pls help,FIND,find_ATM,"Sure, here is how this works. To locate an ATM, open the Locator in the app or on our website and search by city or landmark. Filters help you find machines that offer deposits, cheque drops or extended hours. Please remember that using an ATM outside our network may attract a fee. Let me know if there is anything more I can do for you."
"I am in Rome and my prepaid card is lost, how can I get emergency help? Please advise.",PAYMENT_EXCEPTION,lost_card_abroad_emergency,"That sounds very stressful. The first step is to block all lost cards so nobody can use them. Then our emergency support team can help with a replacement card delivered to your location or a cash advance, after confirming your identity. Please keep any police report reference, as it can help with disputed transactions. If anything changes in the meantime, please let us know straight away."
"Good morning, the ATM kept my credit card and I cannot get it back. Pls help.",ATM,recover_swallowed_card,"Please do not worry, this happens sometimes. First, block the card in the app as a precaution until you have it back. Then contact the branch that owns the ATM or call customer service, and we will check if the card was retained by the machine. If it can be recovered you may collect it with valid photo ID, otherwise we will issue a replacement card to you. Let me know if there is anything more I can do for you."
"hey, what is the available balance on my debit card? pls help.",CARD,check_current_balance_on_card,"Certainly, I can help with that. You can see your card balance in the mobile app under Cards. Select your debit card to view the available limit, the outstanding amount and the payment due date. You can also get a quick balance by sending a text message from your registered number or by calling phone banking."
I am going to Chennai soon. Can you turn on international usage for my card? Not sure what to do,CARD,activate_card_international_usage,"Of course, happy to help. To use your card overseas, open Card Controls in the app and enable International Usage. It is a good idea to set a travel period and a daily limit. If you cannot use the app, phone banking can turn it on for you after verifying your identity. Please reach out again if anything is unclear."
"Good evening, help, the cash machine did not return my card. Please advise",ATM,recover_swallowed_card,"I am sorry that the ATM kept your card. For your safety, I suggest blocking the card right away in the app. We will then arrange either collection from the ATM branch with identification or a replacement card sent to your address, usually within a few working days."
"I need help. The ATM did not give me the full cash but the money was deducted, I withdrew 1,810 USD. Please help.",ATM,dispute_ATM_withdrawal,"Sorry about the trouble with the ATM. Please keep the receipt if you have one and raise a dispute through the app or by calling customer service. We will check the ATM records for the withdrawal and update you by message. If the money is confirmed as not dispensed, it will be returned to your account."
"Hello there, what is the fastest way to send money to someone? Appreciate the help.",TRANSFER,make_transfer,"You can send money in a few steps. Open Transfers, choose Send Money and select an existing payee or add a new one. Type in the amount, check the details carefully because transfers to the wrong account can be hard to reverse, and approve with your security code. Instant methods arrive within minutes, while standard transfers can take up to one working day. I am here if you need anything else."
"hi team, what is the annual fee for my debit card? not sure what to do.",CARD,check_card_annual_fee,"Annual fees vary by card, and many cards waive the fee after a certain level of yearly spending. Please check Fees and Charges for your card in the app to see your amount and the anniversary date. If you would like to ask about a waiver, customer service can review your eligibility. Let me know if there is anything more I can do for you."
"Please help: I would like to stop my card, it has an annual fee I do not want to pay. I need this sorted today.",CARD,cancel_card,I can guide you through cancelling your card. First check that there are no pending transactions or unpaid dues. Then submit a cancellation request through the app or by phone banking. You will get a confirmation message once the card is closed. Let me know if there is anything more I can do for you.
urgent: cancel the automatic payment to ikea right now.,PAYMENT_EXCEPTION,recurring_payment_unauthorized,"Sorry about the trouble. We can block future payments to the merchant on your card, and I can start a dispute for charges you did not authorise. Please share the dates and the amounts of the payments and any cancellation emails you have. A specialist will review whether the money can be recovered."
I need help. How can I check how much credit I have left on my card,CARD,check_current_balance_on_card,"Thanks for reaching out, I can guide you through this. To check your balance, log in to net banking or the app and open Cards. The card summary shows your current balance, available credit and the last statement amount. Balances update in near real time, but very recent transactions can take a short while to appear. Feel free to ask if you have any other questions."
"Good morning, my father passed away recently, how do I access his current account? Any idea what to do?",RETAIL_EXCEPTION,deceased_account_holder,"I am very sorry for your loss. Please take your time, and we will make this as simple as we can. To begin, please inform us of the death by contacting our bereavement team, who will guide you personally. You will usually need a copy of the death certificate, your own identification and proof of your relationship, and if you are the nominee, the nomination details. Because this involves legal steps, a specialist will handle your request and explain the timeline. If anything changes in the meantime, please let us know straight away."
"Hi team, is there an ATM near the airport",FIND,find_ATM,"Absolutely, let me walk you through it. You can find your nearest ATM using the ATM and Branch Locator in the app. Allow location access or type in an area such as the airport, and the map will show the closest machines, including ones that accept cash deposits. You can also use ATMs from partner networks with lower or no charges."
"good morning, i forgot my password, how do i get it back? not sure what to do.",PASSWORD,get_password,"I am sorry you are locked out. On the login page, tap Forgot Password and enter your customer ID. We will send a one-time code to your registered mobile number, and after you enter it you can choose a new password. For security reasons we can never tell you your old password. I am here if you need anything else."
Pls help: is there a fee if my balance drops below the minimum? Pls help.,FEES,check_fees,"I can help you understand the charges. Common fees include monthly maintenance, foreign transaction fees, ATM use outside our network and penalties for low balance. Your latest statement shows every fee that has been applied, and customer service can review any fee you believe was charged in error."
"Hello, is there any joining or annual fee on the prepaid card? Thanks.",CARD,check_card_annual_fee,"Thanks for reaching out, I can guide you through this. The annual fee depends on the type of card you hold. You can see the exact amount for your prepaid card in the app under Cards and Card Details, and it is also listed in your welcome kit. The fee is normally charged once a year on the card anniversary date. Some cards offer a waiver if you reach a yearly spending target. I am here if you need anything else."
"Hello there, can you explain the steps for a home loan application? Can you help me with this?",LOAN,apply_for_mortgage,"Of course, happy to help. Applying for a home loan involves a few stages: an initial eligibility check, document submission, property valuation, formal approval and legal completion. A mortgage adviser can guide you at each stage. You can begin by booking a call from the Loans section of the app. I am here if you need anything else."
Quick question: what are the eligibility criteria for a car loan? Thanks,LOAN,apply_for_loan,"Absolutely, let me walk you through it. To apply for a loan, go to Loans in the app and select the type of loan you need. Enter the amount and tenure, upload the required documents and submit. Your eligibility is based on income, existing commitments and credit score, and you will see a decision and an offer once the review is complete. Let me know if there is anything more I can do for you."
Urgent: is there an ATM near the bus terminal?,FIND,find_ATM,"Of course, happy to help. To locate an ATM, open the Locator in the app or on our website and search by city or landmark. Filters help you find machines that offer deposits, cheque drops or extended hours. Please remember that using an ATM outside our network may attract a fee. Let me know if there is anything more I can do for you."
"Good evening, how can I withdraw my home loan request? Not sure what to do.",LOAN,cancel_mortgage,"Thanks for reaching out, I can guide you through this. I can help you withdraw the mortgage application. Please contact our mortgage team through the app or at a branch and confirm the application reference. If the valuation or legal work has already started, some third party fees might still apply. Once cancelled, you will receive written confirmation. I am here if you need anything else."
"Hi team, my card was declined in Mumbai and I am stuck without money. Thanks",PAYMENT_EXCEPTION,card_declined_while_travelling,"Sorry about the inconvenience, especially while you are travelling. Please check that international transactions are enabled and that you have not reached your daily limit. Because this is urgent, I recommend calling the emergency line on the back of the card, where an agent can verify you and remove any block. Emergency cash or a replacement card can be arranged if needed. We will keep you updated by message until this is resolved."
"excuse me, what is the available balance on my platinum credit card? please help.",CARD,check_current_balance_on_card,"You can see your card balance in the mobile app under Cards. Select your platinum credit card to view the available limit, the outstanding amount and the payment due date. You can also get a quick balance by sending a text message from your registered number or by calling phone banking. Please reach out again if anything is unclear."
Please enable international transactions on my card ending 8192,CARD,activate_card_international_usage,"To use your card overseas, open Card Controls in the app and enable International Usage. It is a good idea to set a travel period and a daily limit. If you cannot use the app, phone banking can turn it on for you after verifying your identity."
"Please help: I have a power of attorney document, how do I register it with the bank? Please help.",RETAIL_EXCEPTION,power_of_attorney_request,"I am sorry to hear that. Managing another person's account requires a valid legal authority, such as a registered power of attorney, and we need to verify it before giving access. Please prepare the original or certified copy of the document, your identification and the account holder details. A specialist will check the paperwork and explain what your authority allows, and I will arrange for them to contact you. You can ask for a human agent at any time and I will arrange it."
"hello, which branch can i go to for a loan discussion? not sure what to do",FIND,find_branch,"To find a branch, enter your area or city in the Locator and choose Branches. Each listing shows the address, working hours and the services offered, such as loans or locker facilities. Most branches are open on weekdays and some are open on Saturday mornings. Please reach out again if anything is unclear."
"Good morning, I think I paid the wrong person $2,910 and I am panicking",PAYMENT_EXCEPTION,transfer_wrong_account,"I am sorry this happened. Please raise a wrong transfer request in the app or with customer service right away with the payment reference. We will ask the receiving bank to hold and return the funds, but they need the account holder consent, so the timing can vary. A specialist will follow up with you. If anything changes in the meantime, please let us know straight away."
"hi, can you explain the steps for a home loan application? not sure what to do.",LOAN,apply_for_mortgage,"Sure, here is how this works. For a mortgage, the first step is to check how much you can borrow using the mortgage calculator in the app. Then submit an application with your identity, income and property details, and we will arrange a valuation of the property. After approval you receive a formal offer, and the funds are released to the seller once the legal formalities are complete. A deposit is usually needed, and the amount depends on the property value and your profile. Please reach out again if anything is unclear."
"Hello, is there a fee if my balance drops below the minimum? Thanks.",FEES,check_fees,"I can help you understand the charges. Common fees include monthly maintenance, foreign transaction fees, ATM use outside our network and penalties for low balance. Your latest statement shows every fee that has been applied, and customer service can review any fee you believe was charged in error."
"Hello, ATM retained my card ending 5313, how do I recover it? Any idea what to do",ATM,recover_swallowed_card,"Please do not worry, this happens sometimes. First, block the card in the app as a precaution until you have it back. Then contact the branch that owns the ATM or call customer service, and we will check if the card was retained by the machine. If it can be recovered you may collect it with valid photo ID, otherwise we will issue a replacement card to you."
"Urgent: I want to reverse the payment I just made, is that possible? Not sure what to do.",TRANSFER,cancel_transfer,"Absolutely, let me walk you through it. Please act quickly. For transfers that have not been processed yet, use Cancel next to the transfer in your pending list. For completed transfers, raise a recall request from the same screen or through customer service, and keep the transaction reference handy. We will update you as soon as we hear back from the other bank."
"My card went missing three days ago, block it asap. Please help.",CARD,block_card,"You can block the card immediately in the mobile app. Go to Cards, choose the card and tap Block Card, then pick Lost or Stolen as the reason. The card stops working straight away and any new transactions are declined. We will then help you order a replacement, which usually arrives in a few working days. I am here if you need anything else."
"hi team, how can i enable my debit card for use abroad? i am travelling to dublin. any idea what to do",CARD,activate_card_international_usage,"Of course, happy to help. To use your card overseas, open Card Controls in the app and enable International Usage. It is a good idea to set a travel period and a daily limit. If you cannot use the app, phone banking can turn it on for you after verifying your identity. Please reach out again if anything is unclear."
"I need help. I need to visit a branch, can you help me find one? Please help.",FIND,find_branch,"Absolutely, let me walk you through it. To find a branch, enter your area or city in the Locator and choose Branches. Each listing shows the address, working hours and the services offered, such as loans or locker facilities. Most branches are open on weekdays and some are open on Saturday mornings. If you need any further help, just let me know."
"Good morning, I want to know my outstanding amount on the credit card. I need this sorted today.",CARD,check_current_balance_on_card,"To check your balance, log in to net banking or the app and open Cards. The card summary shows your current balance, available credit and the last statement amount. Balances update in near real time, but very recent transactions can take a short while to appear. I am here if you need anything else."
"Good evening, how do I withdraw my loan request? Please advise.",LOAN,cancel_loan,"To cancel a loan application, tell us which application you mean and we will stop the process. Before disbursal there is normally no cost. After disbursal, the loan must be closed by repaying the outstanding amount, and we will give you the exact figure and any applicable charges."
"Hello there, I want to apply for a personal loan of 314,840 dollars. Appreciate the help",LOAN,apply_for_loan,"You can apply for a personal loan online or at a branch. Please keep your identity proof, address proof, recent salary slips or income proof, and bank statements ready. After you submit the application, we check your eligibility and credit history and share an offer with the interest rate and repayment plan. Once you accept, the money is usually credited within a few working days."
"good evening, why is my student account overdrawn? i never spent that much.",RETAIL_EXCEPTION,overdraft_fee_dispute,"Thanks for explaining. To review the fee, we need to see the order in which the deposit and the payments were processed. I will raise a request for the fee to be reviewed, and you will hear back with the outcome. In some cases, especially after a delayed salary, the fee can be waived. If anything changes in the meantime, please let us know straight away."
"Hi, I need to transfer money to another bank, what are the steps? Thanks.",TRANSFER,make_transfer,"Sure, here is how this works. You can send money in a few steps. Open Transfers, choose Send Money and select an existing payee or add a new one. Type in the amount, check the details carefully because transfers to the wrong account can be hard to reverse, and approve with your security code. Instant methods arrive within minutes, while standard transfers can take up to one working day. If you need any further help, just let me know."
I would like to apply for a home loan. Thank you.,LOAN,apply_for_mortgage,"For a mortgage, the first step is to check how much you can borrow using the mortgage calculator in the app. Then submit an application with your identity, income and property details, and we will arrange a valuation of the property. After approval you receive a formal offer, and the funds are released to the seller once the legal formalities are complete. A deposit is usually needed, and the amount depends on the property value and your profile. If you need any further help, just let me know."
Urgent: could you tell me the yearly charges on the card ending 4491? Thank you.,CARD,check_card_annual_fee,"Sure, here is how this works. Annual fees vary by card, and many cards waive the fee after a certain level of yearly spending. Please check Fees and Charges for your card in the app to see your amount and the anniversary date. If you would like to ask about a waiver, customer service can review your eligibility. Please reach out again if anything is unclear."
"good morning, how much is my monthly mortgage payment? can you help me with this?",LOAN,check_mortgage_payments,"Absolutely, let me walk you through it. In the app, open Loans and select your mortgage to see your monthly payment, the next due date, the remaining balance and the split between interest and principal. Statements and a yearly interest certificate can also be downloaded from the documents section. Please reach out again if anything is unclear."
"Good evening, I need to withdraw cash in Toronto, where can I find one of your ATMs",FIND,find_ATM,"Sure, here is how this works. To locate an ATM, open the Locator in the app or on our website and search by city or landmark. Filters help you find machines that offer deposits, cheque drops or extended hours. Please remember that using an ATM outside our network may attract a fee. I am here if you need anything else."
"Please help: someone may have my card details, how can I block the card immediately? Any idea what to do",CARD,block_card,"I apologise for the trouble this has caused, let me help. To protect your money, block the card first. Use the app under Cards and Block, or call the 24 hour phone banking line and ask for an immediate block. Once blocked, please review your recent transactions and tell us about any you do not recognise so we can look into them. Please reach out again if anything is unclear."
"Excuse me, please block my card ending 6936, I think it was stolen. Please help.",CARD,block_card,"I am sorry to hear about this and I want to help sort it out. To protect your money, block the card first. Use the app under Cards and Block, or call the 24 hour phone banking line and ask for an immediate block. Once blocked, please review your recent transactions and tell us about any you do not recognise so we can look into them."
"Booking.com keeps charging me 1,240 USD every month and I never subscribed. I need this sorted today.",PAYMENT_EXCEPTION,recurring_payment_unauthorized,"Sorry about the trouble. We can block future payments to the merchant on your card, and I can start a dispute for charges you did not authorise. Please share the dates and the amounts of the payments and any cancellation emails you have. A specialist will review whether the money can be recovered. If you would like, I can connect you with a human agent right now."
"Hi, how do I shut down my account permanently? Please advise.",ACCOUNT,close_account,"Certainly, I can help with that. To close the account, make sure there are no pending transactions, linked cards or loans. Request closure through the app under Account Services or visit a branch. We will transfer any remaining balance to the account you nominate and confirm once the account is closed. If you need any further help, just let me know."
Urgent: what are your support hours? Please help.,CONTACT,customer_service,"You can reach customer service by phone banking, through secure chat in the mobile app, or by email through the Contact Us section. Phone and chat support are available round the clock for urgent matters such as blocking a card, and other requests are handled during business hours. Please keep your customer ID handy so we can help you faster."
i lost my job and cannot pay my home loan instalments.,RETAIL_EXCEPTION,loan_hardship_request,"Thank you for being open about this. We treat hardship requests seriously and with respect. A specialist will contact you to understand your circumstances and explore ways to reduce the pressure, for example a payment break or revised repayment plan. They may ask for proof of the change in your income. Nothing is decided in this chat, but I will raise it as a priority. You can ask for a human agent at any time and I will arrange it."
"Hey, I want to know how many payments are left on my loan. Can you help me with this",LOAN,check_loan_payments,"To check your loan payments, log in and open Loans, then choose the loan. You will see what you have paid so far, what is left, and the next due date. If you would like to pay extra to reduce the balance, there is an option to make a part payment on the same screen. If you need any further help, just let me know."
"Hello there, can you transfer me to a human agent",CONTACT,human_agent,"Certainly, I can arrange for one of our advisors to help you. I am transferring you now, and I will share the details of our conversation so you do not need to repeat yourself. If the queue is long, you can choose to receive a call back instead. Please reach out again if anything is unclear."
"Good evening, do you have ATMs that accept cash deposits nearby? Please advise.",FIND,find_ATM,"To locate an ATM, open the Locator in the app or on our website and search by city or landmark. Filters help you find machines that offer deposits, cheque drops or extended hours. Please remember that using an ATM outside our network may attract a fee. Please reach out again if anything is unclear."
"hello there, i need to speak to support about my account, how do i reach you? please help",CONTACT,customer_service,"Certainly, I can help with that. There are several ways to contact us. The quickest is the chat option in the app, which is available all day. You can also call the number printed on the back of your card or on our website, or visit any branch during opening hours. I am here if you need anything else."
"Good evening, is there an ATM near my office? Please help.",FIND,find_ATM,"Thanks for reaching out, I can guide you through this. To locate an ATM, open the Locator in the app or on our website and search by city or landmark. Filters help you find machines that offer deposits, cheque drops or extended hours. Please remember that using an ATM outside our network may attract a fee. Let me know if there is anything more I can do for you."
"Hello, how can I contact customer service? Can you help me with this?",CONTACT,customer_service,"Of course, happy to help. You can reach customer service by phone banking, through secure chat in the mobile app, or by email through the Contact Us section. Phone and chat support are available round the clock for urgent matters such as blocking a card, and other requests are handled during business hours. Please keep your customer ID handy so we can help you faster. If you need any further help, just let me know."
"Hi, I want to know my outstanding amount on the credit card",CARD,check_current_balance_on_card,"Thanks for reaching out, I can guide you through this. To check your balance, log in to net banking or the app and open Cards. The card summary shows your current balance, available credit and the last statement amount. Balances update in near real time, but very recent transactions can take a short while to appear. If you need any further help, just let me know."
"Urgent: the other holder of my joint joint account is not cooperating, what are my options? Please help.",RETAIL_EXCEPTION,joint_account_dispute,"I am sorry you are going through this. Joint accounts are governed by the mandate that was agreed when they were opened, and changes such as removing a holder or freezing the account usually need the consent of all holders, or a legal instruction. I can arrange for a specialist to explain your options and what proof would be required. Please keep in mind that we cannot take sides, and for serious disputes it can help to seek legal advice. You can ask for a human agent at any time and I will arrange it."
"ATM retained my card ending 0115, how do I recover it? Please advise.",ATM,recover_swallowed_card,"I am sorry that the ATM kept your card. For your safety, I suggest blocking the card right away in the app. We will then arrange either collection from the ATM branch with identification or a replacement card sent to your address, usually within a few working days."
"Hello, I am a new customer and want to create my login. Thank you.",PASSWORD,set_up_password,"To set up or change your password, log in and go to Settings and then Security. Choose Change Password, enter your current password, and type the new one twice. A strong password uses at least eight characters with a mix of letters, numbers and symbols, and should not include your name or birth date."
"Hi, where can I download my statement for the last 3 days? Appreciate the help",ACCOUNT,check_recent_transactions,"To review your recent activity, log in and choose the account, then select Recent Transactions. Pending items are shown separately from completed ones. If something looks unfamiliar, tap it to see the details and report it directly from that screen. Please reach out again if anything is unclear."
Please help: I lost my prepaid card and need to block it right now. Please advise.,CARD,block_card,"I am sorry to hear about this and I want to help sort it out. You can block the card immediately in the mobile app. Go to Cards, choose the card and tap Block Card, then pick Lost or Stolen as the reason. The card stops working straight away and any new transactions are declined. We will then help you order a replacement, which usually arrives in a few working days. Feel free to ask if you have any other questions."
"Excuse me, what are your support hours",CONTACT,customer_service,"Certainly, I can help with that. There are several ways to contact us. The quickest is the chat option in the app, which is available all day. You can also call the number printed on the back of your card or on our website, or visit any branch during opening hours. Please reach out again if anything is unclear."
I need help. How do I stop a transfer I made last night?,TRANSFER,cancel_transfer,"Please act quickly. For transfers that have not been processed yet, use Cancel next to the transfer in your pending list. For completed transfers, raise a recall request from the same screen or through customer service, and keep the transaction reference handy. We will update you as soon as we hear back from the other bank. I am here if you need anything else."
"Good morning, how much do I pay every year to keep my card?",CARD,check_card_annual_fee,"Annual fees vary by card, and many cards waive the fee after a certain level of yearly spending. Please check Fees and Charges for your card in the app to see your amount and the anniversary date. If you would like to ask about a waiver, customer service can review your eligibility. I am here if you need anything else."
"excuse me, i want to cancel my student loan application.",LOAN,cancel_loan,"Absolutely, let me walk you through it. To cancel a loan application, tell us which application you mean and we will stop the process. Before disbursal there is normally no cost. After disbursal, the loan must be closed by repaying the outstanding amount, and we will give you the exact figure and any applicable charges."
"Good morning, when is my card annual fee charged and can it be waived? Not sure what to do",CARD,check_card_annual_fee,"Annual fees vary by card, and many cards waive the fee after a certain level of yearly spending. Please check Fees and Charges for your card in the app to see your amount and the anniversary date. If you would like to ask about a waiver, customer service can review your eligibility."
"Hey, can you explain the steps for a home loan application? Can you help me with this?",LOAN,apply_for_mortgage,"Of course, happy to help. For a mortgage, the first step is to check how much you can borrow using the mortgage calculator in the app. Then submit an application with your identity, income and property details, and we will arrange a valuation of the property. After approval you receive a formal offer, and the funds are released to the seller once the legal formalities are complete. A deposit is usually needed, and the amount depends on the property value and your profile. I am here if you need anything else."
"Hi team, where do I activate the platinum credit card I got last night? I need this sorted today.",CARD,activate_card,"Sure, here is how this works. You can activate your card in two easy ways. In the mobile app, go to Cards, pick your card, and tap Activate. If you prefer, call the phone banking number printed on the back of the card and follow the voice prompts. After verification your card will be active within a few minutes. I am here if you need anything else."
"Hi, I need to visit a branch, can you help me find one? Can you help me with this?",FIND,find_branch,"To find a branch, enter your area or city in the Locator and choose Branches. Each listing shows the address, working hours and the services offered, such as loans or locker facilities. Most branches are open on weekdays and some are open on Saturday mornings. Let me know if there is anything more I can do for you."
"we fell 8 weeks behind on the mortgage, what can we do? please help.",RETAIL_EXCEPTION,mortgage_arrears_support,"I understand how worrying this is, and I want you to know that help is available. Please do not ignore the notice, because early contact gives us more options such as revising the payment plan, extending the term or a temporary arrangement. I will connect you with our specialist mortgage support team, who can go through the details with you in confidence. It is also worth getting free independent money advice alongside speaking to us. We will keep you updated by message until this is resolved."
"Quick question: the ATM did not give me the full cash but the money was deducted, I withdrew GBP 2,540",ATM,dispute_ATM_withdrawal,"Sorry about the trouble with the ATM. Please keep the receipt if you have one and raise a dispute through the app or by calling customer service. We will check the ATM records for the withdrawal and update you by message. If the money is confirmed as not dispensed, it will be returned to your account. Let me know if there is anything more I can do for you."
"I never received the goods I paid 2,220 USD for on Zomato, I want a chargeback. Please advise.",PAYMENT_EXCEPTION,chargeback_request,"Thank you for the details. A card dispute can be raised for items not received or not as described. We will need your order confirmation and any communication with the seller. Our disputes team will assess the claim and let you know whether the amount can be recovered. If anything changes in the meantime, please let us know straight away."
urgent: how much do i still owe on my loan? thanks,LOAN,check_loan_payments,"Certainly, I can help with that. To check your loan payments, log in and open Loans, then choose the loan. You will see what you have paid so far, what is left, and the next due date. If you would like to pay extra to reduce the balance, there is an option to make a part payment on the same screen. Let me know if there is anything more I can do for you."
"Hey, I sent GBP 2,200 to the wrong person, can I cancel the transfer? Appreciate the help.",TRANSFER,cancel_transfer,"Please act quickly. For transfers that have not been processed yet, use Cancel next to the transfer in your pending list. For completed transfers, raise a recall request from the same screen or through customer service, and keep the transaction reference handy. We will update you as soon as we hear back from the other bank. Let me know if there is anything more I can do for you."
"Excuse me, I want to reverse the payment I just made, is that possible? Any idea what to do?",TRANSFER,cancel_transfer,"Please act quickly. For transfers that have not been processed yet, use Cancel next to the transfer in your pending list. For completed transfers, raise a recall request from the same screen or through customer service, and keep the transaction reference handy. We will update you as soon as we hear back from the other bank."
"hello, the atm did not give me the full cash but the money was deducted, i withdrew gbp 2,840.",ATM,dispute_ATM_withdrawal,"Sorry about the trouble with the ATM. Please keep the receipt if you have one and raise a dispute through the app or by calling customer service. We will check the ATM records for the withdrawal and update you by message. If the money is confirmed as not dispensed, it will be returned to your account. If you need any further help, just let me know."
Urgent: how long will my transfer stay pending? It has been 2 days. Not sure what to do.,PAYMENT_EXCEPTION,transfer_pending_stuck,"I understand how worrying it is when a payment is delayed. Most transfers complete within one working day, but some can be held for security checks or because of details that need correcting. Please check the transaction status and reference number in the app. Since it has been 2 days, I will raise this as a payment investigation so a specialist can trace the payment with the receiving bank and update you. We will keep you updated by message until this is resolved."
What are the opening hours of the branch near the old town square? Appreciate the help.,FIND,find_branch,"You can find branches using the Locator in the app or on our website. Search by city or a landmark like the old town square, and you will see the address, opening hours and services available at each branch. Many branches allow you to book an appointment in advance, which reduces waiting time."
"Good evening, please cancel my pending transfer of 2,280 dollars.",TRANSFER,cancel_transfer,"If the transfer of 2,280 dollars is still pending or scheduled, you can cancel it in the app. Go to Transfers, open Pending or Scheduled, select the transfer and tap Cancel. If it has already been completed, it cannot be cancelled directly, but you can raise a request and we will contact the receiving bank to ask for the money back. Success depends on the receiving bank and the account holder agreeing to return it."
please help: how can i add a new payee and transfer funds? can you help me with this?,TRANSFER,make_transfer,"Sure, here is how this works. You can send money in a few steps. Open Transfers, choose Send Money and select an existing payee or add a new one. Type in the amount, check the details carefully because transfers to the wrong account can be hard to reverse, and approve with your security code. Instant methods arrive within minutes, while standard transfers can take up to one working day. Please reach out again if anything is unclear."
"Hi team, I need to transfer money to another bank, what are the steps? I need this sorted today.",TRANSFER,make_transfer,"You can send money in a few steps. Open Transfers, choose Send Money and select an existing payee or add a new one. Type in the amount, check the details carefully because transfers to the wrong account can be hard to reverse, and approve with your security code. Instant methods arrive within minutes, while standard transfers can take up to one working day."
quick question: how can i change my password to something stronger? thank you,PASSWORD,set_up_password,"Sure, here is how this works. New customers can create a password using the First Time Login option. Enter your customer ID, verify with a one-time code, then choose a password that meets the rules shown on screen. Please do not share it with anyone, including bank staff."
Quick question: please enable international transactions on my card ending 0297. Please help.,CARD,activate_card_international_usage,"To use your card overseas, open Card Controls in the app and enable International Usage. It is a good idea to set a travel period and a daily limit. If you cannot use the app, phone banking can turn it on for you after verifying your identity. Please reach out again if anything is unclear."
"Quick question: somebody used my prepaid card to buy things I do not recognise, this is fraud. I need this sorted today",PAYMENT_EXCEPTION,card_fraud_unauthorized_transaction,"Thank you for reporting this quickly. Your card should be blocked immediately to prevent more misuse, and the disputed transactions will be flagged for our fraud team. They will review the details, and where a transaction is confirmed as fraudulent the amount is normally returned to your account after the investigation. A specialist will reach out to collect a few more details. You can ask for a human agent at any time and I will arrange it."
I am going to Sydney soon. Can you turn on international usage for my card? Please help.,CARD,activate_card_international_usage,"To use your card overseas, open Card Controls in the app and enable International Usage. It is a good idea to set a travel period and a daily limit. If you cannot use the app, phone banking can turn it on for you after verifying your identity. I am here if you need anything else."
Please help: how can I reset my forgotten mobile banking password? Thank you.,PASSWORD,get_password,"I am sorry you are locked out. On the login page, tap Forgot Password and enter your customer ID. We will send a one-time code to your registered mobile number, and after you enter it you can choose a new password. For security reasons we can never tell you your old password."
"Good morning, I am behind on my mortgage payments and worried about losing my home. Not sure what to do.",RETAIL_EXCEPTION,mortgage_arrears_support,"Thank you for reaching out. Falling behind on a mortgage is stressful, and there are steps we can explore together. A mortgage support specialist will review your account, your income and expenses, and discuss a plan that suits you. I am raising this as urgent so they contact you soon. If you would like, I can connect you with a human agent right now."
"Excuse me, how can I enable my travel card for use abroad? im travelling to Amsterdam",CARD,activate_card_international_usage,"To use your card overseas, open Card Controls in the app and enable International Usage. It is a good idea to set a travel period and a daily limit. If you cannot use the app, phone banking can turn it on for you after verifying your identity."
"Hi team, how can I withdraw my home loan request? Please advise.",LOAN,cancel_mortgage,"Certainly, I can help with that. To cancel a mortgage application, send a withdrawal request with your application reference. Any costs already incurred for valuation or legal checks may not be refundable. We will confirm the cancellation in writing and close the file. Let me know if there is anything more I can do for you."
I want to close my student account. Thank you,ACCOUNT,close_account,"To close the account, make sure there are no pending transactions, linked cards or loans. Request closure through the app under Account Services or visit a branch. We will transfer any remaining balance to the account you nominate and confirm once the account is closed. I am here if you need anything else."
I would like to apply for a home loan. Pls help.,LOAN,apply_for_mortgage,"Applying for a home loan involves a few stages: an initial eligibility check, document submission, property valuation, formal approval and legal completion. A mortgage adviser can guide you at each stage. You can begin by booking a call from the Loans section of the app."
i need help. what are the opening hours of the branch near the bus terminal?,FIND,find_branch,"Sure, here is how this works. To find a branch, enter your area or city in the Locator and choose Branches. Each listing shows the address, working hours and the services offered, such as loans or locker facilities. Most branches are open on weekdays and some are open on Saturday mornings. Please reach out again if anything is unclear."
"Good morning, I am a student and would like to start a savings account. Please help.",ACCOUNT,create_account,"Certainly, I can help with that. To start, choose the type of account that suits you, then fill in the application form online. You will need identity and address documents, and you may complete a short video verification. Once approved, your account details arrive by message and email, and your debit card is sent to your address. I am here if you need anything else."
"Excuse me, find me a cash machine close to me. Please advise.",FIND,find_ATM,"To locate an ATM, open the Locator in the app or on our website and search by city or landmark. Filters help you find machines that offer deposits, cheque drops or extended hours. Please remember that using an ATM outside our network may attract a fee. Please reach out again if anything is unclear."
"Hi team, how can I enable my credit card for use abroad? I am travelling to New York. Please advise.",CARD,activate_card_international_usage,"Absolutely, let me walk you through it. To use your card overseas, open Card Controls in the app and enable International Usage. It is a good idea to set a travel period and a daily limit. If you cannot use the app, phone banking can turn it on for you after verifying your identity. I am here if you need anything else."
"Quick question: I forgot my password, how do I get it back? Can you help me with this?",PASSWORD,get_password,"I am sorry you are locked out. On the login page, tap Forgot Password and enter your customer ID. We will send a one-time code to your registered mobile number, and after you enter it you can choose a new password. For security reasons we can never tell you your old password."
"Good evening, why was I charged a fee of GBP 927 this month? Please help",FEES,check_fees,"Fees depend on the type of account or service. You can find the full list in the app under Help and then Fees and Charges, including maintenance, ATM, transfer and card fees. If you tell me the specific service you are asking about, I can explain how that fee is calculated and when it applies. If you need any further help, just let me know."
"Hi team, what is the process to get a mortgage for a house worth GBP 89,080? Thanks.",LOAN,apply_for_mortgage,"For a mortgage, the first step is to check how much you can borrow using the mortgage calculator in the app. Then submit an application with your identity, income and property details, and we will arrange a valuation of the property. After approval you receive a formal offer, and the funds are released to the seller once the legal formalities are complete. A deposit is usually needed, and the amount depends on the property value and your profile. Let me know if there is anything more I can do for you."
"Hi team, how can I reset my forgotten mobile banking password? Thank you",PASSWORD,get_password,"You can recover access in a few steps. Select Forgot Password on the login screen, verify your identity with the one-time code sent to your registered number, and set a new password. If you no longer have access to that number, please visit a branch with your identification to update it."
Please help: please tell me the current balance on the card ending 5514. Thank you,CARD,check_current_balance_on_card,"To check your balance, log in to net banking or the app and open Cards. The card summary shows your current balance, available credit and the last statement amount. Balances update in near real time, but very recent transactions can take a short while to appear."
"Hello there, my international transfer of $59 to New York is on hold and nobody tells me why.",PAYMENT_EXCEPTION,international_transfer_compliance_hold,"I understand this is frustrating. International payments can be held for a routine compliance review, which is a regulatory requirement, and we may ask for supporting documents such as an invoice, contract or proof of source of funds. I cannot see the full details of the review in this chat, so I will pass your case to our payments compliance team, who will contact you about what is needed. Providing the documents promptly usually speeds things up. You can ask for a human agent at any time and I will arrange it."
i want to know how many payments are left on my loan. thanks.,LOAN,check_loan_payments,"To check your loan payments, log in and open Loans, then choose the loan. You will see what you have paid so far, what is left, and the next due date. If you would like to pay extra to reduce the balance, there is an option to make a part payment on the same screen. Feel free to ask if you have any other questions."
"Hey, could you tell me the yearly charges on the card ending 2660? Appreciate the help.",CARD,check_card_annual_fee,"Annual fees vary by card, and many cards waive the fee after a certain level of yearly spending. Please check Fees and Charges for your card in the app to see your amount and the anniversary date. If you would like to ask about a waiver, customer service can review your eligibility."
"Good evening, what is the remaining balance on my mortgage?",LOAN,check_mortgage_payments,"Your mortgage details are available under Loans. There you can view the payment amount, upcoming due dates, the balance still owed and a summary of interest paid. If your payment changes because of a rate change, we will notify you in advance."
"Good evening, I want to cancel my mortgage application. Thank you.",LOAN,cancel_mortgage,"Sure, here is how this works. To cancel a mortgage application, send a withdrawal request with your application reference. Any costs already incurred for valuation or legal checks may not be refundable. We will confirm the cancellation in writing and close the file. Feel free to ask if you have any other questions."
"Good morning, how do I view what I spent this week? Please advise",ACCOUNT,check_recent_transactions,"Thanks for reaching out, I can guide you through this. To review your recent activity, log in and choose the account, then select Recent Transactions. Pending items are shown separately from completed ones. If something looks unfamiliar, tap it to see the details and report it directly from that screen."
"Hey, pls cancel the loan I applied for earlier today. Thank you.",LOAN,cancel_loan,"Sure, here is how this works. To cancel a loan application, tell us which application you mean and we will stop the process. Before disbursal there is normally no cost. After disbursal, the loan must be closed by repaying the outstanding amount, and we will give you the exact figure and any applicable charges. If you need any further help, just let me know."
"Hey, I want to know my outstanding amount on the credit card.",CARD,check_current_balance_on_card,"Sure, here is how this works. To check your balance, log in to net banking or the app and open Cards. The card summary shows your current balance, available credit and the last statement amount. Balances update in near real time, but very recent transactions can take a short while to appear. Feel free to ask if you have any other questions."
"Hello, I forgot my password, how do I get it back? Thanks.",PASSWORD,get_password,"You can recover access in a few steps. Select Forgot Password on the login screen, verify your identity with the one-time code sent to your registered number, and set a new password. If you no longer have access to that number, please visit a branch with your identification to update it."
please help: is there any joining or annual fee on the platinum credit card?,CARD,check_card_annual_fee,"Annual fees vary by card, and many cards waive the fee after a certain level of yearly spending. Please check Fees and Charges for your card in the app to see your amount and the anniversary date. If you would like to ask about a waiver, customer service can review your eligibility."
When is my next student loan instalment due? Please advise.,LOAN,check_loan_payments,"Sure, here is how this works. To check your loan payments, log in and open Loans, then choose the loan. You will see what you have paid so far, what is left, and the next due date. If you would like to pay extra to reduce the balance, there is an option to make a part payment on the same screen."
"Hello there, the account holder cannot sign anymore, what documents do I need to act for them?",RETAIL_EXCEPTION,power_of_attorney_request,"I am sorry to hear that. Managing another person's account requires a valid legal authority, such as a registered power of attorney, and we need to verify it before giving access. Please prepare the original or certified copy of the document, your identification and the account holder details. A specialist will check the paperwork and explain what your authority allows, and I will arrange for them to contact you. If anything changes in the meantime, please let us know straight away."
how can i withdraw my home loan request? pls advise.,LOAN,cancel_mortgage,"To cancel a mortgage application, send a withdrawal request with your application reference. Any costs already incurred for valuation or legal checks may not be refundable. We will confirm the cancellation in writing and close the file. Feel free to ask if you have any other questions."
"Hello there, please waive the overdraft charges, they are unfair. Thanks",RETAIL_EXCEPTION,overdraft_fee_dispute,"Thanks for explaining. To review the fee, we need to see the order in which the deposit and the payments were processed. I will raise a request for the fee to be reviewed, and you will hear back with the outcome. In some cases, especially after a delayed salary, the fee can be waived."
"Urgent: amazon said they refunded GBP 2,140 10 days ago but I have not received it. Appreciate the help",PAYMENT_EXCEPTION,refund_not_received,"I am sorry for the wait. Refunds from merchants usually take between five and ten working days to appear, depending on the merchant and the card network. Please ask Amazon for the refund reference number or acquirer reference number, which lets us trace it. Once you share it, we can check whether the credit was received and, if not, raise an enquiry with the merchant bank. If you would like, I can connect you with a human agent right now."
"Hi team, please tell me the current balance on the card ending 4219. I need this sorted today",CARD,check_current_balance_on_card,"Sure, here is how this works. To check your balance, log in to net banking or the app and open Cards. The card summary shows your current balance, available credit and the last statement amount. Balances update in near real time, but very recent transactions can take a short while to appear."
Urgent: my online banking was accessed by someone else and money is missing. Appreciate the help.,RETAIL_EXCEPTION,identity_theft_account_takeover,"I am very sorry, and I will treat this as urgent. To protect you, we should restrict access to your account and cards immediately, and I am escalating this to our fraud and security team now. Please do not use the same password anywhere else, avoid clicking links in unexpected messages, and keep a note of any suspicious messages or calls. A specialist will contact you on a verified number to restore your access and review the activity. If anything changes in the meantime, please let us know straight away."
Quick question: please cancel my pending transfer of $520,TRANSFER,cancel_transfer,"If the transfer of $520 is still pending or scheduled, you can cancel it in the app. Go to Transfers, open Pending or Scheduled, select the transfer and tap Cancel. If it has already been completed, it cannot be cancelled directly, but you can raise a request and we will contact the receiving bank to ask for the money back. Success depends on the receiving bank and the account holder agreeing to return it. Please reach out again if anything is unclear."
im a new customer and want to create my login. thx.,PASSWORD,set_up_password,"New customers can create a password using the First Time Login option. Enter your customer ID, verify with a one-time code, then choose a password that meets the rules shown on screen. Please do not share it with anyone, including bank staff."
urgent: what fees do you charge on my account? not sure what to do.,FEES,check_fees,"I can help you understand the charges. Common fees include monthly maintenance, foreign transaction fees, ATM use outside our network and penalties for low balance. Your latest statement shows every fee that has been applied, and customer service can review any fee you believe was charged in error."
"I need help. I cannot log in to net banking, I do not remember my password. Please advise.",PASSWORD,get_password,"I am sorry you are locked out. On the login page, tap Forgot Password and enter your customer ID. We will send a one-time code to your registered mobile number, and after you enter it you can choose a new password. For security reasons we can never tell you your old password. I am here if you need anything else."
"Please help: please block my card ending 1803, I think it was stolen. Any idea what to do",CARD,block_card,"I apologise for the trouble this has caused, let me help. You can block the card immediately in the mobile app. Go to Cards, choose the card and tap Block Card, then pick Lost or Stolen as the reason. The card stops working straight away and any new transactions are declined. We will then help you order a replacement, which usually arrives in a few working days. I am here if you need anything else."
"I need help. ATM retained my card ending 3370, how do I recover it?",ATM,recover_swallowed_card,"I am sorry that the ATM kept your card. For your safety, I suggest blocking the card right away in the app. We will then arrange either collection from the ATM branch with identification or a replacement card sent to your address, usually within a few working days."
"Hey, my father passed away recently, how do I access his current account?",RETAIL_EXCEPTION,deceased_account_holder,"I am very sorry for your loss. Please take your time, and we will make this as simple as we can. To begin, please inform us of the death by contacting our bereavement team, who will guide you personally. You will usually need a copy of the death certificate, your own identification and proof of your relationship, and if you are the nominee, the nomination details. Because this involves legal steps, a specialist will handle your request and explain the timeline. If you would like, I can connect you with a human agent right now."
How do I shut down my account permanently? Please advise.,ACCOUNT,close_account,"To close the account, make sure there are no pending transactions, linked cards or loans. Request closure through the app under Account Services or visit a branch. We will transfer any remaining balance to the account you nominate and confirm once the account is closed. Feel free to ask if you have any other questions."
Quick question: please tell me the current balance on the card ending 7236. Thank you.,CARD,check_current_balance_on_card,"To check your balance, log in to net banking or the app and open Cards. The card summary shows your current balance, available credit and the last statement amount. Balances update in near real time, but very recent transactions can take a short while to appear."
Urgent: I want to talk to a real person. Not sure what to do.,CONTACT,human_agent,"Of course. I will connect you with a human agent now. Please stay in this chat, and it helps if you briefly describe your issue so the agent can pick up straight away. Waiting times can vary, and if it is not urgent you can also request a call back at a time that suits you."
"Hello, how do I stop a transfer I made last weekend? Not sure what to do.",TRANSFER,cancel_transfer,"Please act quickly. For transfers that have not been processed yet, use Cancel next to the transfer in your pending list. For completed transfers, raise a recall request from the same screen or through customer service, and keep the transaction reference handy. We will update you as soon as we hear back from the other bank. Please reach out again if anything is unclear."
"Excuse me, I have a power of attorney document, how do I register it with the bank?",RETAIL_EXCEPTION,power_of_attorney_request,"I am sorry to hear that. Managing another person's account requires a valid legal authority, such as a registered power of attorney, and we need to verify it before giving access. Please prepare the original or certified copy of the document, your identification and the account holder details. A specialist will check the paperwork and explain what your authority allows, and I will arrange for them to contact you. If you would like, I can connect you with a human agent right now."
"Please help: pls cancel my pending transfer of $2,920.",TRANSFER,cancel_transfer,"Thanks for reaching out, I can guide you through this. Please act quickly. For transfers that have not been processed yet, use Cancel next to the transfer in your pending list. For completed transfers, raise a recall request from the same screen or through customer service, and keep the transaction reference handy. We will update you as soon as we hear back from the other bank. If you need any further help, just let me know."
"Hi, I was charged twice by Ola for the same purchase of INR 274. Appreciate the help.",PAYMENT_EXCEPTION,duplicate_charge,"I am sorry about the double charge. Sometimes one of the two entries is only a temporary hold that drops off within a few working days, so please check whether both are marked as completed. If both are completed, raise a dispute from the transaction details in the app for the duplicate INR 274 at Ola. We will contact the merchant, and the extra amount will be returned if the duplicate is confirmed."
"Hi team, my travel card does not work outside the country, how do I switch on overseas payments? Not sure what to do.",CARD,activate_card_international_usage,"Certainly, I can help with that. International usage can be switched on from the mobile app. Go to Cards, select your travel card, open Card Controls and turn on International Transactions. You can also set the dates of your trip and a spending limit for extra safety. Changes usually take effect within a few minutes, so please do it before you leave. I am here if you need anything else."
"please help: i forgot my password, how do i get it back? thanks",PASSWORD,get_password,"You can recover access in a few steps. Select Forgot Password on the login screen, verify your identity with the one-time code sent to your registered number, and set a new password. If you no longer have access to that number, please visit a branch with your identification to update it. If you need any further help, just let me know."
"Hey, returned the item to Nykaa and still no money back. Not sure what to do.",PAYMENT_EXCEPTION,refund_not_received,"Thank you for the details. A refund can take some time after the merchant approves it. If it has been more than ten working days, please send us the refund confirmation from the merchant. We will trace the credit and follow up with the merchant bank on your behalf. We will keep you updated by message until this is resolved."
"Hi, please help me make a transfer of INR 1,400 today. I need this sorted today",TRANSFER,make_transfer,"You can send money in a few steps. Open Transfers, choose Send Money and select an existing payee or add a new one. Type in the amount, check the details carefully because transfers to the wrong account can be hard to reverse, and approve with your security code. Instant methods arrive within minutes, while standard transfers can take up to one working day. If you need any further help, just let me know."
i need help. please cancel the loan i applied for last weekend. can you help me with this?,LOAN,cancel_loan,"Thanks for reaching out, I can guide you through this. To cancel a loan application, tell us which application you mean and we will stop the process. Before disbursal there is normally no cost. After disbursal, the loan must be closed by repaying the outstanding amount, and we will give you the exact figure and any applicable charges. Feel free to ask if you have any other questions."
"Hi team, when is my card annual fee charged and can it be waived? I need this sorted today",CARD,check_card_annual_fee,"Annual fees vary by card, and many cards waive the fee after a certain level of yearly spending. Please check Fees and Charges for your card in the app to see your amount and the anniversary date. If you would like to ask about a waiver, customer service can review your eligibility. Feel free to ask if you have any other questions."
Can you explain the steps for a home loan application? Not sure what to do.,LOAN,apply_for_mortgage,"Of course, happy to help. For a mortgage, the first step is to check how much you can borrow using the mortgage calculator in the app. Then submit an application with your identity, income and property details, and we will arrange a valuation of the property. After approval you receive a formal offer, and the funds are released to the seller once the legal formalities are complete. A deposit is usually needed, and the amount depends on the property value and your profile. Feel free to ask if you have any other questions."
"Pls help: please help me make a transfer of 1,730 USD today.",TRANSFER,make_transfer,"To make a transfer, log in to the app or net banking and go to Transfers. Add the payee by entering the name, account number and bank code, then confirm the payee with a one-time code. Enter the amount of 1,730 USD, choose the payment method, review the details and confirm. You will get a confirmation message with a reference number."
"Hello, how can I change my password to something stronger? Thanks.",PASSWORD,set_up_password,"Certainly, I can help with that. To set up or change your password, log in and go to Settings and then Security. Choose Change Password, enter your current password, and type the new one twice. A strong password uses at least eight characters with a mix of letters, numbers and symbols, and should not include your name or birth date. I am here if you need anything else."
"Good evening, show me my recent activity on the joint account. Please advise.",ACCOUNT,check_recent_transactions,"Absolutely, let me walk you through it. To review your recent activity, log in and choose the account, then select Recent Transactions. Pending items are shown separately from completed ones. If something looks unfamiliar, tap it to see the details and report it directly from that screen. Let me know if there is anything more I can do for you."
"Hi, there is an ATM transaction I do not recognise for $947, how do I raise a dispute? Not sure what to do.",ATM,dispute_ATM_withdrawal,"Sorry about the trouble with the ATM. Please keep the receipt if you have one and raise a dispute through the app or by calling customer service. We will check the ATM records for the withdrawal and update you by message. If the money is confirmed as not dispensed, it will be returned to your account. Feel free to ask if you have any other questions."
i need help. do you have atms that accept cash deposits nearby? please advise.,FIND,find_ATM,"To locate an ATM, open the Locator in the app or on our website and search by city or landmark. Filters help you find machines that offer deposits, cheque drops or extended hours. Please remember that using an ATM outside our network may attract a fee."
"good morning, how can i add a new payee and transfer funds? please help.",TRANSFER,make_transfer,"Certainly, I can help with that. You can send money in a few steps. Open Transfers, choose Send Money and select an existing payee or add a new one. Type in the amount, check the details carefully because transfers to the wrong account can be hard to reverse, and approve with your security code. Instant methods arrive within minutes, while standard transfers can take up to one working day. Feel free to ask if you have any other questions."
Urgent: how do I stop a transfer I made last weekend,TRANSFER,cancel_transfer,"Thanks for reaching out, I can guide you through this. Please act quickly. For transfers that have not been processed yet, use Cancel next to the transfer in your pending list. For completed transfers, raise a recall request from the same screen or through customer service, and keep the transaction reference handy. We will update you as soon as we hear back from the other bank. Feel free to ask if you have any other questions."
"My card went missing two days ago, block it asap. I need this sorted today.",CARD,block_card,"I understand how stressful this must be, and I am here to help. To protect your money, block the card first. Use the app under Cards and Block, or call the 24 hour phone banking line and ask for an immediate block. Once blocked, please review your recent transactions and tell us about any you do not recognise so we can look into them. Let me know if there is anything more I can do for you."
"Hello, urgent: EUR 35,520 payment held for security, pls release it. Appreciate the help",PAYMENT_EXCEPTION,large_transaction_blocked,"I understand the urgency. Large payments can be blocked because they go over your daily limit or because our security systems flagged them for extra checks. I cannot release a held payment from this chat, but I can help you confirm it is genuine. Please approve any alert on your app, or I can connect you to a specialist who will verify you and, where possible, release the payment or raise your limit temporarily. You can ask for a human agent at any time and I will arrange it."
"excuse me, my card got stuck in the machine last weekend. i need this sorted today.",ATM,recover_swallowed_card,"I am sorry that the ATM kept your card. For your safety, I suggest blocking the card right away in the app. We will then arrange either collection from the ATM branch with identification or a replacement card sent to your address, usually within a few working days. Feel free to ask if you have any other questions."
"Good evening, need to switch on my new card, what should I do? Please help.",CARD,activate_card,"Thanks for reaching out, I can guide you through this. You can activate your card in two easy ways. In the mobile app, go to Cards, pick your card, and tap Activate. If you prefer, call the phone banking number printed on the back of the card and follow the voice prompts. After verification your card will be active within a few minutes."
"excuse me, how do i view what i spent this week? i need this sorted today.",ACCOUNT,check_recent_transactions,"Absolutely, let me walk you through it. To review your recent activity, log in and choose the account, then select Recent Transactions. Pending items are shown separately from completed ones. If something looks unfamiliar, tap it to see the details and report it directly from that screen. Please reach out again if anything is unclear."
"Hi, please help me make a transfer of EUR 1,740 today. Any idea what to do",TRANSFER,make_transfer,"To make a transfer, log in to the app or net banking and go to Transfers. Add the payee by entering the name, account number and bank code, then confirm the payee with a one-time code. Enter the amount of EUR 1,740, choose the payment method, review the details and confirm. You will get a confirmation message with a reference number. Please reach out again if anything is unclear."
"Hey, I do not want a bot, please connect me to an advisor. Please advise.",CONTACT,human_agent,"Certainly, I can arrange for one of our advisors to help you. I am transferring you now, and I will share the details of our conversation so you do not need to repeat yourself. If the queue is long, you can choose to receive a call back instead."
"I need help. There is an ATM transaction I do not recognise for 414 USD, how do I raise a dispute",ATM,dispute_ATM_withdrawal,"I will help you raise a dispute for the ATM withdrawal of 414 USD. Please go to Disputes in the app, select the transaction and choose ATM Cash Issue, then give the date, time and ATM location if you have them. We will investigate with the ATM operator and most cases are reviewed within a few working days. If the ATM did not dispense the cash, the amount is usually credited back to your account."
Urgent: how do I open a current account? Can you help me with this,ACCOUNT,create_account,"Sure, here is how this works. To start, choose the type of account that suits you, then fill in the application form online. You will need identity and address documents, and you may complete a short video verification. Once approved, your account details arrive by message and email, and your debit card is sent to your address. Let me know if there is anything more I can do for you."
I need help. How can I check how much credit I have left on my card?,CARD,check_current_balance_on_card,"To check your balance, log in to net banking or the app and open Cards. The card summary shows your current balance, available credit and the last statement amount. Balances update in near real time, but very recent transactions can take a short while to appear. If you need any further help, just let me know."
"Hi team, my brother died and I am the nominee on his account, what should I do?",RETAIL_EXCEPTION,deceased_account_holder,"I am very sorry for your loss. Please take your time, and we will make this as simple as we can. To begin, please inform us of the death by contacting our bereavement team, who will guide you personally. You will usually need a copy of the death certificate, your own identification and proof of your relationship, and if you are the nominee, the nomination details. Because this involves legal steps, a specialist will handle your request and explain the timeline. Please keep your reference number safe, and reply here if you need anything else."
"Hi team, I just received my platinum credit card in the mail, how can I start using it? Any idea what to do?",CARD,activate_card,"Absolutely, let me walk you through it. You can activate your card in two easy ways. In the mobile app, go to Cards, pick your card, and tap Activate. If you prefer, call the phone banking number printed on the back of the card and follow the voice prompts. After verification your card will be active within a few minutes. Feel free to ask if you have any other questions."
"Quick question: my card ending 4785 has unknown purchases that appeared last week, please help urgently. Thank you.",PAYMENT_EXCEPTION,card_fraud_unauthorized_transaction,"Thank you for reporting this quickly. Your card should be blocked immediately to prevent more misuse, and the disputed transactions will be flagged for our fraud team. They will review the details, and where a transaction is confirmed as fraudulent the amount is normally returned to your account after the investigation. A specialist will reach out to collect a few more details. We will keep you updated by message until this is resolved."
urgent: how do i activate my new prepaid card?,CARD,activate_card,"Certainly, I can help with that. First, open the mobile app or net banking and go to the Cards section. Then select your prepaid card and choose Activate Card. You will receive a one-time code on your registered mobile number, so enter it to confirm. Once that is done, the card is active and ready to use straight away."
please help: i want to cancel my mortgage application. please help.,LOAN,cancel_mortgage,"Certainly, I can help with that. I can help you withdraw the mortgage application. Please contact our mortgage team through the app or at a branch and confirm the application reference. If the valuation or legal work has already started, some third party fees might still apply. Once cancelled, you will receive written confirmation. If you need any further help, just let me know."
Quick question: I am a student and would like to start a savings account.,ACCOUNT,create_account,"To start, choose the type of account that suits you, then fill in the application form online. You will need identity and address documents, and you may complete a short video verification. Once approved, your account details arrive by message and email, and your debit card is sent to your address. Please reach out again if anything is unclear."
"Good morning, when is my next personal loan instalment due? Thanks.",LOAN,check_loan_payments,"To check your loan payments, log in and open Loans, then choose the loan. You will see what you have paid so far, what is left, and the next due date. If you would like to pay extra to reduce the balance, there is an option to make a part payment on the same screen."
"Good evening, what are your support hours? Thanks.",CONTACT,customer_service,"There are several ways to contact us. The quickest is the chat option in the app, which is available all day. You can also call the number printed on the back of your card or on our website, or visit any branch during opening hours. If you need any further help, just let me know."
"Good evening, how can I enable my travel card for use abroad? I am travelling to Paris. Appreciate the help.",CARD,activate_card_international_usage,"International usage can be switched on from the mobile app. Go to Cards, select your travel card, open Card Controls and turn on International Transactions. You can also set the dates of your trip and a spending limit for extra safety. Changes usually take effect within a few minutes, so please do it before you leave. If you need any further help, just let me know."
Please help: please cancel the card ending 3574. Thank you.,CARD,cancel_card,I can guide you through cancelling your card. First check that there are no pending transactions or unpaid dues. Then submit a cancellation request through the app or by phone banking. You will get a confirmation message once the card is closed. Please reach out again if anything is unclear.
Please help: cancel my savings account and send me the balance,ACCOUNT,close_account,"To close the account, make sure there are no pending transactions, linked cards or loans. Request closure through the app under Account Services or visit a branch. We will transfer any remaining balance to the account you nominate and confirm once the account is closed. Feel free to ask if you have any other questions."
"Good morning, someone may have my card details, how can I block the card immediately? Please advise.",CARD,block_card,"You can block the card immediately in the mobile app. Go to Cards, choose the card and tap Block Card, then pick Lost or Stolen as the reason. The card stops working straight away and any new transactions are declined. We will then help you order a replacement, which usually arrives in a few working days. If you need any further help, just let me know."
"Hey, cancel my savings account and send me the balance. Appreciate the help.",ACCOUNT,close_account,"Sure, here is how this works. To close the account, make sure there are no pending transactions, linked cards or loans. Request closure through the app under Account Services or visit a branch. We will transfer any remaining balance to the account you nominate and confirm once the account is closed. If you need any further help, just let me know."
cancel my savings account and send me the balance. please help,ACCOUNT,close_account,"To close the account, make sure there are no pending transactions, linked cards or loans. Request closure through the app under Account Services or visit a branch. We will transfer any remaining balance to the account you nominate and confirm once the account is closed. If you need any further help, just let me know."
"Hello there, I want to reverse the payment I just made, is that possible? Can you help me with this",TRANSFER,cancel_transfer,"Please act quickly. For transfers that have not been processed yet, use Cancel next to the transfer in your pending list. For completed transfers, raise a recall request from the same screen or through customer service, and keep the transaction reference handy. We will update you as soon as we hear back from the other bank. Please reach out again if anything is unclear."
urgent: i was charged an overdraft fee of gbp 588 even though i had funds. please help.,RETAIL_EXCEPTION,overdraft_fee_dispute,"Thanks for explaining. To review the fee, we need to see the order in which the deposit and the payments were processed. I will raise a request for the fee to be reviewed, and you will hear back with the outcome. In some cases, especially after a delayed salary, the fee can be waived. We will keep you updated by message until this is resolved."
"Hi team, how can I reset my forgotten mobile banking password? Thanks.",PASSWORD,get_password,"You can recover access in a few steps. Select Forgot Password on the login screen, verify your identity with the one-time code sent to your registered number, and set a new password. If you no longer have access to that number, please visit a branch with your identification to update it. Let me know if there is anything more I can do for you."
Urgent: I want to cancel my personal loan application. Please help.,LOAN,cancel_loan,"To cancel a loan application, tell us which application you mean and we will stop the process. Before disbursal there is normally no cost. After disbursal, the loan must be closed by repaying the outstanding amount, and we will give you the exact figure and any applicable charges. If you need any further help, just let me know."
"Excuse me, I want to close my savings account. Not sure what to do",ACCOUNT,close_account,"Certainly, I can help with that. To close the account, make sure there are no pending transactions, linked cards or loans. Request closure through the app under Account Services or visit a branch. We will transfer any remaining balance to the account you nominate and confirm once the account is closed. I am here if you need anything else."
"excuse me, made a transfer to the wrong beneficiary, how do i recover the money? appreciate the help",PAYMENT_EXCEPTION,transfer_wrong_account,"I am sorry this happened. Please raise a wrong transfer request in the app or with customer service right away with the payment reference. We will ask the receiving bank to hold and return the funds, but they need the account holder consent, so the timing can vary. A specialist will follow up with you. We will keep you updated by message until this is resolved."
Where do I activate the platinum credit card I got last week?,CARD,activate_card,"You can activate your card in two easy ways. In the mobile app, go to Cards, pick your card, and tap Activate. If you prefer, call the phone banking number printed on the back of the card and follow the voice prompts. After verification your card will be active within a few minutes. If you need any further help, just let me know."
"Good evening, what are the rules for choosing a password? Any idea what to do?",PASSWORD,set_up_password,"New customers can create a password using the First Time Login option. Enter your customer ID, verify with a one-time code, then choose a password that meets the rules shown on screen. Please do not share it with anyone, including bank staff. If you need any further help, just let me know."
"Pls help me close the account, im moving abroad. Not sure what to do.",ACCOUNT,close_account,"Thanks for reaching out, I can guide you through this. To close the account, make sure there are no pending transactions, linked cards or loans. Request closure through the app under Account Services or visit a branch. We will transfer any remaining balance to the account you nominate and confirm once the account is closed."
How much do I still owe on my loan? Please help.,LOAN,check_loan_payments,"Absolutely, let me walk you through it. To check your loan payments, log in and open Loans, then choose the loan. You will see what you have paid so far, what is left, and the next due date. If you would like to pay extra to reduce the balance, there is an option to make a part payment on the same screen. Feel free to ask if you have any other questions."
"Quick question: there is an ATM transaction I do not recognise for $1,610, how do I raise a dispute? Please help.",ATM,dispute_ATM_withdrawal,"Sorry about the trouble with the ATM. Please keep the receipt if you have one and raise a dispute through the app or by calling customer service. We will check the ATM records for the withdrawal and update you by message. If the money is confirmed as not dispensed, it will be returned to your account."
"hello, i am behind on my mortgage payments and worried about losing my home. can you help me with this?",RETAIL_EXCEPTION,mortgage_arrears_support,"Thank you for reaching out. Falling behind on a mortgage is stressful, and there are steps we can explore together. A mortgage support specialist will review your account, your income and expenses, and discuss a plan that suits you. I am raising this as urgent so they contact you soon. If you would like, I can connect you with a human agent right now."
"Hi, what are the eligibility criteria for a home loan? Thanks.",LOAN,apply_for_loan,"Of course, happy to help. You can apply for a home loan online or at a branch. Please keep your identity proof, address proof, recent salary slips or income proof, and bank statements ready. After you submit the application, we check your eligibility and credit history and share an offer with the interest rate and repayment plan. Once you accept, the money is usually credited within a few working days. Please reach out again if anything is unclear."
Show me my recent activity on the business account. Thank you,ACCOUNT,check_recent_transactions,"Certainly, I can help with that. You can see recent transactions in the app or net banking. Open your business account and tap Transactions to view the latest activity, and use the filters to search by date or amount. Statements for earlier periods can be downloaded as a PDF from the Statements section. Please reach out again if anything is unclear."
"Hi, can you list all the charges for using the ATM abroad? Please advise.",FEES,check_fees,"Absolutely, let me walk you through it. Fees depend on the type of account or service. You can find the full list in the app under Help and then Fees and Charges, including maintenance, ATM, transfer and card fees. If you tell me the specific service you are asking about, I can explain how that fee is calculated and when it applies. Feel free to ask if you have any other questions."
"Excuse me, my card went missing last month, block it asap.",CARD,block_card,"I apologise for the trouble this has caused, let me help. To protect your money, block the card first. Use the app under Cards and Block, or call the 24 hour phone banking line and ask for an immediate block. Once blocked, please review your recent transactions and tell us about any you do not recognise so we can look into them. If you need any further help, just let me know."
"Hey, my transfer of EUR 2,080 has been pending for 2 days. I need this sorted today.",PAYMENT_EXCEPTION,transfer_pending_stuck,"Sorry for the delay. A transfer can stay pending if the receiving bank is slow, if the details do not match, or if the payment is under review. I have noted the delay and a specialist team will trace the payment. If it cannot be completed, the money is returned to your account."
"Hey, cancel my savings account and send me the balance. Any idea what to do",ACCOUNT,close_account,"To close the account, make sure there are no pending transactions, linked cards or loans. Request closure through the app under Account Services or visit a branch. We will transfer any remaining balance to the account you nominate and confirm once the account is closed. Let me know if there is anything more I can do for you."
"I need help. Please block my card ending 5925, I think it was stolen. Please advise.",CARD,block_card,"That sounds frustrating, and I will do my best to help you resolve it. You can block the card immediately in the mobile app. Go to Cards, choose the card and tap Block Card, then pick Lost or Stolen as the reason. The card stops working straight away and any new transactions are declined. We will then help you order a replacement, which usually arrives in a few working days."
How can I add a new payee and transfer funds? Any idea what to do,TRANSFER,make_transfer,"You can send money in a few steps. Open Transfers, choose Send Money and select an existing payee or add a new one. Type in the amount, check the details carefully because transfers to the wrong account can be hard to reverse, and approve with your security code. Instant methods arrive within minutes, while standard transfers can take up to one working day. If you need any further help, just let me know."
I need help. What is the customer care number? Any idea what to do?,CONTACT,customer_service,"Absolutely, let me walk you through it. You can reach customer service by phone banking, through secure chat in the mobile app, or by email through the Contact Us section. Phone and chat support are available round the clock for urgent matters such as blocking a card, and other requests are handled during business hours. Please keep your customer ID handy so we can help you faster. Please reach out again if anything is unclear."
"hi, i am a new customer and want to create my login.",PASSWORD,set_up_password,"To set up or change your password, log in and go to Settings and then Security. Choose Change Password, enter your current password, and type the new one twice. A strong password uses at least eight characters with a mix of letters, numbers and symbols, and should not include your name or birth date. I am here if you need anything else."
"Good evening, I want to open a new account, what documents are required? Please advise.",ACCOUNT,create_account,"Of course, happy to help. To start, choose the type of account that suits you, then fill in the application form online. You will need identity and address documents, and you may complete a short video verification. Once approved, your account details arrive by message and email, and your debit card is sent to your address. Let me know if there is anything more I can do for you."
How can I check how much credit I have left on my card? Thank you.,CARD,check_current_balance_on_card,"To check your balance, log in to net banking or the app and open Cards. The card summary shows your current balance, available credit and the last statement amount. Balances update in near real time, but very recent transactions can take a short while to appear."
"Hi, I want to cancel my mortgage application. Thank you.",LOAN,cancel_mortgage,"Absolutely, let me walk you through it. To cancel a mortgage application, send a withdrawal request with your application reference. Any costs already incurred for valuation or legal checks may not be refundable. We will confirm the cancellation in writing and close the file. If you need any further help, just let me know."
"Pls help: a free trial with Netflix turned into a monthly charge of 2,510 dollars, help. I need this sorted today.",PAYMENT_EXCEPTION,recurring_payment_unauthorized,"Sorry about the trouble. We can block future payments to the merchant on your card, and I can start a dispute for charges you did not authorise. Please share the dates and the amounts of the payments and any cancellation emails you have. A specialist will review whether the money can be recovered. If anything changes in the meantime, please let us know straight away."
i need help. i want to know my outstanding amount on the credit card. appreciate the help,CARD,check_current_balance_on_card,"To check your balance, log in to net banking or the app and open Cards. The card summary shows your current balance, available credit and the last statement amount. Balances update in near real time, but very recent transactions can take a short while to appear."
"Hello there, how do I activate my new credit card? Thank you.",CARD,activate_card,"First, open the mobile app or net banking and go to the Cards section. Then select your credit card and choose Activate Card. You will receive a one-time code on your registered mobile number, so enter it to confirm. Once that is done, the card is active and ready to use straight away."
I need help. I am a student and would like to start a savings account. thx,ACCOUNT,create_account,"To start, choose the type of account that suits you, then fill in the application form online. You will need identity and address documents, and you may complete a short video verification. Once approved, your account details arrive by message and email, and your debit card is sent to your address. Let me know if there is anything more I can do for you."
"Hey, please enable international transactions on my card ending 3285. I need this sorted today.",CARD,activate_card_international_usage,"Of course, happy to help. To use your card overseas, open Card Controls in the app and enable International Usage. It is a good idea to set a travel period and a daily limit. If you cannot use the app, phone banking can turn it on for you after verifying your identity."
"Good evening, I want to dispute an ATM withdrawal of INR 2,170 from last weekend. Any idea what to do?",ATM,dispute_ATM_withdrawal,"I will help you raise a dispute for the ATM withdrawal of INR 2,170. Please go to Disputes in the app, select the transaction and choose ATM Cash Issue, then give the date, time and ATM location if you have them. We will investigate with the ATM operator and most cases are reviewed within a few working days. If the ATM did not dispense the cash, the amount is usually credited back to your account. Feel free to ask if you have any other questions."
"Excuse me, where is the closest branch?",FIND,find_branch,"Thanks for reaching out, I can guide you through this. To find a branch, enter your area or city in the Locator and choose Branches. Each listing shows the address, working hours and the services offered, such as loans or locker facilities. Most branches are open on weekdays and some are open on Saturday mornings. If you need any further help, just let me know."
what do i need to do before closing my salary account? please help.,ACCOUNT,close_account,"To close the account, make sure there are no pending transactions, linked cards or loans. Request closure through the app under Account Services or visit a branch. We will transfer any remaining balance to the account you nominate and confirm once the account is closed. If you need any further help, just let me know."
"Quick question: I am abroad and my prepaid card stopped working at the shop, please help now. Appreciate the help",PAYMENT_EXCEPTION,card_declined_while_travelling,"I am sorry you are stuck, and I will help as quickly as possible. Cards are sometimes declined abroad because international usage is off, a limit has been reached, or a security check was triggered. Please open the app and check Card Controls for your prepaid card, and approve any security alert you received. If it still fails, I can connect you to our 24 hour support line so an agent can unblock the card or arrange emergency cash. If you would like, I can connect you with a human agent right now."
"Hello, what happens if I cancel my prepaid card, and how do I do it? Please advise.",CARD,cancel_card,"Of course, happy to help. I can guide you through cancelling your card. First check that there are no pending transactions or unpaid dues. Then submit a cancellation request through the app or by phone banking. You will get a confirmation message once the card is closed. I am here if you need anything else."
"Good morning, I want to open a new account, what documents are required? Not sure what to do",ACCOUNT,create_account,"To start, choose the type of account that suits you, then fill in the application form online. You will need identity and address documents, and you may complete a short video verification. Once approved, your account details arrive by message and email, and your debit card is sent to your address. I am here if you need anything else."
Urgent: I am going to Pune soon. Can you turn on international usage for my card? Can you help me with this?,CARD,activate_card_international_usage,"To use your card overseas, open Card Controls in the app and enable International Usage. It is a good idea to set a travel period and a daily limit. If you cannot use the app, phone banking can turn it on for you after verifying your identity. Let me know if there is anything more I can do for you."
I need help. My card got stuck in the machine last weekend. Appreciate the help.,ATM,recover_swallowed_card,"I am sorry that the ATM kept your card. For your safety, I suggest blocking the card right away in the app. We will then arrange either collection from the ATM branch with identification or a replacement card sent to your address, usually within a few working days."
I need help. How do I activate my new credit card? I need this sorted today.,CARD,activate_card,"First, open the mobile app or net banking and go to the Cards section. Then select your credit card and choose Activate Card. You will receive a one-time code on your registered mobile number, so enter it to confirm. Once that is done, the card is active and ready to use straight away. Let me know if there is anything more I can do for you."
"Excuse me, can I see how much interest I have paid on my home loan? Thanks",LOAN,check_mortgage_payments,"Certainly, I can help with that. In the app, open Loans and select your mortgage to see your monthly payment, the next due date, the remaining balance and the split between interest and principal. Statements and a yearly interest certificate can also be downloaded from the documents section. Feel free to ask if you have any other questions."
"Hi, what is the process to get a mortgage for a house worth GBP 303,310? Please help.",LOAN,apply_for_mortgage,"Applying for a home loan involves a few stages: an initial eligibility check, document submission, property valuation, formal approval and legal completion. A mortgage adviser can guide you at each stage. You can begin by booking a call from the Loans section of the app. Feel free to ask if you have any other questions."
Please help: what is the available balance on my travel card? Thank you.,CARD,check_current_balance_on_card,"Of course, happy to help. You can see your card balance in the mobile app under Cards. Select your travel card to view the available limit, the outstanding amount and the payment due date. You can also get a quick balance by sending a text message from your registered number or by calling phone banking. Feel free to ask if you have any other questions."
"good evening, where is my refund, it has been 7 days? thanks",PAYMENT_EXCEPTION,refund_not_received,"Thank you for the details. A refund can take some time after the merchant approves it. If it has been more than ten working days, please send us the refund confirmation from the merchant. We will trace the credit and follow up with the merchant bank on your behalf."
I need help. Please tell me the current balance on the card ending 6213. Appreciate the help.,CARD,check_current_balance_on_card,"To check your balance, log in to net banking or the app and open Cards. The card summary shows your current balance, available credit and the last statement amount. Balances update in near real time, but very recent transactions can take a short while to appear."
What fees do you charge on my account? I need this sorted today.,FEES,check_fees,"Sure, here is how this works. I can help you understand the charges. Common fees include monthly maintenance, foreign transaction fees, ATM use outside our network and penalties for low balance. Your latest statement shows every fee that has been applied, and customer service can review any fee you believe was charged in error."
"hey, how can i add a new payee and transfer funds? not sure what to do.",TRANSFER,make_transfer,"Certainly, I can help with that. You can send money in a few steps. Open Transfers, choose Send Money and select an existing payee or add a new one. Type in the amount, check the details carefully because transfers to the wrong account can be hard to reverse, and approve with your security code. Instant methods arrive within minutes, while standard transfers can take up to one working day. Please reach out again if anything is unclear."
"The ATM did not give me the full cash but the money was deducted, I withdrew $726. Thanks.",ATM,dispute_ATM_withdrawal,"Sorry about the trouble with the ATM. Please keep the receipt if you have one and raise a dispute through the app or by calling customer service. We will check the ATM records for the withdrawal and update you by message. If the money is confirmed as not dispensed, it will be returned to your account. I am here if you need anything else."
"Good morning, what happens if I cancel my travel card, and how do I do it? Thank you",CARD,cancel_card,"Of course, happy to help. I can guide you through cancelling your card. First check that there are no pending transactions or unpaid dues. Then submit a cancellation request through the app or by phone banking. You will get a confirmation message once the card is closed."
"Hi, how can I reset my forgotten mobile banking password",PASSWORD,get_password,"I am sorry you are locked out. On the login page, tap Forgot Password and enter your customer ID. We will send a one-time code to your registered mobile number, and after you enter it you can choose a new password. For security reasons we can never tell you your old password."
Quick question: can you list all the charges for using the ATM abroad? Please advise.,FEES,check_fees,"Fees depend on the type of account or service. You can find the full list in the app under Help and then Fees and Charges, including maintenance, ATM, transfer and card fees. If you tell me the specific service you are asking about, I can explain how that fee is calculated and when it applies. I am here if you need anything else."
"Hello, where is the nearest ATM? Pls help",FIND,find_ATM,"Certainly, I can help with that. To locate an ATM, open the Locator in the app or on our website and search by city or landmark. Filters help you find machines that offer deposits, cheque drops or extended hours. Please remember that using an ATM outside our network may attract a fee. Let me know if there is anything more I can do for you."
"I need help because I am struggling to repay my loan of 273,620 USD. Please advise.",RETAIL_EXCEPTION,loan_hardship_request,"I am sorry you are facing this, and I am glad you reached out early. We have options for customers in financial difficulty, such as a temporary payment holiday, a longer tenure with lower instalments, or restructuring, depending on your situation. I will pass your request to our customer support team, who will review your income and expenses and discuss what is possible. Please try to keep making any payments you can, and avoid ignoring reminders, as talking to us early gives you more choices. If you would like, I can connect you with a human agent right now."
"Hi team, tell me about the monthly maintenance fees on my current account. Thanks.",FEES,check_fees,"Fees depend on the type of account or service. You can find the full list in the app under Help and then Fees and Charges, including maintenance, ATM, transfer and card fees. If you tell me the specific service you are asking about, I can explain how that fee is calculated and when it applies. Let me know if there is anything more I can do for you."
"Hi, please tell me the current balance on the card ending 8461. Appreciate the help.",CARD,check_current_balance_on_card,"To check your balance, log in to net banking or the app and open Cards. The card summary shows your current balance, available credit and the last statement amount. Balances update in near real time, but very recent transactions can take a short while to appear. Feel free to ask if you have any other questions."
"Hello, how much is my monthly mortgage payment? Can you help me with this?",LOAN,check_mortgage_payments,"In the app, open Loans and select your mortgage to see your monthly payment, the next due date, the remaining balance and the split between interest and principal. Statements and a yearly interest certificate can also be downloaded from the documents section. If you need any further help, just let me know."
"Good morning, my platinum credit card does not work outside the country, how do I switch on overseas payments? Please help.",CARD,activate_card_international_usage,"To use your card overseas, open Card Controls in the app and enable International Usage. It is a good idea to set a travel period and a daily limit. If you cannot use the app, phone banking can turn it on for you after verifying your identity. Please reach out again if anything is unclear."
I am going to Chennai soon. Can you turn on international usage for my card?,CARD,activate_card_international_usage,"To use your card overseas, open Card Controls in the app and enable International Usage. It is a good idea to set a travel period and a daily limit. If you cannot use the app, phone banking can turn it on for you after verifying your identity. Let me know if there is anything more I can do for you."
"Hi, what is the customer care number?",CONTACT,customer_service,"You can reach customer service by phone banking, through secure chat in the mobile app, or by email through the Contact Us section. Phone and chat support are available round the clock for urgent matters such as blocking a card, and other requests are handled during business hours. Please keep your customer ID handy so we can help you faster. Let me know if there is anything more I can do for you."
"Hi team, show me my recent activity on the student account.",ACCOUNT,check_recent_transactions,"You can see recent transactions in the app or net banking. Open your student account and tap Transactions to view the latest activity, and use the filters to search by date or amount. Statements for earlier periods can be downloaded as a PDF from the Statements section. Feel free to ask if you have any other questions."
"What is the process to get a mortgage for a house worth INR 429,320? Please advise.",LOAN,apply_for_mortgage,"Of course, happy to help. Applying for a home loan involves a few stages: an initial eligibility check, document submission, property valuation, formal approval and legal completion. A mortgage adviser can guide you at each stage. You can begin by booking a call from the Loans section of the app. If you need any further help, just let me know."
"Good evening, I need extra help managing my money after my illness",RETAIL_EXCEPTION,vulnerable_customer_support,"Thank you for telling us, and please know that we are here to help in a way that works for you. We offer support such as large print or audio statements, assisted banking at branches, a dedicated helpline with priority handling and, in some areas, home visits. If you are worried about a suspicious call, please do not share any codes or personal details, and we will help you check it. I will connect you with our customer care specialists to set up the support you need. If you would like, I can connect you with a human agent right now."
"Hey, can you explain the steps for a home loan application? Any idea what to do",LOAN,apply_for_mortgage,"For a mortgage, the first step is to check how much you can borrow using the mortgage calculator in the app. Then submit an application with your identity, income and property details, and we will arrange a valuation of the property. After approval you receive a formal offer, and the funds are released to the seller once the legal formalities are complete. A deposit is usually needed, and the amount depends on the property value and your profile. Let me know if there is anything more I can do for you."
"good evening, how do i set up a password for net banking? i need this sorted today",PASSWORD,set_up_password,"Of course, happy to help. New customers can create a password using the First Time Login option. Enter your customer ID, verify with a one-time code, then choose a password that meets the rules shown on screen. Please do not share it with anyone, including bank staff. Please reach out again if anything is unclear."
"good morning, please explain how to apply for a loan online. please help",LOAN,apply_for_loan,"To apply for a loan, go to Loans in the app and select the type of loan you need. Enter the amount and tenure, upload the required documents and submit. Your eligibility is based on income, existing commitments and credit score, and you will see a decision and an offer once the review is complete. Let me know if there is anything more I can do for you."
"Hey, pls help me recover my login details. Can u help me with this?",PASSWORD,get_password,"You can recover access in a few steps. Select Forgot Password on the login screen, verify your identity with the one-time code sent to your registered number, and set a new password. If you no longer have access to that number, please visit a branch with your identification to update it."
Please help: cash was not dispensed at the ATM yet my account was debited. Please help.,ATM,dispute_ATM_withdrawal,"Sorry about the trouble with the ATM. Please keep the receipt if you have one and raise a dispute through the app or by calling customer service. We will check the ATM records for the withdrawal and update you by message. If the money is confirmed as not dispensed, it will be returned to your account."
"hello, how do i view what i spent this week? appreciate the help.",ACCOUNT,check_recent_transactions,"To review your recent activity, log in and choose the account, then select Recent Transactions. Pending items are shown separately from completed ones. If something looks unfamiliar, tap it to see the details and report it directly from that screen. If you need any further help, just let me know."
where is the nearest atm? i need this sorted today.,FIND,find_ATM,"To locate an ATM, open the Locator in the app or on our website and search by city or landmark. Filters help you find machines that offer deposits, cheque drops or extended hours. Please remember that using an ATM outside our network may attract a fee. Please reach out again if anything is unclear."
"Hi team, please explain how to apply for a loan online. Any idea what to do?",LOAN,apply_for_loan,"Certainly, I can help with that. To apply for a loan, go to Loans in the app and select the type of loan you need. Enter the amount and tenure, upload the required documents and submit. Your eligibility is based on income, existing commitments and credit score, and you will see a decision and an offer once the review is complete. Feel free to ask if you have any other questions."
I need help. How can I change my password to something stronger? Thanks,PASSWORD,set_up_password,"New customers can create a password using the First Time Login option. Enter your customer ID, verify with a one-time code, then choose a password that meets the rules shown on screen. Please do not share it with anyone, including bank staff. Feel free to ask if you have any other questions."
"My platinum credit card does not work outside the country, how do I switch on overseas payments? Thanks.",CARD,activate_card_international_usage,"To use your card overseas, open Card Controls in the app and enable International Usage. It is a good idea to set a travel period and a daily limit. If you cannot use the app, phone banking can turn it on for you after verifying your identity. Please reach out again if anything is unclear."
"hello, my brother died and i am the nominee on his account, what should i do?",RETAIL_EXCEPTION,deceased_account_holder,"I am very sorry for your loss. Please take your time, and we will make this as simple as we can. To begin, please inform us of the death by contacting our bereavement team, who will guide you personally. You will usually need a copy of the death certificate, your own identification and proof of your relationship, and if you are the nominee, the nomination details. Because this involves legal steps, a specialist will handle your request and explain the timeline. If you would like, I can connect you with a human agent right now."
I need help. Can I see my last transactions? Appreciate the help,ACCOUNT,check_recent_transactions,"To review your recent activity, log in and choose the account, then select Recent Transactions. Pending items are shown separately from completed ones. If something looks unfamiliar, tap it to see the details and report it directly from that screen. Let me know if there is anything more I can do for you."
"excuse me, what is the annual fee for my debit card? appreciate the help",CARD,check_card_annual_fee,"Thanks for reaching out, I can guide you through this. Annual fees vary by card, and many cards waive the fee after a certain level of yearly spending. Please check Fees and Charges for your card in the app to see your amount and the anniversary date. If you would like to ask about a waiver, customer service can review your eligibility."
I need help. Can I get someone to visit me at home for banking services? Please help,RETAIL_EXCEPTION,vulnerable_customer_support,"Thank you for telling us, and please know that we are here to help in a way that works for you. We offer support such as large print or audio statements, assisted banking at branches, a dedicated helpline with priority handling and, in some areas, home visits. If you are worried about a suspicious call, please do not share any codes or personal details, and we will help you check it. I will connect you with our customer care specialists to set up the support you need. Please keep your reference number safe, and reply here if you need anything else."
"Quick question: I entered the wrong account number and sent 1,570 USD, please help me get it back.",PAYMENT_EXCEPTION,transfer_wrong_account,"I am sorry this happened. Please raise a wrong transfer request in the app or with customer service right away with the payment reference. We will ask the receiving bank to hold and return the funds, but they need the account holder consent, so the timing can vary. A specialist will follow up with you. You can ask for a human agent at any time and I will arrange it."
Quick question: how do I stop a transfer I made last week? Any idea what to do?,TRANSFER,cancel_transfer,"Please act quickly. For transfers that have not been processed yet, use Cancel next to the transfer in your pending list. For completed transfers, raise a recall request from the same screen or through customer service, and keep the transaction reference handy. We will update you as soon as we hear back from the other bank."
"hello there, how much is the fee for an international transfer? can you help me with this?",FEES,check_fees,"Fees depend on the type of account or service. You can find the full list in the app under Help and then Fees and Charges, including maintenance, ATM, transfer and card fees. If you tell me the specific service you are asking about, I can explain how that fee is calculated and when it applies. I am here if you need anything else."
"good morning, my international transfer of gbp 2,740 to amsterdam is on hold and nobody tells me why.",PAYMENT_EXCEPTION,international_transfer_compliance_hold,"I understand this is frustrating. International payments can be held for a routine compliance review, which is a regulatory requirement, and we may ask for supporting documents such as an invoice, contract or proof of source of funds. I cannot see the full details of the review in this chat, so I will pass your case to our payments compliance team, who will contact you about what is needed. Providing the documents promptly usually speeds things up. We will keep you updated by message until this is resolved."
"Good morning, how do I freeze my card temporarily? I cannot find it. Thanks.",CARD,block_card,"I apologise for the trouble this has caused, let me help. To protect your money, block the card first. Use the app under Cards and Block, or call the 24 hour phone banking line and ask for an immediate block. Once blocked, please review your recent transactions and tell us about any you do not recognise so we can look into them. Feel free to ask if you have any other questions."
What is the process to claim the balance in my late mother's account? Can you help me with this?,RETAIL_EXCEPTION,deceased_account_holder,"I am very sorry for your loss. Please take your time, and we will make this as simple as we can. To begin, please inform us of the death by contacting our bereavement team, who will guide you personally. You will usually need a copy of the death certificate, your own identification and proof of your relationship, and if you are the nominee, the nomination details. Because this involves legal steps, a specialist will handle your request and explain the timeline. Please keep your reference number safe, and reply here if you need anything else."
"I need help. I sent $2,840 to the wrong person, can I cancel the transfer? Can u help me with this?",TRANSFER,cancel_transfer,"If the transfer of $2,840 is still pending or scheduled, you can cancel it in the app. Go to Transfers, open Pending or Scheduled, select the transfer and tap Cancel. If it has already been completed, it cannot be cancelled directly, but you can raise a request and we will contact the receiving bank to ask for the money back. Success depends on the receiving bank and the account holder agreeing to return it. Let me know if there is anything more I can do for you."
"Good evening, the account number I typed was one digit off, and the payment went through. Not sure what to do.",PAYMENT_EXCEPTION,transfer_wrong_account,"I am sorry this happened. Please raise a wrong transfer request in the app or with customer service right away with the payment reference. We will ask the receiving bank to hold and return the funds, but they need the account holder consent, so the timing can vary. A specialist will follow up with you. You can ask for a human agent at any time and I will arrange it."
how do i freeze my card temporarily? i cannot find it. please help,CARD,block_card,"That sounds frustrating, and I will do my best to help you resolve it. To protect your money, block the card first. Use the app under Cards and Block, or call the 24 hour phone banking line and ask for an immediate block. Once blocked, please review your recent transactions and tell us about any you do not recognise so we can look into them. If you need any further help, just let me know."
I paid in the local currency but was billed at a strange rate,PAYMENT_EXCEPTION,currency_conversion_dispute,"I understand the surprise. The debited amount comes from the exchange rate at the time of settlement, plus any conversion charges, and the shop may also offer to charge in your home currency at their own rate. I can flag your transaction for review so a specialist can confirm whether the correct rate was applied. We will keep you updated by message until this is resolved."
"What is the process to get a mortgage for a house worth 295,450 USD? Appreciate the help.",LOAN,apply_for_mortgage,"Applying for a home loan involves a few stages: an initial eligibility check, document submission, property valuation, formal approval and legal completion. A mortgage adviser can guide you at each stage. You can begin by booking a call from the Loans section of the app. Please reach out again if anything is unclear."
"Good evening, how do I stop a transfer I made this morning?",TRANSFER,cancel_transfer,"Please act quickly. For transfers that have not been processed yet, use Cancel next to the transfer in your pending list. For completed transfers, raise a recall request from the same screen or through customer service, and keep the transaction reference handy. We will update you as soon as we hear back from the other bank."
"I ordered from Starbucks yesterday, the item is not what was shown, can I dispute the charge? Not sure what to do",PAYMENT_EXCEPTION,chargeback_request,"Thank you for the details. A card dispute can be raised for items not received or not as described. We will need your order confirmation and any communication with the seller. Our disputes team will assess the claim and let you know whether the amount can be recovered. If anything changes in the meantime, please let us know straight away."
"Hello there, the ATM gave me less money than what was debited from my account. Appreciate the help.",ATM,dispute_ATM_withdrawal,"Sorry about the trouble with the ATM. Please keep the receipt if you have one and raise a dispute through the app or by calling customer service. We will check the ATM records for the withdrawal and update you by message. If the money is confirmed as not dispensed, it will be returned to your account."
"we decided not to buy the house, how do i cancel the mortgage? appreciate the help.",LOAN,cancel_mortgage,"I can help you withdraw the mortgage application. Please contact our mortgage team through the app or at a branch and confirm the application reference. If the valuation or legal work has already started, some third party fees might still apply. Once cancelled, you will receive written confirmation. Please reach out again if anything is unclear."
"Hi, I am abroad and my credit card stopped working at the shop, please help now.",PAYMENT_EXCEPTION,card_declined_while_travelling,"Sorry about the inconvenience, especially while you are travelling. Please check that international transactions are enabled and that you have not reached your daily limit. Because this is urgent, I recommend calling the emergency line on the back of the card, where an agent can verify you and remove any block. Emergency cash or a replacement card can be arranged if needed. We will keep you updated by message until this is resolved."
Quick question: can I cancel a scheduled transfer for next week? thx.,TRANSFER,cancel_transfer,"Please act quickly. For transfers that have not been processed yet, use Cancel next to the transfer in your pending list. For completed transfers, raise a recall request from the same screen or through customer service, and keep the transaction reference handy. We will update you as soon as we hear back from the other bank. Let me know if there is anything more I can do for you."
"I do not want a bot, please connect me to an advisor. Thank you",CONTACT,human_agent,"Of course. I will connect you with a human agent now. Please stay in this chat, and it helps if you briefly describe your issue so the agent can pick up straight away. Waiting times can vary, and if it is not urgent you can also request a call back at a time that suits you."
"hi team, pls tell me the reason my loan was denied.",RETAIL_EXCEPTION,loan_application_rejected_appeal,"I am sorry that your application was not approved. Decisions are based on factors such as income, existing debts, credit history and the value of the loan requested, and we can share the main reasons with you. You may ask for a review, especially if your circumstances have changed or if some information was missing. I will pass your request to a loans specialist who can explain the decision and suggest what may improve your chances next time. We will keep you updated by message until this is resolved."
Please help: how do I stop a transfer I made last Friday?,TRANSFER,cancel_transfer,"Certainly, I can help with that. Please act quickly. For transfers that have not been processed yet, use Cancel next to the transfer in your pending list. For completed transfers, raise a recall request from the same screen or through customer service, and keep the transaction reference handy. We will update you as soon as we hear back from the other bank."
"Good morning, how can I add a new payee and transfer funds? Any idea what to do?",TRANSFER,make_transfer,"You can send money in a few steps. Open Transfers, choose Send Money and select an existing payee or add a new one. Type in the amount, check the details carefully because transfers to the wrong account can be hard to reverse, and approve with your security code. Instant methods arrive within minutes, while standard transfers can take up to one working day. Feel free to ask if you have any other questions."
"Hello, there is an ATM transaction I do not recognise for INR 1,620, how do I raise a dispute? I need this sorted today",ATM,dispute_ATM_withdrawal,"I will help you raise a dispute for the ATM withdrawal of INR 1,620. Please go to Disputes in the app, select the transaction and choose ATM Cash Issue, then give the date, time and ATM location if you have them. We will investigate with the ATM operator and most cases are reviewed within a few working days. If the ATM did not dispense the cash, the amount is usually credited back to your account."
"hello, i want to cancel my mortgage application. thank you.",LOAN,cancel_mortgage,"Of course, happy to help. I can help you withdraw the mortgage application. Please contact our mortgage team through the app or at a branch and confirm the application reference. If the valuation or legal work has already started, some third party fees might still apply. Once cancelled, you will receive written confirmation. Let me know if there is anything more I can do for you."
Quick question: can u list all the charges for using the ATM abroad? Pls help.,FEES,check_fees,"Sure, here is how this works. I can help you understand the charges. Common fees include monthly maintenance, foreign transaction fees, ATM use outside our network and penalties for low balance. Your latest statement shows every fee that has been applied, and customer service can review any fee you believe was charged in error."
"good morning, i want to cancel my personal loan application. appreciate the help.",LOAN,cancel_loan,"Of course, happy to help. If your personal loan has not been disbursed yet, you can cancel the request through customer service or from Loans in the app by selecting your application and choosing Withdraw. If the money has already been credited, you will need to repay it, and we can share the foreclosure amount with you. Please note that some fees may apply after disbursal. Let me know if there is anything more I can do for you."
urgent: please escalate my complaint to a senior manager. thank you.,RETAIL_EXCEPTION,formal_complaint_escalation,"I am sorry that your issue has not been resolved, and you have every right to escalate. I can register a formal complaint now, which will be given a reference number and reviewed by our complaints team, who will respond in writing within the time required. If you are not satisfied with the final response, you can take the matter to the external financial ombudsman. It helps if you share the dates and details of your previous contacts."
"Good morning, I am a new customer and want to create my login. Not sure what to do",PASSWORD,set_up_password,"Sure, here is how this works. To set up or change your password, log in and go to Settings and then Security. Choose Change Password, enter your current password, and type the new one twice. A strong password uses at least eight characters with a mix of letters, numbers and symbols, and should not include your name or birth date."
"Excuse me, how do I activate my new debit card? Not sure what to do.",CARD,activate_card,"Of course, happy to help. First, open the mobile app or net banking and go to the Cards section. Then select your debit card and choose Activate Card. You will receive a one-time code on your registered mobile number, so enter it to confirm. Once that is done, the card is active and ready to use straight away. Feel free to ask if you have any other questions."
"pls unfreeze my account, i already submitted my documents earlier today. appreciate the help.",RETAIL_EXCEPTION,account_frozen_kyc,"I am sorry for the inconvenience. A restriction usually means we need to verify or update some information. You can complete the update in the app under Profile and KYC, or visit a branch. If you have already submitted documents, I will ask the team to prioritise the review and update you. If anything changes in the meantime, please let us know straight away."
"Urgent: my card went missing last weekend, block it asap. Thank you.",CARD,block_card,"I understand how stressful this must be, and I am here to help. You can block the card immediately in the mobile app. Go to Cards, choose the card and tap Block Card, then pick Lost or Stolen as the reason. The card stops working straight away and any new transactions are declined. We will then help you order a replacement, which usually arrives in a few working days. I am here if you need anything else."
"Hi, my spouse emptied our joint account without telling me. Any idea what to do",RETAIL_EXCEPTION,joint_account_dispute,"I am sorry you are going through this. Joint accounts are governed by the mandate that was agreed when they were opened, and changes such as removing a holder or freezing the account usually need the consent of all holders, or a legal instruction. I can arrange for a specialist to explain your options and what proof would be required. Please keep in mind that we cannot take sides, and for serious disputes it can help to seek legal advice. If anything changes in the meantime, please let us know straight away."
I want to cancel my platinum credit card permanently. Thanks,CARD,cancel_card,"Thanks for reaching out, I can guide you through this. I can guide you through cancelling your card. First check that there are no pending transactions or unpaid dues. Then submit a cancellation request through the app or by phone banking. You will get a confirmation message once the card is closed. If you need any further help, just let me know."
"Hello, the bank asked for documents for a payment abroad and it is delayed. Thanks.",PAYMENT_EXCEPTION,international_transfer_compliance_hold,"I understand this is frustrating. International payments can be held for a routine compliance review, which is a regulatory requirement, and we may ask for supporting documents such as an invoice, contract or proof of source of funds. I cannot see the full details of the review in this chat, so I will pass your case to our payments compliance team, who will contact you about what is needed. Providing the documents promptly usually speeds things up. You can ask for a human agent at any time and I will arrange it."
"hi, i want to reverse the payment i just made, is that possible? thanks",TRANSFER,cancel_transfer,"Please act quickly. For transfers that have not been processed yet, use Cancel next to the transfer in your pending list. For completed transfers, raise a recall request from the same screen or through customer service, and keep the transaction reference handy. We will update you as soon as we hear back from the other bank. I am here if you need anything else."
"Good morning, can I cancel a scheduled transfer for next week",TRANSFER,cancel_transfer,"Of course, happy to help. Please act quickly. For transfers that have not been processed yet, use Cancel next to the transfer in your pending list. For completed transfers, raise a recall request from the same screen or through customer service, and keep the transaction reference handy. We will update you as soon as we hear back from the other bank."
Urgent: when is my card annual fee charged and can it be waived? Thank you.,CARD,check_card_annual_fee,"Sure, here is how this works. Annual fees vary by card, and many cards waive the fee after a certain level of yearly spending. Please check Fees and Charges for your card in the app to see your amount and the anniversary date. If you would like to ask about a waiver, customer service can review your eligibility."
"Good morning, I need to speak to support about my account, how do I reach you?",CONTACT,customer_service,"There are several ways to contact us. The quickest is the chat option in the app, which is available all day. You can also call the number printed on the back of your card or on our website, or visit any branch during opening hours. Please reach out again if anything is unclear."
Quick question: I am going to Chennai soon. Can you turn on international usage for my card? Any idea what to do?,CARD,activate_card_international_usage,"Of course, happy to help. To use your card overseas, open Card Controls in the app and enable International Usage. It is a good idea to set a travel period and a daily limit. If you cannot use the app, phone banking can turn it on for you after verifying your identity. Please reach out again if anything is unclear."
Quick question: can you list all the charges for using the ATM abroad? Not sure what to do,FEES,check_fees,"Absolutely, let me walk you through it. I can help you understand the charges. Common fees include monthly maintenance, foreign transaction fees, ATM use outside our network and penalties for low balance. Your latest statement shows every fee that has been applied, and customer service can review any fee you believe was charged in error."
i need help. could u tell me the yearly charges on the card ending 6144?,CARD,check_card_annual_fee,"Annual fees vary by card, and many cards waive the fee after a certain level of yearly spending. Please check Fees and Charges for your card in the app to see your amount and the anniversary date. If you would like to ask about a waiver, customer service can review your eligibility. Feel free to ask if you have any other questions."
"Excuse me, when is my next mortgage payment due?",LOAN,check_mortgage_payments,"Your mortgage details are available under Loans. There you can view the payment amount, upcoming due dates, the balance still owed and a summary of interest paid. If your payment changes because of a rate change, we will notify you in advance. Please reach out again if anything is unclear."
"Hey, tell me about the monthly maintenance fees on my joint account. Please help.",FEES,check_fees,"Fees depend on the type of account or service. You can find the full list in the app under Help and then Fees and Charges, including maintenance, ATM, transfer and card fees. If you tell me the specific service you are asking about, I can explain how that fee is calculated and when it applies."
"hello there, i want to cancel my personal loan application. i need this sorted today.",LOAN,cancel_loan,"If your personal loan has not been disbursed yet, you can cancel the request through customer service or from Loans in the app by selecting your application and choosing Withdraw. If the money has already been credited, you will need to repay it, and we can share the foreclosure amount with you. Please note that some fees may apply after disbursal. I am here if you need anything else."
"Hey, my father passed away recently, how do I access his business account?",RETAIL_EXCEPTION,deceased_account_holder,"My condolences to you and your family. Accounts of a deceased customer are handled by a dedicated team with care. Please share the death certificate and your identification, and they will explain how the balance is released to the nominee or legal heir and how the account is closed. I will connect you with them, so you do not have to repeat yourself. If you would like, I can connect you with a human agent right now."
"Hello there, I want to check if the payment I made last week has gone through.",ACCOUNT,check_recent_transactions,"To review your recent activity, log in and choose the account, then select Recent Transactions. Pending items are shown separately from completed ones. If something looks unfamiliar, tap it to see the details and report it directly from that screen. If you need any further help, just let me know."
"Quick question: need to switch on my new card, what should I do? Not sure what to do",CARD,activate_card,"You can activate your card in two easy ways. In the mobile app, go to Cards, pick your card, and tap Activate. If you prefer, call the phone banking number printed on the back of the card and follow the voice prompts. After verification your card will be active within a few minutes. Let me know if there is anything more I can do for you."
"Excuse me, which branch can I go to for a loan discussion? I need this sorted today",FIND,find_branch,"To find a branch, enter your area or city in the Locator and choose Branches. Each listing shows the address, working hours and the services offered, such as loans or locker facilities. Most branches are open on weekdays and some are open on Saturday mornings."
"Excuse me, I lost my debit card and need to block it right now. Can you help me with this?",CARD,block_card,"I am sorry to hear about this and I want to help sort it out. To protect your money, block the card first. Use the app under Cards and Block, or call the 24 hour phone banking line and ask for an immediate block. Once blocked, please review your recent transactions and tell us about any you do not recognise so we can look into them. Please reach out again if anything is unclear."
I need help. Can I reapply after a rejection and what should I improve? Can you help me with this,RETAIL_EXCEPTION,loan_application_rejected_appeal,"I am sorry that your application was not approved. Decisions are based on factors such as income, existing debts, credit history and the value of the loan requested, and we can share the main reasons with you. You may ask for a review, especially if your circumstances have changed or if some information was missing. I will pass your request to a loans specialist who can explain the decision and suggest what may improve your chances next time. You can ask for a human agent at any time and I will arrange it."
"ATM retained my card ending 9527, how do I recover it? Can you help me with this?",ATM,recover_swallowed_card,"Please do not worry, this happens sometimes. First, block the card in the app as a precaution until you have it back. Then contact the branch that owns the ATM or call customer service, and we will check if the card was retained by the machine. If it can be recovered you may collect it with valid photo ID, otherwise we will issue a replacement card to you."
pls help: how can i reset my forgotten mobile banking password,PASSWORD,get_password,"You can recover access in a few steps. Select Forgot Password on the login screen, verify your identity with the one-time code sent to your registered number, and set a new password. If you no longer have access to that number, please visit a branch with your identification to update it."
"Hello, my prepaid card ending 1411 arrived today. What are the steps to activate it? I need this sorted today.",CARD,activate_card,"First, open the mobile app or net banking and go to the Cards section. Then select your prepaid card and choose Activate Card. You will receive a one-time code on your registered mobile number, so enter it to confirm. Once that is done, the card is active and ready to use straight away. Please reach out again if anything is unclear."
Urgent: how much is the fee for an international transfer? Appreciate the help,FEES,check_fees,"Thanks for reaching out, I can guide you through this. I can help you understand the charges. Common fees include monthly maintenance, foreign transaction fees, ATM use outside our network and penalties for low balance. Your latest statement shows every fee that has been applied, and customer service can review any fee you believe was charged in error. Please reach out again if anything is unclear."
"Hi team, I forgot my password, how do I get it back? Thank you.",PASSWORD,get_password,"You can recover access in a few steps. Select Forgot Password on the login screen, verify your identity with the one-time code sent to your registered number, and set a new password. If you no longer have access to that number, please visit a branch with your identification to update it."
When is my card annual fee charged and can it be waived?,CARD,check_card_annual_fee,"Certainly, I can help with that. Annual fees vary by card, and many cards waive the fee after a certain level of yearly spending. Please check Fees and Charges for your card in the app to see your amount and the anniversary date. If you would like to ask about a waiver, customer service can review your eligibility. Feel free to ask if you have any other questions."
"Quick question: I just received my travel card in the mail, how can I start using it?",CARD,activate_card,"You can activate your card in two easy ways. In the mobile app, go to Cards, pick your card, and tap Activate. If you prefer, call the phone banking number printed on the back of the card and follow the voice prompts. After verification your card will be active within a few minutes."
Quick question: please cancel the loan I applied for last Friday.,LOAN,cancel_loan,"To cancel a loan application, tell us which application you mean and we will stop the process. Before disbursal there is normally no cost. After disbursal, the loan must be closed by repaying the outstanding amount, and we will give you the exact figure and any applicable charges."
Sent EUR 135 to a stranger by mistake last Friday. Please advise.,PAYMENT_EXCEPTION,transfer_wrong_account,"Please stay calm, and thank you for telling us quickly, because speed matters. Payments to a wrong account cannot always be reversed, but we can send a recall request to the receiving bank for the EUR 135. Please share the transaction reference, the date and the account number you used. We will contact the other bank and, if the account holder agrees or the funds are still available, the money can be returned. If anything changes in the meantime, please let us know straight away."
"Hi team, my international transfer of INR 133 to Amsterdam is on hold and nobody tells me why. Any idea what to do",PAYMENT_EXCEPTION,international_transfer_compliance_hold,"I understand this is frustrating. International payments can be held for a routine compliance review, which is a regulatory requirement, and we may ask for supporting documents such as an invoice, contract or proof of source of funds. I cannot see the full details of the review in this chat, so I will pass your case to our payments compliance team, who will contact you about what is needed. Providing the documents promptly usually speeds things up. We will keep you updated by message until this is resolved."
"Why was I charged a fee of EUR 1,130 this month?",FEES,check_fees,"Fees depend on the type of account or service. You can find the full list in the app under Help and then Fees and Charges, including maintenance, ATM, transfer and card fees. If you tell me the specific service you are asking about, I can explain how that fee is calculated and when it applies. If you need any further help, just let me know."
"hello there, can i open an account online without visiting the branch? thank you.",ACCOUNT,create_account,"To start, choose the type of account that suits you, then fill in the application form online. You will need identity and address documents, and you may complete a short video verification. Once approved, your account details arrive by message and email, and your debit card is sent to your address. Let me know if there is anything more I can do for you."
How do I set up a password for net banking? Please help.,PASSWORD,set_up_password,"To set up or change your password, log in and go to Settings and then Security. Choose Change Password, enter your current password, and type the new one twice. A strong password uses at least eight characters with a mix of letters, numbers and symbols, and should not include your name or birth date. Please reach out again if anything is unclear."
"Hi, I would like to stop my card, it has an annual fee I do not want to pay. Thanks.",CARD,cancel_card,I can guide you through cancelling your card. First check that there are no pending transactions or unpaid dues. Then submit a cancellation request through the app or by phone banking. You will get a confirmation message once the card is closed. Please reach out again if anything is unclear.
Quick question: I want to cancel my business loan application,LOAN,cancel_loan,"If your business loan has not been disbursed yet, you can cancel the request through customer service or from Loans in the app by selecting your application and choosing Withdraw. If the money has already been credited, you will need to repay it, and we can share the foreclosure amount with you. Please note that some fees may apply after disbursal. Feel free to ask if you have any other questions."
"Hi team, cash was not dispensed at the ATM yet my account was debited. Please help.",ATM,dispute_ATM_withdrawal,"Sorry about the trouble with the ATM. Please keep the receipt if you have one and raise a dispute through the app or by calling customer service. We will check the ATM records for the withdrawal and update you by message. If the money is confirmed as not dispensed, it will be returned to your account. Feel free to ask if you have any other questions."
Payment stuck in processing for 6 days and my rent is due. Thank you.,PAYMENT_EXCEPTION,transfer_pending_stuck,"Sorry for the delay. A transfer can stay pending if the receiving bank is slow, if the details do not match, or if the payment is under review. I have noted the delay and a specialist team will trace the payment. If it cannot be completed, the money is returned to your account. If you would like, I can connect you with a human agent right now."
"Quick question: please unfreeze my account, I already submitted my documents last night.",RETAIL_EXCEPTION,account_frozen_kyc,"I understand how stressful it is to have an account restricted. Accounts are sometimes frozen when identity documents are missing or expired, or when a compliance review is needed. I cannot lift a restriction from this chat, but I can raise a priority request with our account services team. Please keep your photo ID, proof of address and recent photograph ready, and a specialist will contact you with the exact documents required. We will keep you updated by message until this is resolved."
"hi team, suspicious login on my account from another country, please secure it.",RETAIL_EXCEPTION,identity_theft_account_takeover,"Thank you for flagging this quickly. Access to your online banking will be locked while we investigate. Our security team will verify your identity through a secure process, review recent changes and transactions, and help reset your details. Please tell us about any transaction you did not make, so it can be investigated."
"Hi team, please enable international transactions on my card ending 4563. Not sure what to do.",CARD,activate_card_international_usage,"To use your card overseas, open Card Controls in the app and enable International Usage. It is a good idea to set a travel period and a daily limit. If you cannot use the app, phone banking can turn it on for you after verifying your identity."
"Hi, what is the annual fee for my platinum credit card? Appreciate the help.",CARD,check_card_annual_fee,"Of course, happy to help. The annual fee depends on the type of card you hold. You can see the exact amount for your platinum credit card in the app under Cards and Card Details, and it is also listed in your welcome kit. The fee is normally charged once a year on the card anniversary date. Some cards offer a waiver if you reach a yearly spending target. Feel free to ask if you have any other questions."
"Excuse me, a free trial with IKEA turned into a monthly charge of 2,020 dollars, help.",PAYMENT_EXCEPTION,recurring_payment_unauthorized,"I understand how annoying unwanted charges are. You can stop a recurring payment by going to Cards and Recurring Payments in the app and choosing Stop for IKEA. If the merchant has already taken money you did not agree to, we can raise a dispute for the 2,020 dollars charges. It also helps to contact the merchant to cancel the subscription so they stop trying to bill you. Please keep your reference number safe, and reply here if you need anything else."
"hi, please cancel the loan i applied for last weekend.",LOAN,cancel_loan,"To cancel a loan application, tell us which application you mean and we will stop the process. Before disbursal there is normally no cost. After disbursal, the loan must be closed by repaying the outstanding amount, and we will give you the exact figure and any applicable charges. Feel free to ask if you have any other questions."
"Please help me close the account, I am moving abroad. Any idea what to do?",ACCOUNT,close_account,"Absolutely, let me walk you through it. To close the account, make sure there are no pending transactions, linked cards or loans. Request closure through the app under Account Services or visit a branch. We will transfer any remaining balance to the account you nominate and confirm once the account is closed."
"Hi team, I am a student and would like to start a savings account.",ACCOUNT,create_account,"To start, choose the type of account that suits you, then fill in the application form online. You will need identity and address documents, and you may complete a short video verification. Once approved, your account details arrive by message and email, and your debit card is sent to your address."
"Hi team, what is the process to allow foreign transactions on my card before my trip? Thanks.",CARD,activate_card_international_usage,"To use your card overseas, open Card Controls in the app and enable International Usage. It is a good idea to set a travel period and a daily limit. If you cannot use the app, phone banking can turn it on for you after verifying your identity. Please reach out again if anything is unclear."
Which branch can I go to for a loan discussion?,FIND,find_branch,"To find a branch, enter your area or city in the Locator and choose Branches. Each listing shows the address, working hours and the services offered, such as loans or locker facilities. Most branches are open on weekdays and some are open on Saturday mornings. Please reach out again if anything is unclear."
"Hello, how can I change my password to something stronger? Please help.",PASSWORD,set_up_password,"Of course, happy to help. New customers can create a password using the First Time Login option. Enter your customer ID, verify with a one-time code, then choose a password that meets the rules shown on screen. Please do not share it with anyone, including bank staff."
"Quick question: please help me make a transfer of GBP 1,500 today. Not sure what to do.",TRANSFER,make_transfer,"Certainly, I can help with that. To make a transfer, log in to the app or net banking and go to Transfers. Add the payee by entering the name, account number and bank code, then confirm the payee with a one-time code. Enter the amount of GBP 1,500, choose the payment method, review the details and confirm. You will get a confirmation message with a reference number."
"Hey, how do I open a student account? Appreciate the help.",ACCOUNT,create_account,"Of course, happy to help. Opening a student account is simple. You can apply online or at a branch by providing a valid photo ID, proof of address and a recent photograph. After we verify your details, the account is created and you will receive your account number and access to the app. Some accounts require a small opening deposit. Please reach out again if anything is unclear."
"Good morning, I want to reverse the payment I just made, is that possible",TRANSFER,cancel_transfer,"Please act quickly. For transfers that have not been processed yet, use Cancel next to the transfer in your pending list. For completed transfers, raise a recall request from the same screen or through customer service, and keep the transaction reference handy. We will update you as soon as we hear back from the other bank."
"Excuse me, find me a cash machine close to me.",FIND,find_ATM,"Thanks for reaching out, I can guide you through this. To locate an ATM, open the Locator in the app or on our website and search by city or landmark. Filters help you find machines that offer deposits, cheque drops or extended hours. Please remember that using an ATM outside our network may attract a fee. Feel free to ask if you have any other questions."
Could you tell me the yearly charges on the card ending 0541? I need this sorted today.,CARD,check_card_annual_fee,"Absolutely, let me walk you through it. Annual fees vary by card, and many cards waive the fee after a certain level of yearly spending. Please check Fees and Charges for your card in the app to see your amount and the anniversary date. If you would like to ask about a waiver, customer service can review your eligibility. I am here if you need anything else."
"Excuse me, can you list all the charges for using the ATM abroad? Not sure what to do.",FEES,check_fees,"Sure, here is how this works. Fees depend on the type of account or service. You can find the full list in the app under Help and then Fees and Charges, including maintenance, ATM, transfer and card fees. If you tell me the specific service you are asking about, I can explain how that fee is calculated and when it applies."
my legal name has changed and my cards still show the old one. any idea what to do,RETAIL_EXCEPTION,legal_name_change,"To change your name in our records, we need proof of the legal name change, such as a marriage certificate, a gazette notification or a deed poll, together with your identification. Please upload the documents in the app under Profile or visit a branch, and we will update your accounts and cards. Because this affects several products, the update may take a few working days, and we will notify you when it is complete. You can ask for a human agent at any time and I will arrange it."
"Hi team, how much deposit do I need for a mortgage? Can you help me with this?",LOAN,apply_for_mortgage,"Applying for a home loan involves a few stages: an initial eligibility check, document submission, property valuation, formal approval and legal completion. A mortgage adviser can guide you at each stage. You can begin by booking a call from the Loans section of the app."
Quick question: is there a live chat with the bank? Thanks.,CONTACT,customer_service,"Of course, happy to help. You can reach customer service by phone banking, through secure chat in the mobile app, or by email through the Contact Us section. Phone and chat support are available round the clock for urgent matters such as blocking a card, and other requests are handled during business hours. Please keep your customer ID handy so we can help you faster. Feel free to ask if you have any other questions."
"Hello there, how can I enable my travel card for use abroad? I am travelling to Dubai. Please advise.",CARD,activate_card_international_usage,"International usage can be switched on from the mobile app. Go to Cards, select your travel card, open Card Controls and turn on International Transactions. You can also set the dates of your trip and a spending limit for extra safety. Changes usually take effect within a few minutes, so please do it before you leave. If you need any further help, just let me know."
I need help. What is the available balance on my travel card? Not sure what to do,CARD,check_current_balance_on_card,"Certainly, I can help with that. To check your balance, log in to net banking or the app and open Cards. The card summary shows your current balance, available credit and the last statement amount. Balances update in near real time, but very recent transactions can take a short while to appear. I am here if you need anything else."
"Hello there, find me a cash machine close to me. Please advise.",FIND,find_ATM,"Of course, happy to help. To locate an ATM, open the Locator in the app or on our website and search by city or landmark. Filters help you find machines that offer deposits, cheque drops or extended hours. Please remember that using an ATM outside our network may attract a fee. Let me know if there is anything more I can do for you."
"Excuse me, can I get a loan for 423,470 USD over 36 months",LOAN,apply_for_loan,"Thanks for reaching out, I can guide you through this. To apply for a loan, go to Loans in the app and select the type of loan you need. Enter the amount and tenure, upload the required documents and submit. Your eligibility is based on income, existing commitments and credit score, and you will see a decision and an offer once the review is complete. Feel free to ask if you have any other questions."
"Hello there, I need to visit a branch, can you help me find one? Pls help.",FIND,find_branch,"To find a branch, enter your area or city in the Locator and choose Branches. Each listing shows the address, working hours and the services offered, such as loans or locker facilities. Most branches are open on weekdays and some are open on Saturday mornings. I am here if you need anything else."
"Pls waive the overdraft charges, they are unfair.",RETAIL_EXCEPTION,overdraft_fee_dispute,"Thanks for explaining. To review the fee, we need to see the order in which the deposit and the payments were processed. I will raise a request for the fee to be reviewed, and you will hear back with the outcome. In some cases, especially after a delayed salary, the fee can be waived. You can ask for a human agent at any time and I will arrange it."
"Hi, how do I freeze my card temporarily? I cannot find it. Thanks.",CARD,block_card,"I understand how stressful this must be, and I am here to help. You can block the card immediately in the mobile app. Go to Cards, choose the card and tap Block Card, then pick Lost or Stolen as the reason. The card stops working straight away and any new transactions are declined. We will then help you order a replacement, which usually arrives in a few working days. Feel free to ask if you have any other questions."
Urgent: how do I stop a transfer I made last weekend? Thank you.,TRANSFER,cancel_transfer,"Absolutely, let me walk you through it. Please act quickly. For transfers that have not been processed yet, use Cancel next to the transfer in your pending list. For completed transfers, raise a recall request from the same screen or through customer service, and keep the transaction reference handy. We will update you as soon as we hear back from the other bank. Please reach out again if anything is unclear."
"Quick question: somebody used my platinum credit card to buy things I do not recognise, this is fraud.",PAYMENT_EXCEPTION,card_fraud_unauthorized_transaction,"Thank you for reporting this quickly. Your card should be blocked immediately to prevent more misuse, and the disputed transactions will be flagged for our fraud team. They will review the details, and where a transaction is confirmed as fraudulent the amount is normally returned to your account after the investigation. A specialist will reach out to collect a few more details. If you would like, I can connect you with a human agent right now."
quick question: my transfer of $246 has been pending for 5 days. please help.,PAYMENT_EXCEPTION,transfer_pending_stuck,"Sorry for the delay. A transfer can stay pending if the receiving bank is slow, if the details do not match, or if the payment is under review. I have noted the delay and a specialist team will trace the payment. If it cannot be completed, the money is returned to your account. Please keep your reference number safe, and reply here if you need anything else."
"Hello, what is the process to allow foreign transactions on my card before my trip? Please advise.",CARD,activate_card_international_usage,"Of course, happy to help. To use your card overseas, open Card Controls in the app and enable International Usage. It is a good idea to set a travel period and a daily limit. If you cannot use the app, phone banking can turn it on for you after verifying your identity. I am here if you need anything else."
"hello there, i need a person to help me with this, not an automated reply. i need this sorted today.",CONTACT,human_agent,"Of course. I will connect you with a human agent now. Please stay in this chat, and it helps if you briefly describe your issue so the agent can pick up straight away. Waiting times can vary, and if it is not urgent you can also request a call back at a time that suits you."
"hello there, please guide me through creating a new account. thanks.",ACCOUNT,create_account,"Absolutely, let me walk you through it. To start, choose the type of account that suits you, then fill in the application form online. You will need identity and address documents, and you may complete a short video verification. Once approved, your account details arrive by message and email, and your debit card is sent to your address. If you need any further help, just let me know."
"i have a power of attorney document, how do i register it with the bank? thanks.",RETAIL_EXCEPTION,power_of_attorney_request,"I am sorry to hear that. Managing another person's account requires a valid legal authority, such as a registered power of attorney, and we need to verify it before giving access. Please prepare the original or certified copy of the document, your identification and the account holder details. A specialist will check the paperwork and explain what your authority allows, and I will arrange for them to contact you."
Quick question: how much deposit do I need for a mortgage? Not sure what to do.,LOAN,apply_for_mortgage,"Applying for a home loan involves a few stages: an initial eligibility check, document submission, property valuation, formal approval and legal completion. A mortgage adviser can guide you at each stage. You can begin by booking a call from the Loans section of the app. I am here if you need anything else."
"Good morning, what is the available balance on my debit card? Any idea what to do?",CARD,check_current_balance_on_card,"Of course, happy to help. You can see your card balance in the mobile app under Cards. Select your debit card to view the available limit, the outstanding amount and the payment due date. You can also get a quick balance by sending a text message from your registered number or by calling phone banking. Feel free to ask if you have any other questions."
"Hi, how can I add a new payee and transfer funds? Thanks.",TRANSFER,make_transfer,"You can send money in a few steps. Open Transfers, choose Send Money and select an existing payee or add a new one. Type in the amount, check the details carefully because transfers to the wrong account can be hard to reverse, and approve with your security code. Instant methods arrive within minutes, while standard transfers can take up to one working day."
"Hey, I changed my name after marriage, how do I update it on my savings account? Can you help me with this?",RETAIL_EXCEPTION,legal_name_change,"To change your name in our records, we need proof of the legal name change, such as a marriage certificate, a gazette notification or a deed poll, together with your identification. Please upload the documents in the app under Profile or visit a branch, and we will update your accounts and cards. Because this affects several products, the update may take a few working days, and we will notify you when it is complete. Please keep your reference number safe, and reply here if you need anything else."
"A free trial with Starbucks turned into a monthly charge of INR 127, help. Not sure what to do.",PAYMENT_EXCEPTION,recurring_payment_unauthorized,"Sorry about the trouble. We can block future payments to the merchant on your card, and I can start a dispute for charges you did not authorise. Please share the dates and the amounts of the payments and any cancellation emails you have. A specialist will review whether the money can be recovered. If anything changes in the meantime, please let us know straight away."
"hello there, name mismatch is blocking my loan, how do i correct it in your records? not sure what to do.",RETAIL_EXCEPTION,legal_name_change,"To change your name in our records, we need proof of the legal name change, such as a marriage certificate, a gazette notification or a deed poll, together with your identification. Please upload the documents in the app under Profile or visit a branch, and we will update your accounts and cards. Because this affects several products, the update may take a few working days, and we will notify you when it is complete."
"Hey, I just received my prepaid card in the mail, how can I start using it? Thank you",CARD,activate_card,"Thanks for reaching out, I can guide you through this. You can activate your card in two easy ways. In the mobile app, go to Cards, pick your card, and tap Activate. If you prefer, call the phone banking number printed on the back of the card and follow the voice prompts. After verification your card will be active within a few minutes. I am here if you need anything else."
"quick question: my transfer of inr 1,380 has been pending for 5 days.",PAYMENT_EXCEPTION,transfer_pending_stuck,"Sorry for the delay. A transfer can stay pending if the receiving bank is slow, if the details do not match, or if the payment is under review. I have noted the delay and a specialist team will trace the payment. If it cannot be completed, the money is returned to your account. If you would like, I can connect you with a human agent right now."
Urgent: how can I withdraw my home loan request?,LOAN,cancel_mortgage,"I can help you withdraw the mortgage application. Please contact our mortgage team through the app or at a branch and confirm the application reference. If the valuation or legal work has already started, some third party fees might still apply. Once cancelled, you will receive written confirmation."
How can I withdraw my home loan request? Can you help me with this?,LOAN,cancel_mortgage,"Certainly, I can help with that. I can help you withdraw the mortgage application. Please contact our mortgage team through the app or at a branch and confirm the application reference. If the valuation or legal work has already started, some third party fees might still apply. Once cancelled, you will receive written confirmation."
Urgent: I paid EUR 312 once but the money left my account twice last week. Thank you,PAYMENT_EXCEPTION,duplicate_charge,"Thanks for letting us know. Please keep proof of your purchase and, if possible, the merchant receipt. We will open a dispute for the duplicate payment, and a specialist will review it with the merchant. Refunds usually take several working days once the duplicate is confirmed. If you would like, I can connect you with a human agent right now."
"Excuse me, I want to reverse the payment I just made, is that possible? Not sure what to do",TRANSFER,cancel_transfer,"Please act quickly. For transfers that have not been processed yet, use Cancel next to the transfer in your pending list. For completed transfers, raise a recall request from the same screen or through customer service, and keep the transaction reference handy. We will update you as soon as we hear back from the other bank. Please reach out again if anything is unclear."
I want to check if the payment I made last Friday has gone through. I need this sorted today.,ACCOUNT,check_recent_transactions,"To review your recent activity, log in and choose the account, then select Recent Transactions. Pending items are shown separately from completed ones. If something looks unfamiliar, tap it to see the details and report it directly from that screen. I am here if you need anything else."
"Hello there, need to switch on my new card, what should I do? I need this sorted today.",CARD,activate_card,"You can activate your card in two easy ways. In the mobile app, go to Cards, pick your card, and tap Activate. If you prefer, call the phone banking number printed on the back of the card and follow the voice prompts. After verification your card will be active within a few minutes."
"good evening, i want to know how many payments are left on my loan",LOAN,check_loan_payments,"Absolutely, let me walk you through it. To check your loan payments, log in and open Loans, then choose the loan. You will see what you have paid so far, what is left, and the next due date. If you would like to pay extra to reduce the balance, there is an option to make a part payment on the same screen. If you need any further help, just let me know."
"Good morning, how do I withdraw my loan request? Please help.",LOAN,cancel_loan,"To cancel a loan application, tell us which application you mean and we will stop the process. Before disbursal there is normally no cost. After disbursal, the loan must be closed by repaying the outstanding amount, and we will give you the exact figure and any applicable charges. Feel free to ask if you have any other questions."
"Hello there, there is an ATM transaction I do not recognise for INR 1,940, how do I raise a dispute? I need this sorted today.",ATM,dispute_ATM_withdrawal,"Sorry about the trouble with the ATM. Please keep the receipt if you have one and raise a dispute through the app or by calling customer service. We will check the ATM records for the withdrawal and update you by message. If the money is confirmed as not dispensed, it will be returned to your account."
"Hey, my wire transfer has been under review for 5 days, I need the money urgently.",PAYMENT_EXCEPTION,international_transfer_compliance_hold,"I understand this is frustrating. International payments can be held for a routine compliance review, which is a regulatory requirement, and we may ask for supporting documents such as an invoice, contract or proof of source of funds. I cannot see the full details of the review in this chat, so I will pass your case to our payments compliance team, who will contact you about what is needed. Providing the documents promptly usually speeds things up. We will keep you updated by message until this is resolved."
"There is an ATM transaction I do not recognise for $741, how do I raise a dispute? Can you help me with this?",ATM,dispute_ATM_withdrawal,"I will help you raise a dispute for the ATM withdrawal of $741. Please go to Disputes in the app, select the transaction and choose ATM Cash Issue, then give the date, time and ATM location if you have them. We will investigate with the ATM operator and most cases are reviewed within a few working days. If the ATM did not dispense the cash, the amount is usually credited back to your account."
pls help me recover my login details. pls help.,PASSWORD,get_password,"I am sorry you are locked out. On the login page, tap Forgot Password and enter your customer ID. We will send a one-time code to your registered mobile number, and after you enter it you can choose a new password. For security reasons we can never tell you your old password. Feel free to ask if you have any other questions."
please help: what are the eligibility criteria for a business loan,LOAN,apply_for_loan,"You can apply for a business loan online or at a branch. Please keep your identity proof, address proof, recent salary slips or income proof, and bank statements ready. After you submit the application, we check your eligibility and credit history and share an offer with the interest rate and repayment plan. Once you accept, the money is usually credited within a few working days. Let me know if there is anything more I can do for you."
"hello there, can you transfer me to a human agent? please advise.",CONTACT,human_agent,"Of course. I will connect you with a human agent now. Please stay in this chat, and it helps if you briefly describe your issue so the agent can pick up straight away. Waiting times can vary, and if it is not urgent you can also request a call back at a time that suits you."
"Hey, can you transfer me to a human agent",CONTACT,human_agent,"Of course. I will connect you with a human agent now. Please stay in this chat, and it helps if you briefly describe your issue so the agent can pick up straight away. Waiting times can vary, and if it is not urgent you can also request a call back at a time that suits you."
I want to talk to a real person. Thank you.,CONTACT,human_agent,"Certainly, I can arrange for one of our advisors to help you. I am transferring you now, and I will share the details of our conversation so you do not need to repeat yourself. If the queue is long, you can choose to receive a call back instead. Feel free to ask if you have any other questions."
"Hey, how do I send EUR 1,670 to a friend's account? I need this sorted today",TRANSFER,make_transfer,"You can send money in a few steps. Open Transfers, choose Send Money and select an existing payee or add a new one. Type in the amount, check the details carefully because transfers to the wrong account can be hard to reverse, and approve with your security code. Instant methods arrive within minutes, while standard transfers can take up to one working day. Let me know if there is anything more I can do for you."
"Excuse me, I just received my credit card in the mail, how can I start using it? Can you help me with this?",CARD,activate_card,"Thanks for reaching out, I can guide you through this. You can activate your card in two easy ways. In the mobile app, go to Cards, pick your card, and tap Activate. If you prefer, call the phone banking number printed on the back of the card and follow the voice prompts. After verification your card will be active within a few minutes. Please reach out again if anything is unclear."
"Hi team, can I see my loan repayment schedule? Not sure what to do.",LOAN,check_loan_payments,"Certainly, I can help with that. To check your loan payments, log in and open Loans, then choose the loan. You will see what you have paid so far, what is left, and the next due date. If you would like to pay extra to reduce the balance, there is an option to make a part payment on the same screen. Let me know if there is anything more I can do for you."
My card got stuck in the machine last weekend.,ATM,recover_swallowed_card,"Please do not worry, this happens sometimes. First, block the card in the app as a precaution until you have it back. Then contact the branch that owns the ATM or call customer service, and we will check if the card was retained by the machine. If it can be recovered you may collect it with valid photo ID, otherwise we will issue a replacement card to you."
Please help: how can I change my password to something stronger? Not sure what to do.,PASSWORD,set_up_password,"To set up or change your password, log in and go to Settings and then Security. Choose Change Password, enter your current password, and type the new one twice. A strong password uses at least eight characters with a mix of letters, numbers and symbols, and should not include your name or birth date."
"please help: i want to apply for a car loan of eur 346,900. thank you.",LOAN,apply_for_loan,"Thanks for reaching out, I can guide you through this. To apply for a loan, go to Loans in the app and select the type of loan you need. Enter the amount and tenure, upload the required documents and submit. Your eligibility is based on income, existing commitments and credit score, and you will see a decision and an offer once the review is complete."
"hey, what are the rules for choosing a password? any idea what to do?",PASSWORD,set_up_password,"Sure, here is how this works. New customers can create a password using the First Time Login option. Enter your customer ID, verify with a one-time code, then choose a password that meets the rules shown on screen. Please do not share it with anyone, including bank staff. If you need any further help, just let me know."
Please help: please put me through to a customer service representative. Thanks.,CONTACT,human_agent,"Of course. I will connect you with a human agent now. Please stay in this chat, and it helps if you briefly describe your issue so the agent can pick up straight away. Waiting times can vary, and if it is not urgent you can also request a call back at a time that suits you."
"good evening, i want to dispute an atm withdrawal of gbp 2,320 from yesterday",ATM,dispute_ATM_withdrawal,"I will help you raise a dispute for the ATM withdrawal of GBP 2,320. Please go to Disputes in the app, select the transaction and choose ATM Cash Issue, then give the date, time and ATM location if you have them. We will investigate with the ATM operator and most cases are reviewed within a few working days. If the ATM did not dispense the cash, the amount is usually credited back to your account. If you need any further help, just let me know."
"Please help: please block my card ending 6304, I think it was stolen. Any idea what to do?",CARD,block_card,"You can block the card immediately in the mobile app. Go to Cards, choose the card and tap Block Card, then pick Lost or Stolen as the reason. The card stops working straight away and any new transactions are declined. We will then help you order a replacement, which usually arrives in a few working days. Please reach out again if anything is unclear."
"hi team, i have complained three times and nobody has solved my problem, i want to escalate. thanks.",RETAIL_EXCEPTION,formal_complaint_escalation,"I am sorry that your issue has not been resolved, and you have every right to escalate. I can register a formal complaint now, which will be given a reference number and reviewed by our complaints team, who will respond in writing within the time required. If you are not satisfied with the final response, you can take the matter to the external financial ombudsman. It helps if you share the dates and details of your previous contacts. Please keep your reference number safe, and reply here if you need anything else."
"Hi, what is the fastest way to send money to someone?",TRANSFER,make_transfer,"You can send money in a few steps. Open Transfers, choose Send Money and select an existing payee or add a new one. Type in the amount, check the details carefully because transfers to the wrong account can be hard to reverse, and approve with your security code. Instant methods arrive within minutes, while standard transfers can take up to one working day. I am here if you need anything else."
"Good morning, can I reapply after a rejection and what should I improve? Not sure what to do.",RETAIL_EXCEPTION,loan_application_rejected_appeal,"I am sorry that your application was not approved. Decisions are based on factors such as income, existing debts, credit history and the value of the loan requested, and we can share the main reasons with you. You may ask for a review, especially if your circumstances have changed or if some information was missing. I will pass your request to a loans specialist who can explain the decision and suggest what may improve your chances next time. If you would like, I can connect you with a human agent right now."
"hi team, please cancel my pending transfer of inr 373. not sure what to do",TRANSFER,cancel_transfer,"If the transfer of INR 373 is still pending or scheduled, you can cancel it in the app. Go to Transfers, open Pending or Scheduled, select the transfer and tap Cancel. If it has already been completed, it cannot be cancelled directly, but you can raise a request and we will contact the receiving bank to ask for the money back. Success depends on the receiving bank and the account holder agreeing to return it. If you need any further help, just let me know."
How can I check how much credit I have left on my card? Can you help me with this?,CARD,check_current_balance_on_card,"Of course, happy to help. To check your balance, log in to net banking or the app and open Cards. The card summary shows your current balance, available credit and the last statement amount. Balances update in near real time, but very recent transactions can take a short while to appear. I am here if you need anything else."
"please help: help, the cash machine did not return my card. can you help me with this",ATM,recover_swallowed_card,"Please do not worry, this happens sometimes. First, block the card in the app as a precaution until you have it back. Then contact the branch that owns the ATM or call customer service, and we will check if the card was retained by the machine. If it can be recovered you may collect it with valid photo ID, otherwise we will issue a replacement card to you. Please reach out again if anything is unclear."
Urgent: can I see my last transactions?,ACCOUNT,check_recent_transactions,"Of course, happy to help. To review your recent activity, log in and choose the account, then select Recent Transactions. Pending items are shown separately from completed ones. If something looks unfamiliar, tap it to see the details and report it directly from that screen. Feel free to ask if you have any other questions."
"Excuse me, pls cancel my pending transfer of EUR 1,500. Any idea what to do?",TRANSFER,cancel_transfer,"Please act quickly. For transfers that have not been processed yet, use Cancel next to the transfer in your pending list. For completed transfers, raise a recall request from the same screen or through customer service, and keep the transaction reference handy. We will update you as soon as we hear back from the other bank."
"I need help. I forgot my password, how do I get it back? Thanks.",PASSWORD,get_password,"I am sorry you are locked out. On the login page, tap Forgot Password and enter your customer ID. We will send a one-time code to your registered mobile number, and after you enter it you can choose a new password. For security reasons we can never tell you your old password."
"hello, i lost my travel card and need to block it right now. please help.",CARD,block_card,"To protect your money, block the card first. Use the app under Cards and Block, or call the 24 hour phone banking line and ask for an immediate block. Once blocked, please review your recent transactions and tell us about any you do not recognise so we can look into them. Please reach out again if anything is unclear."
"Hello, can I open an account online without visiting the branch? Please help.",ACCOUNT,create_account,"Sure, here is how this works. To start, choose the type of account that suits you, then fill in the application form online. You will need identity and address documents, and you may complete a short video verification. Once approved, your account details arrive by message and email, and your debit card is sent to your address. Feel free to ask if you have any other questions."
"hey, how much is the fee for an international transfer? appreciate the help",FEES,check_fees,"Certainly, I can help with that. I can help you understand the charges. Common fees include monthly maintenance, foreign transaction fees, ATM use outside our network and penalties for low balance. Your latest statement shows every fee that has been applied, and customer service can review any fee you believe was charged in error. Feel free to ask if you have any other questions."
"Hey, please tell me the reason my loan was denied. Please advise.",RETAIL_EXCEPTION,loan_application_rejected_appeal,"I am sorry that your application was not approved. Decisions are based on factors such as income, existing debts, credit history and the value of the loan requested, and we can share the main reasons with you. You may ask for a review, especially if your circumstances have changed or if some information was missing. I will pass your request to a loans specialist who can explain the decision and suggest what may improve your chances next time. Please keep your reference number safe, and reply here if you need anything else."
"Good evening, my card got stuck in the machine this morning. Not sure what to do.",ATM,recover_swallowed_card,"Please do not worry, this happens sometimes. First, block the card in the app as a precaution until you have it back. Then contact the branch that owns the ATM or call customer service, and we will check if the card was retained by the machine. If it can be recovered you may collect it with valid photo ID, otherwise we will issue a replacement card to you. Let me know if there is anything more I can do for you."
"Good morning, I cancelled an order with Nykaa and the credit has not shown on my card. Please advise.",PAYMENT_EXCEPTION,refund_not_received,"I am sorry for the wait. Refunds from merchants usually take between five and ten working days to appear, depending on the merchant and the card network. Please ask Nykaa for the refund reference number or acquirer reference number, which lets us trace it. Once you share it, we can check whether the credit was received and, if not, raise an enquiry with the merchant bank. If you would like, I can connect you with a human agent right now."
"Hey, how do I send EUR 534 to a friend's account? Please help.",TRANSFER,make_transfer,"You can send money in a few steps. Open Transfers, choose Send Money and select an existing payee or add a new one. Type in the amount, check the details carefully because transfers to the wrong account can be hard to reverse, and approve with your security code. Instant methods arrive within minutes, while standard transfers can take up to one working day. Let me know if there is anything more I can do for you."
Please help: can I see my loan repayment schedule? Thank you.,LOAN,check_loan_payments,"To check your loan payments, log in and open Loans, then choose the loan. You will see what you have paid so far, what is left, and the next due date. If you would like to pay extra to reduce the balance, there is an option to make a part payment on the same screen. If you need any further help, just let me know."
how can i check how much credit i have left on my card? thanks,CARD,check_current_balance_on_card,"To check your balance, log in to net banking or the app and open Cards. The card summary shows your current balance, available credit and the last statement amount. Balances update in near real time, but very recent transactions can take a short while to appear. I am here if you need anything else."
"Quick question: my loan application for INR 400,410 was rejected and I do not understand why.",RETAIL_EXCEPTION,loan_application_rejected_appeal,"I am sorry that your application was not approved. Decisions are based on factors such as income, existing debts, credit history and the value of the loan requested, and we can share the main reasons with you. You may ask for a review, especially if your circumstances have changed or if some information was missing. I will pass your request to a loans specialist who can explain the decision and suggest what may improve your chances next time. If anything changes in the meantime, please let us know straight away."
"Quick question: I need a person to help me with this, not an automated reply. Appreciate the help.",CONTACT,human_agent,"Certainly, I can arrange for one of our advisors to help you. I am transferring you now, and I will share the details of our conversation so you do not need to repeat yourself. If the queue is long, you can choose to receive a call back instead. I am here if you need anything else."
"Good evening, there is an ATM transaction I do not recognise for $1,100, how do I raise a dispute? Any idea what to do?",ATM,dispute_ATM_withdrawal,"I will help you raise a dispute for the ATM withdrawal of $1,100. Please go to Disputes in the app, select the transaction and choose ATM Cash Issue, then give the date, time and ATM location if you have them. We will investigate with the ATM operator and most cases are reviewed within a few working days. If the ATM did not dispense the cash, the amount is usually credited back to your account. I am here if you need anything else."
"Good morning, please guide me through creating a new account. Can you help me with this?",ACCOUNT,create_account,"To start, choose the type of account that suits you, then fill in the application form online. You will need identity and address documents, and you may complete a short video verification. Once approved, your account details arrive by message and email, and your debit card is sent to your address. I am here if you need anything else."
"Why is the currency conversion fee on my 1,200 USD payment so high? Any idea what to do?",PAYMENT_EXCEPTION,currency_conversion_dispute,"I understand the surprise. The debited amount comes from the exchange rate at the time of settlement, plus any conversion charges, and the shop may also offer to charge in your home currency at their own rate. I can flag your transaction for review so a specialist can confirm whether the correct rate was applied. Please keep your reference number safe, and reply here if you need anything else."
"Please help: need to switch on my new card, what should I do? Can you help me with this",CARD,activate_card,"Sure, here is how this works. You can activate your card in two easy ways. In the mobile app, go to Cards, pick your card, and tap Activate. If you prefer, call the phone banking number printed on the back of the card and follow the voice prompts. After verification your card will be active within a few minutes. Let me know if there is anything more I can do for you."
"Please unfreeze my account, I already submitted my documents last Friday. Thanks.",RETAIL_EXCEPTION,account_frozen_kyc,"I am sorry for the inconvenience. A restriction usually means we need to verify or update some information. You can complete the update in the app under Profile and KYC, or visit a branch. If you have already submitted documents, I will ask the team to prioritise the review and update you. If you would like, I can connect you with a human agent right now."
"good morning, i want to know my outstanding amount on the credit card. thanks.",CARD,check_current_balance_on_card,"Of course, happy to help. To check your balance, log in to net banking or the app and open Cards. The card summary shows your current balance, available credit and the last statement amount. Balances update in near real time, but very recent transactions can take a short while to appear. Let me know if there is anything more I can do for you."
"Good evening, what is the available balance on my platinum credit card? Thank you.",CARD,check_current_balance_on_card,"To check your balance, log in to net banking or the app and open Cards. The card summary shows your current balance, available credit and the last statement amount. Balances update in near real time, but very recent transactions can take a short while to appear."
"hey, can you transfer me to a human agent? thank you.",CONTACT,human_agent,"Certainly, I can arrange for one of our advisors to help you. I am transferring you now, and I will share the details of our conversation so you do not need to repeat yourself. If the queue is long, you can choose to receive a call back instead."
"Good morning, is there a fee if my balance drops below the minimum?",FEES,check_fees,"I can help you understand the charges. Common fees include monthly maintenance, foreign transaction fees, ATM use outside our network and penalties for low balance. Your latest statement shows every fee that has been applied, and customer service can review any fee you believe was charged in error. If you need any further help, just let me know."
"Please help: I want to apply for a car loan of INR 475,400. Can you help me with this?",LOAN,apply_for_loan,"Absolutely, let me walk you through it. To apply for a loan, go to Loans in the app and select the type of loan you need. Enter the amount and tenure, upload the required documents and submit. Your eligibility is based on income, existing commitments and credit score, and you will see a decision and an offer once the review is complete. If you need any further help, just let me know."
Urgent: is there an ATM near the university campus? I need this sorted today.,FIND,find_ATM,"To locate an ATM, open the Locator in the app or on our website and search by city or landmark. Filters help you find machines that offer deposits, cheque drops or extended hours. Please remember that using an ATM outside our network may attract a fee. If you need any further help, just let me know."
"hey, card not working in amsterdam, i tried it this morning and it failed, i have no other way to pay. thanks.",PAYMENT_EXCEPTION,card_declined_while_travelling,"Sorry about the inconvenience, especially while you are travelling. Please check that international transactions are enabled and that you have not reached your daily limit. Because this is urgent, I recommend calling the emergency line on the back of the card, where an agent can verify you and remove any block. Emergency cash or a replacement card can be arranged if needed."
Please help: my legal name has changed and my cards still show the old one. Can you help me with this?,RETAIL_EXCEPTION,legal_name_change,"To change your name in our records, we need proof of the legal name change, such as a marriage certificate, a gazette notification or a deed poll, together with your identification. Please upload the documents in the app under Profile or visit a branch, and we will update your accounts and cards. Because this affects several products, the update may take a few working days, and we will notify you when it is complete. Please keep your reference number safe, and reply here if you need anything else."
"hello there, tell me about the monthly maintenance fees on my salary account",FEES,check_fees,"Sure, here is how this works. I can help you understand the charges. Common fees include monthly maintenance, foreign transaction fees, ATM use outside our network and penalties for low balance. Your latest statement shows every fee that has been applied, and customer service can review any fee you believe was charged in error. Feel free to ask if you have any other questions."
Urgent: please cancel the loan I applied for two days ago. Please help,LOAN,cancel_loan,"Of course, happy to help. To cancel a loan application, tell us which application you mean and we will stop the process. Before disbursal there is normally no cost. After disbursal, the loan must be closed by repaying the outstanding amount, and we will give you the exact figure and any applicable charges. Please reach out again if anything is unclear."
"urgent: please block my card ending 8709, i think it was stolen. please help.",CARD,block_card,"I apologise for the trouble this has caused, let me help. You can block the card immediately in the mobile app. Go to Cards, choose the card and tap Block Card, then pick Lost or Stolen as the reason. The card stops working straight away and any new transactions are declined. We will then help you order a replacement, which usually arrives in a few working days. Please reach out again if anything is unclear."
"hey, i need to transfer money to another bank, what are the steps?",TRANSFER,make_transfer,"You can send money in a few steps. Open Transfers, choose Send Money and select an existing payee or add a new one. Type in the amount, check the details carefully because transfers to the wrong account can be hard to reverse, and approve with your security code. Instant methods arrive within minutes, while standard transfers can take up to one working day. Please reach out again if anything is unclear."
Please help: when is my next mortgage payment due? Thank you,LOAN,check_mortgage_payments,"In the app, open Loans and select your mortgage to see your monthly payment, the next due date, the remaining balance and the split between interest and principal. Statements and a yearly interest certificate can also be downloaded from the documents section."
"Hello, please cancel the loan I applied for earlier today. Thank you.",LOAN,cancel_loan,"Of course, happy to help. To cancel a loan application, tell us which application you mean and we will stop the process. Before disbursal there is normally no cost. After disbursal, the loan must be closed by repaying the outstanding amount, and we will give you the exact figure and any applicable charges. Let me know if there is anything more I can do for you."
"Excuse me, can I open an account online without visiting the branch? Not sure what to do.",ACCOUNT,create_account,"To start, choose the type of account that suits you, then fill in the application form online. You will need identity and address documents, and you may complete a short video verification. Once approved, your account details arrive by message and email, and your debit card is sent to your address. Let me know if there is anything more I can do for you."
"excuse me, is there a branch in toronto? not sure what to do.",FIND,find_branch,"Sure, here is how this works. To find a branch, enter your area or city in the Locator and choose Branches. Each listing shows the address, working hours and the services offered, such as loans or locker facilities. Most branches are open on weekdays and some are open on Saturday mornings. I am here if you need anything else."
I want to close my savings account. Please advise.,ACCOUNT,close_account,"To close the account, make sure there are no pending transactions, linked cards or loans. Request closure through the app under Account Services or visit a branch. We will transfer any remaining balance to the account you nominate and confirm once the account is closed. Let me know if there is anything more I can do for you."
quick question: i am a new customer and want to create my login. thank you.,PASSWORD,set_up_password,"To set up or change your password, log in and go to Settings and then Security. Choose Change Password, enter your current password, and type the new one twice. A strong password uses at least eight characters with a mix of letters, numbers and symbols, and should not include your name or birth date. Let me know if there is anything more I can do for you."
"Good morning, spotify keeps charging me 2,080 dollars every month and I never subscribed. I need this sorted today.",PAYMENT_EXCEPTION,recurring_payment_unauthorized,"Sorry about the trouble. We can block future payments to the merchant on your card, and I can start a dispute for charges you did not authorise. Please share the dates and the amounts of the payments and any cancellation emails you have. A specialist will review whether the money can be recovered. We will keep you updated by message until this is resolved."
"Hi team, I want to close my business account.",ACCOUNT,close_account,"Thanks for reaching out, I can guide you through this. I can explain how to close your business account. Please first clear any dues, cancel standing instructions and move the remaining balance to another account. Then submit a closure request through customer service or at a branch with valid identification. Once processed, you will receive written confirmation and the final statement. Let me know if there is anything more I can do for you."
What do I need to do before closing my student account? Any idea what to do?,ACCOUNT,close_account,"To close the account, make sure there are no pending transactions, linked cards or loans. Request closure through the app under Account Services or visit a branch. We will transfer any remaining balance to the account you nominate and confirm once the account is closed. Feel free to ask if you have any other questions."
Please guide me through creating a new account. Please advise,ACCOUNT,create_account,"Thanks for reaching out, I can guide you through this. To start, choose the type of account that suits you, then fill in the application form online. You will need identity and address documents, and you may complete a short video verification. Once approved, your account details arrive by message and email, and your debit card is sent to your address. If you need any further help, just let me know."
"excuse me, how do i close the account of a deceased family member",RETAIL_EXCEPTION,deceased_account_holder,"My condolences to you and your family. Accounts of a deceased customer are handled by a dedicated team with care. Please share the death certificate and your identification, and they will explain how the balance is released to the nominee or legal heir and how the account is closed. I will connect you with them, so you do not have to repeat yourself. We will keep you updated by message until this is resolved."
"hey, can i cancel a scheduled transfer for next week? appreciate the help.",TRANSFER,cancel_transfer,"Please act quickly. For transfers that have not been processed yet, use Cancel next to the transfer in your pending list. For completed transfers, raise a recall request from the same screen or through customer service, and keep the transaction reference handy. We will update you as soon as we hear back from the other bank."
"Excuse me, how do I authorise someone to handle my banking on my behalf? Not sure what to do.",RETAIL_EXCEPTION,power_of_attorney_request,"I am sorry to hear that. Managing another person's account requires a valid legal authority, such as a registered power of attorney, and we need to verify it before giving access. Please prepare the original or certified copy of the document, your identification and the account holder details. A specialist will check the paperwork and explain what your authority allows, and I will arrange for them to contact you. We will keep you updated by message until this is resolved."
Is there a branch in Dublin? Thank you.,FIND,find_branch,"Absolutely, let me walk you through it. To find a branch, enter your area or city in the Locator and choose Branches. Each listing shows the address, working hours and the services offered, such as loans or locker facilities. Most branches are open on weekdays and some are open on Saturday mornings."
Urgent: how do I apply for a personal loan? Thank you.,LOAN,apply_for_loan,"To apply for a loan, go to Loans in the app and select the type of loan you need. Enter the amount and tenure, upload the required documents and submit. Your eligibility is based on income, existing commitments and credit score, and you will see a decision and an offer once the review is complete. Let me know if there is anything more I can do for you."
How do I stop a transfer I made last weekend?,TRANSFER,cancel_transfer,"Of course, happy to help. Please act quickly. For transfers that have not been processed yet, use Cancel next to the transfer in your pending list. For completed transfers, raise a recall request from the same screen or through customer service, and keep the transaction reference handy. We will update you as soon as we hear back from the other bank."
"I forgot my password, how do I get it back? Please help.",PASSWORD,get_password,"I am sorry you are locked out. On the login page, tap Forgot Password and enter your customer ID. We will send a one-time code to your registered mobile number, and after you enter it you can choose a new password. For security reasons we can never tell you your old password."
